AUROC,FPR95,actual_ID_acceptance,threshold,ID_ties_at_threshold,OOD_ties_at_threshold,n_ID,n_OOD,method,draw,stream,seed,within_batch_AUROC,stage,configuration,kind
96.82219701266781,15.42824730572887,95.0,-5.896822085457217,1,0,18000,1763,static,0,far,123,96.77861157484722,primary,cfg0,
94.9121636100082,28.984685195689163,95.0,-5.6491967473196105,1,0,18000,1763,M0_pt,0,far,123,94.77373296942643,primary,cfg0,
94.83654912711917,29.268292682926827,95.0,-5.864608493400894,2,0,18000,1763,M1_pt,0,far,123,94.71290963217896,primary,cfg0,
82.9948604020924,55.81395348837209,95.0,-2.881313244266268,1,0,18000,1763,L0_raw,0,far,123,94.63874311202241,primary,cfg0,
93.77246171298921,31.4804310833806,95.0,-1.1988680398135068,1,0,18000,1763,L0_norm,0,far,123,94.63874311202241,primary,cfg0,
80.12523318837839,100.0,100.0,-16.37793372729775,3167,1185,18000,1763,L0_cdf,0,far,123,87.7833268768027,primary,cfg0,
94.60064599483205,27.056154282473056,95.0,-5.943817923699452,1,0,18000,1763,L0_plp,0,far,123,94.59190698303497,primary,cfg0,
83.13519568916618,54.509359047078846,95.0,-3.4157149154595103,1,0,18000,1763,L1_raw,0,far,123,94.38805768975664,primary,cfg0,
93.13497510556502,33.806012478729436,95.0,-1.3485663955401113,1,0,18000,1763,L1_norm,0,far,123,94.38805768975664,primary,cfg0,
80.07010304405368,100.0,100.0,-16.37793372729775,3251,1204,18000,1763,L1_cdf,0,far,123,87.42016009813082,primary,cfg0,
94.34964076384948,26.999432785025522,95.0,-5.9391230793952445,1,0,18000,1763,L1_plp,0,far,123,94.34320061259531,primary,cfg0,
83.01552593432912,55.75723199092456,95.0,-2.880090477329417,1,0,18000,1763,L2_raw,0,far,123,94.63594971277706,primary,cfg0,
93.77584924686457,31.4804310833806,95.0,-1.1986585612803986,1,0,18000,1763,L2_norm,0,far,123,94.63594971277706,primary,cfg0,
80.15760383185227,100.0,100.0,-16.37793372729775,3151,1182,18000,1763,L2_cdf,0,far,123,87.82213781441446,primary,cfg0,
94.60367586815404,26.999432785025522,95.0,-5.935908112429096,2,0,18000,1763,L2_plp,0,far,123,94.59553657769551,primary,cfg0,
90.62169912396799,43.05161656267725,95.0,-6.102140011334594,1,0,18000,1763,class_L2_raw,0,far,123,91.35353579558992,primary,cfg0,
91.27997100901241,39.875212705615425,95.0,-3.5944394197572196,1,0,18000,1763,class_L2_norm,0,far,123,91.35353579558992,primary,cfg0,
90.7655070271633,43.05161656267725,95.0,-7.769438377474727,3,1,18000,1763,class_L2_cdf,0,far,123,91.49377118143985,primary,cfg0,
91.60930390117855,38.74078275666478,95.0,-5.775764338703203,1,0,18000,1763,class_L2_plp,0,far,123,91.51693587916073,primary,cfg0,
96.52207884288144,18.207600680657972,95.0,-10.672832192799763,1,0,18000,1763,REPRISE_L0_M0,0,far,123,96.4511689319565,primary,cfg0,
96.38414161467196,18.264322178105502,95.0,-10.620691313754003,1,0,18000,1763,REPRISE_L1_M0,0,far,123,96.32353712434363,primary,cfg0,
96.52276422764227,18.207600680657972,95.0,-10.674279374849704,1,0,18000,1763,REPRISE_L2_M0,0,far,123,96.4564689792549,primary,cfg0,
96.32767536396294,18.321043675553035,95.0,-10.85017974562944,1,0,18000,1763,REPRISE_L1_M1,0,far,123,96.27270379297059,primary,cfg0,
96.45728083443626,18.264322178105502,95.0,-10.903899543513536,1,0,18000,1763,REPRISE_L2_M1,0,far,123,96.40384000586941,primary,cfg0,
90.43376347135565,36.245036868973344,95.0,-0.9465877000745572,1,0,18000,1763,TINS,0,far,123,90.83603892745998,primary,cfg0,
97.41003340265961,13.272830402722633,95.0,-6.445594709052446,1,0,18000,1763,static+TINS,0,far,123,97.39952942358173,primary,cfg0,
96.24268292682927,20.76006806579694,95.0,-6.118547219515822,1,0,18000,1763,M0_pt+TINS,0,far,123,96.157208618156,primary,cfg0,
96.18584798638685,20.41973908111174,95.0,-6.349577578354363,1,0,18000,1763,M1_pt+TINS,0,far,123,96.0826792241731,primary,cfg0,
90.41997857187873,31.877481565513328,95.0,-3.4539600730811477,1,0,18000,1763,L0_raw+TINS,0,far,123,95.28251282975921,primary,cfg0,
94.63850444318398,28.81452070334657,95.0,-1.811845635646034,1,0,18000,1763,L0_norm+TINS,0,far,123,95.28251282975921,primary,cfg0,
87.92248377134935,35.22404991491776,95.0,-16.74802822668068,1,0,18000,1763,L0_cdf+TINS,0,far,123,94.92106679134919,primary,cfg0,
95.56668872502678,22.57515598411798,95.0,-6.388032288013599,1,0,18000,1763,L0_plp+TINS,0,far,123,95.54297777657824,primary,cfg0,
90.37077267284302,31.423709585933068,95.0,-3.970071073212346,1,0,18000,1763,L1_raw+TINS,0,far,123,95.20420577609804,primary,cfg0,
94.39734354320287,29.098128190584234,95.0,-1.9588290569115903,1,0,18000,1763,L1_norm+TINS,0,far,123,95.20420577609804,primary,cfg0,
87.9297031574967,35.11060692002269,95.0,-16.735347462654335,1,0,18000,1763,L1_cdf+TINS,0,far,123,94.8049039572765,primary,cfg0,
95.3886872124535,22.51843448667045,95.0,-6.340057397513446,1,0,18000,1763,L1_plp+TINS,0,far,123,95.38579081042114,primary,cfg0,
90.42785340644105,31.820760068065795,95.0,-3.452971971542241,1,0,18000,1763,L2_raw+TINS,0,far,123,95.28314673401425,primary,cfg0,
94.64107896892922,28.8712422007941,95.0,-1.810354366071483,1,0,18000,1763,L2_norm+TINS,0,far,123,95.28314673401425,primary,cfg0,
87.91385265015441,35.22404991491776,95.0,-16.74644156862162,1,0,18000,1763,L2_cdf+TINS,0,far,123,94.92148156921664,primary,cfg0,
95.56870864057478,22.631877481565514,95.0,-6.3851584740799945,1,0,18000,1763,L2_plp+TINS,0,far,123,95.54072667327549,primary,cfg0,
94.03930169534253,25.751559841179805,95.0,-6.572392973740085,1,0,18000,1763,class_L2_raw+TINS,0,far,123,94.58751368930501,primary,cfg0,
94.43513266528014,24.220079410096425,95.0,-4.0651238625599495,1,0,18000,1763,class_L2_norm+TINS,0,far,123,94.58751368930501,primary,cfg0,
93.55528455284554,28.587634713556437,95.0,-8.26427885351157,1,0,18000,1763,class_L2_cdf+TINS,0,far,123,94.14390751937324,primary,cfg0,
94.35791580008824,24.446965399886558,95.0,-6.215268637026702,1,0,18000,1763,class_L2_plp+TINS,0,far,123,94.32668332246048,primary,cfg0,
96.9473782063402,15.768576290414066,95.0,-11.103461585479838,1,0,18000,1763,REPRISE_L0_M0+TINS,0,far,123,96.8542732010485,primary,cfg0,
96.84461460893678,16.449234259784458,95.0,-11.10560963816689,1,0,18000,1763,REPRISE_L1_M0+TINS,0,far,123,96.77138515904451,primary,cfg0,
96.94740971828321,15.768576290414066,95.0,-11.099482974281596,1,0,18000,1763,REPRISE_L2_M0+TINS,0,far,123,96.85807826791583,primary,cfg0,
96.79180059242452,16.222348269994328,95.0,-11.335664215927952,1,0,18000,1763,REPRISE_L1_M1+TINS,0,far,123,96.72467242507375,primary,cfg0,
96.88566836831158,16.108905275099264,95.0,-11.332187025855248,1,0,18000,1763,REPRISE_L2_M1+TINS,0,far,123,96.80736474221612,primary,cfg0,
96.82219701266781,15.42824730572887,95.0,-5.896822085457217,1,0,18000,1763,static,0,far,124,96.6987209764294,primary,cfg0,
94.69459255057666,29.948950652297217,95.0,-5.56417351521303,1,0,18000,1763,M0_pt,0,far,124,94.5803593543392,primary,cfg0,
94.8164523854541,29.66534316505956,95.0,-5.803167211677904,1,0,18000,1763,M1_pt,0,far,124,94.72265993132066,primary,cfg0,
83.2835287073801,54.963131026659106,95.0,-2.9031830307256885,1,0,18000,1763,L0_raw,0,far,124,94.20716259123944,primary,cfg0,
93.8364152013613,29.892229154849687,95.0,-1.2049828964369647,1,0,18000,1763,L0_norm,0,far,124,94.20716259123944,primary,cfg0,
80.23408489317451,100.0,100.0,-16.37793372729775,3228,1199,18000,1763,L0_cdf,0,far,124,87.5701422432933,primary,cfg0,
94.73558486166257,25.46795235394214,95.0,-5.854434362564767,1,0,18000,1763,L0_plp,0,far,124,94.20869296950556,primary,cfg0,
83.39828890149367,53.31820760068066,95.0,-3.4381428421179634,1,0,18000,1763,L1_raw,0,far,124,93.85373836314531,primary,cfg0,
93.17365286443562,31.083380601247875,95.0,-1.3510242755128625,1,0,18000,1763,L1_norm,0,far,124,93.85373836314531,primary,cfg0,
79.9828385958278,100.0,100.0,-16.37793372729775,3306,1204,18000,1763,L1_cdf,0,far,124,87.17067131237506,primary,cfg0,
94.46254805571311,26.20533182076007,95.0,-5.832171324575434,1,0,18000,1763,L1_plp,0,far,124,93.90517161365085,primary,cfg0,
83.30355769836768,54.963131026659106,95.0,-2.90220491856811,1,0,18000,1763,L2_raw,0,far,124,94.20542970939175,primary,cfg0,
93.8397365601563,29.835507657402154,95.0,-1.203596418403872,1,0,18000,1763,L2_norm,0,far,124,94.20542970939175,primary,cfg0,
80.29626425915423,100.0,100.0,-16.37793372729775,3205,1199,18000,1763,L2_cdf,0,far,124,87.62524052751588,primary,cfg0,
94.73793565261232,25.41123085649461,95.0,-5.842403418604966,1,0,18000,1763,L2_plp,0,far,124,94.21077851595767,primary,cfg0,
90.72583033969875,42.71128757799206,95.0,-6.098048112399269,1,0,18000,1763,class_L2_raw,0,far,124,91.4200012804797,primary,cfg0,
91.38821768450242,39.931934203062966,95.0,-3.594239927336469,1,0,18000,1763,class_L2_norm,0,far,124,91.4200012804797,primary,cfg0,
90.88117476523603,41.86046511627907,95.0,-7.7826690004613575,1,0,18000,1763,class_L2_cdf,0,far,124,91.54725132857523,primary,cfg0,
91.72178105501985,38.400453771979585,95.0,-5.744967064954286,1,0,18000,1763,class_L2_plp,0,far,124,91.56178483406663,primary,cfg0,
96.5130112812756,18.094157685762905,95.0,-10.599575323350415,1,0,18000,1763,REPRISE_L0_M0,0,far,124,96.29530614225453,primary,cfg0,
96.35980336547551,18.774815655133295,95.0,-10.542216827089515,1,0,18000,1763,REPRISE_L1_M0,0,far,124,96.15099649313379,primary,cfg0,
96.51423552026218,18.094157685762905,95.0,-10.586039923944725,1,0,18000,1763,REPRISE_L2_M0,0,far,124,96.2960696681713,primary,cfg0,
96.40934013991303,18.83153715258083,95.0,-10.78754517182638,1,0,18000,1763,REPRISE_L1_M1,0,far,124,96.20075998372519,primary,cfg0,
96.55943782693642,17.92399319342031,95.0,-10.840098483578494,1,0,18000,1763,REPRISE_L2_M1,0,far,124,96.33571832407034,primary,cfg0,
90.60257137455096,36.245036868973344,95.0,-0.9311638022050316,1,0,18000,1763,TINS,0,far,124,90.074249606056,primary,cfg0,
97.39945799457995,13.66988088485536,95.0,-6.479778487212613,1,0,18000,1763,static+TINS,0,far,124,97.23128351191836,primary,cfg0,
96.03526186424656,22.57515598411798,95.0,-6.046036549286834,1,0,18000,1763,M0_pt+TINS,0,far,124,95.88630392684694,primary,cfg0,
96.12649839289091,21.951219512195124,95.0,-6.26031667194856,1,0,18000,1763,M1_pt+TINS,0,far,124,95.98216035247337,primary,cfg0,
90.32728304027226,32.50141803743619,95.0,-3.4937482632610632,1,0,18000,1763,L0_raw+TINS,0,far,124,94.54822145461361,primary,cfg0,
94.56418352555619,29.948950652297217,95.0,-1.8543626884416078,1,0,18000,1763,L0_norm+TINS,0,far,124,94.54822145461361,primary,cfg0,
88.08206655322367,35.337492909812816,95.0,-16.779598550737852,1,0,18000,1763,L0_cdf+TINS,0,far,124,94.10990058150412,primary,cfg0,
95.58463792777462,22.17810550198525,95.0,-6.314164037311617,1,0,18000,1763,L0_plp+TINS,0,far,124,95.04833182552079,primary,cfg0,
90.23683431020356,32.444696539988655,95.0,-4.022730033853798,1,0,18000,1763,L1_raw+TINS,0,far,124,94.4214265952607,primary,cfg0,
94.27212138400454,29.892229154849687,95.0,-2.000129726294299,1,0,18000,1763,L1_norm+TINS,0,far,124,94.4214265952607,primary,cfg0,
87.9339068506964,35.053885422575156,95.0,-16.769833248542376,1,0,18000,1763,L1_cdf+TINS,0,far,124,93.94200942801314,primary,cfg0,
95.37693640889897,22.631877481565514,95.0,-6.301948683103417,1,0,18000,1763,L1_plp+TINS,0,far,124,94.80590436202804,primary,cfg0,
90.33614419865128,32.50141803743619,95.0,-3.493448593744855,1,0,18000,1763,L2_raw+TINS,0,far,124,94.5498486640405,primary,cfg0,
94.56680847041031,29.948950652297217,95.0,-1.8540556052210873,1,0,18000,1763,L2_norm+TINS,0,far,124,94.5498486640405,primary,cfg0,
88.10599672275792,35.22404991491776,95.0,-16.773548076413306,1,0,18000,1763,L2_cdf+TINS,0,far,124,94.12247202976376,primary,cfg0,
95.58718409277117,22.17810550198525,95.0,-6.310267525545299,1,0,18000,1763,L2_plp+TINS,0,far,124,95.05445133505994,primary,cfg0,
94.0330465746518,26.375496313102666,95.0,-6.587152372559645,1,0,18000,1763,class_L2_raw+TINS,0,far,124,94.40526210044615,primary,cfg0,
94.43362324320917,24.50368689733409,95.0,-4.059220819167714,1,0,18000,1763,class_L2_norm+TINS,0,far,124,94.40526210044615,primary,cfg0,
93.60799142875149,27.963698241633576,95.0,-8.25746868192785,1,0,18000,1763,class_L2_cdf+TINS,0,far,124,94.07466046824892,primary,cfg0,
94.3947501102918,24.50368689733409,95.0,-6.17920610694463,1,0,18000,1763,class_L2_plp+TINS,0,far,124,94.20196186280057,primary,cfg0,
96.89369446020044,16.50595575723199,95.0,-11.030568430143918,1,0,18000,1763,REPRISE_L0_M0+TINS,0,far,124,96.65731601866274,primary,cfg0,
96.7733598033655,17.300056721497448,95.0,-10.964115603065506,1,0,18000,1763,REPRISE_L1_M0+TINS,0,far,124,96.54109783780716,primary,cfg0,
96.8946177601311,16.50595575723199,95.0,-11.019460809273623,1,0,18000,1763,REPRISE_L2_M0+TINS,0,far,124,96.66057564410802,primary,cfg0,
96.81888195626142,17.016449234259785,95.0,-11.214254330720145,1,0,18000,1763,REPRISE_L1_M1+TINS,0,far,124,96.57750172401913,primary,cfg0,
96.93535324888131,16.56267725467952,95.0,-11.251803191721173,1,0,18000,1763,REPRISE_L2_M1+TINS,0,far,124,96.69033026464086,primary,cfg0,
96.82219701266781,15.42824730572887,95.0,-5.896822085457217,1,0,18000,1763,static,0,far,125,96.87591000010045,primary,cfg0,
94.7205883279763,29.49517867271696,95.0,-5.620797097547648,1,0,18000,1763,M0_pt,0,far,125,94.74772536195387,primary,cfg0,
94.69656047141866,30.34600113442995,95.0,-5.7930148402138855,2,0,18000,1763,M1_pt,0,far,125,94.73287969084016,primary,cfg0,
84.0013392575786,52.183777651730004,95.0,-2.873208329458782,1,0,18000,1763,L0_raw,0,far,125,95.13178652670702,primary,cfg0,
94.33904959979833,29.55190017016449,95.0,-1.1925446638027393,1,0,18000,1763,L0_norm,0,far,125,95.13178652670702,primary,cfg0,
80.62478099199596,100.0,100.0,-16.37793372729775,3207,1206,18000,1763,L0_cdf,0,far,125,88.1484165449746,primary,cfg0,
94.99762872628725,24.90073737946682,95.0,-5.801399665908679,1,0,18000,1763,L0_plp,0,far,125,95.08853517378691,primary,cfg0,
84.15383500346631,50.65229722064662,95.0,-3.406572985730212,1,0,18000,1763,L1_raw,0,far,125,94.84592695906359,primary,cfg0,
93.72476208483016,31.70731707317073,95.0,-1.3460928572477715,1,0,18000,1763,L1_norm,0,far,125,94.84592695906359,primary,cfg0,
80.44173441734416,100.0,100.0,-16.37793372729775,3312,1216,18000,1763,L1_cdf,0,far,125,87.67782222218429,primary,cfg0,
94.72895317325265,26.318774815655132,95.0,-5.8277618686120185,1,0,18000,1763,L1_plp,0,far,125,94.80312032055262,primary,cfg0,
84.01931997226949,52.12705615428247,95.0,-2.87241021737478,1,0,18000,1763,L2_raw,0,far,125,95.13462861467208,primary,cfg0,
94.34123967983865,29.72206466250709,95.0,-1.1921904542176698,1,0,18000,1763,L2_norm,0,far,125,95.13462861467208,primary,cfg0,
80.66191309006112,100.0,100.0,-16.37793372729775,3191,1205,18000,1763,L2_cdf,0,far,125,88.18926037986857,primary,cfg0,
94.99779731518245,24.844015882019285,95.0,-5.793245065220078,1,0,18000,1763,L2_plp,0,far,125,95.08378633879526,primary,cfg0,
91.01053129135943,41.747022121384006,95.0,-6.07712418429735,1,0,18000,1763,class_L2_raw,0,far,125,91.78098377478632,primary,cfg0,
91.58383437322746,39.251276233692565,95.0,-3.5980003664267994,1,0,18000,1763,class_L2_norm,0,far,125,91.78098377478632,primary,cfg0,
91.13484275540429,41.23652864435621,95.01666666666667,-7.734989330575953,4,0,18000,1763,class_L2_cdf,0,far,125,91.8851817402161,primary,cfg0,
91.82858921031072,38.34373227453205,95.0,-5.75807086808247,1,0,18000,1763,class_L2_plp,0,far,125,91.93496242578422,primary,cfg0,
96.67908237221906,17.470221213840045,95.0,-10.536334972640837,1,0,18000,1763,REPRISE_L0_M0,0,far,125,96.72897077273521,primary,cfg0,
96.53177664334783,17.92399319342031,95.0,-10.493329335114339,1,0,18000,1763,REPRISE_L1_M0,0,far,125,96.5659950124228,primary,cfg0,
96.67819215982857,17.470221213840045,95.0,-10.522436675632552,1,0,18000,1763,REPRISE_L2_M0,0,far,125,96.72875233694216,primary,cfg0,
96.49912239238671,17.64038570618264,95.0,-10.672275295370898,1,0,18000,1763,REPRISE_L1_M1,0,far,125,96.51838119282006,primary,cfg0,
96.64524169660301,17.18661372660238,95.0,-10.676268542882758,1,0,18000,1763,REPRISE_L2_M1,0,far,125,96.69020899816897,primary,cfg0,
90.5517441860465,36.982416335791264,95.0,-0.9436342045023528,1,0,18000,1763,TINS,0,far,125,90.96495243044426,primary,cfg0,
97.40361126867083,13.216108905275098,95.0,-6.460455439066589,1,0,18000,1763,static+TINS,0,far,125,97.44144206239771,primary,cfg0,
96.13347513707696,21.89449801474759,95.0,-6.085536759341311,1,0,18000,1763,M0_pt+TINS,0,far,125,96.1558682070466,primary,cfg0,
96.10680973088802,21.951219512195124,95.0,-6.259717178672175,1,0,18000,1763,M1_pt+TINS,0,far,125,96.11900107739301,primary,cfg0,
90.71329173756854,32.33125354509359,95.0,-3.4653848817348596,1,0,18000,1763,L0_raw+TINS,0,far,125,95.47817078993523,primary,cfg0,
94.87073170731706,28.417470221213843,95.0,-1.8178891514357822,1,0,18000,1763,L0_norm+TINS,0,far,125,95.47817078993523,primary,cfg0,
88.39613821138211,35.11060692002269,95.0,-16.764524883365166,1,0,18000,1763,L0_cdf+TINS,0,far,125,95.13139812997863,primary,cfg0,
95.80083191529589,22.12138400453772,95.0,-6.308005307910179,1,0,18000,1763,L0_plp+TINS,0,far,125,95.81998333869217,primary,cfg0,
90.64982353311906,32.10436755530346,95.0,-3.99311619349527,1,0,18000,1763,L1_raw+TINS,0,far,125,95.40318463414955,primary,cfg0,
94.62134619020608,28.13386273397618,95.0,-1.96295441750419,1,0,18000,1763,L1_norm+TINS,0,far,125,95.40318463414955,primary,cfg0,
88.33145049473751,35.11060692002269,95.0,-16.76736398924208,1,0,18000,1763,L1_cdf+TINS,0,far,125,94.89081223714444,primary,cfg0,
95.60965210814898,22.688598979013047,95.0,-6.2912094896034905,1,0,18000,1763,L1_plp+TINS,0,far,125,95.63189107844349,primary,cfg0,
90.72067183462532,32.27453204764606,95.0,-3.464037973445415,1,0,18000,1763,L2_raw+TINS,0,far,125,95.47863704961348,primary,cfg0,
94.87254679523538,28.474191718661373,95.0,-1.817581272932618,1,0,18000,1763,L2_norm+TINS,0,far,125,95.47863704961348,primary,cfg0,
88.39096710153147,35.11060692002269,95.0,-16.764416623829227,1,0,18000,1763,L2_cdf+TINS,0,far,125,95.13507526273483,primary,cfg0,
95.80114073233756,22.291548496880317,95.0,-6.307884021391288,1,0,18000,1763,L2_plp+TINS,0,far,125,95.81721782860465,primary,cfg0,
94.18730698934897,25.35450935904708,95.0,-6.538370405776975,1,0,18000,1763,class_L2_raw+TINS,0,far,125,94.73618327077449,primary,cfg0,
94.5342440284868,23.993193420306298,95.0,-4.0606307470275596,1,0,18000,1763,class_L2_norm+TINS,0,far,125,94.73618327077449,primary,cfg0,
93.73091636730322,27.623369256948383,95.0,-8.185051301574092,1,0,18000,1763,class_L2_cdf+TINS,0,far,125,94.30777833647956,primary,cfg0,
94.43337429885928,23.93647192285876,95.0,-6.2339221615587865,1,0,18000,1763,class_L2_plp+TINS,0,far,125,94.48812678831369,primary,cfg0,
97.03567782189448,15.8252977878616,95.0,-10.988364785375765,1,0,18000,1763,REPRISE_L0_M0+TINS,0,far,125,97.047715560326,primary,cfg0,
96.92750992626203,16.789563244469655,95.0,-10.98569483428933,1,0,18000,1763,REPRISE_L1_M0+TINS,0,far,125,96.92991332772492,primary,cfg0,
97.03534694649272,15.8252977878616,95.0,-10.980029691615181,1,0,18000,1763,REPRISE_L2_M0+TINS,0,far,125,97.04820004049682,primary,cfg0,
96.89849372912335,17.016449234259785,95.0,-11.18484354744835,1,0,18000,1763,REPRISE_L1_M1+TINS,0,far,125,96.91000844829306,primary,cfg0,
97.0068002773051,15.995462280204197,95.0,-11.172259300615888,1,0,18000,1763,REPRISE_L2_M1+TINS,0,far,125,97.01842007684571,primary,cfg0,
82.02207166666668,62.739999999999995,95.0,-5.896822085457217,1,0,18000,5000,static,0,near,123,82.06488773100938,primary,cfg0,
89.58928277777778,38.26,95.0,-5.620328763318758,1,0,18000,5000,M0_pt,0,near,123,89.59422948358875,primary,cfg0,
89.41454944444442,37.82,95.0,-5.849959373184662,1,0,18000,5000,M1_pt,0,near,123,89.42100740129125,primary,cfg0,
79.41374555555555,50.839999999999996,95.0,-3.0560307935830524,1,0,18000,5000,L0_raw,0,near,123,90.89109317320869,primary,cfg0,
89.13321444444445,42.059999999999995,95.0,-1.3220783236587161,1,0,18000,5000,L0_norm,0,near,123,90.89109317320869,primary,cfg0,
74.87848333333332,100.0,100.0,-16.37793372729775,3859,3403,18000,5000,L0_cdf,0,near,123,82.98106276278914,primary,cfg0,
90.95627666666668,37.14,95.0,-5.778901869601956,1,0,18000,5000,L0_plp,0,near,123,90.86729289051762,primary,cfg0,
80.86300333333332,47.18,95.0,-3.5920483871618734,1,0,18000,5000,L1_raw,0,near,123,91.54827775594923,primary,cfg0,
89.44858111111111,39.12,95.0,-1.4778269485435134,1,0,18000,5000,L1_norm,0,near,123,91.54827775594923,primary,cfg0,
75.73533611111111,100.0,100.0,-16.37793372729775,3889,3498,18000,5000,L1_cdf,0,near,123,83.20558400989003,primary,cfg0,
91.65151166666668,33.339999999999996,95.0,-5.782299494535261,1,0,18000,5000,L1_plp,0,near,123,91.52703046784076,primary,cfg0,
79.41779,50.82,95.0,-3.055178636147918,1,0,18000,5000,L2_raw,0,near,123,90.88047228804284,primary,cfg0,
89.12411222222222,42.1,95.0,-1.3217645866143646,1,0,18000,5000,L2_norm,0,near,123,90.88047228804284,primary,cfg0,
74.90186555555555,100.0,100.0,-16.37793372729775,3850,3402,18000,5000,L2_cdf,0,near,123,83.00082168221897,primary,cfg0,
90.94401333333334,37.26,95.0,-5.7754411847175176,1,0,18000,5000,L2_plp,0,near,123,90.85856302987303,primary,cfg0,
83.0054211111111,55.559999999999995,95.0,-6.1773331270085965,1,0,18000,5000,class_L2_raw,0,near,123,84.37588838277044,primary,cfg0,
83.97679777777779,54.779999999999994,95.0,-3.658778197868453,1,0,18000,5000,class_L2_norm,0,near,123,84.37588838277044,primary,cfg0,
82.941035,56.120000000000005,95.0,-8.025143592173123,1,0,18000,5000,class_L2_cdf,0,near,123,84.28061519022167,primary,cfg0,
84.35061833333333,54.72,95.0,-5.726810808917607,1,0,18000,5000,class_L2_plp,0,near,123,84.35072958244311,primary,cfg0,
92.68779555555557,30.64,95.0,-10.583156388361825,1,0,18000,5000,REPRISE_L0_M0,0,near,123,92.70471755183635,primary,cfg0,
92.94819944444444,29.459999999999997,95.0,-10.55178247120275,1,0,18000,5000,REPRISE_L1_M0,0,near,123,92.95215689953297,primary,cfg0,
92.68110166666668,30.64,95.0,-10.581350124896229,1,0,18000,5000,REPRISE_L2_M0,0,near,123,92.69854014794022,primary,cfg0,
92.88931555555554,29.84,95.0,-10.812172821426367,1,0,18000,5000,REPRISE_L1_M1,0,near,123,92.898343481652,primary,cfg0,
92.62497777777776,30.759999999999998,95.0,-10.830757022510548,1,0,18000,5000,REPRISE_L2_M1,0,near,123,92.64875622341835,primary,cfg0,
62.685048333333334,90.64,95.0,-0.5060568787610352,1,0,18000,5000,TINS,0,near,123,62.66703552519115,primary,cfg0,
81.70353222222222,64.14,95.0,-6.254713697928959,1,0,18000,5000,static+TINS,0,near,123,81.72715824210135,primary,cfg0,
89.39680555555556,38.66,95.0,-5.87988233540914,1,0,18000,5000,M0_pt+TINS,0,near,123,89.39677294954959,primary,cfg0,
89.24373000000001,38.78,95.0,-6.1226674735917115,1,0,18000,5000,M1_pt+TINS,0,near,123,89.24701379067085,primary,cfg0,
79.2945911111111,53.44,95.0,-3.344340375394715,1,0,18000,5000,L0_raw+TINS,0,near,123,89.41668299198248,primary,cfg0,
87.74046555555556,48.559999999999995,95.0,-1.6232841635028958,1,0,18000,5000,L0_norm+TINS,0,near,123,89.41668299198248,primary,cfg0,
75.57241,81.46,95.0,-16.566416651932183,1,0,18000,5000,L0_cdf+TINS,0,near,123,84.03744695330528,primary,cfg0,
90.7973711111111,38.56,95.0,-6.0992110653689595,1,0,18000,5000,L0_plp+TINS,0,near,123,90.73000862413318,primary,cfg0,
80.7234322222222,49.76,95.0,-3.8727430335816164,1,0,18000,5000,L1_raw+TINS,0,near,123,90.26803439607323,primary,cfg0,
88.26123777777778,44.64,95.0,-1.7906328363890684,1,0,18000,5000,L1_norm+TINS,0,near,123,90.26803439607323,primary,cfg0,
76.49705722222222,80.96,95.0,-16.562664327650552,1,0,18000,5000,L1_cdf+TINS,0,near,123,84.35599471611532,primary,cfg0,
91.52149111111112,34.4,95.0,-6.085085952434413,1,0,18000,5000,L1_plp+TINS,0,near,123,91.42367502044956,primary,cfg0,
79.30075777777779,53.44,95.0,-3.3445527957822647,1,0,18000,5000,L2_raw+TINS,0,near,123,89.41368297216324,primary,cfg0,
87.73404888888888,48.54,95.0,-1.6223123298952224,1,0,18000,5000,L2_norm+TINS,0,near,123,89.41368297216324,primary,cfg0,
75.58664055555556,81.46,95.0,-16.5662811460671,1,0,18000,5000,L2_cdf+TINS,0,near,123,84.0448734671011,primary,cfg0,
90.78460333333334,38.58,95.0,-6.088481334952288,1,0,18000,5000,L2_plp+TINS,0,near,123,90.72074789536039,primary,cfg0,
82.73003666666666,57.099999999999994,95.0,-6.431349170452594,1,0,18000,5000,class_L2_raw+TINS,0,near,123,84.0830205724812,primary,cfg0,
83.65956666666668,56.18,95.0,-3.927527383539541,1,0,18000,5000,class_L2_norm+TINS,0,near,123,84.0830205724812,primary,cfg0,
82.86859111111112,56.24,95.0,-8.302233615529497,1,0,18000,5000,class_L2_cdf+TINS,0,near,123,84.19378772435545,primary,cfg0,
84.18477444444446,54.66,95.0,-5.9810234758837195,1,0,18000,5000,class_L2_plp+TINS,0,near,123,84.21339698242892,primary,cfg0,
92.58032222222224,30.959999999999997,95.0,-10.844757836577836,1,0,18000,5000,REPRISE_L0_M0+TINS,0,near,123,92.60245395667843,primary,cfg0,
92.85110555555556,29.759999999999998,95.0,-10.799507398393764,1,0,18000,5000,REPRISE_L1_M0+TINS,0,near,123,92.85233344292273,primary,cfg0,
92.57392777777777,31.0,95.0,-10.843187655452668,1,0,18000,5000,REPRISE_L2_M0+TINS,0,near,123,92.5971614192001,primary,cfg0,
92.79684999999999,30.06,95.0,-11.042598474510763,1,0,18000,5000,REPRISE_L1_M1+TINS,0,near,123,92.80669689583996,primary,cfg0,
92.52130999999999,31.319999999999997,95.0,-11.076503758930787,1,0,18000,5000,REPRISE_L2_M1+TINS,0,near,123,92.54280765113722,primary,cfg0,
82.02207166666668,62.739999999999995,95.0,-5.896822085457217,1,0,18000,5000,static,0,near,124,82.01722596754904,primary,cfg0,
89.73234944444444,36.42,95.0,-5.646243763208812,1,0,18000,5000,M0_pt,0,near,124,89.66355442596794,primary,cfg0,
89.86452333333332,36.6,95.0,-5.9668873425213125,2,0,18000,5000,M1_pt,0,near,124,89.78044235469908,primary,cfg0,
79.65487555555556,50.56,95.0,-3.057251932149967,1,0,18000,5000,L0_raw,0,near,124,91.37285558583193,primary,cfg0,
89.55401444444445,41.32,95.0,-1.3233832681416449,1,0,18000,5000,L0_norm,0,near,124,91.37285558583193,primary,cfg0,
75.10146388888889,100.0,100.0,-16.37793372729775,3932,3398,18000,5000,L0_cdf,0,near,124,83.17001975867662,primary,cfg0,
91.46800222222222,36.14,95.0,-5.773330824552501,1,0,18000,5000,L0_plp,0,near,124,91.34909119957243,primary,cfg0,
81.17282666666668,47.06,95.0,-3.5840122017752605,1,0,18000,5000,L1_raw,0,near,124,92.0390469396306,primary,cfg0,
89.88259555555555,38.36,95.0,-1.4830808536843425,1,0,18000,5000,L1_norm,0,near,124,92.0390469396306,primary,cfg0,
76.19699,100.0,100.0,-16.37793372729775,3921,3527,18000,5000,L1_cdf,0,near,124,83.60905904103055,primary,cfg0,
92.154475,32.16,95.0,-5.799921318329772,1,0,18000,5000,L1_plp,0,near,124,92.0186311000447,primary,cfg0,
79.65818444444443,50.580000000000005,95.0,-3.056030396022541,1,0,18000,5000,L2_raw,0,near,124,91.35988090092738,primary,cfg0,
89.54266111111112,41.339999999999996,95.0,-1.3227576614594883,1,0,18000,5000,L2_norm,0,near,124,91.35988090092738,primary,cfg0,
75.14268888888887,100.0,100.0,-16.37793372729775,3905,3393,18000,5000,L2_cdf,0,near,124,83.23171817071697,primary,cfg0,
91.45359888888888,36.3,95.0,-5.772587053599656,1,0,18000,5000,L2_plp,0,near,124,91.34021568511263,primary,cfg0,
83.23649333333333,55.2,95.0,-6.170707837224718,1,0,18000,5000,class_L2_raw,0,near,124,84.55646861199034,primary,cfg0,
84.22762000000002,54.339999999999996,95.0,-3.6523151399135356,1,0,18000,5000,class_L2_norm,0,near,124,84.55646861199034,primary,cfg0,
83.15808222222223,55.16,95.00555555555556,-8.013891715375689,2,1,18000,5000,class_L2_cdf,0,near,124,84.43875678140488,primary,cfg0,
84.63738055555555,55.059999999999995,95.0,-5.726029863934536,1,0,18000,5000,class_L2_plp,0,near,124,84.53433431171844,primary,cfg0,
93.28208388888888,29.459999999999997,95.0,-10.62913618875046,1,0,18000,5000,REPRISE_L0_M0,0,near,124,93.17993416520457,primary,cfg0,
93.53396777777778,28.7,95.0,-10.65227907992426,1,0,18000,5000,REPRISE_L1_M0,0,near,124,93.43248154980346,primary,cfg0,
93.27500388888889,29.5,95.0,-10.621338964868624,1,0,18000,5000,REPRISE_L2_M0,0,near,124,93.17164441246423,primary,cfg0,
93.48503722222222,28.720000000000002,95.0,-10.947919438808317,1,0,18000,5000,REPRISE_L1_M1,0,near,124,93.3836381751447,primary,cfg0,
93.22509555555554,29.759999999999998,95.0,-10.958204788872495,1,0,18000,5000,REPRISE_L2_M1,0,near,124,93.1282676977678,primary,cfg0,
63.02330666666667,90.56,95.0,-0.5376550021646574,1,0,18000,5000,TINS,0,near,124,63.09620295898571,primary,cfg0,
81.70381111111111,64.16,95.0,-6.280184520634734,1,0,18000,5000,static+TINS,0,near,124,81.7188215941469,primary,cfg0,
89.55677111111112,36.94,95.0,-5.9382120118005375,1,0,18000,5000,M0_pt+TINS,0,near,124,89.50688032203938,primary,cfg0,
89.69483,37.3,95.0,-6.291788348170229,1,0,18000,5000,M1_pt+TINS,0,near,124,89.63084173295866,primary,cfg0,
79.62001555555554,53.74,95.0,-3.3603961780208254,1,0,18000,5000,L0_raw+TINS,0,near,124,89.80046194213699,primary,cfg0,
88.0782211111111,48.68,95.0,-1.6548478673973372,1,0,18000,5000,L0_norm+TINS,0,near,124,89.80046194213699,primary,cfg0,
75.91955555555555,81.2,95.0,-16.5822795422315,1,0,18000,5000,L0_cdf+TINS,0,near,124,84.28358119011051,primary,cfg0,
91.3080788888889,37.44,95.0,-6.081641473385696,1,0,18000,5000,L0_plp+TINS,0,near,124,91.23243281339002,primary,cfg0,
81.11575999999998,49.68,95.0,-3.892546861702562,1,0,18000,5000,L1_raw+TINS,0,near,124,90.68036324376806,primary,cfg0,
88.6311288888889,44.42,95.0,-1.8136809357288277,1,0,18000,5000,L1_norm+TINS,0,near,124,90.68036324376806,primary,cfg0,
77.03782111111111,80.47999999999999,95.0,-16.575433923938434,1,0,18000,5000,L1_cdf+TINS,0,near,124,84.75130758167256,primary,cfg0,
92.02763,33.56,95.0,-6.0901783762160155,1,0,18000,5000,L1_plp+TINS,0,near,124,91.93709530957146,primary,cfg0,
79.62423444444444,53.76,95.0,-3.3606490416052224,1,0,18000,5000,L2_raw+TINS,0,near,124,89.79225202135792,primary,cfg0,
88.07008,48.72,95.0,-1.654006837229289,1,0,18000,5000,L2_norm+TINS,0,near,124,89.79225202135792,primary,cfg0,
75.94441666666667,81.06,95.0,-16.57934522519297,1,0,18000,5000,L2_cdf+TINS,0,near,124,84.32078776924122,primary,cfg0,
91.29362333333333,37.46,95.0,-6.072390862031492,1,0,18000,5000,L2_plp+TINS,0,near,124,91.21880974973169,primary,cfg0,
82.96061444444445,56.18,95.0,-6.445216454859776,1,0,18000,5000,class_L2_raw+TINS,0,near,124,84.27277757927267,primary,cfg0,
83.90532777777777,55.76,95.0,-3.9411109822745027,1,0,18000,5000,class_L2_norm+TINS,0,near,124,84.27277757927267,primary,cfg0,
83.0988561111111,54.94,95.0,-8.32718803107421,1,0,18000,5000,class_L2_cdf+TINS,0,near,124,84.39680693844801,primary,cfg0,
84.48419777777777,54.72,95.0,-6.028417673240317,1,0,18000,5000,class_L2_plp+TINS,0,near,124,84.43354114604857,primary,cfg0,
93.1730311111111,29.92,95.0,-10.896770213953246,1,0,18000,5000,REPRISE_L0_M0+TINS,0,near,124,93.09474087279408,primary,cfg0,
93.43896111111111,28.999999999999996,95.0,-10.889364370419036,1,0,18000,5000,REPRISE_L1_M0+TINS,0,near,124,93.35629478289245,primary,cfg0,
93.16580555555556,29.86,95.0,-10.892366727341237,1,0,18000,5000,REPRISE_L2_M0+TINS,0,near,124,93.09010405208568,primary,cfg0,
93.39299333333332,29.080000000000002,95.0,-11.17766788854215,1,0,18000,5000,REPRISE_L1_M1+TINS,0,near,124,93.31276203680838,primary,cfg0,
93.1202488888889,29.94,95.0,-11.203729801186963,1,0,18000,5000,REPRISE_L2_M1+TINS,0,near,124,93.04829786663579,primary,cfg0,
82.02207166666668,62.739999999999995,95.0,-5.896822085457217,1,0,18000,5000,static,0,near,125,81.97962431335324,primary,cfg0,
89.86030555555557,37.04,95.0,-5.566994391554672,1,0,18000,5000,M0_pt,0,near,125,89.88752602536428,primary,cfg0,
90.32658722222222,37.0,95.0,-5.832154748551156,1,0,18000,5000,M1_pt,0,near,125,90.37808303025955,primary,cfg0,
79.09409444444445,51.94,95.0,-3.0602518863094597,1,0,18000,5000,L0_raw,0,near,125,91.15699467117007,primary,cfg0,
89.2398311111111,42.1,95.0,-1.3238268940093327,1,0,18000,5000,L0_norm,0,near,125,91.15699467117007,primary,cfg0,
74.39885833333334,100.0,100.0,-16.37793372729775,3965,3324,18000,5000,L0_cdf,0,near,125,82.92981385660097,primary,cfg0,
91.14146388888888,36.620000000000005,95.0,-5.789104377101336,1,0,18000,5000,L0_plp,0,near,125,91.12369640248491,primary,cfg0,
80.68213777777777,47.8,95.0,-3.5916390751828886,1,0,18000,5000,L1_raw,0,near,125,91.84057067237201,primary,cfg0,
89.59536222222222,38.6,95.0,-1.4786325155105264,1,0,18000,5000,L1_norm,0,near,125,91.84057067237201,primary,cfg0,
75.55335944444444,100.0,100.0,-16.37793372729775,3965,3474,18000,5000,L1_cdf,0,near,125,83.34457712959764,primary,cfg0,
91.84727166666666,33.06,95.0,-5.830909494755011,1,0,18000,5000,L1_plp,0,near,125,91.80910159767609,primary,cfg0,
79.09715,51.959999999999994,95.0,-3.0593382054870752,1,0,18000,5000,L2_raw,0,near,125,91.14518941468349,primary,cfg0,
89.22775999999999,42.199999999999996,95.0,-1.3226573841650007,1,0,18000,5000,L2_norm,0,near,125,91.14518941468349,primary,cfg0,
74.43829944444444,100.0,100.0,-16.37793372729775,3941,3320,18000,5000,L2_cdf,0,near,125,82.98492578135219,primary,cfg0,
91.12818666666666,36.82,95.0,-5.786814174889788,1,0,18000,5000,L2_plp,0,near,125,91.11097353094564,primary,cfg0,
82.98394888888889,56.42,95.0,-6.188790948123376,1,0,18000,5000,class_L2_raw,0,near,125,84.6025412120495,primary,cfg0,
84.04357444444445,55.059999999999995,95.0,-3.6554390525496476,1,0,18000,5000,class_L2_norm,0,near,125,84.6025412120495,primary,cfg0,
82.91118055555555,56.84,95.0,-8.035093923026292,1,1,18000,5000,class_L2_cdf,0,near,125,84.49277563650068,primary,cfg0,
84.47581444444444,54.50000000000001,95.0,-5.730843550713184,1,0,18000,5000,class_L2_plp,0,near,125,84.5835022789747,primary,cfg0,
93.12832166666666,29.799999999999997,95.0,-10.5409628610013,1,0,18000,5000,REPRISE_L0_M0,0,near,125,93.14750027909375,primary,cfg0,
93.38898111111111,28.660000000000004,95.0,-10.55204671831501,1,0,18000,5000,REPRISE_L1_M0,0,near,125,93.40873548335998,primary,cfg0,
93.12176277777779,29.86,95.0,-10.536869748112412,1,0,18000,5000,REPRISE_L2_M0,0,near,125,93.14568136399704,primary,cfg0,
93.43202166666667,28.720000000000002,95.0,-10.772507946851825,1,0,18000,5000,REPRISE_L1_M1,0,near,125,93.45809207396651,primary,cfg0,
93.16838333333334,29.799999999999997,95.0,-10.79819955505645,1,0,18000,5000,REPRISE_L2_M1,0,near,125,93.20041703062897,primary,cfg0,
62.141135000000006,90.68,95.0,-0.5010467345007659,1,0,18000,5000,TINS,0,near,125,62.374877978004015,primary,cfg0,
81.6977911111111,64.24,95.0,-6.2574803134971555,1,0,18000,5000,static+TINS,0,near,125,81.65737006812603,primary,cfg0,
89.67360333333333,37.78,95.0,-5.8707944928727835,1,0,18000,5000,M0_pt+TINS,0,near,125,89.69583760382409,primary,cfg0,
90.14552555555555,37.44,95.0,-6.119386123137335,1,0,18000,5000,M1_pt+TINS,0,near,125,90.19314876409479,primary,cfg0,
78.94256666666666,54.67999999999999,95.0,-3.3312825825541683,1,0,18000,5000,L0_raw+TINS,0,near,125,89.60922844709195,primary,cfg0,
87.78523222222223,48.86,95.0,-1.6238629683278758,1,0,18000,5000,L0_norm+TINS,0,near,125,89.60922844709195,primary,cfg0,
75.02672722222222,83.39999999999999,95.0,-16.57626721687828,1,0,18000,5000,L0_cdf+TINS,0,near,125,83.84416666580995,primary,cfg0,
90.94778888888888,37.92,95.0,-6.079630306894885,1,0,18000,5000,L0_plp+TINS,0,near,125,90.96298122699149,primary,cfg0,
80.50783555555556,50.96000000000001,95.0,-3.8717871570750733,1,0,18000,5000,L1_raw+TINS,0,near,125,90.50425085575326,primary,cfg0,
88.3601488888889,44.66,95.0,-1.786298294091625,1,0,18000,5000,L1_norm+TINS,0,near,125,90.50425085575326,primary,cfg0,
76.26342222222222,82.08,95.0,-16.566597666902688,1,0,18000,5000,L1_cdf+TINS,0,near,125,84.37886415729167,primary,cfg0,
91.69178444444445,34.08,95.0,-6.0984107128900185,1,0,18000,5000,L1_plp+TINS,0,near,125,91.68947671149415,primary,cfg0,
78.94693555555557,54.7,95.0,-3.330530992827959,1,0,18000,5000,L2_raw+TINS,0,near,125,89.60490514508442,primary,cfg0,
87.77624000000002,48.9,95.0,-1.6233223215735109,1,0,18000,5000,L2_norm+TINS,0,near,125,89.60490514508442,primary,cfg0,
75.05883055555556,83.36,95.0,-16.57581161673821,1,0,18000,5000,L2_cdf+TINS,0,near,125,83.89041923928711,primary,cfg0,
90.93542333333333,38.019999999999996,95.0,-6.070177582465712,1,0,18000,5000,L2_plp+TINS,0,near,125,90.95397618696285,primary,cfg0,
82.67967222222222,57.9,95.0,-6.454720482072471,1,0,18000,5000,class_L2_raw+TINS,0,near,125,84.29815461125611,primary,cfg0,
83.69509444444444,56.620000000000005,95.0,-3.9353173312593976,1,0,18000,5000,class_L2_norm+TINS,0,near,125,84.29815461125611,primary,cfg0,
82.82877555555557,56.699999999999996,95.0,-8.298428067618117,1,0,18000,5000,class_L2_cdf+TINS,0,near,125,84.42280819833702,primary,cfg0,
84.29967555555555,54.76,95.0,-6.009551778737438,1,0,18000,5000,class_L2_plp+TINS,0,near,125,84.44979919794044,primary,cfg0,
93.01894666666666,30.48,95.0,-10.858222856608192,1,0,18000,5000,REPRISE_L0_M0+TINS,0,near,125,93.04244162394389,primary,cfg0,
93.29317,29.4,95.0,-10.84273213728815,1,0,18000,5000,REPRISE_L1_M0+TINS,0,near,125,93.32081815628172,primary,cfg0,
93.0124988888889,30.42,95.0,-10.845041214756588,1,0,18000,5000,REPRISE_L2_M0+TINS,0,near,125,93.03789571696379,primary,cfg0,
93.33894333333335,29.32,95.0,-11.069184169281755,1,0,18000,5000,REPRISE_L1_M1+TINS,0,near,125,93.37546253990446,primary,cfg0,
93.0634488888889,30.240000000000002,95.0,-11.061767515947933,1,0,18000,5000,REPRISE_L2_M1+TINS,0,near,125,93.10509400993111,primary,cfg0,
96.92558139534884,15.768576290414066,95.0,-6.057645556989712,1,0,18000,1763,static,1,far,123,96.88178564095941,primary,cfg0,
94.9295125102414,28.927963698241633,95.0,-5.618223969353587,1,0,18000,1763,M0_pt,1,far,123,94.81925616133746,primary,cfg0,
94.90920621415518,28.757799205899037,95.0,-5.583458122812328,1,0,18000,1763,M1_pt,1,far,123,94.83566383261643,primary,cfg0,
84.25171424970064,52.75099262620533,95.0,-2.8854549656372903,1,0,18000,1763,L0_raw,1,far,123,95.52623380193786,primary,cfg0,
94.62555618579441,27.56664775950085,95.0,-1.2102201737132812,1,0,18000,1763,L0_norm,1,far,123,95.52623380193786,primary,cfg0,
78.69502583979329,100.0,100.0,-16.37793372729775,4894,1365,18000,1763,L0_cdf,1,far,123,84.11460211642573,primary,cfg0,
95.43562425159135,21.213840045377196,95.0,-6.0201909024840266,1,0,18000,1763,L0_plp,1,far,123,95.50141685404155,primary,cfg0,
84.45854919014306,51.44639818491208,95.0,-3.421612576705465,1,0,18000,1763,L1_raw,1,far,123,95.29679666724466,primary,cfg0,
94.04891914035419,29.438457175269427,95.0,-1.3570540610760273,1,0,18000,1763,L1_norm,1,far,123,95.29679666724466,primary,cfg0,
78.27173221150817,100.0,100.0,-16.37793372729775,5131,1387,18000,1763,L1_cdf,1,far,123,83.33654499631662,primary,cfg0,
95.19777683241948,21.327283040272263,95.0,-6.048002660268266,1,0,18000,1763,L1_plp,1,far,123,95.25124337657111,primary,cfg0,
84.27076637045441,52.75099262620533,95.0,-2.883730528017729,1,0,18000,1763,L2_raw,1,far,123,95.52699233332073,primary,cfg0,
94.62690804815026,27.73681225184345,95.0,-1.2094288858549453,1,0,18000,1763,L2_norm,1,far,123,95.52699233332073,primary,cfg0,
78.79255845465431,100.0,100.0,-16.37793372729775,4838,1361,18000,1763,L2_cdf,1,far,123,84.23719632505518,primary,cfg0,
95.43694775319847,21.213840045377196,95.0,-6.007917325577724,1,0,18000,1763,L2_plp,1,far,123,95.49898970368115,primary,cfg0,
90.43290161971387,46.39818491208168,95.0,-6.154759152483631,1,0,18000,1763,class_L2_raw,1,far,123,91.34136454130297,primary,cfg0,
91.08899602949518,43.90243902439025,95.0,-3.6923988654173523,1,0,18000,1763,class_L2_norm,1,far,123,91.34136454130297,primary,cfg0,
90.54191718661373,45.207033465683494,95.0,-8.061144600226234,1,1,18000,1763,class_L2_cdf,1,far,123,91.38960525739608,primary,cfg0,
91.41791296401335,41.406693136698806,95.0,-5.99929954345265,1,0,18000,1763,class_L2_plp,1,far,123,91.47942439622804,primary,cfg0,
96.7040461334846,16.56267725467952,95.0,-10.813706274311318,1,0,18000,1763,REPRISE_L0_M0,1,far,123,96.66968359345549,primary,cfg0,
96.55868154030375,17.016449234259785,95.0,-10.785772378959756,1,0,18000,1763,REPRISE_L1_M0,1,far,123,96.53398449631021,primary,cfg0,
96.70391063212958,16.56267725467952,95.0,-10.805879726399745,1,0,18000,1763,REPRISE_L2_M0,1,far,123,96.67249421939748,primary,cfg0,
96.54625322997417,16.846284741917188,95.0,-10.740875637586827,1,0,18000,1763,REPRISE_L1_M1,1,far,123,96.53196346841975,primary,cfg0,
96.69335098002144,16.335791264889394,95.0,-10.740477815752861,1,0,18000,1763,REPRISE_L2_M1,1,far,123,96.68424938411256,primary,cfg0,
90.95942994895066,35.053885422575156,95.0,-0.8947349032131274,1,0,18000,1763,TINS,1,far,123,91.3659850669466,primary,cfg0,
97.46754900107139,13.44299489506523,95.0,-6.565475232581856,1,0,18000,1763,static+TINS,1,far,123,97.45345117890389,primary,cfg0,
96.24435305980967,21.27056154282473,95.0,-6.133211819623827,1,0,18000,1763,M0_pt+TINS,1,far,123,96.14647526782947,primary,cfg0,
96.23015062708767,21.100397050482133,95.0,-6.084347994546051,1,0,18000,1763,M1_pt+TINS,1,far,123,96.15679532880871,primary,cfg0,
91.50044746959097,29.948950652297217,95.0,-3.4523293613242902,1,0,18000,1763,L0_raw+TINS,1,far,123,95.90278870812313,primary,cfg0,
95.35127308249827,26.091888825865002,95.0,-1.8130901394851928,1,0,18000,1763,L0_norm+TINS,1,far,123,95.90278870812313,primary,cfg0,
89.49213619461777,34.20306296086217,95.0,-16.92262927989238,1,0,18000,1763,L0_cdf+TINS,1,far,123,95.15595897287413,primary,cfg0,
96.33346568349404,18.03743618831537,95.0,-6.5301343970984345,1,0,18000,1763,L0_plp+TINS,1,far,123,96.39450706227814,primary,cfg0,
91.52276107644798,29.892229154849687,95.0,-3.9764013545229058,1,0,18000,1763,L1_raw+TINS,1,far,123,95.86470809091654,primary,cfg0,
95.1665752820319,25.97844583096994,95.0,-1.955304361757115,1,0,18000,1763,L1_norm+TINS,1,far,123,95.86470809091654,primary,cfg0,
89.41452700573518,34.31650595575723,95.0,-16.929490019709533,1,0,18000,1763,L1_cdf+TINS,1,far,123,95.0026490138348,primary,cfg0,
96.16856053444256,17.92399319342031,95.0,-6.513094963058028,1,0,18000,1763,L1_plp+TINS,1,far,123,96.21648539393804,primary,cfg0,
91.50704922165501,29.892229154849687,95.0,-3.4505125622758155,1,0,18000,1763,L2_raw+TINS,1,far,123,95.89966253750359,primary,cfg0,
95.3526312472427,26.091888825865002,95.0,-1.8130939477315289,1,0,18000,1763,L2_norm+TINS,1,far,123,95.89966253750359,primary,cfg0,
89.48999338249197,34.146341463414636,95.0,-16.917746395322258,1,0,18000,1763,L2_cdf+TINS,1,far,123,95.15782355611447,primary,cfg0,
96.33366420873512,18.150879183210435,95.0,-6.525468339407871,1,0,18000,1763,L2_plp+TINS,1,far,123,96.3930187451165,primary,cfg0,
94.19789185101155,25.97844583096994,95.0,-6.593215966957439,1,0,18000,1763,class_L2_raw+TINS,1,far,123,94.77974413284251,primary,cfg0,
94.58739522278944,24.50368689733409,95.0,-4.113149658280987,1,0,18000,1763,class_L2_norm+TINS,1,far,123,94.77974413284251,primary,cfg0,
93.56014369446021,30.40272263187748,95.0,-8.532696307376805,1,0,18000,1763,class_L2_cdf+TINS,1,far,123,94.22889231863444,primary,cfg0,
94.40228461586942,26.20533182076007,95.0,-6.439701354594966,1,0,18000,1763,class_L2_plp+TINS,1,far,123,94.4592230526038,primary,cfg0,
97.12631562362135,14.350538854225753,95.0,-11.273212708096693,1,0,18000,1763,REPRISE_L0_M0+TINS,1,far,123,97.10291918803811,primary,cfg0,
97.01737568538475,14.634146341463413,95.0,-11.21603720919469,1,0,18000,1763,REPRISE_L1_M0+TINS,1,far,123,96.99746307206998,primary,cfg0,
97.12595008508225,14.293817356778218,95.0,-11.264459189193754,1,0,18000,1763,REPRISE_L2_M0+TINS,1,far,123,97.10070409268198,primary,cfg0,
97.01032646372975,14.690867838910949,95.0,-11.159233990828707,1,0,18000,1763,REPRISE_L1_M1+TINS,1,far,123,96.99341418575914,primary,cfg0,
97.11924119241192,14.407260351673285,95.0,-11.202364546440949,1,0,18000,1763,REPRISE_L2_M1+TINS,1,far,123,97.10477298677313,primary,cfg0,
96.92558139534884,15.768576290414066,95.0,-6.057645556989712,1,0,18000,1763,static,1,far,124,96.68201784045787,primary,cfg0,
94.7672417596269,30.119115144639817,95.0,-5.703921373180332,1,0,18000,1763,M0_pt,1,far,124,94.59047423493855,primary,cfg0,
94.81806894813133,29.381735677821897,95.0,-5.713811645672067,1,0,18000,1763,M1_pt,1,far,124,94.67380197858516,primary,cfg0,
84.334496124031,51.900170164492344,95.0,-2.898276012543657,1,0,18000,1763,L0_raw,1,far,124,95.2428421011414,primary,cfg0,
94.83624503686897,24.10663641520136,95.0,-1.1954824066419474,1,0,18000,1763,L0_norm,1,far,124,95.2428421011414,primary,cfg0,
78.69375905968361,100.0,100.0,-16.37793372729775,4977,1389,18000,1763,L0_cdf,1,far,124,84.01917778901463,primary,cfg0,
95.73654597592488,20.589903573454336,95.0,-6.029760353500176,1,0,18000,1763,L0_plp,1,far,124,95.24901079283339,primary,cfg0,
84.54574588769145,50.0850822461713,95.0,-3.429323268797032,1,0,18000,1763,L1_raw,1,far,124,95.05908474265175,primary,cfg0,
94.29437196697548,26.999432785025522,95.0,-1.3515027987898258,1,0,18000,1763,L1_norm,1,far,124,95.05908474265175,primary,cfg0,
78.09364246549441,100.0,100.0,-16.37793372729775,5275,1406,18000,1763,L1_cdf,1,far,124,83.18184213106234,primary,cfg0,
95.56110008193106,21.327283040272263,95.0,-6.062369637065805,1,0,18000,1763,L1_plp,1,far,124,95.04943002209876,primary,cfg0,
84.35304405369635,51.900170164492344,95.0,-2.8976995576911326,1,0,18000,1763,L2_raw,1,far,124,95.24225701307246,primary,cfg0,
94.83740782756665,24.049914917753828,95.0,-1.1945747761920136,1,0,18000,1763,L2_norm,1,far,124,95.24225701307246,primary,cfg0,
78.80464801159638,100.0,100.0,-16.37793372729775,4927,1386,18000,1763,L2_cdf,1,far,124,84.15896169728775,primary,cfg0,
95.73766464990231,20.703346568349403,95.0,-6.025315120001472,1,0,18000,1763,L2_plp,1,far,124,95.24990181787774,primary,cfg0,
90.61913720299995,45.830969937606355,95.0,-6.150056472444506,1,0,18000,1763,class_L2_raw,1,far,124,91.37828640451532,primary,cfg0,
91.27176845024265,43.05161656267725,95.0,-3.674766355495791,1,0,18000,1763,class_L2_norm,1,far,124,91.37828640451532,primary,cfg0,
90.76700699565137,44.80998298355077,95.00555555555556,-8.0166928376554,2,0,18000,1763,class_L2_cdf,1,far,124,91.49022710341696,primary,cfg0,
91.59836137896262,40.44242768009075,95.0,-5.978866177211198,1,0,18000,1763,class_L2_plp,1,far,124,91.52894184608333,primary,cfg0,
96.83603390685069,16.56267725467952,95.0,-10.768553026889307,1,0,18000,1763,REPRISE_L0_M0,1,far,124,96.60737921781845,primary,cfg0,
96.711224554106,17.413499716392515,95.0,-10.76800110021738,1,0,18000,1763,REPRISE_L1_M0,1,far,124,96.46691886357175,primary,cfg0,
96.83665941891977,16.619398752127058,95.0,-10.762149386212776,1,0,18000,1763,REPRISE_L2_M0,1,far,124,96.60958519254697,primary,cfg0,
96.73316474443814,17.243335224049915,95.0,-10.77875776268598,1,0,18000,1763,REPRISE_L1_M1,1,far,124,96.51186250120975,primary,cfg0,
96.85649618705489,16.335791264889394,95.0,-10.765674635638396,1,0,18000,1763,REPRISE_L2_M1,1,far,124,96.62711494484753,primary,cfg0,
90.8896656582845,35.50765740215542,95.0,-0.9067700840613503,1,0,18000,1763,TINS,1,far,124,90.27146579717451,primary,cfg0,
97.44331316568979,13.556437889960296,95.0,-6.5719566994606025,1,0,18000,1763,static+TINS,1,far,124,97.18792155813965,primary,cfg0,
96.1146688094788,22.57515598411798,95.0,-6.215976641721962,1,0,18000,1763,M0_pt+TINS,1,far,124,95.86419163693247,primary,cfg0,
96.1591857313922,22.34826999432785,95.0,-6.192556671426393,1,0,18000,1763,M1_pt+TINS,1,far,124,95.96795514176006,primary,cfg0,
91.28201613411484,31.990924560408395,95.0,-3.4951638916096286,1,0,18000,1763,L0_raw+TINS,1,far,124,95.35923584252582,primary,cfg0,
95.28048780487805,27.850255246738513,95.0,-1.8460579623817943,1,0,18000,1763,L0_norm+TINS,1,far,124,95.35923584252582,primary,cfg0,
89.41025083506648,34.65683494044243,95.0,-16.93773786874691,1,0,18000,1763,L0_cdf+TINS,1,far,124,94.27864912966814,primary,cfg0,
96.40053255183713,18.207600680657972,95.0,-6.560823872430012,1,0,18000,1763,L0_plp+TINS,1,far,124,95.91383770150134,primary,cfg0,
91.28279763030187,31.4804310833806,95.0,-4.026866224653397,1,0,18000,1763,L1_raw+TINS,1,far,124,95.33856882677898,primary,cfg0,
95.09080481502488,27.169597277368123,95.0,-1.9875029910628195,1,0,18000,1763,L1_norm+TINS,1,far,124,95.33856882677898,primary,cfg0,
89.38754175332451,35.28077141236528,95.0,-16.955190015862932,1,0,18000,1763,L1_cdf+TINS,1,far,124,94.16390157752029,primary,cfg0,
96.27396168147729,18.094157685762905,95.0,-6.521590090225609,1,0,18000,1763,L1_plp+TINS,1,far,124,95.73115086516613,primary,cfg0,
91.28990672464863,31.990924560408395,95.0,-3.4941335515238254,1,0,18000,1763,L2_raw+TINS,1,far,124,95.3596136805262,primary,cfg0,
95.28238482384823,27.850255246738513,95.0,-1.8452973861859019,1,0,18000,1763,L2_norm+TINS,1,far,124,95.3596136805262,primary,cfg0,
89.44859141614673,34.713556437889956,95.0,-16.936733279711778,1,0,18000,1763,L2_cdf+TINS,1,far,124,94.29201819835814,primary,cfg0,
96.40155984117982,18.264322178105502,95.0,-6.5582101909648935,1,0,18000,1763,L2_plp+TINS,1,far,124,95.91513540431923,primary,cfg0,
94.10538223986892,26.82926829268293,95.0,-6.583315044111796,1,0,18000,1763,class_L2_raw+TINS,1,far,124,94.50988329154718,primary,cfg0,
94.48947816222348,25.865002836074876,95.0,-4.112768962849273,1,0,18000,1763,class_L2_norm+TINS,1,far,124,94.50988329154718,primary,cfg0,
93.54705678452133,30.062393647192287,95.0,-8.502271967691664,1,0,18000,1763,class_L2_cdf+TINS,1,far,124,94.04013822913112,primary,cfg0,
94.32401525178042,26.318774815655132,95.0,-6.431181398175092,1,0,18000,1763,class_L2_plp+TINS,1,far,124,94.25039105385439,primary,cfg0,
97.18723451187999,15.087918321043675,95.0,-11.269909491526638,1,0,18000,1763,REPRISE_L0_M0+TINS,1,far,124,96.91927930190558,primary,cfg0,
97.09255057666856,15.598411798071469,95.0,-11.234529838930197,1,0,18000,1763,REPRISE_L1_M0+TINS,1,far,124,96.80536889616997,primary,cfg0,
97.18767567908237,15.031196823596144,95.0,-11.264876513950046,1,0,18000,1763,REPRISE_L2_M0+TINS,1,far,124,96.91888082184101,primary,cfg0,
97.10360496628222,15.938740782756664,95.0,-11.223325965174023,1,0,18000,1763,REPRISE_L1_M1+TINS,1,far,124,96.83986056660389,primary,cfg0,
97.19776895443373,15.314804310833807,95.0,-11.285802841687612,1,0,18000,1763,REPRISE_L2_M1+TINS,1,far,124,96.93455677207433,primary,cfg0,
96.92558139534884,15.768576290414066,95.0,-6.057645556989712,1,0,18000,1763,static,1,far,125,96.96665972356188,primary,cfg0,
94.69382996155542,29.0414066931367,95.0,-5.658373647364379,1,0,18000,1763,M0_pt,1,far,125,94.69521946912378,primary,cfg0,
94.69978886998173,28.474191718661373,95.0,-5.616772329496313,1,0,18000,1763,M1_pt,1,far,125,94.69801801469794,primary,cfg0,
84.84219449171235,50.368689733408964,95.0,-2.8765123561631,1,0,18000,1763,L0_raw,1,far,125,95.94933305896312,primary,cfg0,
95.16441356274028,25.070901871809415,95.0,-1.1986632883568458,1,0,18000,1763,L0_norm,1,far,125,95.94933305896312,primary,cfg0,
79.00229564504949,100.0,100.0,-16.37793372729775,4884,1390,18000,1763,L0_cdf,1,far,125,84.32656341482937,primary,cfg0,
95.86342251213209,20.079410096426546,95.0,-6.0224155975061375,1,0,18000,1763,L0_plp,1,far,125,95.91737629090957,primary,cfg0,
85.07927774626584,49.00737379466818,95.0,-3.41393925783178,1,0,18000,1763,L1_raw,1,far,125,95.74899802854053,primary,cfg0,
94.64179429003593,28.19058423142371,95.0,-1.3523579036270288,1,0,18000,1763,L1_norm,1,far,125,95.74899802854053,primary,cfg0,
78.46767662444066,100.0,100.0,-16.37793372729775,5166,1404,18000,1763,L1_cdf,1,far,125,83.53978553690874,primary,cfg0,
95.67950620785277,20.646625070901873,95.0,-6.073591679211141,2,0,18000,1763,L1_plp,1,far,125,95.72339366673346,primary,cfg0,
84.85964265456609,50.368689733408964,95.0,-2.8758852693071066,1,0,18000,1763,L2_raw,1,far,125,95.94437123164576,primary,cfg0,
95.16485157874834,25.070901871809415,95.0,-1.198013616539701,1,0,18000,1763,L2_norm,1,far,125,95.94437123164576,primary,cfg0,
79.13434801789879,100.0,100.0,-16.37793372729775,4822,1387,18000,1763,L2_cdf,1,far,125,84.50622164929102,primary,cfg0,
95.86299237410978,20.079410096426546,95.0,-6.009737790612819,1,0,18000,1763,L2_plp,1,far,125,95.91758067948756,primary,cfg0,
90.8491491775383,44.3562110039705,95.0,-6.103398837794156,1,0,18000,1763,class_L2_raw,1,far,125,91.60911926458216,primary,cfg0,
91.44026596079914,42.200794100964266,95.0,-3.6534041191325555,1,0,18000,1763,class_L2_norm,1,far,125,91.60911926458216,primary,cfg0,
90.97282567593118,42.93817356778219,95.0,-7.894090515563067,1,0,18000,1763,class_L2_cdf,1,far,125,91.69406909111758,primary,cfg0,
91.71656110165753,39.931934203062966,95.0,-5.919182701565063,1,0,18000,1763,class_L2_plp,1,far,125,91.73242302308472,primary,cfg0,
96.91825329299806,15.484968803176406,95.0,-10.886527271752094,1,0,18000,1763,REPRISE_L0_M0,1,far,125,96.90675391325733,primary,cfg0,
96.78130869099388,16.165626772546794,95.0,-10.829102469580569,1,0,18000,1763,REPRISE_L1_M0,1,far,125,96.76860269123654,primary,cfg0,
96.9180799773114,15.42824730572887,95.0,-10.879730810219762,1,0,18000,1763,REPRISE_L2_M0,1,far,125,96.90600018788398,primary,cfg0,
96.7802924308313,15.938740782756664,95.0,-10.826659529356956,1,0,18000,1763,REPRISE_L1_M1,1,far,125,96.77781234406493,primary,cfg0,
96.91774437511818,15.314804310833807,95.0,-10.796798767811405,1,0,18000,1763,REPRISE_L2_M1,1,far,125,96.89637404834495,primary,cfg0,
91.0679082372219,35.50765740215542,95.0,-0.9719452230776774,1,0,18000,1763,TINS,1,far,125,91.35835763345497,primary,cfg0,
97.48238482384824,13.556437889960296,95.0,-6.617890480980547,1,0,18000,1763,static+TINS,1,far,125,97.51201486320312,primary,cfg0,
96.19254742547425,20.646625070901873,95.0,-6.14867951080509,1,0,18000,1763,M0_pt+TINS,1,far,125,96.16700312549959,primary,cfg0,
96.2268387218756,20.873511060692003,95.0,-6.137896443667601,1,0,18000,1763,M1_pt+TINS,1,far,125,96.20133319267786,primary,cfg0,
91.79896640826874,30.23255813953488,95.0,-3.4977945810938063,1,0,18000,1763,L0_raw+TINS,1,far,125,96.00186509030759,primary,cfg0,
95.49088989727107,26.262053318207602,95.0,-1.8752977210798076,1,0,18000,1763,L0_norm+TINS,1,far,125,96.00186509030759,primary,cfg0,
89.68721245351989,33.352240499149175,95.0,-16.948927211334702,1,0,18000,1763,L0_cdf+TINS,1,far,125,95.04514222702312,primary,cfg0,
96.58136383689418,17.073170731707318,95.0,-6.577325980799407,1,0,18000,1763,L0_plp+TINS,1,far,125,96.61534218914504,primary,cfg0,
91.81129072918637,29.835507657402154,95.0,-4.023274843308933,1,0,18000,1763,L1_raw+TINS,1,far,125,95.98697535223249,primary,cfg0,
95.32945736434108,25.865002836074876,95.0,-2.012525482061896,1,0,18000,1763,L1_norm+TINS,1,far,125,95.98697535223249,primary,cfg0,
89.60533497195438,33.40896199659671,95.0,-16.961462991175377,1,0,18000,1763,L1_cdf+TINS,1,far,125,94.88583678749889,primary,cfg0,
96.45449045188126,17.300056721497448,95.0,-6.5617177959395026,1,0,18000,1763,L1_plp+TINS,1,far,125,96.49584532415179,primary,cfg0,
91.80574777840802,30.23255813953488,95.0,-3.497445342272752,1,0,18000,1763,L2_raw+TINS,1,far,125,96.00521339837395,primary,cfg0,
95.49256318144576,26.262053318207602,95.0,-1.874112668267399,1,0,18000,1763,L2_norm+TINS,1,far,125,96.00521339837395,primary,cfg0,
89.70072477468962,33.238797504254116,95.0,-16.94382552508269,1,0,18000,1763,L2_cdf+TINS,1,far,125,95.06942264002734,primary,cfg0,
96.58143631436316,16.95972773681225,95.0,-6.5661246857714035,1,0,18000,1763,L2_plp+TINS,1,far,125,96.6153092625172,primary,cfg0,
94.34249700636543,25.52467385138968,95.0,-6.578111247094519,1,0,18000,1763,class_L2_raw+TINS,1,far,125,94.85419348456278,primary,cfg0,
94.69006113316946,23.823028927963698,95.0,-4.118955631979639,1,0,18000,1763,class_L2_norm+TINS,1,far,125,94.85419348456278,primary,cfg0,
93.76422133988783,29.211571185479297,95.0,-8.40838717946775,1,0,18000,1763,class_L2_cdf+TINS,1,far,125,94.31723486231188,primary,cfg0,
94.49258208861158,25.694838343732272,95.0,-6.397034613767136,1,0,18000,1763,class_L2_plp+TINS,1,far,125,94.52238382551488,primary,cfg0,
97.29049599798323,13.953488372093023,95.0,-11.355103988302329,1,0,18000,1763,REPRISE_L0_M0+TINS,1,far,125,97.29326341783806,primary,cfg0,
97.19186046511628,14.577424844015882,95.0,-11.332058894296475,1,0,18000,1763,REPRISE_L1_M0+TINS,1,far,125,97.18746621190756,primary,cfg0,
97.2901020986954,13.896766874645492,95.0,-11.344430770271327,1,0,18000,1763,REPRISE_L2_M0+TINS,1,far,125,97.29185814401313,primary,cfg0,
97.19438772294701,14.06693136698809,95.0,-11.27174086613482,1,0,18000,1763,REPRISE_L1_M1+TINS,1,far,125,97.17790127308778,primary,cfg0,
97.29232053948446,14.06693136698809,95.0,-11.297002367297072,1,0,18000,1763,REPRISE_L2_M1+TINS,1,far,125,97.27995798772042,primary,cfg0,
82.33081555555555,61.56,95.0,-6.057645556989712,1,0,18000,5000,static,1,near,123,82.33272323493924,primary,cfg0,
89.46528111111111,36.32,95.0,-5.632017291485923,2,0,18000,5000,M0_pt,1,near,123,89.46287679150537,primary,cfg0,
89.45039777777778,36.28,95.0,-5.641464942086683,1,0,18000,5000,M1_pt,1,near,123,89.45538750615643,primary,cfg0,
79.24265000000001,50.63999999999999,95.0,-3.0501237070230625,1,0,18000,5000,L0_raw,1,near,123,90.79805493981333,primary,cfg0,
89.00376888888889,41.42,95.0,-1.3053421682708433,1,0,18000,5000,L0_norm,1,near,123,90.79805493981333,primary,cfg0,
72.15196000000002,100.0,100.0,-16.37793372729775,5632,3676,18000,5000,L0_cdf,1,near,123,78.82933561094944,primary,cfg0,
90.8573138888889,36.480000000000004,95.0,-5.953690022318724,1,0,18000,5000,L0_plp,1,near,123,90.79627523554615,primary,cfg0,
80.70918777777779,47.3,95.0,-3.579469415157596,1,0,18000,5000,L1_raw,1,near,123,91.49361631239982,primary,cfg0,
89.33777444444443,38.78,95.0,-1.4654090413342262,1,0,18000,5000,L1_norm,1,near,123,91.49361631239982,primary,cfg0,
72.56756222222222,100.0,100.0,-16.37793372729775,5830,3769,18000,5000,L1_cdf,1,near,123,78.67249524641012,primary,cfg0,
91.56982833333333,33.44,95.0,-5.99805672831676,1,0,18000,5000,L1_plp,1,near,123,91.48664775055582,primary,cfg0,
79.24396444444446,50.6,95.0,-3.049227072772781,1,0,18000,5000,L2_raw,1,near,123,90.79131827593939,primary,cfg0,
88.99158333333335,41.48,95.0,-1.30461010487819,1,0,18000,5000,L2_norm,1,near,123,90.79131827593939,primary,cfg0,
72.23929722222222,100.0,100.0,-16.37793372729775,5586,3671,18000,5000,L2_cdf,1,near,123,78.9362133683642,primary,cfg0,
90.84444388888889,36.54,95.0,-5.944730104315601,1,0,18000,5000,L2_plp,1,near,123,90.78746490953688,primary,cfg0,
83.18551888888888,56.52,95.0,-6.218563727084421,1,0,18000,5000,class_L2_raw,1,near,123,84.59503586443563,primary,cfg0,
84.18239444444444,55.059999999999995,95.0,-3.7267437281825853,1,0,18000,5000,class_L2_norm,1,near,123,84.59503586443563,primary,cfg0,
83.07176055555554,56.74,95.0,-8.268708774207797,1,0,18000,5000,class_L2_cdf,1,near,123,84.44912578946725,primary,cfg0,
84.58067333333334,54.74,95.0,-5.965221832362605,1,0,18000,5000,class_L2_plp,1,near,123,84.57735114122165,primary,cfg0,
92.79223944444445,30.7,95.0,-10.83328930054228,1,0,18000,5000,REPRISE_L0_M0,1,near,123,92.78887765452068,primary,cfg0,
93.06413222222223,29.56,95.0,-10.862494087036199,1,0,18000,5000,REPRISE_L1_M0,1,near,123,93.04909492455766,primary,cfg0,
92.78612944444444,30.7,95.0,-10.825776744341248,1,0,18000,5000,REPRISE_L2_M0,1,near,123,92.78593764954462,primary,cfg0,
93.08183055555554,29.38,95.0,-10.83475264383912,1,0,18000,5000,REPRISE_L1_M1,1,near,123,93.07173495466155,primary,cfg0,
92.79952277777778,30.659999999999997,95.0,-10.782859317124135,1,0,18000,5000,REPRISE_L2_M1,1,near,123,92.79687001996288,primary,cfg0,
64.34923055555556,90.2,95.0,-0.5001628380975437,1,0,18000,5000,TINS,1,near,123,64.37005511750998,primary,cfg0,
82.15257,62.260000000000005,95.0,-6.362079727195773,1,0,18000,5000,static+TINS,1,near,123,82.16554864566949,primary,cfg0,
89.38304111111111,36.620000000000005,95.0,-5.87157331541792,1,0,18000,5000,M0_pt+TINS,1,near,123,89.37313340811725,primary,cfg0,
89.36659333333333,36.6,95.0,-5.881492347370122,1,0,18000,5000,M1_pt+TINS,1,near,123,89.36305613886852,primary,cfg0,
79.36255555555556,53.72,95.0,-3.340541516443159,1,0,18000,5000,L0_raw+TINS,1,near,123,89.50092917806501,primary,cfg0,
87.8279111111111,48.36,95.0,-1.6381873808002512,1,0,18000,5000,L0_norm+TINS,1,near,123,89.50092917806501,primary,cfg0,
73.93536277777778,84.78,95.0,-16.655137870543165,1,0,18000,5000,L0_cdf+TINS,1,near,123,81.38239409258692,primary,cfg0,
90.73835111111111,37.14,95.0,-6.2231047750092205,1,0,18000,5000,L0_plp+TINS,1,near,123,90.70537715306702,primary,cfg0,
80.79650555555557,49.38,95.0,-3.873148428987852,1,0,18000,5000,L1_raw+TINS,1,near,123,90.37223244200985,primary,cfg0,
88.36768555555557,44.440000000000005,95.0,-1.790090212272579,1,0,18000,5000,L1_norm+TINS,1,near,123,90.37223244200985,primary,cfg0,
74.57387,84.7,95.0,-16.65762486832321,1,0,18000,5000,L1_cdf+TINS,1,near,123,81.47657570709643,primary,cfg0,
91.47658000000001,33.96,95.0,-6.245390565850768,1,0,18000,5000,L1_plp+TINS,1,near,123,91.42530041299986,primary,cfg0,
79.36491444444445,53.74,95.0,-3.339501010565978,1,0,18000,5000,L2_raw+TINS,1,near,123,89.49330772158126,primary,cfg0,
87.81868666666666,48.38,95.0,-1.6371357406314466,1,0,18000,5000,L2_norm+TINS,1,near,123,89.49330772158126,primary,cfg0,
74.00128444444445,84.6,95.0,-16.653138525430833,1,0,18000,5000,L2_cdf+TINS,1,near,123,81.46825484778579,primary,cfg0,
90.72577,37.22,95.0,-6.218478418487656,1,0,18000,5000,L2_plp+TINS,1,near,123,90.69080722240929,primary,cfg0,
83.03723777777779,56.98,95.0,-6.44834128321332,1,0,18000,5000,class_L2_raw+TINS,1,near,123,84.4386052750026,primary,cfg0,
83.99706222222221,55.96,95.0,-3.9729971874895775,1,0,18000,5000,class_L2_norm+TINS,1,near,123,84.4386052750026,primary,cfg0,
83.06251333333333,56.620000000000005,95.0,-8.530524647523336,1,0,18000,5000,class_L2_cdf+TINS,1,near,123,84.43206718301238,primary,cfg0,
84.50741555555555,54.98,95.0,-6.238874386950608,1,0,18000,5000,class_L2_plp+TINS,1,near,123,84.5377649856497,primary,cfg0,
92.71253777777778,31.259999999999998,95.0,-11.149529821539236,1,0,18000,5000,REPRISE_L0_M0+TINS,1,near,123,92.71821011580151,primary,cfg0,
92.99443666666667,30.36,95.0,-11.176360123271264,1,0,18000,5000,REPRISE_L1_M0+TINS,1,near,123,92.98829629398011,primary,cfg0,
92.70657777777778,31.28,95.0,-11.148302135446077,1,0,18000,5000,REPRISE_L2_M0+TINS,1,near,123,92.71219825171237,primary,cfg0,
93.01224555555555,30.020000000000003,95.0,-11.123272564088891,1,0,18000,5000,REPRISE_L1_M1+TINS,1,near,123,93.01078057166123,primary,cfg0,
92.71956888888892,31.119999999999997,95.0,-11.10450568415196,1,0,18000,5000,REPRISE_L2_M1+TINS,1,near,123,92.71986454113922,primary,cfg0,
82.33081555555555,61.56,95.0,-6.057645556989712,1,0,18000,5000,static,1,near,124,82.33485870342705,primary,cfg0,
90.22492277777778,35.64,95.0,-5.649613053376303,1,0,18000,5000,M0_pt,1,near,124,90.17964179655085,primary,cfg0,
90.00753055555555,36.04,95.00555555555556,-5.759247977743067,2,1,18000,5000,M1_pt,1,near,124,89.99555360164831,primary,cfg0,
79.47495777777777,51.300000000000004,95.0,-3.06960418917457,1,0,18000,5000,L0_raw,1,near,124,91.19708084592908,primary,cfg0,
89.39882444444444,41.44,95.0,-1.3119039839910795,1,0,18000,5000,L0_norm,1,near,124,91.19708084592908,primary,cfg0,
72.39934,100.0,100.0,-16.37793372729775,5667,3679,18000,5000,L0_cdf,1,near,124,78.86443157938781,primary,cfg0,
91.31421555555555,35.160000000000004,95.0,-5.977009788114648,1,0,18000,5000,L0_plp,1,near,124,91.21440102895647,primary,cfg0,
81.00343222222223,47.64,95.0,-3.5986016080097243,1,0,18000,5000,L1_raw,1,near,124,91.89795184827064,primary,cfg0,
89.76107666666667,38.24,95.0,-1.4701938909905992,1,0,18000,5000,L1_norm,1,near,124,91.89795184827064,primary,cfg0,
72.99846166666667,100.0,100.0,-16.37793372729775,5825,3795,18000,5000,L1_cdf,1,near,124,78.86272804182752,primary,cfg0,
92.02966722222222,31.52,95.0,-5.982191936581067,1,0,18000,5000,L1_plp,1,near,124,91.91493510428087,primary,cfg0,
79.47758888888889,51.25999999999999,95.0,-3.068931015803387,1,0,18000,5000,L2_raw,1,near,124,91.19038446206834,primary,cfg0,
89.38600666666667,41.56,95.0,-1.3117282083481558,1,0,18000,5000,L2_norm,1,near,124,91.19038446206834,primary,cfg0,
72.49384333333336,100.0,100.0,-16.37793372729775,5620,3676,18000,5000,L2_cdf,1,near,124,78.99053980990895,primary,cfg0,
91.30094833333334,35.160000000000004,95.0,-5.969346915369078,1,0,18000,5000,L2_plp,1,near,124,91.20841862842951,primary,cfg0,
83.27326333333332,56.64,95.0,-6.211091184205051,1,0,18000,5000,class_L2_raw,1,near,124,84.61397658950904,primary,cfg0,
84.30433777777779,55.24,95.0,-3.729824602886925,1,0,18000,5000,class_L2_norm,1,near,124,84.61397658950904,primary,cfg0,
83.18233666666666,57.18,95.0,-8.28661245376734,1,0,18000,5000,class_L2_cdf,1,near,124,84.48720419591882,primary,cfg0,
84.74943,54.66,95.0,-5.94632105391757,1,1,18000,5000,class_L2_plp,1,near,124,84.61673016340163,primary,cfg0,
93.31963222222221,28.7,95.0,-10.79116057235262,1,0,18000,5000,REPRISE_L0_M0,1,near,124,93.2381354117593,primary,cfg0,
93.58240500000001,27.500000000000004,95.0,-10.822628213785439,1,0,18000,5000,REPRISE_L1_M0,1,near,124,93.48094411666409,primary,cfg0,
93.31422222222223,28.68,95.0,-10.782769752070493,1,0,18000,5000,REPRISE_L2_M0,1,near,124,93.23312201724326,primary,cfg0,
93.51963666666667,27.800000000000004,95.0,-10.899354385797494,1,0,18000,5000,REPRISE_L1_M1,1,near,124,93.42731295294456,primary,cfg0,
93.24050555555556,28.7,95.0,-10.867332127092752,1,0,18000,5000,REPRISE_L2_M1,1,near,124,93.1525528466901,primary,cfg0,
64.31461833333334,90.22,95.0,-0.503391085322737,1,0,18000,5000,TINS,1,near,124,64.29909614215245,primary,cfg0,
82.14373,62.019999999999996,95.0,-6.364976141752895,1,0,18000,5000,static+TINS,1,near,124,82.15965734338685,primary,cfg0,
90.15703666666666,36.120000000000005,95.0,-5.892075397698547,1,0,18000,5000,M0_pt+TINS,1,near,124,90.1317863145049,primary,cfg0,
89.93820666666667,36.54,95.0,-5.993806292352099,1,0,18000,5000,M1_pt+TINS,1,near,124,89.9296735760212,primary,cfg0,
79.68930222222222,53.26,95.0,-3.3356619909330645,1,0,18000,5000,L0_raw+TINS,1,near,124,89.88512312192485,primary,cfg0,
88.22113555555555,47.44,95.0,-1.6233600771199648,1,0,18000,5000,L0_norm+TINS,1,near,124,89.88512312192485,primary,cfg0,
74.24775611111112,84.8,95.0,-16.6560363155244,1,0,18000,5000,L0_cdf+TINS,1,near,124,81.25831833511494,primary,cfg0,
91.19119666666666,36.059999999999995,95.0,-6.258337021882206,1,0,18000,5000,L0_plp+TINS,1,near,124,91.13297017841356,primary,cfg0,
81.18789333333334,49.68,95.0,-3.871689830559926,1,0,18000,5000,L1_raw+TINS,1,near,124,90.78576802233073,primary,cfg0,
88.80395666666668,43.34,95.0,-1.7801270162966578,1,0,18000,5000,L1_norm+TINS,1,near,124,90.78576802233073,primary,cfg0,
75.05611333333333,84.22,95.0,-16.653358392851114,1,0,18000,5000,L1_cdf+TINS,1,near,124,81.47132040572613,primary,cfg0,
91.93860333333333,32.12,95.0,-6.252639421066203,1,0,18000,5000,L1_plp+TINS,1,near,124,91.86258761151225,primary,cfg0,
79.69257,53.300000000000004,95.0,-3.335288224016079,1,0,18000,5000,L2_raw+TINS,1,near,124,89.87902170201568,primary,cfg0,
88.2122488888889,47.44,95.0,-1.6215481864806442,1,0,18000,5000,L2_norm+TINS,1,near,124,89.87902170201568,primary,cfg0,
74.31395388888889,84.72,95.0,-16.65550245423491,1,0,18000,5000,L2_cdf+TINS,1,near,124,81.34019362861687,primary,cfg0,
91.17733222222222,36.120000000000005,95.0,-6.258337021882206,1,0,18000,5000,L2_plp+TINS,1,near,124,91.1246804307557,primary,cfg0,
83.13439111111111,58.220000000000006,95.0,-6.476566312781621,1,0,18000,5000,class_L2_raw+TINS,1,near,124,84.49093814368489,primary,cfg0,
84.12335555555556,56.18,95.0,-3.9837259890556918,1,0,18000,5000,class_L2_norm+TINS,1,near,124,84.49093814368489,primary,cfg0,
83.19329444444443,57.379999999999995,95.0,-8.570737735488725,1,0,18000,5000,class_L2_cdf+TINS,1,near,124,84.51278624982955,primary,cfg0,
84.68903777777777,55.279999999999994,95.0,-6.254159944518584,1,0,18000,5000,class_L2_plp+TINS,1,near,124,84.61635700853647,primary,cfg0,
93.24695444444444,28.84,95.0,-11.036180812919987,1,0,18000,5000,REPRISE_L0_M0+TINS,1,near,124,93.17182202791861,primary,cfg0,
93.52084888888889,27.639999999999997,95.0,-11.06926955220751,1,0,18000,5000,REPRISE_L1_M0+TINS,1,near,124,93.4341561879828,primary,cfg0,
93.24131222222222,28.98,95.0,-11.036920212942706,1,0,18000,5000,REPRISE_L2_M0+TINS,1,near,124,93.16494396229591,primary,cfg0,
93.45879222222221,27.82,95.0,-11.117666045021197,1,0,18000,5000,REPRISE_L1_M1+TINS,1,near,124,93.36710576970272,primary,cfg0,
93.16818888888886,28.999999999999996,95.0,-11.071800987804451,1,0,18000,5000,REPRISE_L2_M1+TINS,1,near,124,93.09298461134951,primary,cfg0,
82.33081555555555,61.56,95.0,-6.057645556989712,1,0,18000,5000,static,1,near,125,82.3199167441408,primary,cfg0,
89.97705111111112,37.08,95.0,-5.731509329699161,1,0,18000,5000,M0_pt,1,near,125,89.99610007687355,primary,cfg0,
89.93255555555557,37.059999999999995,95.0,-5.692758236474235,1,0,18000,5000,M1_pt,1,near,125,89.96135362865378,primary,cfg0,
78.90894555555555,51.239999999999995,95.0,-3.064158300173673,1,0,18000,5000,L0_raw,1,near,125,90.93390658738542,primary,cfg0,
89.03279111111111,41.92,95.0,-1.3200393660830323,1,0,18000,5000,L0_norm,1,near,125,90.93390658738542,primary,cfg0,
71.89870166666665,100.0,100.0,-16.37793372729775,5617,3622,18000,5000,L0_cdf,1,near,125,78.820182187162,primary,cfg0,
90.94817166666667,36.199999999999996,95.0,-6.054092454159707,1,0,18000,5000,L0_plp,1,near,125,90.92192891062511,primary,cfg0,
80.49011222222222,47.96,95.0,-3.5905360975394265,1,0,18000,5000,L1_raw,1,near,125,91.63843087729953,primary,cfg0,
89.4127,39.42,95.0,-1.477679140772521,1,0,18000,5000,L1_norm,1,near,125,91.63843087729953,primary,cfg0,
72.40462555555557,100.0,100.0,-16.37793372729775,5822,3724,18000,5000,L1_cdf,1,near,125,78.72211419429432,primary,cfg0,
91.68711277777778,32.74,95.0,-6.086195047388146,1,0,18000,5000,L1_plp,1,near,125,91.61814467705037,primary,cfg0,
78.91117333333332,51.28,95.0,-3.0626042641712043,1,0,18000,5000,L2_raw,1,near,125,90.92266346375087,primary,cfg0,
89.02025333333332,42.02,95.0,-1.3200670353834774,1,0,18000,5000,L2_norm,1,near,125,90.92266346375087,primary,cfg0,
71.99571888888889,100.0,100.0,-16.37793372729775,5561,3615,18000,5000,L2_cdf,1,near,125,78.95409165400426,primary,cfg0,
90.93311222222222,36.28,95.0,-6.045166888554204,1,0,18000,5000,L2_plp,1,near,125,90.9139137923402,primary,cfg0,
83.1672988888889,57.120000000000005,95.0,-6.208602103222722,1,0,18000,5000,class_L2_raw,1,near,125,84.83321949137756,primary,cfg0,
84.24316888888889,55.46,95.0,-3.714682322918298,1,0,18000,5000,class_L2_norm,1,near,125,84.83321949137756,primary,cfg0,
83.06998222222224,57.14,95.0,-8.22544765151751,1,0,18000,5000,class_L2_cdf,1,near,125,84.68475301942918,primary,cfg0,
84.7111361111111,54.620000000000005,95.0,-5.934916482867276,1,0,18000,5000,class_L2_plp,1,near,125,84.82785070282057,primary,cfg0,
93.05939333333333,29.94,95.0,-10.868469489493798,1,0,18000,5000,REPRISE_L0_M0,1,near,125,93.06923803764923,primary,cfg0,
93.34869555555557,28.599999999999998,95.0,-10.929368087385384,1,0,18000,5000,REPRISE_L1_M0,1,near,125,93.34335391815779,primary,cfg0,
93.05228499999998,29.959999999999997,95.0,-10.867095862904186,1,0,18000,5000,REPRISE_L2_M0,1,near,125,93.06663464857635,primary,cfg0,
93.33134777777778,28.74,95.0,-10.900258352103569,1,0,18000,5000,REPRISE_L1_M1,1,near,125,93.32438032926979,primary,cfg0,
93.02547999999999,30.0,95.0,-10.84105744664122,1,0,18000,5000,REPRISE_L2_M1,1,near,125,93.03578673378385,primary,cfg0,
63.94819277777777,90.02,95.0,-0.5365787280087341,1,0,18000,5000,TINS,1,near,125,64.20165977289702,primary,cfg0,
82.15407,62.239999999999995,95.0,-6.3854679461792045,1,0,18000,5000,static+TINS,1,near,125,82.13931729229803,primary,cfg0,
89.87240000000001,37.46,95.0,-6.023284536462929,1,0,18000,5000,M0_pt+TINS,1,near,125,89.8988179437838,primary,cfg0,
89.82170111111111,37.2,95.0,-5.969858932145209,1,0,18000,5000,M1_pt+TINS,1,near,125,89.85032050347365,primary,cfg0,
79.01475777777777,55.00000000000001,95.0,-3.3736351669184286,1,0,18000,5000,L0_raw+TINS,1,near,125,89.5542533737982,primary,cfg0,
87.73206666666667,48.74,95.0,-1.6465586546312054,1,0,18000,5000,L0_norm+TINS,1,near,125,89.5542533737982,primary,cfg0,
73.57757555555557,85.14,95.0,-16.681410337822857,1,0,18000,5000,L0_cdf+TINS,1,near,125,81.22184675309141,primary,cfg0,
90.80509555555555,37.22,95.0,-6.3597093907014175,1,0,18000,5000,L0_plp+TINS,1,near,125,90.82760132982169,primary,cfg0,
80.57192666666667,50.54,95.0,-3.9041327366079592,1,0,18000,5000,L1_raw+TINS,1,near,125,90.45433842684889,primary,cfg0,
88.32616555555558,44.379999999999995,95.0,-1.7985624660070973,1,0,18000,5000,L1_norm+TINS,1,near,125,90.45433842684889,primary,cfg0,
74.28661388888888,84.8,95.0,-16.6817914133382,1,0,18000,5000,L1_cdf+TINS,1,near,125,81.3734494837958,primary,cfg0,
91.57283111111111,33.5,95.0,-6.372673536917158,1,0,18000,5000,L1_plp+TINS,1,near,125,91.55034428429069,primary,cfg0,
79.01808777777777,54.98,95.0,-3.3739718284349687,1,0,18000,5000,L2_raw+TINS,1,near,125,89.5478761644914,primary,cfg0,
87.72265333333334,48.76,95.0,-1.6456855426128034,1,0,18000,5000,L2_norm+TINS,1,near,125,89.5478761644914,primary,cfg0,
73.62272166666666,85.16,95.0,-16.680615948687723,1,0,18000,5000,L2_cdf+TINS,1,near,125,81.29530426422299,primary,cfg0,
90.78993111111112,37.36,95.0,-6.358469925561725,1,0,18000,5000,L2_plp+TINS,1,near,125,90.81522671559975,primary,cfg0,
82.98218666666666,57.940000000000005,95.0,-6.491244747978321,1,0,18000,5000,class_L2_raw+TINS,1,near,125,84.64723129296279,primary,cfg0,
84.01971333333333,56.64,95.0,-3.9941605350451512,1,0,18000,5000,class_L2_norm+TINS,1,near,125,84.64723129296279,primary,cfg0,
83.06054444444445,57.42,95.0,-8.552918240270165,1,0,18000,5000,class_L2_cdf+TINS,1,near,125,84.6904827496115,primary,cfg0,
84.62950888888889,55.14,95.0,-6.262599457384983,1,0,18000,5000,class_L2_plp+TINS,1,near,125,84.79031925441754,primary,cfg0,
92.97513777777779,30.459999999999997,95.0,-11.13567391455471,1,0,18000,5000,REPRISE_L0_M0+TINS,1,near,125,92.99700832529341,primary,cfg0,
93.2759622222222,29.020000000000003,95.0,-11.193799234405,1,0,18000,5000,REPRISE_L1_M0+TINS,1,near,125,93.27705549974839,primary,cfg0,
92.96796888888888,30.5,95.0,-11.128894227569331,1,0,18000,5000,REPRISE_L2_M0+TINS,1,near,125,92.9935970942868,primary,cfg0,
93.25645777777777,29.26,95.0,-11.170320346870488,1,0,18000,5000,REPRISE_L1_M1+TINS,1,near,125,93.2589720403104,primary,cfg0,
92.93794555555554,30.599999999999998,95.0,-11.083054559319667,1,0,18000,5000,REPRISE_L2_M1+TINS,1,near,125,92.96300604980968,primary,cfg0,
96.97109094346757,15.995462280204197,95.0,-6.1113320071939885,1,0,18000,1763,static,2,far,123,96.9180640635352,primary,cfg0,
94.85280456292935,29.211571185479297,95.0,-5.716026367585481,1,0,18000,1763,M0_pt,2,far,123,94.6933857100248,primary,cfg0,
94.86454276170669,28.927963698241633,95.00555555555556,-5.749529728274146,2,0,18000,1763,M1_pt,2,far,123,94.7440422192007,primary,cfg0,
84.57037247116658,52.353942144072604,95.0,-2.8809858823042656,1,0,18000,1763,L0_raw,2,far,123,95.64315405408463,primary,cfg0,
94.87405306611205,25.01418037436188,95.0,-1.1916994757831765,1,0,18000,1763,L0_norm,2,far,123,95.64315405408463,primary,cfg0,
80.89491712358983,100.0,100.0,-16.37793372729775,3428,1250,18000,1763,L0_cdf,2,far,123,87.72243523321025,primary,cfg0,
95.70018592046385,19.795802609188883,95.0,-5.933518207179189,1,0,18000,1763,L0_plp,2,far,123,95.62464841666358,primary,cfg0,
84.81117413499717,50.31196823596142,95.0,-3.417048637003477,1,0,18000,1763,L1_raw,2,far,123,95.47670231197799,primary,cfg0,
94.36285687275478,28.077141236528647,95.0,-1.3455242002456957,1,0,18000,1763,L1_norm,2,far,123,95.47670231197799,primary,cfg0,
80.59001228965778,100.0,100.0,-16.37793372729775,3637,1274,18000,1763,L1_cdf,2,far,123,87.05688794757941,primary,cfg0,
95.53086909938867,20.41973908111174,95.0,-5.921250954629122,1,0,18000,1763,L1_plp,2,far,123,95.4644261276196,primary,cfg0,
84.58845087288081,52.29722064662508,95.0,-2.879442748106858,1,0,18000,1763,L2_raw,2,far,123,95.64234887750087,primary,cfg0,
94.8747053633327,24.95745887691435,95.0,-1.1901655497300052,1,0,18000,1763,L2_norm,2,far,123,95.64234887750087,primary,cfg0,
80.94790760698304,100.0,100.0,-16.37793372729775,3403,1248,18000,1763,L2_cdf,2,far,123,87.7887362425584,primary,cfg0,
95.70116121510051,19.795802609188883,95.0,-5.926902968060469,1,0,18000,1763,L2_plp,2,far,123,95.62546109703091,primary,cfg0,
90.59873321989033,43.27850255246739,95.0,-6.115297982789729,1,0,18000,1763,class_L2_raw,2,far,123,91.41114972034727,primary,cfg0,
91.29353690048528,39.931934203062966,95.0,-3.64594527200902,1,0,18000,1763,class_L2_norm,2,far,123,91.41114972034727,primary,cfg0,
90.77133673662318,42.71128757799206,95.00555555555556,-8.291523451973967,2,0,18000,1763,class_L2_cdf,2,far,123,91.56683988608582,primary,cfg0,
91.66710310707758,38.23028927963698,95.0,-5.991711431162157,1,0,18000,1763,class_L2_plp,2,far,123,91.60056557954441,primary,cfg0,
96.79822902880191,15.314804310833807,95.0,-10.628791064664895,1,0,18000,1763,REPRISE_L0_M0,2,far,123,96.69684701195901,primary,cfg0,
96.66989506522972,15.938740782756664,95.0,-10.541621537495413,1,0,18000,1763,REPRISE_L1_M0,2,far,123,96.56817070351862,primary,cfg0,
96.79802104997796,15.258082813386272,95.0,-10.619120474041342,1,0,18000,1763,REPRISE_L2_M0,2,far,123,96.693949427729,primary,cfg0,
96.68785057036618,16.335791264889394,95.0,-10.64462986043041,1,0,18000,1763,REPRISE_L1_M1,2,far,123,96.57779202187211,primary,cfg0,
96.81676435369006,15.541690300623937,95.0,-10.693524051693867,1,0,18000,1763,REPRISE_L2_M1,2,far,123,96.72853750543027,primary,cfg0,
90.92388447721686,34.883720930232556,95.0,-0.9527863951478882,1,0,18000,1763,TINS,2,far,123,91.3477429526125,primary,cfg0,
97.53551080859644,13.726602382302893,95.0,-6.689330864620175,1,0,18000,1763,static+TINS,2,far,123,97.49023485401378,primary,cfg0,
96.24997163925127,20.36301758366421,95.0,-6.201147603067053,1,0,18000,1763,M0_pt+TINS,2,far,123,96.15611462261955,primary,cfg0,
96.24596332009831,20.476460578559276,95.0,-6.238684434707562,1,0,18000,1763,M1_pt+TINS,2,far,123,96.1481046127921,primary,cfg0,
91.45421944917125,29.892229154849687,95.0,-3.460474956142096,1,0,18000,1763,L0_raw+TINS,2,far,123,95.88851903766465,primary,cfg0,
95.3244627213714,27.056154282473056,95.0,-1.8466150859128523,1,0,18000,1763,L0_norm+TINS,2,far,123,95.88851903766465,primary,cfg0,
89.22658820192854,33.068633011911515,95.0,-16.806508978528058,1,0,18000,1763,L0_cdf+TINS,2,far,123,95.55253078976905,primary,cfg0,
96.4497668116216,17.356778218944978,95.0,-6.433809907649798,1,0,18000,1763,L0_plp+TINS,2,far,123,96.41360484671564,primary,cfg0,
91.4777966849436,29.892229154849687,95.0,-3.9959220135523634,1,0,18000,1763,L1_raw+TINS,2,far,123,95.87065947838227,primary,cfg0,
95.16715510178358,26.772546795235396,95.0,-1.9881779638994206,1,0,18000,1763,L1_norm+TINS,2,far,123,95.87065947838227,primary,cfg0,
89.19224018402974,32.898468519568915,95.0,-16.806508978528058,1,0,18000,1763,L1_cdf+TINS,2,far,123,95.42332328957801,primary,cfg0,
96.33876284111679,17.413499716392515,95.0,-6.410865255345064,1,0,18000,1763,L1_plp+TINS,2,far,123,96.29379879021096,primary,cfg0,
91.46104178483645,29.835507657402154,95.0,-3.4600598859733482,1,0,18000,1763,L2_raw+TINS,2,far,123,95.88945406029266,primary,cfg0,
95.32520640322684,27.056154282473056,95.0,-1.8461774237510167,1,0,18000,1763,L2_norm+TINS,2,far,123,95.88945406029266,primary,cfg0,
89.23537688283861,33.068633011911515,95.0,-16.80348508811075,1,0,18000,1763,L2_cdf+TINS,2,far,123,95.56502402099285,primary,cfg0,
96.45009138463477,17.356778218944978,95.0,-6.432753587666005,1,0,18000,1763,L2_plp+TINS,2,far,123,96.41177075267792,primary,cfg0,
94.11351862355832,25.638116846284742,95.0,-6.584800701313988,1,0,18000,1763,class_L2_raw+TINS,2,far,123,94.68264207847844,primary,cfg0,
94.52472742169282,24.276800907543958,95.0,-4.109721714629698,1,0,18000,1763,class_L2_norm+TINS,2,far,123,94.68264207847844,primary,cfg0,
93.57411924119242,28.360748723766307,95.0,-8.746393185126273,1,0,18000,1763,class_L2_cdf+TINS,2,far,123,94.21694041616566,primary,cfg0,
94.43565891472868,24.844015882019285,95.0,-6.487075740087371,1,0,18000,1763,class_L2_plp+TINS,2,far,123,94.4108069329072,primary,cfg0,
97.20365223419675,13.329551900170165,95.0,-11.093590423228015,1,0,18000,1763,REPRISE_L0_M0+TINS,2,far,123,97.09645794083839,primary,cfg0,
97.11225814583729,13.613159387407828,95.0,-11.011111703793485,1,0,18000,1763,REPRISE_L1_M0+TINS,2,far,123,96.99245206714524,primary,cfg0,
97.2034348017899,13.329551900170165,95.0,-11.092868458923958,1,0,18000,1763,REPRISE_L2_M0+TINS,2,far,123,97.09444785784054,primary,cfg0,
97.12182202054579,14.010209869540555,95.0,-11.070727668147805,1,0,18000,1763,REPRISE_L1_M1+TINS,2,far,123,97.00973505278424,primary,cfg0,
97.21268040587383,13.44299489506523,95.0,-11.121838903346196,1,0,18000,1763,REPRISE_L2_M1+TINS,2,far,123,97.11475650291365,primary,cfg0,
96.97109094346757,15.995462280204197,95.0,-6.1113320071939885,1,0,18000,1763,static,2,far,124,96.73804742800735,primary,cfg0,
94.90853973656014,29.268292682926827,95.0,-5.6823590463467735,1,0,18000,1763,M0_pt,2,far,124,94.53100453626442,primary,cfg0,
94.8906330749354,29.0414066931367,95.0,-5.7829645043603835,1,0,18000,1763,M1_pt,2,far,124,94.51238841846428,primary,cfg0,
84.69929413247621,51.21951219512195,95.0,-2.8912750794851823,1,0,18000,1763,L0_raw,2,far,124,94.91333351318998,primary,cfg0,
94.92472742169281,24.730572887124218,95.0,-1.1934818723102023,1,0,18000,1763,L0_norm,2,far,124,94.91333351318998,primary,cfg0,
81.00290697674419,100.0,100.0,-16.37793372729775,3520,1264,18000,1763,L0_cdf,2,far,124,87.56474488301022,primary,cfg0,
95.73442994895068,19.73908111174135,95.0,-5.905842329276277,1,0,18000,1763,L0_plp,2,far,124,94.91159011869841,primary,cfg0,
84.90326463729754,49.631310266591036,95.0,-3.4251216962850233,1,0,18000,1763,L1_raw,2,far,124,94.68426470360828,primary,cfg0,
94.38511690930864,27.33976176971072,95.0,-1.3415794365760092,1,0,18000,1763,L1_norm,2,far,124,94.68426470360828,primary,cfg0,
80.64853311905212,100.0,100.0,-16.37793372729775,3708,1278,18000,1763,L1_cdf,2,far,124,86.47627858614447,primary,cfg0,
95.54629261990294,19.965967101531483,95.0,-5.880898359424432,1,0,18000,1763,L1_plp,2,far,124,94.63058733710193,primary,cfg0,
84.71966345244849,51.21951219512195,95.0,-2.8905879550012137,1,0,18000,1763,L2_raw,2,far,124,94.91805722635898,primary,cfg0,
94.92841431902693,24.787294384571755,95.0,-1.1934710271060094,1,0,18000,1763,L2_norm,2,far,124,94.91805722635898,primary,cfg0,
81.08413846347766,100.0,100.0,-16.37793372729775,3493,1264,18000,1763,L2_cdf,2,far,124,87.64253895284638,primary,cfg0,
95.73803333963573,19.795802609188883,95.0,-5.9027888917893865,2,1,18000,1763,L2_plp,2,far,124,94.91606386762564,primary,cfg0,
90.76047141866766,43.73227453204764,95.0,-6.102698272093251,1,0,18000,1763,class_L2_raw,2,far,124,91.42471788754108,primary,cfg0,
91.41101342408773,40.782756664775945,95.0,-3.6273187933399393,1,0,18000,1763,class_L2_norm,2,far,124,91.42471788754108,primary,cfg0,
90.93698399193293,42.42768009075439,95.0,-8.209447310171068,3,0,18000,1763,class_L2_cdf,2,far,124,91.54924514998957,primary,cfg0,
91.76347608243525,39.02439024390244,95.0,-5.988230916968349,1,0,18000,1763,class_L2_plp,2,far,124,91.5886131487007,primary,cfg0,
96.82083096993759,15.087918321043675,95.0,-10.60563260086278,1,0,18000,1763,REPRISE_L0_M0,2,far,124,96.11246162598088,primary,cfg0,
96.69250330875401,15.995462280204197,95.0,-10.551190703651177,1,0,18000,1763,REPRISE_L1_M0,2,far,124,95.89969434585258,primary,cfg0,
96.82224585617949,15.031196823596144,95.0,-10.597053936775733,1,0,18000,1763,REPRISE_L2_M0,2,far,124,96.11411744348922,primary,cfg0,
96.6536349026281,16.27906976744186,95.0,-10.73657921877006,1,0,18000,1763,REPRISE_L1_M1,2,far,124,95.86135360854568,primary,cfg0,
96.78305760383185,15.20136131593874,95.0,-10.787993411323608,1,0,18000,1763,REPRISE_L2_M1,2,far,124,96.0664208801729,primary,cfg0,
90.96142465494421,34.99716392512762,95.0,-0.9111732150174265,1,0,18000,1763,TINS,2,far,124,90.40608558043259,primary,cfg0,
97.53706119619336,13.613159387407828,95.0,-6.726198977299955,1,0,18000,1763,static+TINS,2,far,124,97.31094001795543,primary,cfg0,
96.22752568223356,21.667612024957457,95.0,-6.1380310925814054,1,0,18000,1763,M0_pt+TINS,2,far,124,95.77663986447726,primary,cfg0,
96.18955694208104,21.44072603516733,95.0,-6.280077763731276,1,0,18000,1763,M1_pt+TINS,2,far,124,95.72558634720099,primary,cfg0,
91.30268481754585,30.85649461145774,95.0,-3.4690289279726194,1,0,18000,1763,L0_raw+TINS,2,far,124,94.96458540448141,primary,cfg0,
95.26534316505955,27.850255246738513,95.0,-1.8456881867034536,1,0,18000,1763,L0_norm+TINS,2,far,124,94.96458540448141,primary,cfg0,
89.38993350980023,33.862733976176976,95.0,-16.846414830719056,1,0,18000,1763,L0_cdf+TINS,2,far,124,94.68185723849493,primary,cfg0,
96.41874330371212,17.243335224049915,95.0,-6.421037311407963,1,0,18000,1763,L0_plp+TINS,2,far,124,95.5298960146695,primary,cfg0,
91.30604399067246,30.799773114010208,95.0,-4.011234908602747,1,0,18000,1763,L1_raw+TINS,2,far,124,94.96655575032631,primary,cfg0,
95.08516417722316,27.73681225184345,95.0,-1.9886141711279883,1,0,18000,1763,L1_norm+TINS,2,far,124,94.96655575032631,primary,cfg0,
89.27088454024073,33.862733976176976,95.0,-16.855490394781302,1,0,18000,1763,L1_cdf+TINS,2,far,124,94.28260896559817,primary,cfg0,
96.30652927459508,17.526942711287578,95.0,-6.365215350606209,1,0,18000,1763,L1_plp+TINS,2,far,124,95.38966950288406,primary,cfg0,
91.31155858070208,30.85649461145774,95.0,-3.468860796150166,1,0,18000,1763,L2_raw+TINS,2,far,124,94.9659457403648,primary,cfg0,
95.26823596142937,27.850255246738513,95.0,-1.844269900557871,1,0,18000,1763,L2_norm+TINS,2,far,124,94.9659457403648,primary,cfg0,
89.4150957963068,33.806012478729436,95.0,-16.844752298275242,1,0,18000,1763,L2_cdf+TINS,2,far,124,94.69327994199054,primary,cfg0,
96.42185038129452,17.300056721497448,95.0,-6.421462886946928,1,0,18000,1763,L2_plp+TINS,2,far,124,95.53037858689935,primary,cfg0,
94.06231801852901,26.772546795235396,95.0,-6.59441688811558,1,0,18000,1763,class_L2_raw+TINS,2,far,124,94.43960824505804,primary,cfg0,
94.46334530787168,25.127623369256945,95.0,-4.100338253327022,1,0,18000,1763,class_L2_norm+TINS,2,far,124,94.43960824505804,primary,cfg0,
93.58391000189071,29.0414066931367,95.0,-8.709745980886218,1,0,18000,1763,class_L2_cdf+TINS,2,far,124,94.03317684014682,primary,cfg0,
94.3895096741665,25.41123085649461,95.0,-6.460096033834025,1,0,18000,1763,class_L2_plp+TINS,2,far,124,94.20348910074466,primary,cfg0,
97.20493477027794,13.329551900170165,95.0,-11.092716162452684,1,0,18000,1763,REPRISE_L0_M0+TINS,2,far,124,96.41737050805384,primary,cfg0,
97.11539673536271,14.180374361883153,95.0,-11.047579910913589,1,0,18000,1763,REPRISE_L1_M0+TINS,2,far,124,96.29185136162438,primary,cfg0,
97.20599672275793,13.272830402722633,95.0,-11.0820616969519,1,0,18000,1763,REPRISE_L2_M0+TINS,2,far,124,96.41593666260093,primary,cfg0,
97.07675994201803,14.52070334656835,95.0,-11.205920638083096,1,0,18000,1763,REPRISE_L1_M1+TINS,2,far,124,96.25958543432685,primary,cfg0,
97.16818869351485,14.237095859330687,95.0,-11.317132441506015,1,0,18000,1763,REPRISE_L2_M1+TINS,2,far,124,96.392075837904,primary,cfg0,
96.97109094346757,15.995462280204197,95.0,-6.1113320071939885,1,0,18000,1763,static,2,far,125,97.07409158236132,primary,cfg0,
94.79639818491208,29.608621667612024,95.0,-5.700387433321199,1,0,18000,1763,M0_pt,2,far,125,94.84371701466048,primary,cfg0,
94.6729548748976,30.289279636982418,95.0,-5.6986233559266335,1,0,18000,1763,M1_pt,2,far,125,94.72755790000204,primary,cfg0,
85.06286632633768,48.66704480998298,95.0,-2.8604385286137144,1,0,18000,1763,L0_raw,2,far,125,96.13550142774827,primary,cfg0,
95.32559084893175,24.390243902439025,95.0,-1.1931709568284492,1,0,18000,1763,L0_norm,2,far,125,96.13550142774827,primary,cfg0,
81.13663105817105,100.0,100.0,-16.37793372729775,3475,1278,18000,1763,L0_cdf,2,far,125,87.90214379424863,primary,cfg0,
96.05687433037122,19.05842314237096,95.0,-5.9399137900509995,1,0,18000,1763,L0_plp,2,far,125,96.11311363029559,primary,cfg0,
85.3140763849499,47.58933635847986,95.0,-3.4009573272613025,1,0,18000,1763,L1_raw,2,far,125,95.9832845169755,primary,cfg0,
94.82991743870927,26.318774815655132,95.0,-1.3391587951164592,1,0,18000,1763,L1_norm,2,far,125,95.9832845169755,primary,cfg0,
80.89804468393521,100.0,100.0,-16.37793372729775,3658,1302,18000,1763,L1_cdf,2,far,125,87.32146942660181,primary,cfg0,
95.90689953992563,19.28530913216109,95.0,-5.9074292713458885,1,0,18000,1763,L1_plp,2,far,125,95.95213660444449,primary,cfg0,
85.08192474948005,48.66704480998298,95.0,-2.8595461236711786,1,0,18000,1763,L2_raw,2,far,125,96.1379062764684,primary,cfg0,
95.328269364089,24.390243902439025,95.0,-1.1921995585090053,1,0,18000,1763,L2_norm,2,far,125,96.1379062764684,primary,cfg0,
81.19202432722001,100.0,100.0,-16.37793372729775,3454,1275,18000,1763,L2_cdf,2,far,125,87.96020095315177,primary,cfg0,
96.05804499905463,19.05842314237096,95.0,-5.932848892328878,1,0,18000,1763,L2_plp,2,far,125,96.12309131692993,primary,cfg0,
91.00762589021238,41.06636415201361,95.0,-6.080977248855609,1,0,18000,1763,class_L2_raw,2,far,125,91.75123387898607,primary,cfg0,
91.5859236150501,39.53488372093023,95.0,-3.6286111764572917,1,0,18000,1763,class_L2_norm,2,far,125,91.75123387898607,primary,cfg0,
91.17085933068633,40.61259217243335,95.0,-8.17929427200038,1,0,18000,1763,class_L2_cdf,2,far,125,91.90035600154201,primary,cfg0,
91.87659765551143,38.74078275666478,95.0,-5.996474375866709,1,0,18000,1763,class_L2_plp,2,far,125,91.92785678745426,primary,cfg0,
96.98289216613097,14.861032331253545,95.0,-10.66481996412962,1,0,18000,1763,REPRISE_L0_M0,2,far,125,97.0482055352819,primary,cfg0,
96.85867996470662,15.598411798071469,95.0,-10.625211054496994,1,0,18000,1763,REPRISE_L1_M0,2,far,125,96.92168687319962,primary,cfg0,
96.98274563559588,14.861032331253545,95.0,-10.649042105321318,1,0,18000,1763,REPRISE_L2_M0,2,far,125,97.04963926228768,primary,cfg0,
96.83267630932123,15.8252977878616,95.0,-10.6268217234231,1,0,18000,1763,REPRISE_L1_M1,2,far,125,96.88146617980331,primary,cfg0,
96.96029495178674,15.087918321043675,95.0,-10.665611824190083,1,0,18000,1763,REPRISE_L2_M1,2,far,125,97.01382558663383,primary,cfg0,
91.1000614482889,35.84798638684062,95.0,-0.958703750344565,1,0,18000,1763,TINS,2,far,125,91.44103949972374,primary,cfg0,
97.53730698934898,13.499716392512761,95.0,-6.713010581370233,1,0,18000,1763,static+TINS,2,far,125,97.63680720197574,primary,cfg0,
96.27999621856685,21.554169030062393,95.0,-6.217879814108585,1,0,18000,1763,M0_pt+TINS,2,far,125,96.32194306171776,primary,cfg0,
96.20807966219198,22.17810550198525,95.0,-6.209380913723965,1,0,18000,1763,M1_pt+TINS,2,far,125,96.26766426971413,primary,cfg0,
91.7402092393017,29.72206466250709,95.0,-3.484884364414695,1,0,18000,1763,L0_raw+TINS,2,far,125,96.10168298227619,primary,cfg0,
95.53086594819436,26.20533182076007,95.0,-1.8566066628066813,1,0,18000,1763,L0_norm+TINS,2,far,125,96.10168298227619,primary,cfg0,
89.40183714627845,33.12535450935904,95.0,-16.828112215307083,1,0,18000,1763,L0_cdf+TINS,2,far,125,95.43969585953525,primary,cfg0,
96.66626016260163,16.619398752127058,95.0,-6.4156401313350235,1,0,18000,1763,L0_plp+TINS,2,far,125,96.71657701624868,primary,cfg0,
91.75185605344424,29.211571185479297,95.0,-4.013149187850421,1,0,18000,1763,L1_raw+TINS,2,far,125,96.11319717012255,primary,cfg0,
95.38286695657655,25.581395348837212,95.0,-1.989463953249959,1,0,18000,1763,L1_norm+TINS,2,far,125,96.11319717012255,primary,cfg0,
89.43001197453835,32.95519001701645,95.0,-16.832236468350956,1,0,18000,1763,L1_cdf+TINS,2,far,125,95.3344189235387,primary,cfg0,
96.56947753198463,16.95972773681225,95.0,-6.3730910231718125,1,0,18000,1763,L1_plp+TINS,2,far,125,96.62141957356208,primary,cfg0,
91.74838658851702,29.72206466250709,95.0,-3.4822601267870787,1,0,18000,1763,L2_raw+TINS,2,far,125,96.10330497236188,primary,cfg0,
95.5331568664524,26.20533182076007,95.0,-1.8551134141477046,1,0,18000,1763,L2_norm+TINS,2,far,125,96.10330497236188,primary,cfg0,
89.4141929791391,33.12535450935904,95.0,-16.827781016038806,1,0,18000,1763,L2_cdf+TINS,2,far,125,95.44594797972817,primary,cfg0,
96.66713619461775,16.619398752127058,95.0,-6.4063269543904084,1,0,18000,1763,L2_plp+TINS,2,far,125,96.71670565901961,primary,cfg0,
94.3347135564379,26.20533182076007,95.0,-6.5958790324672405,1,0,18000,1763,class_L2_raw+TINS,2,far,125,94.85513267588807,primary,cfg0,
94.66791769080483,24.787294384571755,95.0,-4.116357027097161,1,0,18000,1763,class_L2_norm+TINS,2,far,125,94.85513267588807,primary,cfg0,
93.7939150438016,28.530913216108907,95.0,-8.68940845819941,1,0,18000,1763,class_L2_cdf+TINS,2,far,125,94.37376814537679,primary,cfg0,
94.51639566395664,25.638116846284742,95.0,-6.5067077299026455,1,0,18000,1763,class_L2_plp+TINS,2,far,125,94.57533588859312,primary,cfg0,
97.35484653683746,13.613159387407828,95.0,-11.13687225350212,1,0,18000,1763,REPRISE_L0_M0+TINS,2,far,125,97.41420015399879,primary,cfg0,
97.26984307052373,14.010209869540555,95.0,-11.070305641940845,1,0,18000,1763,REPRISE_L1_M0+TINS,2,far,125,97.33400735719292,primary,cfg0,
97.35481502489444,13.556437889960296,95.0,-11.117273161184489,1,0,18000,1763,REPRISE_L2_M0+TINS,2,far,125,97.41996921327384,primary,cfg0,
97.24898846662886,14.180374361883153,95.0,-11.063454582055728,1,0,18000,1763,REPRISE_L1_M1+TINS,2,far,125,97.3114908408825,primary,cfg0,
97.33608747715382,13.783323879750425,95.0,-11.100994025794257,1,0,18000,1763,REPRISE_L2_M1+TINS,2,far,125,97.39464811631457,primary,cfg0,
82.13246,63.160000000000004,95.0,-6.1113320071939885,1,0,18000,5000,static,2,near,123,82.15825907095298,primary,cfg0,
89.88285611111111,36.36,95.0,-5.602546298222276,1,0,18000,5000,M0_pt,2,near,123,89.93027743518562,primary,cfg0,
89.65106944444446,37.08,95.00555555555556,-5.516301799132679,2,1,18000,5000,M1_pt,2,near,123,89.68873695197665,primary,cfg0,
79.72686777777777,49.68,95.0,-3.041863118347959,1,0,18000,5000,L0_raw,2,near,123,91.15346453855764,primary,cfg0,
89.42418111111112,40.56,95.0,-1.309674412101796,1,0,18000,5000,L0_norm,2,near,123,91.15346453855764,primary,cfg0,
74.64449055555554,100.0,100.0,-16.37793372729775,4214,3474,18000,5000,L0_cdf,2,near,123,82.31625131960278,primary,cfg0,
91.21539388888888,36.120000000000005,95.0,-5.945702050493287,1,0,18000,5000,L0_plp,2,near,123,91.12356314249529,primary,cfg0,
81.17441777777779,46.72,95.0,-3.579191018484254,1,0,18000,5000,L1_raw,2,near,123,91.80819252657813,primary,cfg0,
89.76271,37.74,95.0,-1.4644329103118432,1,0,18000,5000,L1_norm,2,near,123,91.80819252657813,primary,cfg0,
75.4205438888889,100.0,100.0,-16.37793372729775,4290,3578,18000,5000,L1_cdf,2,near,123,82.56880424972303,primary,cfg0,
91.91312222222223,33.1,95.0,-5.945760986694865,1,0,18000,5000,L1_plp,2,near,123,91.78853457914241,primary,cfg0,
79.73104888888889,49.7,95.0,-3.0412168966949142,1,0,18000,5000,L2_raw,2,near,123,91.14341310666632,primary,cfg0,
89.41393666666667,40.6,95.0,-1.3091968017073672,1,0,18000,5000,L2_norm,2,near,123,91.14341310666632,primary,cfg0,
74.68226166666665,100.0,100.0,-16.37793372729775,4193,3472,18000,5000,L2_cdf,2,near,123,82.36188230090873,primary,cfg0,
91.20537888888887,36.24,95.0,-5.943876748959036,1,0,18000,5000,L2_plp,2,near,123,91.11902167542418,primary,cfg0,
83.12098222222222,56.76,95.0,-6.181380842923923,1,0,18000,5000,class_L2_raw,2,near,123,84.55016052402605,primary,cfg0,
84.11093777777778,55.98,95.0,-3.7086382020460675,1,0,18000,5000,class_L2_norm,2,near,123,84.55016052402605,primary,cfg0,
83.0393438888889,57.08,95.0,-8.579821098467963,2,1,18000,5000,class_L2_cdf,2,near,123,84.43968178281187,primary,cfg0,
84.5088688888889,55.52,95.0,-6.007603786978555,1,0,18000,5000,class_L2_plp,2,near,123,84.52549837418465,primary,cfg0,
92.97983555555555,29.48,95.0,-10.677315129967466,1,0,18000,5000,REPRISE_L0_M0,2,near,123,92.9526925862363,primary,cfg0,
93.23409944444445,29.020000000000003,95.0,-10.7059944603592,1,0,18000,5000,REPRISE_L1_M0,2,near,123,93.18682308141771,primary,cfg0,
92.97565444444444,29.439999999999998,95.0,-10.669509519242867,1,0,18000,5000,REPRISE_L2_M0,2,near,123,92.95035177740897,primary,cfg0,
93.19426833333333,29.2,95.0,-10.617265110069239,1,0,18000,5000,REPRISE_L1_M1,2,near,123,93.1486382105241,primary,cfg0,
92.92885666666668,30.099999999999998,95.0,-10.627416729158858,1,0,18000,5000,REPRISE_L2_M1,2,near,123,92.90580823615853,primary,cfg0,
63.928488333333334,90.2,95.0,-0.5281899926351422,1,0,18000,5000,TINS,2,near,123,63.93956661652252,primary,cfg0,
81.93545888888889,64.24,95.0,-6.4904411097963335,1,0,18000,5000,static+TINS,2,near,123,81.95599776953159,primary,cfg0,
89.77891555555556,36.980000000000004,95.0,-5.891793906006899,1,0,18000,5000,M0_pt+TINS,2,near,123,89.81804829139823,primary,cfg0,
89.53435555555555,37.7,95.0,-5.811532748589443,1,0,18000,5000,M1_pt+TINS,2,near,123,89.5673839703023,primary,cfg0,
79.71460888888888,53.1,95.0,-3.3463833213931338,1,0,18000,5000,L0_raw+TINS,2,near,123,89.66213957655364,primary,cfg0,
88.08751444444445,47.38,95.0,-1.63353998315569,1,0,18000,5000,L0_norm+TINS,2,near,123,89.66213957655364,primary,cfg0,
75.64608944444444,81.58,95.0,-16.601738125003212,1,0,18000,5000,L0_cdf+TINS,2,near,123,83.72521685774919,primary,cfg0,
91.05065222222221,37.04,95.0,-6.245056693891575,1,0,18000,5000,L0_plp+TINS,2,near,123,90.96572365218603,primary,cfg0,
81.14048888888887,48.58,95.0,-3.8757343393392114,1,0,18000,5000,L1_raw+TINS,2,near,123,90.51827887429559,primary,cfg0,
88.62574111111113,43.919999999999995,95.0,-1.7956994597961429,1,0,18000,5000,L1_norm+TINS,2,near,123,90.51827887429559,primary,cfg0,
76.5419388888889,80.97999999999999,95.0,-16.597047180791755,1,0,18000,5000,L1_cdf+TINS,2,near,123,84.16845495427877,primary,cfg0,
91.77384777777777,33.800000000000004,95.0,-6.220223804851556,1,0,18000,5000,L1_plp+TINS,2,near,123,91.66071274733632,primary,cfg0,
79.72006999999999,52.959999999999994,95.0,-3.343398983827082,1,0,18000,5000,L2_raw+TINS,2,near,123,89.65544176909604,primary,cfg0,
88.08090555555556,47.36,95.0,-1.6318473379586313,1,0,18000,5000,L2_norm+TINS,2,near,123,89.65544176909604,primary,cfg0,
75.68429,81.39999999999999,95.0,-16.597959070509983,1,0,18000,5000,L2_cdf+TINS,2,near,123,83.77307953226145,primary,cfg0,
91.0408,37.019999999999996,95.0,-6.229624156660776,1,0,18000,5000,L2_plp+TINS,2,near,123,90.96613426185556,primary,cfg0,
82.91860333333334,58.02,95.0,-6.476786879549931,1,0,18000,5000,class_L2_raw+TINS,2,near,123,84.31270338260371,primary,cfg0,
83.86088666666667,57.32000000000001,95.0,-3.9932719560902328,1,0,18000,5000,class_L2_norm+TINS,2,near,123,84.31270338260371,primary,cfg0,
83.01858999999999,56.96,95.0,-8.872510199635496,1,0,18000,5000,class_L2_cdf+TINS,2,near,123,84.4018846096541,primary,cfg0,
84.41019444444444,55.7,95.0,-6.286353495561286,1,0,18000,5000,class_L2_plp+TINS,2,near,123,84.45405165418796,primary,cfg0,
92.88611555555555,30.06,95.0,-10.991286645985598,1,0,18000,5000,REPRISE_L0_M0+TINS,2,near,123,92.86821913900995,primary,cfg0,
93.15070222222221,29.18,95.0,-10.982050853407387,1,0,18000,5000,REPRISE_L1_M0+TINS,2,near,123,93.11082098362763,primary,cfg0,
92.88176333333334,30.159999999999997,95.0,-10.99333961463498,1,0,18000,5000,REPRISE_L2_M0+TINS,2,near,123,92.86310524429163,primary,cfg0,
93.10882444444445,29.5,95.0,-10.90465328635987,1,0,18000,5000,REPRISE_L1_M1+TINS,2,near,123,93.07495741585252,primary,cfg0,
92.83274333333334,30.56,95.0,-10.931966681499155,1,0,18000,5000,REPRISE_L2_M1+TINS,2,near,123,92.81922662941858,primary,cfg0,
82.13246,63.160000000000004,95.0,-6.1113320071939885,1,0,18000,5000,static,2,near,124,82.13431948910701,primary,cfg0,
90.25128055555555,35.3,95.0,-5.6547544528767215,1,0,18000,5000,M0_pt,2,near,124,90.18580325549198,primary,cfg0,
90.4257461111111,35.18,95.0,-5.629385416432083,1,1,18000,5000,M1_pt,2,near,124,90.3754470207436,primary,cfg0,
79.89461555555556,50.78,95.0,-3.0721311474730943,1,0,18000,5000,L0_raw,2,near,124,91.6217368115189,primary,cfg0,
89.79553333333334,40.42,95.0,-1.319178861352646,1,0,18000,5000,L0_norm,2,near,124,91.6217368115189,primary,cfg0,
74.96707055555554,100.0,100.0,-16.37793372729775,4189,3467,18000,5000,L0_cdf,2,near,124,82.72707310673746,primary,cfg0,
91.6706211111111,35.38,95.0,-6.015155979958551,1,0,18000,5000,L0_plp,2,near,124,91.57525432592037,primary,cfg0,
81.41663444444444,47.099999999999994,95.0,-3.599002593035368,1,0,18000,5000,L1_raw,2,near,124,92.28243681997321,primary,cfg0,
90.1584311111111,37.96,95.0,-1.477418252791312,1,0,18000,5000,L1_norm,2,near,124,92.28243681997321,primary,cfg0,
75.85044611111114,100.0,100.0,-16.37793372729775,4280,3597,18000,5000,L1_cdf,2,near,124,82.92938316312195,primary,cfg0,
92.37816166666668,31.64,95.0,-5.9910945279963865,1,0,18000,5000,L1_plp,2,near,124,92.25211605999054,primary,cfg0,
79.89949888888889,50.82,95.0,-3.071925161044798,1,0,18000,5000,L2_raw,2,near,124,91.60976692106105,primary,cfg0,
89.78533333333333,40.52,95.0,-1.3181710742383423,1,0,18000,5000,L2_norm,2,near,124,91.60976692106105,primary,cfg0,
75.01565944444445,100.0,100.0,-16.37793372729775,4157,3463,18000,5000,L2_cdf,2,near,124,82.799028946663,primary,cfg0,
91.65905333333333,35.4,95.0,-6.005067740909805,1,0,18000,5000,L2_plp,2,near,124,91.56311585521009,primary,cfg0,
83.33298666666667,56.32,95.0,-6.18019015413506,1,0,18000,5000,class_L2_raw,2,near,124,84.68110844063318,primary,cfg0,
84.36796777777778,55.76,95.0,-3.7161515535296568,1,0,18000,5000,class_L2_norm,2,near,124,84.68110844063318,primary,cfg0,
83.24182444444445,56.34,95.0,-8.510828226981012,2,3,18000,5000,class_L2_cdf,2,near,124,84.53467145382339,primary,cfg0,
84.80273722222222,55.120000000000005,95.0,-6.013640971620294,1,0,18000,5000,class_L2_plp,2,near,124,84.65301644142605,primary,cfg0,
93.41267999999998,28.04,95.0,-10.793879765873491,1,0,18000,5000,REPRISE_L0_M0,2,near,124,93.32676936121847,primary,cfg0,
93.65368777777779,26.640000000000004,95.0,-10.750361070737789,1,0,18000,5000,REPRISE_L1_M0,2,near,124,93.55481196527988,primary,cfg0,
93.40671055555555,28.060000000000002,95.0,-10.789628752204049,1,0,18000,5000,REPRISE_L2_M0,2,near,124,93.32128954970142,primary,cfg0,
93.69897944444445,26.56,95.0,-10.750672824504253,1,0,18000,5000,REPRISE_L1_M1,2,near,124,93.6149083527323,primary,cfg0,
93.453605,28.12,95.0,-10.78505018761733,1,0,18000,5000,REPRISE_L2_M1,2,near,124,93.37771707340319,primary,cfg0,
64.13554055555556,90.12,95.0,-0.5452460019597075,1,0,18000,5000,TINS,2,near,124,64.1490001284842,primary,cfg0,
81.94394222222223,63.82,95.0,-6.471041426756522,1,0,18000,5000,static+TINS,2,near,124,81.94707695383359,primary,cfg0,
90.20216333333333,36.18,95.0,-5.952079483331998,1,0,18000,5000,M0_pt+TINS,2,near,124,90.14399014715353,primary,cfg0,
90.35692888888889,36.120000000000005,95.0,-5.922535857263044,1,0,18000,5000,M1_pt+TINS,2,near,124,90.32130391122836,primary,cfg0,
80.05888111111112,53.580000000000005,95.0,-3.3672637297610106,1,0,18000,5000,L0_raw+TINS,2,near,124,90.15556648200737,primary,cfg0,
88.47559666666665,47.64,95.0,-1.6578138994946834,1,0,18000,5000,L0_norm+TINS,2,near,124,90.15556648200737,primary,cfg0,
75.96103388888889,81.04,95.0,-16.60563367459223,1,0,18000,5000,L0_cdf+TINS,2,near,124,84.00950548789712,primary,cfg0,
91.52347999999999,36.120000000000005,95.0,-6.275972945772042,1,0,18000,5000,L0_plp+TINS,2,near,124,91.44107044106246,primary,cfg0,
81.55622111111111,49.6,95.0,-3.9047366002486523,1,0,18000,5000,L1_raw+TINS,2,near,124,91.03873586926754,primary,cfg0,
89.05100888888889,44.22,95.0,-1.823206374795042,1,0,18000,5000,L1_norm+TINS,2,near,124,91.03873586926754,primary,cfg0,
76.90300111111111,80.74,95.0,-16.6066898609698,1,0,18000,5000,L1_cdf+TINS,2,near,124,84.32240814823967,primary,cfg0,
92.25451333333332,32.16,95.0,-6.243599267392832,1,0,18000,5000,L1_plp+TINS,2,near,124,92.14399195635397,primary,cfg0,
80.06473888888888,53.580000000000005,95.0,-3.366354222100699,1,0,18000,5000,L2_raw+TINS,2,near,124,90.14344294242781,primary,cfg0,
88.46803333333332,47.68,95.0,-1.6567597059748413,1,0,18000,5000,L2_norm+TINS,2,near,124,90.14344294242781,primary,cfg0,
75.98965388888888,81.06,95.0,-16.60563367459223,1,0,18000,5000,L2_cdf+TINS,2,near,124,84.05287885356947,primary,cfg0,
91.51128,36.16,95.0,-6.271932337090353,1,0,18000,5000,L2_plp+TINS,2,near,124,91.42688740564186,primary,cfg0,
83.11187,57.28,95.0,-6.466444310867399,1,0,18000,5000,class_L2_raw+TINS,2,near,124,84.4594340394685,primary,cfg0,
84.10081555555556,56.42,95.0,-3.978155381516981,1,0,18000,5000,class_L2_norm+TINS,2,near,124,84.4594340394685,primary,cfg0,
83.22012333333333,56.46,95.0,-8.800261453915445,1,0,18000,5000,class_L2_cdf+TINS,2,near,124,84.52868396387198,primary,cfg0,
84.69105555555556,55.44,95.0,-6.302716020450564,1,0,18000,5000,class_L2_plp+TINS,2,near,124,84.6098439979748,primary,cfg0,
93.33626555555554,28.439999999999998,95.0,-11.044968759859593,1,0,18000,5000,REPRISE_L0_M0+TINS,2,near,124,93.25377475079381,primary,cfg0,
93.58705111111111,27.12,95.0,-11.03427532425696,1,0,18000,5000,REPRISE_L1_M0+TINS,2,near,124,93.49281416181809,primary,cfg0,
93.33022555555557,28.38,95.0,-11.039150127859445,1,0,18000,5000,REPRISE_L2_M0+TINS,2,near,124,93.24686613916387,primary,cfg0,
93.63118,27.139999999999997,95.0,-11.034538590050829,1,0,18000,5000,REPRISE_L1_M1+TINS,2,near,124,93.55435505405713,primary,cfg0,
93.37466888888888,28.499999999999996,95.0,-11.043322921784432,1,0,18000,5000,REPRISE_L2_M1+TINS,2,near,124,93.30812539374763,primary,cfg0,
82.13246,63.160000000000004,95.0,-6.1113320071939885,1,0,18000,5000,static,2,near,125,82.11412214537707,primary,cfg0,
90.24632166666666,36.32,95.0,-5.589831885748019,1,0,18000,5000,M0_pt,2,near,125,90.2867459003402,primary,cfg0,
90.40503611111112,36.16,95.0,-5.556307133746378,2,1,18000,5000,M1_pt,2,near,125,90.44450526835566,primary,cfg0,
79.33987888888889,51.38,95.0,-3.0573288467392237,1,0,18000,5000,L0_raw,2,near,125,91.3371027281235,primary,cfg0,
89.43595888888889,41.08,95.0,-1.3129122753288422,1,0,18000,5000,L0_norm,2,near,125,91.3371027281235,primary,cfg0,
74.25916555555555,100.0,100.0,-16.37793372729775,4269,3403,18000,5000,L0_cdf,2,near,125,82.34220496655237,primary,cfg0,
91.35028944444443,36.08,95.0,-5.976219586572147,1,0,18000,5000,L0_plp,2,near,125,91.3027552438072,primary,cfg0,
80.92938444444444,47.199999999999996,95.0,-3.5785123916309596,1,0,18000,5000,L1_raw,2,near,125,92.02745730198195,primary,cfg0,
89.80632888888888,38.58,95.0,-1.4703504206128732,1,0,18000,5000,L1_norm,2,near,125,92.02745730198195,primary,cfg0,
75.2124861111111,100.0,100.0,-16.37793372729775,4357,3545,18000,5000,L1_cdf,2,near,125,82.60808658037735,primary,cfg0,
92.07526111111112,31.419999999999998,95.0,-5.931046880564144,1,0,18000,5000,L1_plp,2,near,125,91.99946352525355,primary,cfg0,
79.34401111111112,51.42,95.0,-3.0557413960210127,1,0,18000,5000,L2_raw,2,near,125,91.32517294575719,primary,cfg0,
89.42383333333332,41.099999999999994,95.0,-1.3127527470158693,1,0,18000,5000,L2_norm,2,near,125,91.32517294575719,primary,cfg0,
74.26380666666667,100.0,100.0,-16.37793372729775,4254,3392,18000,5000,L2_cdf,2,near,125,82.36497722671993,primary,cfg0,
91.33783333333334,36.16,95.0,-5.9728227617604315,1,0,18000,5000,L2_plp,2,near,125,91.29646019822749,primary,cfg0,
83.03488555555555,56.8,95.0,-6.170735366911064,1,0,18000,5000,class_L2_raw,2,near,125,84.74232420733833,primary,cfg0,
84.11878777777778,56.10000000000001,95.0,-3.7053238171382237,1,0,18000,5000,class_L2_norm,2,near,125,84.74232420733833,primary,cfg0,
82.95683055555556,57.24,95.01111111111112,-8.524717339141679,3,0,18000,5000,class_L2_cdf,2,near,125,84.63530660720905,primary,cfg0,
84.59462777777777,55.900000000000006,95.0,-6.028863320057569,1,0,18000,5000,class_L2_plp,2,near,125,84.72062605610535,primary,cfg0,
93.25483166666668,29.48,95.0,-10.693393015023553,1,0,18000,5000,REPRISE_L0_M0,2,near,125,93.26741347088054,primary,cfg0,
93.53193555555556,28.139999999999997,95.0,-10.641397258323071,1,0,18000,5000,REPRISE_L1_M0,2,near,125,93.5296716818791,primary,cfg0,
93.24875055555556,29.5,95.0,-10.687791970599552,1,0,18000,5000,REPRISE_L2_M0,2,near,125,93.26381158745464,primary,cfg0,
93.54437777777777,28.18,95.0,-10.660351921226757,1,0,18000,5000,REPRISE_L1_M1,2,near,125,93.54928052153038,primary,cfg0,
93.26380888888889,29.439999999999998,95.0,-10.69382966509078,1,0,18000,5000,REPRISE_L2_M1,2,near,125,93.28164728116634,primary,cfg0,
63.673950000000005,89.74,95.0,-0.5250126074675411,1,0,18000,5000,TINS,2,near,125,63.896748618570456,primary,cfg0,
81.92447444444444,64.22,95.0,-6.496498162337382,1,0,18000,5000,static+TINS,2,near,125,81.90606868441306,primary,cfg0,
90.13419555555556,36.84,95.0,-5.881948410351351,1,0,18000,5000,M0_pt+TINS,2,near,125,90.17958538870867,primary,cfg0,
90.28169888888888,37.04,95.0,-5.8485080382072745,1,0,18000,5000,M1_pt+TINS,2,near,125,90.32192106916459,primary,cfg0,
79.42479444444444,54.32,95.0,-3.365840408268176,1,0,18000,5000,L0_raw+TINS,2,near,125,89.87314618216843,primary,cfg0,
88.08453222222222,48.4,95.0,-1.6611678987248544,1,0,18000,5000,L0_norm+TINS,2,near,125,89.87314618216843,primary,cfg0,
75.19783222222222,82.96,95.0,-16.622485908339492,1,0,18000,5000,L0_cdf+TINS,2,near,125,83.65706131982607,primary,cfg0,
91.18372666666666,36.76,95.0,-6.240830245079355,1,0,18000,5000,L0_plp+TINS,2,near,125,91.16824400729806,primary,cfg0,
80.97740444444446,50.2,95.0,-3.8996636767691184,1,0,18000,5000,L1_raw+TINS,2,near,125,90.74462573371855,primary,cfg0,
88.66609,44.519999999999996,95.0,-1.8253511373941078,1,0,18000,5000,L1_norm+TINS,2,near,125,90.74462573371855,primary,cfg0,
76.22437277777777,82.5,95.0,-16.620694400678204,1,0,18000,5000,L1_cdf+TINS,2,near,125,84.06610687440292,primary,cfg0,
91.93644333333333,32.78,95.0,-6.240603451258984,1,0,18000,5000,L1_plp+TINS,2,near,125,91.91019290372697,primary,cfg0,
79.42952777777779,54.32,95.0,-3.36584551210062,1,0,18000,5000,L2_raw+TINS,2,near,125,89.86378984288801,primary,cfg0,
88.07608222222221,48.480000000000004,95.0,-1.6611543498186996,1,0,18000,5000,L2_norm+TINS,2,near,125,89.86378984288801,primary,cfg0,
75.19534944444443,82.96,95.0,-16.622485908339492,1,0,18000,5000,L2_cdf+TINS,2,near,125,83.65492604032826,primary,cfg0,
91.17139111111112,36.78,95.0,-6.23263732444035,1,0,18000,5000,L2_plp+TINS,2,near,125,91.15701406071653,primary,cfg0,
82.79873666666666,58.8,95.0,-6.489424126274623,1,0,18000,5000,class_L2_raw+TINS,2,near,125,84.46416183179346,primary,cfg0,
83.83715222222223,58.02,95.0,-4.005990164038226,1,0,18000,5000,class_L2_norm+TINS,2,near,125,84.46416183179346,primary,cfg0,
82.92983444444444,57.34,95.0,-8.864014026190532,1,0,18000,5000,class_L2_cdf+TINS,2,near,125,84.5864545631488,primary,cfg0,
84.48515444444445,56.02,95.0,-6.333798033291504,1,0,18000,5000,class_L2_plp+TINS,2,near,125,84.63540677779883,primary,cfg0,
93.15966555555556,29.799999999999997,95.0,-10.955644380631053,1,0,18000,5000,REPRISE_L0_M0+TINS,2,near,125,93.1884106685873,primary,cfg0,
93.45012555555554,28.58,95.0,-10.914660663025325,1,0,18000,5000,REPRISE_L1_M0+TINS,2,near,125,93.46857760774778,primary,cfg0,
93.15349111111112,29.759999999999998,95.0,-10.945511583510063,1,0,18000,5000,REPRISE_L2_M0+TINS,2,near,125,93.18549047980886,primary,cfg0,
93.46144,28.42,95.0,-10.930338974055525,1,0,18000,5000,REPRISE_L1_M1+TINS,2,near,125,93.482805838785,primary,cfg0,
93.16800666666667,29.659999999999997,95.0,-10.976950296791243,1,0,18000,5000,REPRISE_L2_M1+TINS,2,near,125,93.19811762845205,primary,cfg0,
96.99852524106637,15.144639818491209,95.0,-5.7825497761033295,1,1,18000,1763,static,3,far,123,96.93182418682275,primary,cfg0,
95.14184155795047,26.999432785025522,95.0,-5.546384987288552,1,0,18000,1763,M0_pt,3,far,123,95.02902875484132,primary,cfg0,
95.02520640322682,27.33976176971072,95.0,-5.425290060088567,2,0,18000,1763,M1_pt,3,far,123,94.92469640485784,primary,cfg0,
84.0788586374236,52.41066364152014,95.0,-2.8690211606230007,1,0,18000,1763,L0_raw,3,far,123,95.63361519905754,primary,cfg0,
94.8205142749102,26.091888825865002,95.0,-1.1862303038202766,1,0,18000,1763,L0_norm,3,far,123,95.63361519905754,primary,cfg0,
81.77540335287074,100.0,100.0,-16.37793372729775,2366,1107,18000,1763,L0_cdf,3,far,123,90.2105897469725,primary,cfg0,
95.64271601436943,20.079410096426546,95.0,-5.735011960250364,2,0,18000,1763,L0_plp,3,far,123,95.58169494698707,primary,cfg0,
84.34321862986071,50.59557572319909,95.0,-3.404896832392737,1,0,18000,1763,L1_raw,3,far,123,95.48036432780061,primary,cfg0,
94.33073044683935,28.927963698241633,95.0,-1.3411031314401787,1,0,18000,1763,L1_norm,3,far,123,95.48036432780061,primary,cfg0,
81.6828842881452,100.0,100.0,-16.37793372729775,2481,1132,18000,1763,L1_cdf,3,far,123,89.7738698017349,primary,cfg0,
95.52366862040712,20.41973908111174,95.0,-5.72553321629582,1,0,18000,1763,L1_plp,3,far,123,95.43740047486041,primary,cfg0,
84.09901367618326,52.524106636415205,95.0,-2.8682168109510555,1,0,18000,1763,L2_raw,3,far,123,95.63628585503321,primary,cfg0,
94.82167391441357,25.97844583096994,95.0,-1.1849228399198917,1,0,18000,1763,L2_norm,3,far,123,95.63628585503321,primary,cfg0,
81.80117381987772,100.0,100.0,-16.37793372729775,2380,1112,18000,1763,L2_cdf,3,far,123,90.17586045494305,primary,cfg0,
95.64332419486986,20.079410096426546,95.0,-5.72875398353791,1,0,18000,1763,L2_plp,3,far,123,95.58763405683871,primary,cfg0,
90.86379592865697,43.05161656267725,95.0,-6.097469327853053,1,0,18000,1763,class_L2_raw,3,far,123,91.63324496901089,primary,cfg0,
91.555372786286,40.83947816222348,95.0,-3.6270750027467686,1,0,18000,1763,class_L2_norm,3,far,123,91.63324496901089,primary,cfg0,
91.10263282283987,41.34997163925128,95.0,-7.85974103554843,1,0,18000,1763,class_L2_cdf,3,far,123,91.83367455092414,primary,cfg0,
91.96081174765236,38.11684628474192,95.0,-5.794688231320693,1,0,18000,1763,class_L2_plp,3,far,123,91.87081060784918,primary,cfg0,
96.87378679019348,15.484968803176406,95.0,-10.45220812841212,1,0,18000,1763,REPRISE_L0_M0,3,far,123,96.76095673991101,primary,cfg0,
96.77597844583097,16.108905275099264,95.0,-10.389539202447146,1,0,18000,1763,REPRISE_L1_M0,3,far,123,96.66413016106581,primary,cfg0,
96.87341179807146,15.371525808281339,95.0,-10.446725304442174,1,0,18000,1763,REPRISE_L2_M0,3,far,123,96.76265390125899,primary,cfg0,
96.74797535766055,15.882019285309132,95.0,-10.258012845116205,1,0,18000,1763,REPRISE_L1_M1,3,far,123,96.6247395131323,primary,cfg0,
96.8487867901935,15.541690300623937,95.0,-10.31974210156675,1,0,18000,1763,REPRISE_L2_M1,3,far,123,96.72686958248268,primary,cfg0,
91.0193199722695,34.37322745320476,95.0,-0.8947273198782932,1,0,18000,1763,TINS,3,far,123,91.34789673481353,primary,cfg0,
97.51873385012921,13.102665910380034,95.0,-6.326303455245149,1,0,18000,1763,static+TINS,3,far,123,97.46562180557629,primary,cfg0,
96.3541847860339,19.852524106636416,95.0,-6.03856774573441,1,0,18000,1763,M0_pt+TINS,3,far,123,96.27253938267867,primary,cfg0,
96.27928404865443,20.19285309132161,95.0,-5.9101866552178,1,0,18000,1763,M1_pt+TINS,3,far,123,96.20359481679958,primary,cfg0,
91.52690804815025,29.438457175269427,95.0,-3.4199051952008475,1,0,18000,1763,L0_raw+TINS,3,far,123,95.89636153416703,primary,cfg0,
95.4145742736497,25.35450935904708,95.0,-1.7795638561846974,1,0,18000,1763,L0_norm+TINS,3,far,123,95.89636153416703,primary,cfg0,
89.07425631814458,32.95519001701645,95.0,-16.68414730552218,1,0,18000,1763,L0_cdf+TINS,3,far,123,95.64078723486142,primary,cfg0,
96.47122644482258,16.449234259784458,95.0,-6.162955314487731,1,0,18000,1763,L0_plp+TINS,3,far,123,96.42370557630511,primary,cfg0,
91.57044809982983,28.701077708451507,95.0,-3.947126576815104,1,0,18000,1763,L1_raw+TINS,3,far,123,95.90172195013979,primary,cfg0,
95.28321043675554,25.35450935904708,95.0,-1.9209616104467917,1,0,18000,1763,L1_norm+TINS,3,far,123,95.90172195013979,primary,cfg0,
89.04764448225878,33.068633011911515,95.0,-16.68989213472302,1,0,18000,1763,L1_cdf+TINS,3,far,123,95.50058110920388,primary,cfg0,
96.39175332450998,16.676120249574588,95.0,-6.184192373384717,1,0,18000,1763,L1_plp+TINS,3,far,123,96.30380293837725,primary,cfg0,
91.53367051112372,29.438457175269427,95.0,-3.419758888907314,1,0,18000,1763,L2_raw+TINS,3,far,123,95.8969112115595,primary,cfg0,
95.41579063465053,25.35450935904708,95.0,-1.7791283409114196,1,0,18000,1763,L2_norm+TINS,3,far,123,95.8969112115595,primary,cfg0,
89.07398216424023,33.068633011911515,95.0,-16.68581702789982,1,0,18000,1763,L2_cdf+TINS,3,far,123,95.62942812019169,primary,cfg0,
96.47116657213083,16.449234259784458,95.0,-6.161682226244473,1,0,18000,1763,L2_plp+TINS,3,far,123,96.42017421522944,primary,cfg0,
94.47775887061196,24.220079410096425,95.0,-6.552689230980026,1,0,18000,1763,class_L2_raw+TINS,3,far,123,95.03078465533068,primary,cfg0,
94.88122833553916,22.461712989222914,95.0,-4.058347178522575,1,0,18000,1763,class_L2_norm+TINS,3,far,123,95.03078465533068,primary,cfg0,
93.93914728682171,28.417470221213843,95.0,-8.37530802483711,1,0,18000,1763,class_L2_cdf+TINS,3,far,123,94.55522689005056,primary,cfg0,
94.76872439654629,24.049914917753828,95.0,-6.22959467091485,1,0,18000,1763,class_L2_plp+TINS,3,far,123,94.75337355821469,primary,cfg0,
97.26655637486607,13.216108905275098,95.0,-10.850466269348107,1,0,18000,1763,REPRISE_L0_M0+TINS,3,far,123,97.19162207889781,primary,cfg0,
97.19769017457615,13.499716392512761,95.0,-10.789631341678593,1,0,18000,1763,REPRISE_L1_M0+TINS,3,far,123,97.12101038367769,primary,cfg0,
97.26595764794858,13.272830402722633,95.0,-10.845664364877138,1,0,18000,1763,REPRISE_L2_M0+TINS,3,far,123,97.18915550473199,primary,cfg0,
97.17502363395727,13.272830402722633,95.0,-10.652620690151268,1,0,18000,1763,REPRISE_L1_M1+TINS,3,far,123,97.09633468914913,primary,cfg0,
97.2462878931115,12.932501418037438,95.0,-10.697763546555429,1,0,18000,1763,REPRISE_L2_M1+TINS,3,far,123,97.16180600965241,primary,cfg0,
96.99852524106637,15.144639818491209,95.0,-5.7825497761033295,1,1,18000,1763,static,3,far,124,96.83738246175464,primary,cfg0,
94.95550671204384,29.438457175269427,95.0,-5.603675958189276,1,0,18000,1763,M0_pt,3,far,124,94.95848018038123,primary,cfg0,
94.85225940631499,29.268292682926827,95.0,-5.365307355486857,1,0,18000,1763,M1_pt,3,far,124,94.8764193573907,primary,cfg0,
84.24636037058045,52.977878615995465,95.0,-2.8777134021788626,1,0,18000,1763,L0_raw,3,far,124,95.09500538178938,primary,cfg0,
94.87045125102414,25.070901871809415,95.0,-1.182910842475732,1,0,18000,1763,L0_norm,3,far,124,95.09500538178938,primary,cfg0,
81.96209743492783,100.0,100.0,-16.37793372729775,2441,1133,18000,1763,L0_cdf,3,far,124,90.08286914821522,primary,cfg0,
95.70433761895758,20.76006806579694,95.0,-5.765597903975593,1,0,18000,1763,L0_plp,3,far,124,95.20009235073746,primary,cfg0,
84.50379088674609,50.65229722064662,95.0,-3.409176162610617,1,0,18000,1763,L1_raw,3,far,124,94.9763442552058,primary,cfg0,
94.37630932123274,27.623369256948383,95.0,-1.3334371243396446,1,0,18000,1763,L1_norm,3,far,124,94.9763442552058,primary,cfg0,
81.86115837902567,100.0,100.0,-16.37793372729775,2578,1162,18000,1763,L1_cdf,3,far,124,89.60762640023975,primary,cfg0,
95.57144702842378,21.0436755530346,95.0,-5.750527335534923,1,0,18000,1763,L1_plp,3,far,124,94.99274181930275,primary,cfg0,
84.26669187622109,52.977878615995465,95.0,-2.8760203945772638,1,0,18000,1763,L2_raw,3,far,124,95.09906729947477,primary,cfg0,
94.87348269994327,24.95745887691435,95.0,-1.1824990964421525,1,0,18000,1763,L2_norm,3,far,124,95.09906729947477,primary,cfg0,
81.96237946681794,100.0,100.0,-16.37793372729775,2457,1134,18000,1763,L2_cdf,3,far,124,90.05994522748372,primary,cfg0,
95.70654503056659,20.646625070901873,95.0,-5.761790527813634,1,0,18000,1763,L2_plp,3,far,124,95.20257102252978,primary,cfg0,
91.00437700888637,45.320476460578554,95.0,-6.114500047151263,1,0,18000,1763,class_L2_raw,3,far,124,91.76763314143942,primary,cfg0,
91.65365538539105,42.82473057288713,95.0,-3.63956048856672,1,0,18000,1763,class_L2_norm,3,far,124,91.76763314143942,primary,cfg0,
91.2235142118863,43.959160521837774,95.0,-7.935464082077449,1,0,18000,1763,class_L2_cdf,3,far,124,91.9568082768954,primary,cfg0,
92.03174985819625,39.98865570051049,95.0,-5.741837925320764,1,0,18000,1763,class_L2_plp,3,far,124,91.98533918505676,primary,cfg0,
96.93238797504254,15.938740782756664,95.0,-10.47415922499443,1,0,18000,1763,REPRISE_L0_M0,3,far,124,96.8608256962948,primary,cfg0,
96.83020262179366,16.335791264889394,95.0,-10.37169312286388,1,0,18000,1763,REPRISE_L1_M0,3,far,124,96.76868118855752,primary,cfg0,
96.9339525430138,15.938740782756664,95.0,-10.467852402470811,1,0,18000,1763,REPRISE_L2_M0,3,far,124,96.86345259183868,primary,cfg0,
96.81311054389613,16.619398752127058,95.0,-10.186922701232724,1,0,18000,1763,REPRISE_L1_M1,3,far,124,96.74920160193787,primary,cfg0,
96.92040398310962,16.165626772546794,95.0,-10.222301583267893,1,0,18000,1763,REPRISE_L2_M1,3,far,124,96.83993728698856,primary,cfg0,
91.32551522026849,34.31650595575723,95.0,-0.8726078291178291,1,0,18000,1763,TINS,3,far,124,90.65086904822442,primary,cfg0,
97.53589210310707,13.102665910380034,95.0,-6.327702550724657,1,0,18000,1763,static+TINS,3,far,124,97.31789112546704,primary,cfg0,
96.29190458183652,21.837776517300057,95.0,-6.058224880562588,1,0,18000,1763,M0_pt+TINS,3,far,124,96.20034050099655,primary,cfg0,
96.2529810298103,21.44072603516733,95.0,-5.813350561322277,1,0,18000,1763,M1_pt+TINS,3,far,124,96.1678664144072,primary,cfg0,
91.47697422323061,30.516165626772544,95.0,-3.426654489882137,1,0,18000,1763,L0_raw+TINS,3,far,124,95.34664468345942,primary,cfg0,
95.45658914728683,25.751559841179805,95.0,-1.775472808123221,1,0,18000,1763,L0_norm+TINS,3,far,124,95.34664468345942,primary,cfg0,
89.2893773240058,32.38797504254112,95.0,-16.714213364097446,1,0,18000,1763,L0_cdf+TINS,3,far,124,95.09022526662248,primary,cfg0,
96.47815907228838,17.016449234259785,95.0,-6.209726688176068,1,0,18000,1763,L0_plp+TINS,3,far,124,95.9031398524097,primary,cfg0,
91.48786159954622,29.835507657402154,95.0,-3.9480181118775515,1,0,18000,1763,L1_raw+TINS,3,far,124,95.32646738206525,primary,cfg0,
95.28848553601814,25.751559841179805,95.0,-1.9150903819649534,1,0,18000,1763,L1_norm+TINS,3,far,124,95.32646738206525,primary,cfg0,
89.30423520514275,31.70731707317073,95.0,-16.71771748410253,1,0,18000,1763,L1_cdf+TINS,3,far,124,94.97569643605887,primary,cfg0,
96.380185290225,17.12989222915485,95.0,-6.162462870966522,1,0,18000,1763,L1_plp+TINS,3,far,124,95.73405674200531,primary,cfg0,
91.48525556185794,30.516165626772544,95.0,-3.4260534110109218,1,0,18000,1763,L2_raw+TINS,3,far,124,95.35289689239775,primary,cfg0,
95.45926451124976,25.751559841179805,95.0,-1.774365379581572,1,0,18000,1763,L2_norm+TINS,3,far,124,95.35289689239775,primary,cfg0,
89.30468582592803,32.38797504254112,95.0,-16.714213364097446,1,0,18000,1763,L2_cdf+TINS,3,far,124,95.09989705962306,primary,cfg0,
96.48004663767568,17.016449234259785,95.0,-6.2055656613969115,1,0,18000,1763,L2_plp+TINS,3,far,124,95.90472895358327,primary,cfg0,
94.50977185353248,25.751559841179805,95.0,-6.55046066507822,1,0,18000,1763,class_L2_raw+TINS,3,far,124,94.96253847426456,primary,cfg0,
94.902634398437,24.446965399886558,95.0,-4.046469385650927,1,0,18000,1763,class_L2_norm+TINS,3,far,124,94.96253847426456,primary,cfg0,
93.97331883783954,29.32501418037436,95.0,-8.436401697164854,1,0,18000,1763,class_L2_cdf+TINS,3,far,124,94.48836126311062,primary,cfg0,
94.77913909371651,24.56040839478162,95.0,-6.187157596889324,1,0,18000,1763,class_L2_plp+TINS,3,far,124,94.70156601926148,primary,cfg0,
97.30702086090628,14.52070334656835,95.0,-10.856166548929757,1,0,18000,1763,REPRISE_L0_M0+TINS,3,far,124,97.1743215160126,primary,cfg0,
97.23573769458625,14.577424844015882,95.0,-10.821889304858022,1,0,18000,1763,REPRISE_L1_M0+TINS,3,far,124,97.11307697606983,primary,cfg0,
97.30790004411674,14.52070334656835,95.0,-10.849312512501966,1,0,18000,1763,REPRISE_L2_M0+TINS,3,far,124,97.17599062054776,primary,cfg0,
97.22221591983362,14.974475326148609,95.0,-10.587887945282771,1,0,18000,1763,REPRISE_L1_M1+TINS,3,far,124,97.10046577139157,primary,cfg0,
97.29790445578874,14.52070334656835,95.0,-10.62978876892179,1,0,18000,1763,REPRISE_L2_M1+TINS,3,far,124,97.15193763205751,primary,cfg0,
96.99852524106637,15.144639818491209,95.0,-5.7825497761033295,1,1,18000,1763,static,3,far,125,97.0643768296092,primary,cfg0,
94.93955694208105,28.587634713556437,95.0,-5.575586484617147,1,0,18000,1763,M0_pt,3,far,125,94.97935831222216,primary,cfg0,
94.89907985126364,28.360748723766307,95.0,-5.37990228086853,1,0,18000,1763,M1_pt,3,far,125,94.94786412014858,primary,cfg0,
84.72754143820508,49.68803176403857,95.0,-2.864301228060718,1,0,18000,1763,L0_raw,3,far,125,95.92219123709445,primary,cfg0,
95.15436440410915,23.709585933068634,95.0,-1.1844737603986204,1,0,18000,1763,L0_norm,3,far,125,95.92219123709445,primary,cfg0,
82.26741822650784,100.0,100.0,-16.37793372729775,2428,1147,18000,1763,L0_cdf,3,far,125,90.29591281433092,primary,cfg0,
95.88990987584295,18.888258650028362,95.0,-5.688173016212193,1,0,18000,1763,L0_plp,3,far,125,95.89749052309212,primary,cfg0,
84.99660616373606,48.269994327850256,95.0,-3.3978456444596525,1,0,18000,1763,L1_raw,3,far,125,95.78926429950391,primary,cfg0,
94.6738734480368,26.318774815655132,95.0,-1.33395772809536,1,0,18000,1763,L1_norm,3,far,125,95.78926429950391,primary,cfg0,
82.18882744059998,100.0,100.0,-16.37793372729775,2568,1179,18000,1763,L1_cdf,3,far,125,89.92654190852566,primary,cfg0,
95.74974317766434,19.68235961429382,95.0,-5.69283034621407,1,0,18000,1763,L1_plp,3,far,125,95.75137584067531,primary,cfg0,
84.74681099136573,49.57458876914351,95.0,-2.8636150475165287,1,0,18000,1763,L2_raw,3,far,125,95.9234942990867,primary,cfg0,
95.1558706749858,23.6528644356211,95.0,-1.1831709014675953,1,0,18000,1763,L2_norm,3,far,125,95.9234942990867,primary,cfg0,
82.27254521963823,100.0,100.0,-16.37793372729775,2443,1150,18000,1763,L2_cdf,3,far,125,90.26378568975537,primary,cfg0,
95.88990672464864,18.888258650028362,95.0,-5.680277880142949,1,0,18000,1763,L2_plp,3,far,125,95.89767996393769,primary,cfg0,
91.2870044746959,42.99489506522972,95.0,-6.107961922547194,1,0,18000,1763,class_L2_raw,3,far,125,92.00309261112227,primary,cfg0,
91.84584672590911,40.27226318774816,95.0,-3.6236004615038544,1,0,18000,1763,class_L2_norm,3,far,125,92.00309261112227,primary,cfg0,
91.52041973908112,41.91718661372661,95.0,-7.924319517524385,1,0,18000,1763,class_L2_cdf,3,far,125,92.19271048726017,primary,cfg0,
92.15961114262305,38.91094724900737,95.0,-5.797428376131561,1,0,18000,1763,class_L2_plp,3,far,125,92.21662130382308,primary,cfg0,
97.03700132350161,14.350538854225753,95.0,-10.33448258533889,1,0,18000,1763,REPRISE_L0_M0,3,far,125,97.05595996635431,primary,cfg0,
96.93322461712988,15.314804310833807,95.0,-10.307830515983298,1,0,18000,1763,REPRISE_L1_M0,3,far,125,96.9610879616953,primary,cfg0,
97.0370407134304,14.350538854225753,95.0,-10.32548542249014,1,0,18000,1763,REPRISE_L2_M0,3,far,125,97.05650302483514,primary,cfg0,
96.93510430453142,15.768576290414066,95.0,-10.124103375937235,1,0,18000,1763,REPRISE_L1_M1,3,far,125,96.95725951380292,primary,cfg0,
97.03954118610955,14.463981849120817,95.0,-10.118993554543339,1,0,18000,1763,REPRISE_L2_M1,3,far,125,97.05312370583458,primary,cfg0,
90.8350018907166,35.84798638684062,95.0,-0.9157286541564309,1,0,18000,1763,TINS,3,far,125,91.14887593880886,primary,cfg0,
97.47531669502743,13.44299489506523,95.0,-6.3548186658079135,1,0,18000,1763,static+TINS,3,far,125,97.54063000527076,primary,cfg0,
96.25464801159639,21.0436755530346,95.0,-6.072800138792231,1,0,18000,1763,M0_pt+TINS,3,far,125,96.27476193296654,primary,cfg0,
96.24142875149681,21.27056154282473,95.0,-5.883352652561231,1,0,18000,1763,M1_pt+TINS,3,far,125,96.2807776305331,primary,cfg0,
91.53935526564568,30.686330119115148,95.0,-3.4327824288510778,1,0,18000,1763,L0_raw+TINS,3,far,125,95.90907303121553,primary,cfg0,
95.41469717022753,26.602382302892796,95.0,-1.8031148595292172,1,0,18000,1763,L0_norm+TINS,3,far,125,95.90907303121553,primary,cfg0,
89.01478225247368,35.39421440726035,95.0,-16.73423384530676,1,0,18000,1763,L0_cdf+TINS,3,far,125,95.62415387018838,primary,cfg0,
96.51219512195122,16.903006239364718,95.0,-6.183397482255899,1,0,18000,1763,L0_plp+TINS,3,far,125,96.52199412390192,primary,cfg0,
91.56578748345622,30.062393647192287,95.0,-3.9589209771257408,1,0,18000,1763,L1_raw+TINS,3,far,125,95.91871742048544,primary,cfg0,
95.26692821579378,26.375496313102666,95.0,-1.9511046887959835,1,0,18000,1763,L1_norm+TINS,3,far,125,95.91871742048544,primary,cfg0,
89.0463004978887,35.22404991491776,95.0,-16.74297186404169,1,0,18000,1763,L1_cdf+TINS,3,far,125,95.56156326465387,primary,cfg0,
96.40742736497133,17.073170731707318,95.0,-6.160072347091412,1,0,18000,1763,L1_plp+TINS,3,far,125,96.4050622549244,primary,cfg0,
91.5471387155732,30.686330119115148,95.0,-3.4315009318938614,1,0,18000,1763,L2_raw+TINS,3,far,125,95.9106239174421,primary,cfg0,
95.41686204071343,26.602382302892796,95.0,-1.8010804310194266,1,0,18000,1763,L2_norm+TINS,3,far,125,95.9106239174421,primary,cfg0,
89.0158631121195,35.50765740215542,95.0,-16.738920403999423,1,0,18000,1763,L2_cdf+TINS,3,far,125,95.61251083075183,primary,cfg0,
96.51244406630113,16.903006239364718,95.0,-6.179127460681134,1,0,18000,1763,L2_plp+TINS,3,far,125,96.52365097618346,primary,cfg0,
94.55077204260414,25.751559841179805,95.0,-6.5393271055066995,1,0,18000,1763,class_L2_raw+TINS,3,far,125,95.05966258978738,primary,cfg0,
94.8847104052436,24.787294384571755,95.0,-4.068905064769076,1,0,18000,1763,class_L2_norm+TINS,3,far,125,95.05966258978738,primary,cfg0,
94.04967542698684,29.32501418037436,95.0,-8.37003552686373,1,0,18000,1763,class_L2_cdf+TINS,3,far,125,94.61762903552436,primary,cfg0,
94.74326274658095,24.90073737946682,95.0,-6.249797997679175,1,0,18000,1763,class_L2_plp+TINS,3,far,125,94.78020632644471,primary,cfg0,
97.34088674607678,13.896766874645492,95.0,-10.824531766640604,1,0,18000,1763,REPRISE_L0_M0+TINS,3,far,125,97.34822888743795,primary,cfg0,
97.26630743051618,13.840045377197956,95.0,-10.766915989480239,1,0,18000,1763,REPRISE_L1_M0+TINS,3,far,125,97.28278672942183,primary,cfg0,
97.34077330308186,13.840045377197956,95.0,-10.816995380557351,1,0,18000,1763,REPRISE_L2_M0+TINS,3,far,125,97.34643855331193,primary,cfg0,
97.27024012100586,14.010209869540555,95.0,-10.56573656815696,1,0,18000,1763,REPRISE_L1_M1+TINS,3,far,125,97.28442227207293,primary,cfg0,
97.34504947375054,13.556437889960296,95.0,-10.560448620474727,1,0,18000,1763,REPRISE_L2_M1+TINS,3,far,125,97.36035043885113,primary,cfg0,
82.287745,63.63999999999999,95.0,-5.7825497761033295,1,1,18000,5000,static,3,near,123,82.29683861585083,primary,cfg0,
90.0833988888889,36.18,95.0,-5.5505841773911495,1,0,18000,5000,M0_pt,3,near,123,90.11827024967853,primary,cfg0,
89.4573072222222,36.980000000000004,95.0,-5.362413758834179,1,0,18000,5000,M1_pt,3,near,123,89.50822745170969,primary,cfg0,
79.9986277777778,50.3,95.0,-3.048002132440992,1,0,18000,5000,L0_raw,3,near,123,91.48650825980893,primary,cfg0,
89.76818222222224,40.699999999999996,95.0,-1.3097131450864201,1,0,18000,5000,L0_norm,3,near,123,91.48650825980893,primary,cfg0,
76.43730333333332,100.0,100.0,-16.37793372729775,3051,3282,18000,5000,L0_cdf,3,near,123,85.22605801075673,primary,cfg0,
91.56462333333334,34.82,95.0,-5.670361558511653,1,0,18000,5000,L0_plp,3,near,123,91.47913240499511,primary,cfg0,
81.4900088888889,46.0,95.0,-3.5748126179077264,1,0,18000,5000,L1_raw,3,near,123,92.11108543458622,primary,cfg0,
90.08356555555555,37.980000000000004,95.0,-1.465491354631399,1,0,18000,5000,L1_norm,3,near,123,92.11108543458622,primary,cfg0,
77.52492444444444,100.0,100.0,-16.37793372729775,3070,3401,18000,5000,L1_cdf,3,near,123,85.62840826359474,primary,cfg0,
92.20335222222224,31.66,95.0,-5.66422732261584,1,0,18000,5000,L1_plp,3,near,123,92.10170994177089,primary,cfg0,
80.00117444444443,50.32,95.0,-3.0472118691849004,1,0,18000,5000,L2_raw,3,near,123,91.47550456801481,primary,cfg0,
89.75678777777777,40.72,95.0,-1.3086758069997075,1,0,18000,5000,L2_norm,3,near,123,91.47550456801481,primary,cfg0,
76.39656333333333,100.0,100.0,-16.37793372729775,3073,3282,18000,5000,L2_cdf,3,near,123,85.16818542185199,primary,cfg0,
91.55146611111111,34.86,95.0,-5.662028176952509,1,0,18000,5000,L2_plp,3,near,123,91.46780632899011,primary,cfg0,
83.4058888888889,57.04,95.0,-6.1905697390983185,1,0,18000,5000,class_L2_raw,3,near,123,84.81708173654297,primary,cfg0,
84.42270555555555,55.800000000000004,95.0,-3.683097783542115,1,0,18000,5000,class_L2_norm,3,near,123,84.81708173654297,primary,cfg0,
83.3576411111111,57.620000000000005,95.0,-8.261815295688384,1,0,18000,5000,class_L2_cdf,3,near,123,84.74329310635957,primary,cfg0,
84.83711722222222,55.52,95.0,-5.811552037372698,1,0,18000,5000,class_L2_plp,3,near,123,84.84159075536162,primary,cfg0,
93.28277333333334,28.96,95.0,-10.362505394366035,1,0,18000,5000,REPRISE_L0_M0,3,near,123,93.28711583019103,primary,cfg0,
93.52267388888889,27.62,95.0,-10.312389708920328,1,0,18000,5000,REPRISE_L1_M0,3,near,123,93.52435080645935,primary,cfg0,
93.27673833333333,28.999999999999996,95.0,-10.35601569475813,1,0,18000,5000,REPRISE_L2_M0,3,near,123,93.28226596922056,primary,cfg0,
93.45915111111111,27.88,95.0,-10.127370609348837,1,0,18000,5000,REPRISE_L1_M1,3,near,123,93.46672555415263,primary,cfg0,
93.2010211111111,28.98,95.0,-10.122904073130263,1,0,18000,5000,REPRISE_L2_M1,3,near,123,93.2205959403128,primary,cfg0,
63.62096611111111,90.84,95.0,-0.5627700881297241,1,0,18000,5000,TINS,3,near,123,63.62708977662842,primary,cfg0,
82.09054888888889,64.58,95.0,-6.194841461501522,1,0,18000,5000,static+TINS,3,near,123,82.1125460678486,primary,cfg0,
89.95642333333333,37.580000000000005,95.0,-5.898466518652876,1,0,18000,5000,M0_pt+TINS,3,near,123,89.97784295167067,primary,cfg0,
89.31750888888888,38.1,95.0,-5.66373094765587,1,0,18000,5000,M1_pt+TINS,3,near,123,89.3523142635691,primary,cfg0,
79.9182911111111,53.400000000000006,95.0,-3.3784401047082437,1,0,18000,5000,L0_raw+TINS,3,near,123,89.9242346242161,primary,cfg0,
88.3024211111111,48.14,95.0,-1.6805675350837759,1,0,18000,5000,L0_norm+TINS,3,near,123,89.9242346242161,primary,cfg0,
76.65352000000001,79.86,95.0,-16.553715696844474,1,0,18000,5000,L0_cdf+TINS,3,near,123,85.56927486249104,primary,cfg0,
91.40510111111112,35.46,95.0,-5.9574121968785,1,0,18000,5000,L0_plp+TINS,3,near,123,91.34830544879303,primary,cfg0,
81.37826444444445,49.919999999999995,95.0,-3.918810202644691,1,0,18000,5000,L1_raw+TINS,3,near,123,90.78832244187254,primary,cfg0,
88.84701111111112,44.46,95.0,-1.837605312335194,1,0,18000,5000,L1_norm+TINS,3,near,123,90.78832244187254,primary,cfg0,
77.76157166666667,78.97999999999999,95.0,-16.54716880338438,1,0,18000,5000,L1_cdf+TINS,3,near,123,86.04098207714405,primary,cfg0,
92.08016888888888,32.16,95.0,-5.960515987795265,1,0,18000,5000,L1_plp+TINS,3,near,123,92.01345507684718,primary,cfg0,
79.92201111111112,53.44,95.0,-3.377937044592728,1,0,18000,5000,L2_raw+TINS,3,near,123,89.91667817668151,primary,cfg0,
88.29488222222223,48.08,95.0,-1.6797093300052706,1,0,18000,5000,L2_norm+TINS,3,near,123,89.91667817668151,primary,cfg0,
76.62311111111111,79.86,95.0,-16.55372799018795,1,0,18000,5000,L2_cdf+TINS,3,near,123,85.52692978137448,primary,cfg0,
91.39238666666665,35.52,95.0,-5.956630524403577,1,0,18000,5000,L2_plp+TINS,3,near,123,91.33609045437917,primary,cfg0,
83.20811777777777,57.98,95.0,-6.494284826541003,1,0,18000,5000,class_L2_raw+TINS,3,near,123,84.59494413316932,primary,cfg0,
84.17852333333333,56.44,95.0,-3.9913627692139286,1,0,18000,5000,class_L2_norm+TINS,3,near,123,84.59494413316932,primary,cfg0,
83.36410777777779,57.46,95.0,-8.555716855786567,1,0,18000,5000,class_L2_cdf+TINS,3,near,123,84.75348903687922,primary,cfg0,
84.76168555555556,55.1,95.0,-6.135669132675906,1,0,18000,5000,class_L2_plp+TINS,3,near,123,84.79939199137277,primary,cfg0,
93.18978000000001,29.2,95.0,-10.592983510504576,1,0,18000,5000,REPRISE_L0_M0+TINS,3,near,123,93.19976387027337,primary,cfg0,
93.44221444444445,27.92,95.0,-10.55414878736753,1,0,18000,5000,REPRISE_L1_M0+TINS,3,near,123,93.44575688325078,primary,cfg0,
93.18385777777777,29.18,95.0,-10.587788693627472,1,0,18000,5000,REPRISE_L2_M0+TINS,3,near,123,93.19162488336127,primary,cfg0,
93.37308666666667,28.360000000000003,95.0,-10.379332353791199,1,0,18000,5000,REPRISE_L1_M1+TINS,3,near,123,93.39293611489872,primary,cfg0,
93.10075,29.439999999999998,95.0,-10.367545760672533,1,0,18000,5000,REPRISE_L2_M1+TINS,3,near,123,93.12490211493304,primary,cfg0,
82.287745,63.63999999999999,95.0,-5.7825497761033295,1,1,18000,5000,static,3,near,124,82.25476605367425,primary,cfg0,
89.55814833333334,35.8,95.0,-5.637588336535378,1,0,18000,5000,M0_pt,3,near,124,89.54518553018163,primary,cfg0,
89.60582833333332,35.839999999999996,95.0,-5.436824862337033,1,0,18000,5000,M1_pt,3,near,124,89.60614299124589,primary,cfg0,
80.30394333333332,49.919999999999995,95.0,-3.047251643856682,1,0,18000,5000,L0_raw,3,near,124,91.8398827109226,primary,cfg0,
90.12239222222222,39.0,95.0,-1.3097469644109938,1,0,18000,5000,L0_norm,3,near,124,91.8398827109226,primary,cfg0,
76.77828722222222,100.0,100.0,-16.37793372729775,3068,3291,18000,5000,L0_cdf,3,near,124,85.36163942563755,primary,cfg0,
91.93725222222223,33.86,95.0,-5.6625164582122105,1,0,18000,5000,L0_plp,3,near,124,91.82035942817008,primary,cfg0,
81.84946944444445,45.94,95.0,-3.5732263478340123,1,0,18000,5000,L1_raw,3,near,124,92.45656416424906,primary,cfg0,
90.43248944444444,36.08,95.0,-1.4656744662289314,1,0,18000,5000,L1_norm,3,near,124,92.45656416424906,primary,cfg0,
77.7704927777778,100.0,100.0,-16.37793372729775,3122,3416,18000,5000,L1_cdf,3,near,124,85.61969403560538,primary,cfg0,
92.56115055555556,30.320000000000004,95.0,-5.6813405434578454,1,0,18000,5000,L1_plp,3,near,124,92.43150295391222,primary,cfg0,
80.30734166666666,49.96,95.0,-3.0463416552776055,1,0,18000,5000,L2_raw,3,near,124,91.83227685381644,primary,cfg0,
90.11110833333333,39.019999999999996,95.0,-1.3093980671731384,1,0,18000,5000,L2_norm,3,near,124,91.83227685381644,primary,cfg0,
76.74499055555556,100.0,100.0,-16.37793372729775,3092,3293,18000,5000,L2_cdf,3,near,124,85.31053711630823,primary,cfg0,
91.92418833333333,33.900000000000006,95.0,-5.657136351581254,1,0,18000,5000,L2_plp,3,near,124,91.8108075688961,primary,cfg0,
83.55094833333332,56.3,95.0,-6.183236599997093,1,0,18000,5000,class_L2_raw,3,near,124,84.85429169339176,primary,cfg0,
84.58089166666667,55.720000000000006,95.0,-3.70463822759743,1,0,18000,5000,class_L2_norm,3,near,124,84.85429169339176,primary,cfg0,
83.50668055555555,56.720000000000006,95.0,-8.140454438684117,1,2,18000,5000,class_L2_cdf,3,near,124,84.7835460309671,primary,cfg0,
85.01358222222221,56.10000000000001,95.0,-5.8166671380394686,1,0,18000,5000,class_L2_plp,3,near,124,84.86490669845483,primary,cfg0,
93.57846388888889,27.700000000000003,95.0,-10.34934260186133,1,0,18000,5000,REPRISE_L0_M0,3,near,124,93.51983908374372,primary,cfg0,
93.81885888888888,26.96,95.0,-10.391084815819486,1,0,18000,5000,REPRISE_L1_M0,3,near,124,93.75602140541054,primary,cfg0,
93.57140222222222,27.74,95.0,-10.342975366300044,1,0,18000,5000,REPRISE_L2_M0,3,near,124,93.51216521540911,primary,cfg0,
93.85918666666666,26.86,95.0,-10.21987171558267,1,0,18000,5000,REPRISE_L1_M1,3,near,124,93.79925236973126,primary,cfg0,
93.60900611111111,27.68,95.0,-10.19111225100592,1,0,18000,5000,REPRISE_L2_M1,3,near,124,93.54500094359265,primary,cfg0,
64.22441222222221,90.68,95.0,-0.5145660068153529,1,0,18000,5000,TINS,3,near,124,64.2110756703724,primary,cfg0,
82.13210444444445,64.25999999999999,95.0,-6.143424210141295,1,0,18000,5000,static+TINS,3,near,124,82.11742894791652,primary,cfg0,
89.48569,36.120000000000005,95.0,-5.904123815765348,1,0,18000,5000,M0_pt+TINS,3,near,124,89.50291929171405,primary,cfg0,
89.51835333333334,36.42,95.0,-5.706296390963303,1,0,18000,5000,M1_pt+TINS,3,near,124,89.54224097051227,primary,cfg0,
80.4018,52.6,95.0,-3.3389882720464623,1,0,18000,5000,L0_raw+TINS,3,near,124,90.47585458618148,primary,cfg0,
88.85093222222223,46.82,95.0,-1.6406552452639347,1,0,18000,5000,L0_norm+TINS,3,near,124,90.47585458618148,primary,cfg0,
77.13714666666667,79.75999999999999,95.0,-16.541753205965502,1,0,18000,5000,L0_cdf+TINS,3,near,124,85.74682605596705,primary,cfg0,
91.80919,34.699999999999996,95.0,-5.920124720211979,1,0,18000,5000,L0_plp+TINS,3,near,124,91.72960573677932,primary,cfg0,
81.9263038888889,48.94,95.0,-3.8698204945736006,1,0,18000,5000,L1_raw+TINS,3,near,124,91.31837198756172,primary,cfg0,
89.39884722222222,42.58,95.0,-1.7911654603597582,1,0,18000,5000,L1_norm+TINS,3,near,124,91.31837198756172,primary,cfg0,
78.19920222222223,78.97999999999999,95.0,-16.536791200104812,1,0,18000,5000,L1_cdf+TINS,3,near,124,86.1393940250245,primary,cfg0,
92.47014333333333,30.9,95.0,-5.958695475679894,1,0,18000,5000,L1_plp+TINS,3,near,124,92.37111326387146,primary,cfg0,
80.40514833333333,52.62,95.0,-3.3373280623079316,1,0,18000,5000,L2_raw+TINS,3,near,124,90.46843485547917,primary,cfg0,
88.84296722222223,46.82,95.0,-1.6401513760265556,1,0,18000,5000,L2_norm+TINS,3,near,124,90.46843485547917,primary,cfg0,
77.11482777777778,79.78,95.0,-16.542559240612857,1,0,18000,5000,L2_cdf+TINS,3,near,124,85.70835709431155,primary,cfg0,
91.79617111111112,34.760000000000005,95.0,-5.919457189836379,1,0,18000,5000,L2_plp+TINS,3,near,124,91.71934002143432,primary,cfg0,
83.397395,57.8,95.0,-6.46888317506425,1,0,18000,5000,class_L2_raw+TINS,3,near,124,84.71152662776038,primary,cfg0,
84.38284277777778,56.54,95.0,-3.971993971597374,1,0,18000,5000,class_L2_norm+TINS,3,near,124,84.71152662776038,primary,cfg0,
83.52914666666666,56.92,95.0,-8.518786302860626,1,0,18000,5000,class_L2_cdf+TINS,3,near,124,84.82696926082949,primary,cfg0,
84.95519555555556,55.44,95.0,-6.067209472739709,1,0,18000,5000,class_L2_plp+TINS,3,near,124,84.8619864173175,primary,cfg0,
93.50409888888889,28.28,95.0,-10.604288580918812,1,0,18000,5000,REPRISE_L0_M0+TINS,3,near,124,93.45804326118481,primary,cfg0,
93.75729777777777,27.060000000000002,95.0,-10.588010371594706,1,0,18000,5000,REPRISE_L1_M0+TINS,3,near,124,93.69600008607785,primary,cfg0,
93.49731666666668,28.28,95.0,-10.598496851535078,1,0,18000,5000,REPRISE_L2_M0+TINS,3,near,124,93.45280996571569,primary,cfg0,
93.79413333333333,26.900000000000002,95.0,-10.44769647969085,1,0,18000,5000,REPRISE_L1_M1+TINS,3,near,124,93.73616531765781,primary,cfg0,
93.53095666666668,28.16,95.0,-10.448667395161126,1,0,18000,5000,REPRISE_L2_M1+TINS,3,near,124,93.47986073369735,primary,cfg0,
82.287745,63.63999999999999,95.0,-5.7825497761033295,1,1,18000,5000,static,3,near,125,82.25199696850062,primary,cfg0,
89.84179222222221,35.44,95.0,-5.537921536056658,1,0,18000,5000,M0_pt,3,near,125,89.90769300791693,primary,cfg0,
89.86051722222224,36.22,95.0,-5.339818329284531,2,0,18000,5000,M1_pt,3,near,125,89.89819614296698,primary,cfg0,
79.65711222222224,50.239999999999995,95.0,-3.0496425033155834,1,0,18000,5000,L0_raw,3,near,125,91.6254341946822,primary,cfg0,
89.74565000000001,39.839999999999996,95.0,-1.3153280870086261,1,0,18000,5000,L0_norm,3,near,125,91.6254341946822,primary,cfg0,
76.02153055555554,100.0,100.0,-16.37793372729775,3089,3213,18000,5000,L0_cdf,3,near,125,85.14472620804366,primary,cfg0,
91.59908944444446,33.94,95.0,-5.703597486537825,1,0,18000,5000,L0_plp,3,near,125,91.6016839236343,primary,cfg0,
81.25523666666668,46.54,95.0,-3.5788938118394436,1,0,18000,5000,L1_raw,3,near,125,92.23168064881543,primary,cfg0,
90.07191222222221,37.38,95.0,-1.4785012275983733,1,0,18000,5000,L1_norm,3,near,125,92.23168064881543,primary,cfg0,
77.22935444444444,100.0,100.0,-16.37793372729775,3106,3363,18000,5000,L1_cdf,3,near,125,85.57296992939963,primary,cfg0,
92.2414538888889,30.620000000000005,95.0,-5.726692444710805,1,0,18000,5000,L1_plp,3,near,125,92.21429057874094,primary,cfg0,
79.66008444444445,50.32,95.0,-3.049182461960444,1,0,18000,5000,L2_raw,3,near,125,91.61673419432196,primary,cfg0,
89.73371222222222,39.900000000000006,95.0,-1.3148523434981672,1,0,18000,5000,L2_norm,3,near,125,91.61673419432196,primary,cfg0,
76.0082888888889,100.0,100.0,-16.37793372729775,3106,3215,18000,5000,L2_cdf,3,near,125,85.11273198533068,primary,cfg0,
91.58530166666668,34.02,95.0,-5.703111853181458,1,0,18000,5000,L2_plp,3,near,125,91.59005973094118,primary,cfg0,
83.36288444444445,57.56,95.0,-6.213009893191122,1,0,18000,5000,class_L2_raw,3,near,125,85.0408648592339,primary,cfg0,
84.45388111111112,56.42,95.0,-3.7077820969657944,1,0,18000,5000,class_L2_norm,3,near,125,85.0408648592339,primary,cfg0,
83.33956777777777,57.46,95.0,-8.245814954341943,1,1,18000,5000,class_L2_cdf,3,near,125,84.97296100598946,primary,cfg0,
84.94632111111112,55.279999999999994,95.0,-5.812248012345693,1,0,18000,5000,class_L2_plp,3,near,125,85.05259633248994,primary,cfg0,
93.52843777777777,28.720000000000002,95.0,-10.3686287312528,1,0,18000,5000,REPRISE_L0_M0,3,near,125,93.5742565269817,primary,cfg0,
93.77919388888888,27.62,95.0,-10.38098576895937,1,0,18000,5000,REPRISE_L1_M0,3,near,125,93.80412755757426,primary,cfg0,
93.52190388888889,28.720000000000002,95.0,-10.355383504502779,1,0,18000,5000,REPRISE_L2_M0,3,near,125,93.57165897288802,primary,cfg0,
93.80216888888889,27.22,95.0,-10.169873624710991,1,0,18000,5000,REPRISE_L1_M1,3,near,125,93.82753285207514,primary,cfg0,
93.54065555555556,28.64,95.0,-10.197513897988838,1,0,18000,5000,REPRISE_L2_M1,3,near,125,93.5917199715257,primary,cfg0,
63.72895722222223,90.25999999999999,95.0,-0.5052277161469688,1,0,18000,5000,TINS,3,near,125,63.9436260989201,primary,cfg0,
82.13581555555555,64.38000000000001,95.0,-6.155765615783062,1,0,18000,5000,static+TINS,3,near,125,82.12623528609176,primary,cfg0,
89.74758777777778,36.42,95.0,-5.845428395015114,1,0,18000,5000,M0_pt+TINS,3,near,125,89.81085246006634,primary,cfg0,
89.75082,36.8,95.0,-5.643088386388905,1,0,18000,5000,M1_pt+TINS,3,near,125,89.7833898907384,primary,cfg0,
79.75648777777778,53.7,95.0,-3.3471162086736914,1,0,18000,5000,L0_raw+TINS,3,near,125,90.30900686307795,primary,cfg0,
88.51302888888888,47.260000000000005,95.0,-1.6502421252736412,1,0,18000,5000,L0_norm+TINS,3,near,125,90.30900686307795,primary,cfg0,
76.38867277777777,80.72,95.0,-16.54836343036168,1,0,18000,5000,L0_cdf+TINS,3,near,125,85.61210005326416,primary,cfg0,
91.4756711111111,35.0,95.0,-6.019361525061777,1,0,18000,5000,L0_plp+TINS,3,near,125,91.5120165237769,primary,cfg0,
81.32436333333334,49.4,95.0,-3.8772751023465335,1,0,18000,5000,L1_raw+TINS,3,near,125,91.12403221974624,primary,cfg0,
89.07041777777776,43.3,95.0,-1.8099903829732253,1,0,18000,5000,L1_norm+TINS,3,near,125,91.12403221974624,primary,cfg0,
77.62895333333334,79.62,95.0,-16.541781853838557,1,0,18000,5000,L1_cdf+TINS,3,near,125,86.12436245162873,primary,cfg0,
92.15465333333334,31.480000000000004,95.0,-6.017929704004685,1,0,18000,5000,L1_plp+TINS,3,near,125,92.16688442545342,primary,cfg0,
79.76031,53.74,95.0,-3.3459412545576233,1,0,18000,5000,L2_raw+TINS,3,near,125,90.29781609735772,primary,cfg0,
88.50374333333335,47.260000000000005,95.0,-1.650352168158605,1,0,18000,5000,L2_norm+TINS,3,near,125,90.29781609735772,primary,cfg0,
76.38418055555556,80.72,95.0,-16.54836343036168,1,0,18000,5000,L2_cdf+TINS,3,near,125,85.5905311839484,primary,cfg0,
91.46266888888887,35.04,95.0,-6.012577745851731,1,0,18000,5000,L2_plp+TINS,3,near,125,91.50244293036017,primary,cfg0,
83.23219777777778,57.86,95.0,-6.460432969821344,1,0,18000,5000,class_L2_raw+TINS,3,near,125,84.89215352453944,primary,cfg0,
84.27806777777779,57.099999999999994,95.0,-3.9707747484729676,1,0,18000,5000,class_L2_norm+TINS,3,near,125,84.89215352453944,primary,cfg0,
83.3666788888889,57.24,95.0,-8.505466126300778,1,0,18000,5000,class_L2_cdf+TINS,3,near,125,85.00288358329473,primary,cfg0,
84.90365333333332,55.32,95.0,-6.103740415389618,1,0,18000,5000,class_L2_plp+TINS,3,near,125,85.05282303000186,primary,cfg0,
93.45694222222221,29.299999999999997,95.0,-10.632272458723625,1,0,18000,5000,REPRISE_L0_M0+TINS,3,near,125,93.51375476836216,primary,cfg0,
93.7194311111111,27.98,95.0,-10.61833928864202,1,0,18000,5000,REPRISE_L1_M0+TINS,3,near,125,93.75058438459034,primary,cfg0,
93.45015777777778,29.34,95.0,-10.627131231948127,1,0,18000,5000,REPRISE_L2_M0+TINS,3,near,125,93.50766786184856,primary,cfg0,
93.74018666666667,27.38,95.0,-10.403522631911898,1,0,18000,5000,REPRISE_L1_M1+TINS,3,near,125,93.76678766369463,primary,cfg0,
93.46533777777776,29.160000000000004,95.0,-10.471069230008478,1,0,18000,5000,REPRISE_L2_M1+TINS,3,near,125,93.52151356516784,primary,cfg0,
96.98388951912776,16.27906976744186,95.0,-5.759146189560544,1,0,18000,1763,static,4,far,123,96.9379561244012,primary,cfg0,
94.81113159387408,28.8712422007941,95.0,-5.637415123873099,1,0,18000,1763,M0_pt,4,far,123,94.68968037993857,primary,cfg0,
94.87085775508919,28.64435621100397,95.0,-5.447635778441249,1,0,18000,1763,M1_pt,4,far,123,94.72952909699815,primary,cfg0,
83.97283985630554,52.46738513896767,95.0,-2.8773798887638753,1,0,18000,1763,L0_raw,4,far,123,95.68147275081367,primary,cfg0,
94.82368437637865,26.65910380034033,95.0,-1.1883088359236615,1,0,18000,1763,L0_norm,4,far,123,95.68147275081367,primary,cfg0,
77.16864246549441,100.0,100.0,-16.37793372729775,5651,1416,18000,1763,L0_cdf,4,far,123,82.20486973609144,primary,cfg0,
95.69168084704103,22.12138400453772,95.0,-5.778104103305158,1,0,18000,1763,L0_plp,4,far,123,95.65925489716422,primary,cfg0,
84.18035860591164,51.616562677254684,95.0,-3.4161456529229217,1,0,18000,1763,L1_raw,4,far,123,95.54142580504282,primary,cfg0,
94.2724428058234,29.66534316505956,95.0,-1.3382780463314377,1,0,18000,1763,L1_norm,4,far,123,95.54142580504282,primary,cfg0,
76.62197642906663,100.0,100.0,-16.37793372729775,5937,1435,18000,1763,L1_cdf,4,far,123,81.3567293469364,primary,cfg0,
95.5352539862608,22.51843448667045,95.0,-5.767100274801864,1,0,18000,1763,L1_plp,4,far,123,95.51576255915055,primary,cfg0,
83.99128379655889,52.41066364152014,95.0,-2.8753754654384895,1,0,18000,1763,L2_raw,4,far,123,95.68260813417092,primary,cfg0,
94.82445957017708,26.71582529778786,95.0,-1.187822366178244,1,0,18000,1763,L2_norm,4,far,123,95.68260813417092,primary,cfg0,
77.28487111615303,100.0,100.0,-16.37793372729775,5593,1413,18000,1763,L2_cdf,4,far,123,82.34748319079556,primary,cfg0,
95.69175805130143,22.12138400453772,95.0,-5.774894546528683,1,0,18000,1763,L2_plp,4,far,123,95.65642373418598,primary,cfg0,
90.6052561920968,45.660805445263755,95.0,-6.153957501177885,1,0,18000,1763,class_L2_raw,4,far,123,91.40167802191004,primary,cfg0,
91.259787609504,42.768009075439586,95.0,-3.628909575032605,1,0,18000,1763,class_L2_norm,4,far,123,91.40167802191004,primary,cfg0,
90.77511186739775,44.129325014180374,95.0,-7.8199825434093455,2,0,18000,1763,class_L2_cdf,4,far,123,91.55582252094445,primary,cfg0,
91.61205016701331,40.44242768009075,95.0,-5.768506172402924,1,0,18000,1763,class_L2_plp,4,far,123,91.57995970278323,primary,cfg0,
96.83409749795173,16.108905275099264,95.0,-10.422686019325063,1,0,18000,1763,REPRISE_L0_M0,4,far,123,96.78615433602427,primary,cfg0,
96.71670448099829,16.73284174702212,95.0,-10.420509630389581,1,0,18000,1763,REPRISE_L1_M0,4,far,123,96.6742051707434,primary,cfg0,
96.83377450053572,16.108905275099264,95.0,-10.418149083473608,1,0,18000,1763,REPRISE_L2_M0,4,far,123,96.78559640793121,primary,cfg0,
96.7387329047709,16.676120249574588,95.0,-10.2681376383615,1,0,18000,1763,REPRISE_L1_M1,4,far,123,96.68217270196206,primary,cfg0,
96.85255089178798,16.108905275099264,95.0,-10.253599991669308,1,0,18000,1763,REPRISE_L2_M1,4,far,123,96.79427430391212,primary,cfg0,
90.82134303901178,34.65683494044243,95.0,-0.931316722020894,1,0,18000,1763,TINS,4,far,123,91.22126027297429,primary,cfg0,
97.48222726413312,13.66988088485536,95.0,-6.253001538406523,1,0,18000,1763,static+TINS,4,far,123,97.45703829876605,primary,cfg0,
96.18090691372029,20.873511060692003,95.0,-6.100548775357013,1,0,18000,1763,M0_pt+TINS,4,far,123,96.12756413623696,primary,cfg0,
96.2513140480242,20.533182076006806,95.0,-5.919562667475914,1,0,18000,1763,M1_pt+TINS,4,far,123,96.16579365950292,primary,cfg0,
91.29062204575533,30.005672149744754,95.0,-3.458013840759423,1,0,18000,1763,L0_raw+TINS,4,far,123,95.89642844536101,primary,cfg0,
95.29101909623748,26.88598979013046,95.0,-1.8293897524505267,1,0,18000,1763,L0_norm+TINS,4,far,123,95.89642844536101,primary,cfg0,
88.93082498266844,34.31650595575723,95.0,-16.966078000556266,1,0,18000,1763,L0_cdf+TINS,4,far,123,94.85977391185766,primary,cfg0,
96.4782788176719,18.207600680657972,95.0,-6.275371120465841,1,0,18000,1763,L0_plp+TINS,4,far,123,96.45867462190517,primary,cfg0,
91.32918005924246,29.608621667612024,95.0,-3.985083399152235,1,0,18000,1763,L1_raw+TINS,4,far,123,95.89691780495157,primary,cfg0,
95.12920526879687,26.262053318207602,95.0,-1.957252322431513,1,0,18000,1763,L1_norm+TINS,4,far,123,95.89691780495157,primary,cfg0,
88.98324825108716,34.20306296086217,95.0,-16.972642567305932,1,0,18000,1763,L1_cdf+TINS,4,far,123,94.73167917179454,primary,cfg0,
96.38407071280015,18.491208167895632,95.0,-6.262343312824025,1,0,18000,1763,L1_plp+TINS,4,far,123,96.35432159072022,primary,cfg0,
91.29728051931681,29.948950652297217,95.0,-3.457549246416241,1,0,18000,1763,L2_raw+TINS,4,far,123,95.89877737835278,primary,cfg0,
95.2923804121762,26.88598979013046,95.0,-1.8275216076291627,1,0,18000,1763,L2_norm+TINS,4,far,123,95.89877737835278,primary,cfg0,
88.949146026344,34.37322745320476,95.0,-16.96451853885262,1,0,18000,1763,L2_cdf+TINS,4,far,123,94.87803070860542,primary,cfg0,
96.47765173000568,18.150879183210435,95.0,-6.270758238855915,1,0,18000,1763,L2_plp+TINS,4,far,123,96.45527332772726,primary,cfg0,
94.30208924182266,24.446965399886558,95.0,-6.6115680880129,1,0,18000,1763,class_L2_raw+TINS,4,far,123,94.88999056558866,primary,cfg0,
94.69232369067878,24.10663641520136,95.0,-4.130836692735426,1,0,18000,1763,class_L2_norm+TINS,4,far,123,94.88999056558866,primary,cfg0,
93.77843637738704,28.474191718661373,95.0,-8.355853614458006,1,0,18000,1763,class_L2_cdf+TINS,4,far,123,94.42942792828379,primary,cfg0,
94.59159891598917,24.50368689733409,95.0,-6.274321349404561,1,0,18000,1763,class_L2_plp+TINS,4,far,123,94.62141538024149,primary,cfg0,
97.24768387218757,14.010209869540555,95.0,-10.908081974136179,1,0,18000,1763,REPRISE_L0_M0+TINS,4,far,123,97.21185944719521,primary,cfg0,
97.1631278754648,14.350538854225753,95.0,-10.870574377562157,1,0,18000,1763,REPRISE_L1_M0+TINS,4,far,123,97.12846175940356,primary,cfg0,
97.24722379781936,13.953488372093023,95.0,-10.901051015484624,1,0,18000,1763,REPRISE_L2_M0+TINS,4,far,123,97.21357282746237,primary,cfg0,
97.19062204575533,14.52070334656835,95.0,-10.715013583882566,1,0,18000,1763,REPRISE_L1_M1+TINS,4,far,123,97.15759528535787,primary,cfg0,
97.2713430390118,13.783323879750425,95.0,-10.725204766248558,1,0,18000,1763,REPRISE_L2_M1+TINS,4,far,123,97.23728909182928,primary,cfg0,
96.98388951912776,16.27906976744186,95.0,-5.759146189560544,1,0,18000,1763,static,4,far,124,96.7777930915794,primary,cfg0,
94.91818869351485,28.417470221213843,95.0,-5.593575388118728,1,0,18000,1763,M0_pt,4,far,124,94.76287868497076,primary,cfg0,
94.98451975798827,28.19058423142371,95.0,-5.470492263101384,1,0,18000,1763,M1_pt,4,far,124,94.85715440895551,primary,cfg0,
84.1918793722821,51.73000567214975,95.0,-2.886399283249651,1,0,18000,1763,L0_raw,4,far,124,95.321778563571,primary,cfg0,
94.84575219008003,26.488939307997732,95.0,-1.1892514414927238,1,0,18000,1763,L0_norm,4,far,124,95.321778563571,primary,cfg0,
77.17605722568854,100.0,100.0,-16.37793372729775,5680,1422,18000,1763,L0_cdf,4,far,124,82.15616785965214,primary,cfg0,
95.71648704859143,20.986954055587066,95.0,-5.704337953065549,1,0,18000,1763,L0_plp,4,far,124,95.3163296712393,primary,cfg0,
84.39238041217621,50.02836074872376,95.0,-3.4180923588809478,1,0,18000,1763,L1_raw,4,far,124,95.10160127436195,primary,cfg0,
94.28253608117475,28.304027226318773,95.0,-1.3391966537409665,1,0,18000,1763,L1_norm,4,far,124,95.10160127436195,primary,cfg0,
76.58204134366923,100.0,100.0,-16.37793372729775,5980,1437,18000,1763,L1_cdf,4,far,124,81.29091807714644,primary,cfg0,
95.52878615995463,21.837776517300057,95.0,-5.6873533813591495,1,0,18000,1763,L1_plp,4,far,124,95.10494083848772,primary,cfg0,
84.21093779542447,51.616562677254684,95.0,-2.885173705374485,1,0,18000,1763,L2_raw,4,far,124,95.32108380554128,primary,cfg0,
94.8477374424907,26.488939307997732,95.0,-1.1888086032370349,1,0,18000,1763,L2_norm,4,far,124,95.32108380554128,primary,cfg0,
77.33231234637927,100.0,100.0,-16.37793372729775,5612,1421,18000,1763,L2_cdf,4,far,124,82.34045042761802,primary,cfg0,
95.7173977437449,20.986954055587066,95.0,-5.698061395631621,1,0,18000,1763,L2_plp,4,far,124,95.31318311861534,primary,cfg0,
90.78470410285499,46.68179239931934,95.0,-6.1585152579977045,1,0,18000,1763,class_L2_raw,4,far,124,91.48552354512182,primary,cfg0,
91.38898027352367,43.50538854225752,95.0,-3.6376419073211537,1,0,18000,1763,class_L2_norm,4,far,124,91.48552354512182,primary,cfg0,
90.95521207537658,46.17129892229155,95.00555555555556,-7.867161103684436,2,0,18000,1763,class_L2_cdf,4,far,124,91.6203944964081,primary,cfg0,
91.72474160206718,40.83947816222348,95.0,-5.730724708238744,1,0,18000,1763,class_L2_plp,4,far,124,91.66246383207167,primary,cfg0,
96.89489191403541,15.938740782756664,95.0,-10.326496250561405,1,0,18000,1763,REPRISE_L0_M0,4,far,124,96.72025986138428,primary,cfg0,
96.76519033213589,16.392512762336924,95.0,-10.308420803954371,1,0,18000,1763,REPRISE_L1_M0,4,far,124,96.60659538156291,primary,cfg0,
96.89603107077582,15.882019285309132,95.0,-10.31478085900287,1,0,18000,1763,REPRISE_L2_M0,4,far,124,96.72163151523009,primary,cfg0,
96.7730872250583,16.50595575723199,95.0,-10.190028626656877,1,0,18000,1763,REPRISE_L1_M1,4,far,124,96.6045026477903,primary,cfg0,
96.90503088170416,16.27906976744186,95.0,-10.250127012272277,1,0,18000,1763,REPRISE_L2_M1,4,far,124,96.73654490169811,primary,cfg0,
90.69463981849121,36.64208735110607,95.0,-0.9379356600065589,1,0,18000,1763,TINS,4,far,124,89.98118407431372,primary,cfg0,
97.46032646372977,14.52070334656835,95.0,-6.293128867305196,1,0,18000,1763,static+TINS,4,far,124,97.19234370728454,primary,cfg0,
96.18249196445453,21.327283040272263,95.0,-6.025634651546633,1,0,18000,1763,M0_pt+TINS,4,far,124,95.95424498464384,primary,cfg0,
96.22892166130963,21.44072603516733,95.0,-5.909368567541763,1,0,18000,1763,M1_pt+TINS,4,far,124,95.99104119032978,primary,cfg0,
90.9420022688599,32.33125354509359,95.0,-3.501106721963571,1,0,18000,1763,L0_raw+TINS,4,far,124,95.24198642105208,primary,cfg0,
95.09879309258208,28.8712422007941,95.0,-1.8496565285052482,1,0,18000,1763,L0_norm+TINS,4,far,124,95.24198642105208,primary,cfg0,
88.88620722253734,35.45093590470788,95.0,-16.9854597916957,1,0,18000,1763,L0_cdf+TINS,4,far,124,93.75594166670639,primary,cfg0,
96.37082309195185,18.547929665343165,95.0,-6.2585009084886245,1,0,18000,1763,L0_plp+TINS,4,far,124,95.99377250385805,primary,cfg0,
90.95232558139534,31.764038570618265,95.0,-4.026039606121077,1,0,18000,1763,L1_raw+TINS,4,far,124,95.18638296412944,primary,cfg0,
94.9064410411546,28.417470221213843,95.0,-1.9877060933457305,1,0,18000,1763,L1_norm+TINS,4,far,124,95.18638296412944,primary,cfg0,
88.82078527762022,35.84798638684062,95.0,-16.998235486080734,1,0,18000,1763,L1_cdf+TINS,4,far,124,93.60907494812535,primary,cfg0,
96.25172055208924,19.11514463981849,95.0,-6.247360698025744,1,0,18000,1763,L1_plp+TINS,4,far,124,95.84977991782031,primary,cfg0,
90.95080670574148,32.27453204764606,95.0,-3.498233820399941,1,0,18000,1763,L2_raw+TINS,4,far,124,95.24502722462937,primary,cfg0,
95.10218692884604,28.757799205899037,95.0,-1.846976679944777,1,0,18000,1763,L2_norm+TINS,4,far,124,95.24502722462937,primary,cfg0,
88.90044116720237,35.337492909812816,95.0,-16.980733654774646,1,0,18000,1763,L2_cdf+TINS,4,far,124,93.7854537179246,primary,cfg0,
96.37320224365035,18.547929665343165,95.0,-6.25070420686745,1,0,18000,1763,L2_plp+TINS,4,far,124,96.00026197383552,primary,cfg0,
94.23193105186864,27.169597277368123,95.0,-6.643699094474496,1,0,18000,1763,class_L2_raw+TINS,4,far,124,94.64537616636777,primary,cfg0,
94.60787798575659,25.184344866704482,95.0,-4.1021135736646785,1,0,18000,1763,class_L2_norm+TINS,4,far,124,94.64537616636777,primary,cfg0,
93.78952543013801,29.381735677821897,95.0,-8.357581993489456,1,0,18000,1763,class_L2_cdf+TINS,4,far,124,94.25811020379507,primary,cfg0,
94.53120942837334,25.127623369256945,95.0,-6.207773467562972,1,0,18000,1763,class_L2_plp+TINS,4,far,124,94.44248102405446,primary,cfg0,
97.23368626709524,14.974475326148609,95.0,-10.756326681150904,1,0,18000,1763,REPRISE_L0_M0+TINS,4,far,124,97.01717894460809,primary,cfg0,
97.14004852839227,15.144639818491209,95.0,-10.70339723641857,1,0,18000,1763,REPRISE_L1_M0+TINS,4,far,124,96.92338756639765,primary,cfg0,
97.23470410285499,14.74758933635848,95.0,-10.737221932151382,1,0,18000,1763,REPRISE_L2_M0+TINS,4,far,124,97.01807188452835,primary,cfg0,
97.14947059935717,15.484968803176406,95.0,-10.636607713967486,1,0,18000,1763,REPRISE_L1_M1+TINS,4,far,124,96.94751622379223,primary,cfg0,
97.245002205836,15.087918321043675,95.0,-10.673703699968156,1,0,18000,1763,REPRISE_L2_M1+TINS,4,far,124,97.04193000609743,primary,cfg0,
96.98388951912776,16.27906976744186,95.0,-5.759146189560544,1,0,18000,1763,static,4,far,125,97.04145442063228,primary,cfg0,
94.79355108085964,28.19058423142371,95.0,-5.582796556803919,1,0,18000,1763,M0_pt,4,far,125,94.80246866757668,primary,cfg0,
94.80639692443435,27.793533749290983,95.00555555555556,-5.529873876678222,2,0,18000,1763,M1_pt,4,far,125,94.8210463348402,primary,cfg0,
84.59766181382744,49.97163925127624,95.0,-2.8731724724343914,1,0,18000,1763,L0_raw,4,far,125,96.07931070584897,primary,cfg0,
95.22799521018467,24.90073737946682,95.0,-1.1881686504417768,1,0,18000,1763,L0_norm,4,far,125,96.07931070584897,primary,cfg0,
77.35708073359801,100.0,100.0,-16.37793372729775,5651,1422,18000,1763,L0_cdf,4,far,125,82.39605241167578,primary,cfg0,
96.01494926577172,19.852524106636416,95.0,-5.700087738776854,1,0,18000,1763,L0_plp,4,far,125,96.04031576764639,primary,cfg0,
84.8057068128821,49.177538287010776,95.0,-3.4100431185600972,1,0,18000,1763,L1_raw,4,far,125,95.92685515037361,primary,cfg0,
94.69331631688411,28.304027226318773,95.0,-1.336261534630979,1,0,18000,1763,L1_norm,4,far,125,95.92685515037361,primary,cfg0,
76.86961618453392,100.0,100.0,-16.37793372729775,5902,1438,18000,1763,L1_cdf,4,far,125,81.64850893441421,primary,cfg0,
95.86364624692759,19.852524106636416,95.0,-5.691663978630354,1,0,18000,1763,L1_plp,4,far,125,95.89543089537655,primary,cfg0,
84.61437889960295,50.02836074872376,95.0,-2.872829729938071,1,0,18000,1763,L2_raw,4,far,125,96.07480468810766,primary,cfg0,
95.22733030818681,24.844015882019285,95.0,-1.1870798837221832,1,0,18000,1763,L2_norm,4,far,125,96.07480468810766,primary,cfg0,
77.46512888384697,100.0,100.0,-16.37793372729775,5591,1417,18000,1763,L2_cdf,4,far,125,82.55548649580224,primary,cfg0,
96.01525493161908,19.795802609188883,95.0,-5.6940897201283,1,0,18000,1763,L2_plp,4,far,125,96.04185796074603,primary,cfg0,
91.04894119871432,44.299489506522974,95.0,-6.129263837682862,1,0,18000,1763,class_L2_raw,4,far,125,91.72396389460376,primary,cfg0,
91.59753576605534,41.97390811117413,95.0,-3.6101184385889686,1,0,18000,1763,class_L2_norm,4,far,125,91.72396389460376,primary,cfg0,
91.19693231234636,43.78899602949518,95.0,-7.817681046421066,1,1,18000,1763,class_L2_cdf,4,far,125,91.86038799448428,primary,cfg0,
91.86721812566962,41.123085649461146,95.0,-5.779051521661198,1,0,18000,1763,class_L2_plp,4,far,125,91.89798559593116,primary,cfg0,
96.98362639440347,14.917753828701077,95.0,-10.299677581790137,1,0,18000,1763,REPRISE_L0_M0,4,far,125,97.02912433275593,primary,cfg0,
96.86226444822587,16.05218377765173,95.0,-10.335835073389331,1,0,18000,1763,REPRISE_L1_M0,4,far,125,96.91606188550605,primary,cfg0,
96.98402344488561,14.917753828701077,95.0,-10.288684578632203,1,0,18000,1763,REPRISE_L2_M0,4,far,125,97.03090287659126,primary,cfg0,
96.86637360559654,15.882019285309132,95.0,-10.318562573412335,1,0,18000,1763,REPRISE_L1_M1,4,far,125,96.92188483344897,primary,cfg0,
96.98754490451881,14.917753828701077,95.0,-10.266221283867932,1,0,18000,1763,REPRISE_L2_M1,4,far,125,97.03228257490062,primary,cfg0,
90.71005388542258,36.92569483834373,95.0,-0.9578012020296771,1,0,18000,1763,TINS,4,far,125,91.0587336366117,primary,cfg0,
97.45783702023067,14.237095859330687,95.0,-6.296753477684044,1,0,18000,1763,static+TINS,4,far,125,97.5367125300921,primary,cfg0,
96.19509359047079,20.986954055587066,95.0,-6.076375869915371,1,0,18000,1763,M0_pt+TINS,4,far,125,96.23940881387016,primary,cfg0,
96.19901367618328,20.930232558139537,95.0,-6.031071082269502,1,0,18000,1763,M1_pt+TINS,4,far,125,96.23513634325961,primary,cfg0,
91.47142181886935,31.423709585933068,95.0,-3.4745320252652805,1,0,18000,1763,L0_raw+TINS,4,far,125,95.98232680853226,primary,cfg0,
95.3997447532615,27.56664775950085,95.0,-1.8699295547594266,1,0,18000,1763,L0_norm+TINS,4,far,125,95.98232680853226,primary,cfg0,
88.98603705804501,34.713556437889956,95.0,-16.962076825769223,1,0,18000,1763,L0_cdf+TINS,4,far,125,94.75809882965135,primary,cfg0,
96.66211003970504,17.300056721497448,95.0,-6.238117811090786,1,0,18000,1763,L0_plp+TINS,4,far,125,96.71649329487,primary,cfg0,
91.48525871305225,30.743051616562678,95.0,-4.012361797908299,1,0,18000,1763,L1_raw+TINS,4,far,125,96.00101451001808,primary,cfg0,
95.25156929476272,27.226318774815656,95.0,-2.0020519301562727,1,0,18000,1763,L1_norm+TINS,4,far,125,96.00101451001808,primary,cfg0,
89.00074683304973,34.77027793533749,95.0,-16.9737863247301,1,0,18000,1763,L1_cdf+TINS,4,far,125,94.60050869783237,primary,cfg0,
96.57214974475326,17.81055019852524,95.0,-6.214731701376126,1,0,18000,1763,L1_plp+TINS,4,far,125,96.63299707810715,primary,cfg0,
91.47886493981218,31.423709585933068,95.0,-3.4736228069963198,1,0,18000,1763,L2_raw+TINS,4,far,125,95.98503009835125,primary,cfg0,
95.40199155479927,27.56664775950085,95.0,-1.867881516394399,1,0,18000,1763,L2_norm+TINS,4,far,125,95.98503009835125,primary,cfg0,
88.97598159702527,34.713556437889956,95.0,-16.957108801606168,1,0,18000,1763,L2_cdf+TINS,4,far,125,94.77889220630125,primary,cfg0,
96.66356589147286,17.356778218944978,95.0,-6.235501396428224,1,0,18000,1763,L2_plp+TINS,4,far,125,96.71634041167866,primary,cfg0,
94.45854288775446,26.65910380034033,95.0,-6.630659861677645,1,0,18000,1763,class_L2_raw+TINS,4,far,125,94.94006158919724,primary,cfg0,
94.7814930358606,25.694838343732272,95.0,-4.139354237146354,1,0,18000,1763,class_L2_norm+TINS,4,far,125,94.94006158919724,primary,cfg0,
93.98927018339953,29.098128190584234,95.0,-8.288295568948081,1,0,18000,1763,class_L2_cdf+TINS,4,far,125,94.57943799097067,primary,cfg0,
94.66854792966535,25.52467385138968,95.0,-6.27141762953384,1,0,18000,1763,class_L2_plp+TINS,4,far,125,94.7406661320675,primary,cfg0,
97.35756601752065,14.690867838910949,95.0,-10.822920253242224,1,0,18000,1763,REPRISE_L0_M0+TINS,4,far,125,97.40562462316691,primary,cfg0,
97.27517489128381,15.031196823596144,95.0,-10.781999491522372,1,0,18000,1763,REPRISE_L1_M0+TINS,4,far,125,97.32130761031287,primary,cfg0,
97.35820255876978,14.690867838910949,95.0,-10.819348214083266,1,0,18000,1763,REPRISE_L2_M0+TINS,4,far,125,97.40668925650142,primary,cfg0,
97.27777777777779,14.861032331253545,95.0,-10.756318253371573,1,0,18000,1763,REPRISE_L1_M1+TINS,4,far,125,97.32358567757164,primary,cfg0,
97.35889267032206,14.180374361883153,95.0,-10.761259600965122,1,0,18000,1763,REPRISE_L2_M1+TINS,4,far,125,97.40756412078784,primary,cfg0,
81.74095722222222,64.75999999999999,95.0,-5.759146189560544,1,0,18000,5000,static,4,near,123,81.77627610090018,primary,cfg0,
89.31736,36.9,95.0,-5.530054012776593,1,0,18000,5000,M0_pt,4,near,123,89.35886541835043,primary,cfg0,
89.27935833333332,37.14,95.0,-5.316968896512186,1,0,18000,5000,M1_pt,4,near,123,89.32889860323881,primary,cfg0,
79.01830555555556,50.5,95.0,-3.048373370509775,1,0,18000,5000,L0_raw,4,near,123,90.52269174992468,primary,cfg0,
88.75342555555555,40.68,95.0,-1.2821816278436955,1,0,18000,5000,L0_norm,4,near,123,90.52269174992468,primary,cfg0,
70.55120333333332,100.0,100.0,-16.37793372729775,6411,3719,18000,5000,L0_cdf,4,near,123,76.6256080337914,primary,cfg0,
90.59510222222222,36.52,95.0,-5.619180144725242,1,0,18000,5000,L0_plp,4,near,123,90.52538401062905,primary,cfg0,
80.47994333333332,47.02,95.0,-3.5677704798062146,1,0,18000,5000,L1_raw,4,near,123,91.22679782887863,primary,cfg0,
89.11181777777777,38.32,95.0,-1.436308815436405,1,0,18000,5000,L1_norm,4,near,123,91.22679782887863,primary,cfg0,
70.91929055555556,100.0,100.0,-16.37793372729775,6620,3814,18000,5000,L1_cdf,4,near,123,76.41979632900454,primary,cfg0,
91.32831777777778,33.22,95.0,-5.597894690456485,1,0,18000,5000,L1_plp,4,near,123,91.21706716622103,primary,cfg0,
79.02475777777778,50.5,95.0,-3.047944023415636,1,0,18000,5000,L2_raw,4,near,123,90.51248427529559,primary,cfg0,
88.74445111111112,40.62,95.0,-1.2818368677292937,1,0,18000,5000,L2_norm,4,near,123,90.51248427529559,primary,cfg0,
70.65656944444444,100.0,100.0,-16.37793372729775,6347,3710,18000,5000,L2_cdf,4,near,123,76.78468060729378,primary,cfg0,
90.58441833333333,36.44,95.0,-5.608102275740281,1,0,18000,5000,L2_plp,4,near,123,90.5190658508501,primary,cfg0,
82.91003888888889,58.24,95.0,-6.208672180778074,1,0,18000,5000,class_L2_raw,4,near,123,84.32986374271043,primary,cfg0,
83.87803666666667,57.06,95.0,-3.676328554488002,1,0,18000,5000,class_L2_norm,4,near,123,84.32986374271043,primary,cfg0,
82.87034666666666,58.36,95.0,-8.07939418192287,1,0,18000,5000,class_L2_cdf,4,near,123,84.23675652806975,primary,cfg0,
84.27925055555556,56.96,95.0,-5.710840530553115,1,0,18000,5000,class_L2_plp,4,near,123,84.32496869317505,primary,cfg0,
92.64504,29.82,95.0,-10.325346925558565,1,0,18000,5000,REPRISE_L0_M0,4,near,123,92.66616514350001,primary,cfg0,
92.91004944444445,28.54,95.0,-10.295189234924004,1,0,18000,5000,REPRISE_L1_M0,4,near,123,92.90358524175598,primary,cfg0,
92.63980611111111,29.86,95.0,-10.319829319452763,1,0,18000,5000,REPRISE_L2_M0,4,near,123,92.65763042230404,primary,cfg0,
92.93353666666665,28.62,95.0,-10.14560834212219,1,0,18000,5000,REPRISE_L1_M1,4,near,123,92.91469256452446,primary,cfg0,
92.65570555555556,29.9,95.0,-10.157615485517361,1,0,18000,5000,REPRISE_L2_M1,4,near,123,92.66022920770985,primary,cfg0,
62.504602777777784,90.52,95.0,-0.46627599688497434,1,0,18000,5000,TINS,4,near,123,62.47837935891151,primary,cfg0,
81.55755666666667,64.9,95.0,-6.027554813024997,1,0,18000,5000,static+TINS,4,near,123,81.56732553329554,primary,cfg0,
89.17977555555555,37.2,95.0,-5.7590819432449285,1,0,18000,5000,M0_pt+TINS,4,near,123,89.22184873403384,primary,cfg0,
89.13451111111111,37.16,95.0,-5.531619868869958,1,0,18000,5000,M1_pt+TINS,4,near,123,89.17382874832029,primary,cfg0,
79.04862666666665,53.32,95.0,-3.3065550061915183,1,0,18000,5000,L0_raw+TINS,4,near,123,89.25213193425344,primary,cfg0,
87.56608888888888,47.28,95.0,-1.590657828799214,1,0,18000,5000,L0_norm+TINS,4,near,123,89.25213193425344,primary,cfg0,
72.41834277777778,86.78,95.0,-16.647407190530775,1,0,18000,5000,L0_cdf+TINS,4,near,123,79.2391437047636,primary,cfg0,
90.45746777777778,37.3,95.0,-5.88600930097804,1,0,18000,5000,L0_plp+TINS,4,near,123,90.41293693109375,primary,cfg0,
80.48888666666666,49.28,95.0,-3.8319094667422324,1,0,18000,5000,L1_raw+TINS,4,near,123,90.10981401223577,primary,cfg0,
88.10608888888889,43.94,95.0,-1.7442982975745402,1,0,18000,5000,L1_norm+TINS,4,near,123,90.10981401223577,primary,cfg0,
73.01049,86.33999999999999,95.0,-16.64509492100801,1,0,18000,5000,L1_cdf+TINS,4,near,123,79.26481288945894,primary,cfg0,
91.20922333333333,33.800000000000004,95.0,-5.848340797227447,1,0,18000,5000,L1_plp+TINS,4,near,123,91.12569381000311,primary,cfg0,
79.0565088888889,53.300000000000004,95.0,-3.306378938982545,1,0,18000,5000,L2_raw+TINS,4,near,123,89.24476213355574,primary,cfg0,
87.56088222222222,47.32,95.0,-1.5903625056398223,1,0,18000,5000,L2_norm+TINS,4,near,123,89.24476213355574,primary,cfg0,
72.46700444444444,86.72,95.0,-16.645836487880583,1,0,18000,5000,L2_cdf+TINS,4,near,123,79.33253452482566,primary,cfg0,
90.44693666666667,37.28,95.0,-5.875798337189242,1,0,18000,5000,L2_plp+TINS,4,near,123,90.41032617333855,primary,cfg0,
82.85675,58.36,95.0,-6.443386611998923,1,0,18000,5000,class_L2_raw+TINS,4,near,123,84.26117575901179,primary,cfg0,
83.79249,57.66,95.0,-3.9232814622456065,1,0,18000,5000,class_L2_norm+TINS,4,near,123,84.26117575901179,primary,cfg0,
82.93455555555556,58.46,95.0,-8.300223753840786,1,0,18000,5000,class_L2_cdf+TINS,4,near,123,84.30319610755252,primary,cfg0,
84.2828588888889,56.66,95.0,-5.923707122571194,1,0,18000,5000,class_L2_plp+TINS,4,near,123,84.35651498676306,primary,cfg0,
92.55707222222222,29.92,95.0,-10.536193573080102,1,0,18000,5000,REPRISE_L0_M0+TINS,4,near,123,92.57187458761975,primary,cfg0,
92.83293666666667,28.96,95.0,-10.517663732432881,1,0,18000,5000,REPRISE_L1_M0+TINS,4,near,123,92.83688309177381,primary,cfg0,
92.55220666666666,29.92,95.0,-10.527140733089798,1,0,18000,5000,REPRISE_L2_M0+TINS,4,near,123,92.56918957558432,primary,cfg0,
92.85479444444444,29.020000000000003,95.0,-10.358967526675967,1,0,18000,5000,REPRISE_L1_M1+TINS,4,near,123,92.84278898882826,primary,cfg0,
92.56574888888889,30.220000000000002,95.0,-10.378438287689711,1,0,18000,5000,REPRISE_L2_M1+TINS,4,near,123,92.5727456266688,primary,cfg0,
81.74095722222222,64.75999999999999,95.0,-5.759146189560544,1,0,18000,5000,static,4,near,124,81.75254921105739,primary,cfg0,
89.61800555555556,36.46,95.0,-5.502418038202966,1,0,18000,5000,M0_pt,4,near,124,89.60261066713574,primary,cfg0,
89.63396833333333,36.64,95.0,-5.300538355116091,1,3,18000,5000,M1_pt,4,near,124,89.63840087687792,primary,cfg0,
79.23310333333336,50.519999999999996,95.0,-3.0468762231988666,1,0,18000,5000,L0_raw,4,near,124,90.93158417844532,primary,cfg0,
89.15097666666666,40.88,95.0,-1.287983199357355,1,0,18000,5000,L0_norm,4,near,124,90.93158417844532,primary,cfg0,
70.82694888888888,100.0,100.0,-16.37793372729775,6405,3738,18000,5000,L0_cdf,4,near,124,76.78219358773377,primary,cfg0,
91.0808161111111,35.82,95.0,-5.6023581455672,1,0,18000,5000,L0_plp,4,near,124,90.94603324486765,primary,cfg0,
80.76595999999999,46.64,95.0,-3.57267332123559,1,0,18000,5000,L1_raw,4,near,124,91.65850562528034,primary,cfg0,
89.53132666666666,37.54,95.0,-1.439452284350252,1,0,18000,5000,L1_norm,4,near,124,91.65850562528034,primary,cfg0,
71.20357722222221,100.0,100.0,-16.37793372729775,6625,3839,18000,5000,L1_cdf,4,near,124,76.57648632764395,primary,cfg0,
91.83024055555555,31.96,95.0,-5.5952344511288885,1,0,18000,5000,L1_plp,4,near,124,91.66811494541733,primary,cfg0,
79.23640777777779,50.580000000000005,95.0,-3.046014491027215,1,0,18000,5000,L2_raw,4,near,124,90.9199179577259,primary,cfg0,
89.13965777777778,40.92,95.0,-1.2878677241499221,1,0,18000,5000,L2_norm,4,near,124,90.9199179577259,primary,cfg0,
70.92246722222222,100.0,100.0,-16.37793372729775,6349,3732,18000,5000,L2_cdf,4,near,124,76.91001162628395,primary,cfg0,
91.06728166666667,35.9,95.0,-5.591505422569021,1,0,18000,5000,L2_plp,4,near,124,90.93259254526932,primary,cfg0,
83.15537444444445,57.06,95.0,-6.210711931047786,1,0,18000,5000,class_L2_raw,4,near,124,84.44489957900768,primary,cfg0,
84.14426888888889,56.46,95.0,-3.683891336836674,1,0,18000,5000,class_L2_norm,4,near,124,84.44489957900768,primary,cfg0,
83.09907055555556,57.58,95.0,-8.101539022434444,1,0,18000,5000,class_L2_cdf,4,near,124,84.36169454726995,primary,cfg0,
84.57017111111111,56.48,95.0,-5.7303682655331345,1,0,18000,5000,class_L2_plp,4,near,124,84.43759447473634,primary,cfg0,
93.00853888888889,28.199999999999996,95.0,-10.245752042246734,1,0,18000,5000,REPRISE_L0_M0,4,near,124,92.9397679495619,primary,cfg0,
93.28595388888887,27.1,95.0,-10.246140091771741,1,0,18000,5000,REPRISE_L1_M0,4,near,124,93.20066638780735,primary,cfg0,
93.00238,28.18,95.0,-10.24456826594944,1,0,18000,5000,REPRISE_L2_M0,4,near,124,92.9319290004674,primary,cfg0,
93.28183833333334,27.02,95.0,-10.028683558764934,1,0,18000,5000,REPRISE_L1_M1,4,near,124,93.19776535364748,primary,cfg0,
92.99049611111113,28.299999999999997,95.0,-10.061660895426176,1,0,18000,5000,REPRISE_L2_M1,4,near,124,92.91891925387114,primary,cfg0,
62.93223222222222,91.08000000000001,95.0,-0.4991241844834323,1,0,18000,5000,TINS,4,near,124,62.94429937576218,primary,cfg0,
81.56861444444445,64.64,95.0,-6.0639901018133315,1,0,18000,5000,static+TINS,4,near,124,81.597687911392,primary,cfg0,
89.48116444444445,36.86,95.0,-5.771513207845557,1,0,18000,5000,M0_pt+TINS,4,near,124,89.47470214060777,primary,cfg0,
89.47819888888888,37.019999999999996,95.0,-5.563872450068733,1,0,18000,5000,M1_pt+TINS,4,near,124,89.48250130499909,primary,cfg0,
79.30255,53.900000000000006,95.0,-3.3344716301481245,1,0,18000,5000,L0_raw+TINS,4,near,124,89.53748476256862,primary,cfg0,
87.87246222222224,47.599999999999994,95.0,-1.6088564382462367,1,0,18000,5000,L0_norm+TINS,4,near,124,89.53748476256862,primary,cfg0,
72.85500666666667,86.82,95.0,-16.670344231718257,1,0,18000,5000,L0_cdf+TINS,4,near,124,79.51515301985286,primary,cfg0,
90.92670222222222,36.3,95.0,-5.896304756093759,1,0,18000,5000,L0_plp+TINS,4,near,124,90.83436802943574,primary,cfg0,
80.81920444444444,49.36,95.0,-3.857537936831673,1,0,18000,5000,L1_raw+TINS,4,near,124,90.47473913259901,primary,cfg0,
88.45607666666668,43.16,95.0,-1.756385369979768,1,0,18000,5000,L1_norm+TINS,4,near,124,90.47473913259901,primary,cfg0,
73.43193611111111,86.56,95.0,-16.670594830945603,1,0,18000,5000,L1_cdf+TINS,4,near,124,79.53882883180788,primary,cfg0,
91.70211111111112,32.64,95.0,-5.873960820892839,1,0,18000,5000,L1_plp+TINS,4,near,124,91.59126166288958,primary,cfg0,
79.30655555555555,53.92,95.0,-3.3341953901626282,1,0,18000,5000,L2_raw+TINS,4,near,124,89.53171135962197,primary,cfg0,
87.86447,47.620000000000005,95.0,-1.6076953078900438,1,0,18000,5000,L2_norm+TINS,4,near,124,89.53171135962197,primary,cfg0,
72.91287833333332,86.76,95.0,-16.669057087500118,1,0,18000,5000,L2_cdf+TINS,4,near,124,79.59142965705011,primary,cfg0,
90.91332555555556,36.3,95.0,-5.893690572883344,1,0,18000,5000,L2_plp+TINS,4,near,124,90.82627216306163,primary,cfg0,
83.06700222222221,57.879999999999995,95.0,-6.467361875863044,1,0,18000,5000,class_L2_raw+TINS,4,near,124,84.37911491958442,primary,cfg0,
84.02412444444444,56.99999999999999,95.0,-3.9509425673978753,1,0,18000,5000,class_L2_norm+TINS,4,near,124,84.37911491958442,primary,cfg0,
83.15993777777777,57.4,95.0,-8.369685639465226,1,0,18000,5000,class_L2_cdf+TINS,4,near,124,84.45465212034478,primary,cfg0,
84.56592111111111,56.00000000000001,95.0,-5.984903118536426,1,0,18000,5000,class_L2_plp+TINS,4,near,124,84.48064343517989,primary,cfg0,
92.91634777777777,28.720000000000002,95.0,-10.514731786405083,1,0,18000,5000,REPRISE_L0_M0+TINS,4,near,124,92.85830898690237,primary,cfg0,
93.20617444444443,27.36,95.0,-10.484647224698195,1,0,18000,5000,REPRISE_L1_M0+TINS,4,near,124,93.13826994522212,primary,cfg0,
92.91012888888889,28.720000000000002,95.0,-10.513268488375065,1,0,18000,5000,REPRISE_L2_M0+TINS,4,near,124,92.84937443019284,primary,cfg0,
93.19841777777778,27.439999999999998,95.0,-10.309320857937434,1,0,18000,5000,REPRISE_L1_M1+TINS,4,near,124,93.12703703151487,primary,cfg0,
92.89389222222222,28.9,95.0,-10.333951633123387,1,0,18000,5000,REPRISE_L2_M1+TINS,4,near,124,92.83772763740667,primary,cfg0,
81.74095722222222,64.75999999999999,95.0,-5.759146189560544,1,0,18000,5000,static,4,near,125,81.73297865209342,primary,cfg0,
90.14646777777777,36.88,95.0,-5.568407819351819,1,0,18000,5000,M0_pt,4,near,125,90.17404144676767,primary,cfg0,
90.37834666666667,36.8,95.0,-5.490294890397564,1,0,18000,5000,M1_pt,4,near,125,90.45163286878064,primary,cfg0,
78.55264888888888,51.82,95.0,-3.046273494971888,1,0,18000,5000,L0_raw,4,near,125,90.60960667680412,primary,cfg0,
88.67838777777777,41.74,95.0,-1.2951945316747748,1,0,18000,5000,L0_norm,4,near,125,90.60960667680412,primary,cfg0,
70.1822022222222,100.0,100.0,-16.37793372729775,6478,3693,18000,5000,L0_cdf,4,near,125,76.6121209530709,primary,cfg0,
90.60305277777779,36.64,95.0,-5.66400496697932,1,0,18000,5000,L0_plp,4,near,125,90.5781823009422,primary,cfg0,
80.15629444444444,47.88,95.0,-3.5758099410090045,1,0,18000,5000,L1_raw,4,near,125,91.34070158996923,primary,cfg0,
89.05719555555555,38.9,95.0,-1.4536627945278475,1,0,18000,5000,L1_norm,4,near,125,91.34070158996923,primary,cfg0,
70.65402555555555,100.0,100.0,-16.37793372729775,6655,3790,18000,5000,L1_cdf,4,near,125,76.52554311993063,primary,cfg0,
91.35386166666666,33.239999999999995,95.0,-5.690498969875239,1,0,18000,5000,L1_plp,4,near,125,91.32464653982727,primary,cfg0,
78.55721222222223,51.82,95.0,-3.0457849205046896,1,0,18000,5000,L2_raw,4,near,125,90.59971986415647,primary,cfg0,
88.66843555555555,41.78,95.0,-1.2944047428973364,1,0,18000,5000,L2_norm,4,near,125,90.59971986415647,primary,cfg0,
70.2619038888889,100.0,100.0,-16.37793372729775,6424,3682,18000,5000,L2_cdf,4,near,125,76.72671918066938,primary,cfg0,
90.59140611111111,36.620000000000005,95.0,-5.660188168452619,1,0,18000,5000,L2_plp,4,near,125,90.56563667113906,primary,cfg0,
82.8506,57.879999999999995,95.0,-6.223349413184029,1,0,18000,5000,class_L2_raw,4,near,125,84.53833623251643,primary,cfg0,
83.92061777777778,56.84,95.0,-3.6811394590031097,1,0,18000,5000,class_L2_norm,4,near,125,84.53833623251643,primary,cfg0,
82.80234055555556,58.5,95.0,-8.083884087195724,1,0,18000,5000,class_L2_cdf,4,near,125,84.45911588039093,primary,cfg0,
84.404945,57.14,95.0,-5.7681853550562945,1,0,18000,5000,class_L2_plp,4,near,125,84.53491934036605,primary,cfg0,
93.0600938888889,28.58,95.0,-10.205437157809595,1,0,18000,5000,REPRISE_L0_M0,4,near,125,93.11709262014156,primary,cfg0,
93.32399,27.48,95.0,-10.202715663845748,1,0,18000,5000,REPRISE_L1_M0,4,near,125,93.37614517031267,primary,cfg0,
93.05428888888889,28.560000000000002,95.0,-10.194615586839571,1,0,18000,5000,REPRISE_L2_M0,4,near,125,93.11269088513788,primary,cfg0,
93.33509166666666,27.68,95.0,-10.157049487189667,1,0,18000,5000,REPRISE_L1_M1,4,near,125,93.37417705745084,primary,cfg0,
93.06560555555555,28.52,95.0,-10.144616927627101,1,0,18000,5000,REPRISE_L2_M1,4,near,125,93.11603694751379,primary,cfg0,
62.31212777777777,91.10000000000001,95.0,-0.4710548445733955,1,0,18000,5000,TINS,4,near,125,62.51542236261652,primary,cfg0,
81.54144222222223,64.78,95.0,-6.026940386597804,1,0,18000,5000,static+TINS,4,near,125,81.5472618627195,primary,cfg0,
90.00336555555558,36.94,95.0,-5.79424106630518,1,0,18000,5000,M0_pt+TINS,4,near,125,90.04112240136236,primary,cfg0,
90.23299888888889,36.919999999999995,95.0,-5.713690563864148,1,0,18000,5000,M1_pt+TINS,4,near,125,90.31482932223105,primary,cfg0,
78.60804777777778,54.400000000000006,95.0,-3.3074397200402976,1,0,18000,5000,L0_raw+TINS,4,near,125,89.35320665508435,primary,cfg0,
87.54167000000001,48.66,95.0,-1.5984070772228967,1,0,18000,5000,L0_norm+TINS,4,near,125,89.35320665508435,primary,cfg0,
72.03291777777777,87.26,95.0,-16.645092896685778,1,0,18000,5000,L0_cdf+TINS,4,near,125,79.17707369682493,primary,cfg0,
90.45288444444445,37.54,95.0,-5.94736525261292,1,0,18000,5000,L0_plp+TINS,4,near,125,90.4606021301697,primary,cfg0,
80.1950611111111,50.480000000000004,95.0,-3.8352666866166643,1,0,18000,5000,L1_raw+TINS,4,near,125,90.24588952999873,primary,cfg0,
88.11706888888888,44.5,95.0,-1.7547952996129548,1,0,18000,5000,L1_norm+TINS,4,near,125,90.24588952999873,primary,cfg0,
72.68838666666666,87.02,95.0,-16.644422837669598,1,0,18000,5000,L1_cdf+TINS,4,near,125,79.28477216520633,primary,cfg0,
91.22873777777777,33.42,95.0,-5.925468172297225,1,0,18000,5000,L1_plp+TINS,4,near,125,91.22152348146689,primary,cfg0,
78.61369,54.32,95.0,-3.3061731546528454,1,0,18000,5000,L2_raw+TINS,4,near,125,89.34680497023504,primary,cfg0,
87.5345811111111,48.72,95.0,-1.597900102480906,1,0,18000,5000,L2_norm+TINS,4,near,125,89.34680497023504,primary,cfg0,
72.07495166666666,87.24,95.0,-16.64405348150034,1,0,18000,5000,L2_cdf+TINS,4,near,125,79.25043838192745,primary,cfg0,
90.44185888888889,37.519999999999996,95.0,-5.944773691624802,1,0,18000,5000,L2_plp+TINS,4,near,125,90.45297953146888,primary,cfg0,
82.76113888888888,59.14,95.0,-6.474447265491839,1,0,18000,5000,class_L2_raw+TINS,4,near,125,84.45969835389907,primary,cfg0,
83.79593444444446,58.02,95.0,-3.9460504919179145,1,0,18000,5000,class_L2_norm+TINS,4,near,125,84.45969835389907,primary,cfg0,
82.84398666666667,58.4,95.0,-8.357758657811148,1,0,18000,5000,class_L2_cdf+TINS,4,near,125,84.50641258448665,primary,cfg0,
84.38424,57.02,95.0,-6.020701808237494,1,0,18000,5000,class_L2_plp+TINS,4,near,125,84.55476022847598,primary,cfg0,
92.96986555555556,29.160000000000004,95.0,-10.475629920473349,1,0,18000,5000,REPRISE_L0_M0+TINS,4,near,125,93.043195433386,primary,cfg0,
93.2477088888889,27.700000000000003,95.0,-10.46929546767876,1,0,18000,5000,REPRISE_L1_M0+TINS,4,near,125,93.31078500655846,primary,cfg0,
92.96398111111111,29.220000000000002,95.0,-10.476080179615916,1,0,18000,5000,REPRISE_L2_M0+TINS,4,near,125,93.04145807651219,primary,cfg0,
93.25993111111111,27.860000000000003,95.0,-10.403154920077641,1,0,18000,5000,REPRISE_L1_M1+TINS,4,near,125,93.31498963572002,primary,cfg0,
92.97605444444444,29.299999999999997,95.0,-10.433853833116435,1,0,18000,5000,REPRISE_L2_M1+TINS,4,near,125,93.03579683351535,primary,cfg0,
