part,stream,views,readout,base,AUROC,FPR95,ds,seed,cfg
openood,inaturalist_seed123,L14xD3L+D3L,T,none,99.919304,0.12,inaturalist,123,L14xD3L+D3L|T|none
openood,inaturalist_seed123,L14xD3L+D3L,T,TINS,99.95901999999998,0.08,inaturalist,123,L14xD3L+D3L|T|TINS
openood,inaturalist_seed123,L14xD3L+D3L,T,TANL,99.94308411111112,0.12,inaturalist,123,L14xD3L+D3L|T|TANL
openood,inaturalist_seed123,L14xD3L+D3L,Tlp,none,99.85081944444444,0.2799999999999999,inaturalist,123,L14xD3L+D3L|Tlp|none
openood,inaturalist_seed123,L14xD3L+D3L,Tlp,TINS,99.95009044444446,0.0699999999999999,inaturalist,123,L14xD3L+D3L|Tlp|TINS
openood,inaturalist_seed123,L14xD3L+D3L,Tlp,TANL,99.914736,0.08,inaturalist,123,L14xD3L+D3L|Tlp|TANL
openood,inaturalist_seed123,L14xD3L+D3L,Tq0.05,none,99.92447811111111,0.11,inaturalist,123,L14xD3L+D3L|Tq0.05|none
openood,inaturalist_seed123,L14xD3L+D3L,Tq0.05,TINS,99.96195244444444,0.06,inaturalist,123,L14xD3L+D3L|Tq0.05|TINS
openood,inaturalist_seed123,L14xD3L+D3L,Tq0.05,TANL,99.94747877777776,0.09,inaturalist,123,L14xD3L+D3L|Tq0.05|TANL
openood,inaturalist_seed123,L14xD3L+D3L,Tq0.2,none,99.91433555555555,0.16,inaturalist,123,L14xD3L+D3L|Tq0.2|none
openood,inaturalist_seed123,L14xD3L+D3L,Tq0.2,TINS,99.955468,0.1,inaturalist,123,L14xD3L+D3L|Tq0.2|TINS
openood,inaturalist_seed123,L14xD3L+D3L,Tq0.2,TANL,99.93846577777778,0.12,inaturalist,123,L14xD3L+D3L|Tq0.2|TANL
openood,inaturalist_seed123,L14xD3L+D3L,Tnn,none,99.93220188888888,0.12,inaturalist,123,L14xD3L+D3L|Tnn|none
openood,inaturalist_seed123,L14xD3L+D3L,Tnn,TINS,99.961316,0.1,inaturalist,123,L14xD3L+D3L|Tnn|TINS
openood,inaturalist_seed123,L14xD3L+D3L,Tnn,TANL,99.94866644444444,0.11,inaturalist,123,L14xD3L+D3L|Tnn|TANL
openood,inaturalist_seed123,L14xD3L+D3L,Tk20,none,99.942802,0.09,inaturalist,123,L14xD3L+D3L|Tk20|none
openood,inaturalist_seed123,L14xD3L+D3L,Tk20,TINS,99.96748488888888,0.06,inaturalist,123,L14xD3L+D3L|Tk20|TINS
openood,inaturalist_seed123,L14xD3L+D3L,Tk20,TANL,99.95420422222222,0.08,inaturalist,123,L14xD3L+D3L|Tk20|TANL
openood,inaturalist_seed123,L14xD3L+D3L,Tlp20,none,99.88589944444443,0.09,inaturalist,123,L14xD3L+D3L|Tlp20|none
openood,inaturalist_seed123,L14xD3L+D3L,Tlp20,TINS,99.95455133333331,0.06,inaturalist,123,L14xD3L+D3L|Tlp20|TINS
openood,inaturalist_seed123,L14xD3L+D3L,Tlp20,TANL,99.9227307777778,0.0699999999999999,inaturalist,123,L14xD3L+D3L|Tlp20|TANL
openood,inaturalist_seed123,L14+D3L,T,none,99.93484777777778,0.1399999999999999,inaturalist,123,L14+D3L|T|none
openood,inaturalist_seed123,L14+D3L,T,TINS,99.96049533333333,0.08,inaturalist,123,L14+D3L|T|TINS
openood,inaturalist_seed123,L14+D3L,T,TANL,99.94725411111112,0.11,inaturalist,123,L14+D3L|T|TANL
openood,inaturalist_seed123,L14+D3L,Tlp,none,99.87395611111111,0.25,inaturalist,123,L14+D3L|Tlp|none
openood,inaturalist_seed123,L14+D3L,Tlp,TINS,99.95286288888887,0.0699999999999999,inaturalist,123,L14+D3L|Tlp|TINS
openood,inaturalist_seed123,L14+D3L,Tlp,TANL,99.92244955555556,0.11,inaturalist,123,L14+D3L|Tlp|TANL
openood,inaturalist_seed123,L14+D3L,Tq0.05,none,99.94011733333336,0.12,inaturalist,123,L14+D3L|Tq0.05|none
openood,inaturalist_seed123,L14+D3L,Tq0.05,TINS,99.96388044444444,0.0699999999999999,inaturalist,123,L14+D3L|Tq0.05|TINS
openood,inaturalist_seed123,L14+D3L,Tq0.05,TANL,99.95217988888888,0.08,inaturalist,123,L14+D3L|Tq0.05|TANL
openood,inaturalist_seed123,L14+D3L,Tq0.2,none,99.92632766666668,0.15,inaturalist,123,L14+D3L|Tq0.2|none
openood,inaturalist_seed123,L14+D3L,Tq0.2,TINS,99.9553771111111,0.11,inaturalist,123,L14+D3L|Tq0.2|TINS
openood,inaturalist_seed123,L14+D3L,Tq0.2,TANL,99.9404638888889,0.13,inaturalist,123,L14+D3L|Tq0.2|TANL
openood,inaturalist_seed123,L14+D3L,Tnn,none,99.942089,0.13,inaturalist,123,L14+D3L|Tnn|none
openood,inaturalist_seed123,L14+D3L,Tnn,TINS,99.96191933333331,0.09,inaturalist,123,L14+D3L|Tnn|TINS
openood,inaturalist_seed123,L14+D3L,Tnn,TANL,99.95068511111111,0.1,inaturalist,123,L14+D3L|Tnn|TANL
openood,inaturalist_seed123,L14+D3L,Tk20,none,99.94495911111112,0.09,inaturalist,123,L14+D3L|Tk20|none
openood,inaturalist_seed123,L14+D3L,Tk20,TINS,99.96688666666668,0.0699999999999999,inaturalist,123,L14+D3L|Tk20|TINS
openood,inaturalist_seed123,L14+D3L,Tk20,TANL,99.95531766666667,0.08,inaturalist,123,L14+D3L|Tk20|TANL
openood,inaturalist_seed123,L14+D3L,Tlp20,none,99.89418333333332,0.12,inaturalist,123,L14+D3L|Tlp20|none
openood,inaturalist_seed123,L14+D3L,Tlp20,TINS,99.95574688888888,0.06,inaturalist,123,L14+D3L|Tlp20|TINS
openood,inaturalist_seed123,L14+D3L,Tlp20,TANL,99.92724777777778,0.08,inaturalist,123,L14+D3L|Tlp20|TANL
openood,inaturalist_seed123,L14+D3L,SL,none,99.90213744444443,0.31,inaturalist,123,L14+D3L|SL|none
openood,inaturalist_seed123,L14+D3L,SL,TINS,99.9529157777778,0.1,inaturalist,123,L14+D3L|SL|TINS
openood,inaturalist_seed123,L14+D3L,SL,TANL,99.93043022222224,0.16,inaturalist,123,L14+D3L|SL|TANL
openood,inaturalist_seed123,L14+D3L,static,none,99.21268388888888,2.97,inaturalist,123,L14+D3L|static|none
openood,inaturalist_seed123,L14+D3L,static,TINS,99.94603222222224,0.1399999999999999,inaturalist,123,L14+D3L|static|TINS
openood,inaturalist_seed123,L14+D3L,static,TANL,99.83187466666668,0.51,inaturalist,123,L14+D3L|static|TANL
openood,inaturalist_seed123,D3L,T,none,99.916596,0.19,inaturalist,123,D3L|T|none
openood,inaturalist_seed123,D3L,T,TINS,99.96259488888887,0.0699999999999999,inaturalist,123,D3L|T|TINS
openood,inaturalist_seed123,D3L,T,TANL,99.9418497777778,0.1399999999999999,inaturalist,123,D3L|T|TANL
openood,inaturalist_seed123,D3L,Tlp,none,99.84553377777776,0.31,inaturalist,123,D3L|Tlp|none
openood,inaturalist_seed123,D3L,Tlp,TINS,99.95373444444444,0.06,inaturalist,123,D3L|Tlp|TINS
openood,inaturalist_seed123,D3L,Tlp,TANL,99.91885111111112,0.1,inaturalist,123,D3L|Tlp|TANL
openood,inaturalist_seed123,D3L,Tq0.05,none,99.92094744444444,0.16,inaturalist,123,D3L|Tq0.05|none
openood,inaturalist_seed123,D3L,Tq0.05,TINS,99.96443444444444,0.0699999999999999,inaturalist,123,D3L|Tq0.05|TINS
openood,inaturalist_seed123,D3L,Tq0.05,TANL,99.94621311111112,0.1,inaturalist,123,D3L|Tq0.05|TANL
openood,inaturalist_seed123,D3L,Tq0.2,none,99.91136466666666,0.19,inaturalist,123,D3L|Tq0.2|none
openood,inaturalist_seed123,D3L,Tq0.2,TINS,99.9590737777778,0.0699999999999999,inaturalist,123,D3L|Tq0.2|TINS
openood,inaturalist_seed123,D3L,Tq0.2,TANL,99.937815,0.1399999999999999,inaturalist,123,D3L|Tq0.2|TANL
openood,inaturalist_seed123,D3L,Tnn,none,99.93825655555555,0.16,inaturalist,123,D3L|Tnn|none
openood,inaturalist_seed123,D3L,Tnn,TINS,99.96753555555554,0.08,inaturalist,123,D3L|Tnn|TINS
openood,inaturalist_seed123,D3L,Tnn,TANL,99.954754,0.1399999999999999,inaturalist,123,D3L|Tnn|TANL
openood,inaturalist_seed123,D3L,Tk20,none,99.93348166666664,0.11,inaturalist,123,D3L|Tk20|none
openood,inaturalist_seed123,D3L,Tk20,TINS,99.96817177777778,0.06,inaturalist,123,D3L|Tk20|TINS
openood,inaturalist_seed123,D3L,Tk20,TANL,99.950095,0.08,inaturalist,123,D3L|Tk20|TANL
openood,inaturalist_seed123,D3L,Tlp20,none,99.87798166666666,0.12,inaturalist,123,D3L|Tlp20|none
openood,inaturalist_seed123,D3L,Tlp20,TINS,99.95619311111112,0.03,inaturalist,123,D3L|Tlp20|TINS
openood,inaturalist_seed123,D3L,Tlp20,TANL,99.92326133333331,0.08,inaturalist,123,D3L|Tlp20|TANL
openood,inaturalist_seed123,D3L,SL,none,99.88833200000002,0.33,inaturalist,123,D3L|SL|none
openood,inaturalist_seed123,D3L,SL,TINS,99.95931133333332,0.09,inaturalist,123,D3L|SL|TINS
openood,inaturalist_seed123,D3L,SL,TANL,99.93459911111113,0.1699999999999999,inaturalist,123,D3L|SL|TANL
openood,inaturalist_seed123,D3L,static,none,98.9569892222222,3.98,inaturalist,123,D3L|static|none
openood,inaturalist_seed123,D3L,static,TINS,99.9511088888889,0.15,inaturalist,123,D3L|static|TINS
openood,inaturalist_seed123,D3L,static,TANL,99.87410922222222,0.44,inaturalist,123,D3L|static|TANL
openood,inaturalist_seed123,L14,T,none,99.8840148888889,0.37,inaturalist,123,L14|T|none
openood,inaturalist_seed123,L14,T,TINS,99.95632266666668,0.12,inaturalist,123,L14|T|TINS
openood,inaturalist_seed123,L14,T,TANL,99.92698855555555,0.19,inaturalist,123,L14|T|TANL
openood,inaturalist_seed123,L14,Tlp,none,99.7952401111111,0.5599999999999999,inaturalist,123,L14|Tlp|none
openood,inaturalist_seed123,L14,Tlp,TINS,99.951042,0.09,inaturalist,123,L14|Tlp|TINS
openood,inaturalist_seed123,L14,Tlp,TANL,99.90256944444444,0.22,inaturalist,123,L14|Tlp|TANL
openood,inaturalist_seed123,L14,Tq0.05,none,99.89962022222224,0.24,inaturalist,123,L14|Tq0.05|none
openood,inaturalist_seed123,L14,Tq0.05,TINS,99.95987955555556,0.08,inaturalist,123,L14|Tq0.05|TINS
openood,inaturalist_seed123,L14,Tq0.05,TANL,99.93526288888889,0.12,inaturalist,123,L14|Tq0.05|TANL
openood,inaturalist_seed123,L14,Tq0.2,none,99.86368866666668,0.42,inaturalist,123,L14|Tq0.2|none
openood,inaturalist_seed123,L14,Tq0.2,TINS,99.95154222222224,0.13,inaturalist,123,L14|Tq0.2|TINS
openood,inaturalist_seed123,L14,Tq0.2,TANL,99.915776,0.27,inaturalist,123,L14|Tq0.2|TANL
openood,inaturalist_seed123,L14,Tnn,none,99.86109522222225,0.32,inaturalist,123,L14|Tnn|none
openood,inaturalist_seed123,L14,Tnn,TINS,99.953262,0.12,inaturalist,123,L14|Tnn|TINS
openood,inaturalist_seed123,L14,Tnn,TANL,99.92105144444446,0.2,inaturalist,123,L14|Tnn|TANL
openood,inaturalist_seed123,L14,Tk20,none,99.90392955555556,0.15,inaturalist,123,L14|Tk20|none
openood,inaturalist_seed123,L14,Tk20,TINS,99.96252333333334,0.08,inaturalist,123,L14|Tk20|TINS
openood,inaturalist_seed123,L14,Tk20,TANL,99.93792144444444,0.11,inaturalist,123,L14|Tk20|TANL
openood,inaturalist_seed123,L14,Tlp20,none,99.84121388888887,0.29,inaturalist,123,L14|Tlp20|none
openood,inaturalist_seed123,L14,Tlp20,TINS,99.95486844444444,0.05,inaturalist,123,L14|Tlp20|TINS
openood,inaturalist_seed123,L14,Tlp20,TANL,99.909216,0.15,inaturalist,123,L14|Tlp20|TANL
openood,inaturalist_seed123,L14,SL,none,99.79831044444444,0.4599999999999999,inaturalist,123,L14|SL|none
openood,inaturalist_seed123,L14,SL,TINS,99.95417888888888,0.1399999999999999,inaturalist,123,L14|SL|TINS
openood,inaturalist_seed123,L14,SL,TANL,99.90611022222222,0.24,inaturalist,123,L14|SL|TANL
openood,inaturalist_seed123,L14,static,none,98.81709244444444,3.96,inaturalist,123,L14|static|none
openood,inaturalist_seed123,L14,static,TINS,99.95625466666668,0.08,inaturalist,123,L14|static|TINS
openood,inaturalist_seed123,L14,static,TANL,99.86274922222223,0.3399999999999999,inaturalist,123,L14|static|TANL
openood,inaturalist_seed123,L14xD3L,T,none,99.88194444444446,0.1399999999999999,inaturalist,123,L14xD3L|T|none
openood,inaturalist_seed123,L14xD3L,T,TINS,99.95956155555554,0.05,inaturalist,123,L14xD3L|T|TINS
openood,inaturalist_seed123,L14xD3L,T,TANL,99.93616411111113,0.0699999999999999,inaturalist,123,L14xD3L|T|TANL
openood,inaturalist_seed123,L14xD3L,Tlp,none,99.80618366666668,0.31,inaturalist,123,L14xD3L|Tlp|none
openood,inaturalist_seed123,L14xD3L,Tlp,TINS,99.95333888888888,0.06,inaturalist,123,L14xD3L|Tlp|TINS
openood,inaturalist_seed123,L14xD3L,Tlp,TANL,99.91308011111111,0.09,inaturalist,123,L14xD3L|Tlp|TANL
openood,inaturalist_seed123,L14xD3L,Tq0.05,none,99.889109,0.13,inaturalist,123,L14xD3L|Tq0.05|none
openood,inaturalist_seed123,L14xD3L,Tq0.05,TINS,99.96228911111112,0.06,inaturalist,123,L14xD3L|Tq0.05|TINS
openood,inaturalist_seed123,L14xD3L,Tq0.05,TANL,99.9411087777778,0.0699999999999999,inaturalist,123,L14xD3L|Tq0.05|TANL
openood,inaturalist_seed123,L14xD3L,Tq0.2,none,99.87651277777778,0.1699999999999999,inaturalist,123,L14xD3L|Tq0.2|none
openood,inaturalist_seed123,L14xD3L,Tq0.2,TINS,99.9584511111111,0.08,inaturalist,123,L14xD3L|Tq0.2|TINS
openood,inaturalist_seed123,L14xD3L,Tq0.2,TANL,99.93254633333332,0.09,inaturalist,123,L14xD3L|Tq0.2|TANL
openood,inaturalist_seed123,L14xD3L,Tnn,none,99.90150533333336,0.13,inaturalist,123,L14xD3L|Tnn|none
openood,inaturalist_seed123,L14xD3L,Tnn,TINS,99.96124222222222,0.0699999999999999,inaturalist,123,L14xD3L|Tnn|TINS
openood,inaturalist_seed123,L14xD3L,Tnn,TANL,99.94290188888888,0.09,inaturalist,123,L14xD3L|Tnn|TANL
openood,inaturalist_seed123,L14xD3L,Tk20,none,99.93451455555554,0.1,inaturalist,123,L14xD3L|Tk20|none
openood,inaturalist_seed123,L14xD3L,Tk20,TINS,99.96709577777776,0.06,inaturalist,123,L14xD3L|Tk20|TINS
openood,inaturalist_seed123,L14xD3L,Tk20,TANL,99.947447,0.09,inaturalist,123,L14xD3L|Tk20|TANL
openood,inaturalist_seed123,L14xD3L,Tlp20,none,99.865427,0.16,inaturalist,123,L14xD3L|Tlp20|none
openood,inaturalist_seed123,L14xD3L,Tlp20,TINS,99.955394,0.04,inaturalist,123,L14xD3L|Tlp20|TINS
openood,inaturalist_seed123,L14xD3L,Tlp20,TANL,99.91425922222224,0.09,inaturalist,123,L14xD3L|Tlp20|TANL
openood,inaturalist_seed123,D3B+D3L,T,none,99.93031344444444,0.1699999999999999,inaturalist,123,D3B+D3L|T|none
openood,inaturalist_seed123,D3B+D3L,T,TINS,99.95735,0.11,inaturalist,123,D3B+D3L|T|TINS
openood,inaturalist_seed123,D3B+D3L,T,TANL,99.94258477777778,0.1399999999999999,inaturalist,123,D3B+D3L|T|TANL
openood,inaturalist_seed123,D3B+D3L,Tlp,none,99.86802266666666,0.26,inaturalist,123,D3B+D3L|Tlp|none
openood,inaturalist_seed123,D3B+D3L,Tlp,TINS,99.94836755555556,0.1,inaturalist,123,D3B+D3L|Tlp|TINS
openood,inaturalist_seed123,D3B+D3L,Tlp,TANL,99.91557055555556,0.15,inaturalist,123,D3B+D3L|Tlp|TANL
openood,inaturalist_seed123,D3B+D3L,Tq0.05,none,99.93222044444444,0.15,inaturalist,123,D3B+D3L|Tq0.05|none
openood,inaturalist_seed123,D3B+D3L,Tq0.05,TINS,99.96049822222224,0.09,inaturalist,123,D3B+D3L|Tq0.05|TINS
openood,inaturalist_seed123,D3B+D3L,Tq0.05,TANL,99.94613833333334,0.11,inaturalist,123,D3B+D3L|Tq0.05|TANL
openood,inaturalist_seed123,D3B+D3L,Tq0.2,none,99.92299533333332,0.21,inaturalist,123,D3B+D3L|Tq0.2|none
openood,inaturalist_seed123,D3B+D3L,Tq0.2,TINS,99.952148,0.13,inaturalist,123,D3B+D3L|Tq0.2|TINS
openood,inaturalist_seed123,D3B+D3L,Tq0.2,TANL,99.93656322222223,0.18,inaturalist,123,D3B+D3L|Tq0.2|TANL
openood,inaturalist_seed123,D3B+D3L,Tnn,none,99.948179,0.16,inaturalist,123,D3B+D3L|Tnn|none
openood,inaturalist_seed123,D3B+D3L,Tnn,TINS,99.96189933333332,0.12,inaturalist,123,D3B+D3L|Tnn|TINS
openood,inaturalist_seed123,D3B+D3L,Tnn,TANL,99.95444233333332,0.1399999999999999,inaturalist,123,D3B+D3L|Tnn|TANL
openood,inaturalist_seed123,D3B+D3L,Tk20,none,99.93781577777776,0.12,inaturalist,123,D3B+D3L|Tk20|none
openood,inaturalist_seed123,D3B+D3L,Tk20,TINS,99.96313666666666,0.0699999999999999,inaturalist,123,D3B+D3L|Tk20|TINS
openood,inaturalist_seed123,D3B+D3L,Tk20,TANL,99.94922644444443,0.09,inaturalist,123,D3B+D3L|Tk20|TANL
openood,inaturalist_seed123,D3B+D3L,Tlp20,none,99.88838577777776,0.13,inaturalist,123,D3B+D3L|Tlp20|none
openood,inaturalist_seed123,D3B+D3L,Tlp20,TINS,99.9512828888889,0.05,inaturalist,123,D3B+D3L|Tlp20|TINS
openood,inaturalist_seed123,D3B+D3L,Tlp20,TANL,99.9225388888889,0.1,inaturalist,123,D3B+D3L|Tlp20|TANL
openood,inaturalist_seed123,D3B+D3L,SL,none,99.89514888888888,0.3,inaturalist,123,D3B+D3L|SL|none
openood,inaturalist_seed123,D3B+D3L,SL,TINS,99.94685844444446,0.1399999999999999,inaturalist,123,D3B+D3L|SL|TINS
openood,inaturalist_seed123,D3B+D3L,SL,TANL,99.92538055555556,0.24,inaturalist,123,D3B+D3L|SL|TANL
openood,inaturalist_seed123,D3B+D3L,static,none,99.00058755555555,3.77,inaturalist,123,D3B+D3L|static|none
openood,inaturalist_seed123,D3B+D3L,static,TINS,99.92205444444444,0.33,inaturalist,123,D3B+D3L|static|TINS
openood,inaturalist_seed123,D3B+D3L,static,TANL,99.77360544444444,0.83,inaturalist,123,D3B+D3L|static|TANL
openood,inaturalist_seed123,L14+D3B+D3L,T,none,99.94080288888888,0.11,inaturalist,123,L14+D3B+D3L|T|none
openood,inaturalist_seed123,L14+D3B+D3L,T,TINS,99.9578551111111,0.09,inaturalist,123,L14+D3B+D3L|T|TINS
openood,inaturalist_seed123,L14+D3B+D3L,T,TANL,99.94870333333331,0.1,inaturalist,123,L14+D3B+D3L|T|TANL
openood,inaturalist_seed123,L14+D3B+D3L,Tlp,none,99.88649633333333,0.21,inaturalist,123,L14+D3B+D3L|Tlp|none
openood,inaturalist_seed123,L14+D3B+D3L,Tlp,TINS,99.94737755555556,0.08,inaturalist,123,L14+D3B+D3L|Tlp|TINS
openood,inaturalist_seed123,L14+D3B+D3L,Tlp,TANL,99.92053833333334,0.12,inaturalist,123,L14+D3B+D3L|Tlp|TANL
openood,inaturalist_seed123,L14+D3B+D3L,Tq0.05,none,99.94459455555555,0.11,inaturalist,123,L14+D3B+D3L|Tq0.05|none
openood,inaturalist_seed123,L14+D3B+D3L,Tq0.05,TINS,99.96162555555556,0.09,inaturalist,123,L14+D3B+D3L|Tq0.05|TINS
openood,inaturalist_seed123,L14+D3B+D3L,Tq0.05,TANL,99.95285755555555,0.09,inaturalist,123,L14+D3B+D3L|Tq0.05|TANL
openood,inaturalist_seed123,L14+D3B+D3L,Tq0.2,none,99.93344222222224,0.16,inaturalist,123,L14+D3B+D3L|Tq0.2|none
openood,inaturalist_seed123,L14+D3B+D3L,Tq0.2,TINS,99.95251066666664,0.12,inaturalist,123,L14+D3B+D3L|Tq0.2|TINS
openood,inaturalist_seed123,L14+D3B+D3L,Tq0.2,TANL,99.94220466666668,0.11,inaturalist,123,L14+D3B+D3L|Tq0.2|TANL
openood,inaturalist_seed123,L14+D3B+D3L,Tnn,none,99.94987344444444,0.1,inaturalist,123,L14+D3B+D3L|Tnn|none
openood,inaturalist_seed123,L14+D3B+D3L,Tnn,TINS,99.96064266666664,0.08,inaturalist,123,L14+D3B+D3L|Tnn|TINS
openood,inaturalist_seed123,L14+D3B+D3L,Tnn,TANL,99.9542251111111,0.09,inaturalist,123,L14+D3B+D3L|Tnn|TANL
openood,inaturalist_seed123,L14+D3B+D3L,Tk20,none,99.9470512222222,0.08,inaturalist,123,L14+D3B+D3L|Tk20|none
openood,inaturalist_seed123,L14+D3B+D3L,Tk20,TINS,99.964074,0.06,inaturalist,123,L14+D3B+D3L|Tk20|TINS
openood,inaturalist_seed123,L14+D3B+D3L,Tk20,TANL,99.95490733333334,0.0699999999999999,inaturalist,123,L14+D3B+D3L|Tk20|TANL
openood,inaturalist_seed123,L14+D3B+D3L,Tlp20,none,99.90011877777778,0.11,inaturalist,123,L14+D3B+D3L|Tlp20|none
openood,inaturalist_seed123,L14+D3B+D3L,Tlp20,TINS,99.95088866666669,0.0699999999999999,inaturalist,123,L14+D3B+D3L|Tlp20|TINS
openood,inaturalist_seed123,L14+D3B+D3L,Tlp20,TANL,99.925935,0.09,inaturalist,123,L14+D3B+D3L|Tlp20|TANL
openood,inaturalist_seed123,L14+D3B+D3L,SL,none,99.91057911111112,0.29,inaturalist,123,L14+D3B+D3L|SL|none
openood,inaturalist_seed123,L14+D3B+D3L,SL,TINS,99.946106,0.13,inaturalist,123,L14+D3B+D3L|SL|TINS
openood,inaturalist_seed123,L14+D3B+D3L,SL,TANL,99.92947422222224,0.19,inaturalist,123,L14+D3B+D3L|SL|TANL
openood,inaturalist_seed123,L14+D3B+D3L,static,none,99.2572658888889,2.83,inaturalist,123,L14+D3B+D3L|static|none
openood,inaturalist_seed123,L14+D3B+D3L,static,TINS,99.91684311111112,0.3399999999999999,inaturalist,123,L14+D3B+D3L|static|TINS
openood,inaturalist_seed123,L14+D3B+D3L,static,TANL,99.76417977777776,0.91,inaturalist,123,L14+D3B+D3L|static|TANL
openood,inaturalist_seed123,B14+L14+D3L,T,none,99.935744,0.13,inaturalist,123,B14+L14+D3L|T|none
openood,inaturalist_seed123,B14+L14+D3L,T,TINS,99.95573,0.09,inaturalist,123,B14+L14+D3L|T|TINS
openood,inaturalist_seed123,B14+L14+D3L,T,TANL,99.94468677777778,0.11,inaturalist,123,B14+L14+D3L|T|TANL
openood,inaturalist_seed123,B14+L14+D3L,Tlp,none,99.87754766666666,0.2299999999999999,inaturalist,123,B14+L14+D3L|Tlp|none
openood,inaturalist_seed123,B14+L14+D3L,Tlp,TINS,99.94681377777778,0.08,inaturalist,123,B14+L14+D3L|Tlp|TINS
openood,inaturalist_seed123,B14+L14+D3L,Tlp,TANL,99.91564044444443,0.1399999999999999,inaturalist,123,B14+L14+D3L|Tlp|TANL
openood,inaturalist_seed123,B14+L14+D3L,Tq0.05,none,99.94083344444444,0.1399999999999999,inaturalist,123,B14+L14+D3L|Tq0.05|none
openood,inaturalist_seed123,B14+L14+D3L,Tq0.05,TINS,99.96005977777776,0.08,inaturalist,123,B14+L14+D3L|Tq0.05|TINS
openood,inaturalist_seed123,B14+L14+D3L,Tq0.05,TANL,99.94978588888888,0.1,inaturalist,123,B14+L14+D3L|Tq0.05|TANL
openood,inaturalist_seed123,B14+L14+D3L,Tq0.2,none,99.92798,0.18,inaturalist,123,B14+L14+D3L|Tq0.2|none
openood,inaturalist_seed123,B14+L14+D3L,Tq0.2,TINS,99.95068333333332,0.11,inaturalist,123,B14+L14+D3L|Tq0.2|TINS
openood,inaturalist_seed123,B14+L14+D3L,Tq0.2,TANL,99.93815011111111,0.16,inaturalist,123,B14+L14+D3L|Tq0.2|TANL
openood,inaturalist_seed123,B14+L14+D3L,Tnn,none,99.941913,0.12,inaturalist,123,B14+L14+D3L|Tnn|none
openood,inaturalist_seed123,B14+L14+D3L,Tnn,TINS,99.9564002222222,0.09,inaturalist,123,B14+L14+D3L|Tnn|TINS
openood,inaturalist_seed123,B14+L14+D3L,Tnn,TANL,99.94744355555557,0.1,inaturalist,123,B14+L14+D3L|Tnn|TANL
openood,inaturalist_seed123,B14+L14+D3L,Tk20,none,99.94417011111112,0.09,inaturalist,123,B14+L14+D3L|Tk20|none
openood,inaturalist_seed123,B14+L14+D3L,Tk20,TINS,99.96282444444444,0.0699999999999999,inaturalist,123,B14+L14+D3L|Tk20|TINS
openood,inaturalist_seed123,B14+L14+D3L,Tk20,TANL,99.95235788888888,0.08,inaturalist,123,B14+L14+D3L|Tk20|TANL
openood,inaturalist_seed123,B14+L14+D3L,Tlp20,none,99.88926,0.12,inaturalist,123,B14+L14+D3L|Tlp20|none
openood,inaturalist_seed123,B14+L14+D3L,Tlp20,TINS,99.94958755555557,0.0699999999999999,inaturalist,123,B14+L14+D3L|Tlp20|TINS
openood,inaturalist_seed123,B14+L14+D3L,Tlp20,TANL,99.91983611111112,0.09,inaturalist,123,B14+L14+D3L|Tlp20|TANL
openood,inaturalist_seed123,B14+L14+D3L,SL,none,99.90471711111113,0.33,inaturalist,123,B14+L14+D3L|SL|none
openood,inaturalist_seed123,B14+L14+D3L,SL,TINS,99.94452644444443,0.16,inaturalist,123,B14+L14+D3L|SL|TINS
openood,inaturalist_seed123,B14+L14+D3L,SL,TANL,99.92441066666665,0.26,inaturalist,123,B14+L14+D3L|SL|TANL
openood,inaturalist_seed123,B14+L14+D3L,static,none,99.3645518888889,2.47,inaturalist,123,B14+L14+D3L|static|none
openood,inaturalist_seed123,B14+L14+D3L,static,TINS,99.9253028888889,0.25,inaturalist,123,B14+L14+D3L|static|TINS
openood,inaturalist_seed123,B14+L14+D3L,static,TANL,99.78844388888888,0.73,inaturalist,123,B14+L14+D3L|static|TANL
openood,inaturalist_seed123,B14+L14+D3B+D3L,T,none,99.93965522222224,0.13,inaturalist,123,B14+L14+D3B+D3L|T|none
openood,inaturalist_seed123,B14+L14+D3B+D3L,T,TINS,99.95457733333332,0.1,inaturalist,123,B14+L14+D3B+D3L|T|TINS
openood,inaturalist_seed123,B14+L14+D3B+D3L,T,TANL,99.94618444444444,0.11,inaturalist,123,B14+L14+D3B+D3L|T|TANL
openood,inaturalist_seed123,B14+L14+D3B+D3L,Tlp,none,99.88445844444443,0.19,inaturalist,123,B14+L14+D3B+D3L|Tlp|none
openood,inaturalist_seed123,B14+L14+D3B+D3L,Tlp,TINS,99.94211333333332,0.09,inaturalist,123,B14+L14+D3B+D3L|Tlp|TINS
openood,inaturalist_seed123,B14+L14+D3B+D3L,Tlp,TANL,99.91446388888887,0.13,inaturalist,123,B14+L14+D3B+D3L|Tlp|TANL
openood,inaturalist_seed123,B14+L14+D3B+D3L,Tq0.05,none,99.94415744444444,0.11,inaturalist,123,B14+L14+D3B+D3L|Tq0.05|none
openood,inaturalist_seed123,B14+L14+D3B+D3L,Tq0.05,TINS,99.958918,0.1,inaturalist,123,B14+L14+D3B+D3L|Tq0.05|TINS
openood,inaturalist_seed123,B14+L14+D3B+D3L,Tq0.05,TANL,99.95084633333332,0.1,inaturalist,123,B14+L14+D3B+D3L|Tq0.05|TANL
openood,inaturalist_seed123,B14+L14+D3B+D3L,Tq0.2,none,99.93261955555556,0.1399999999999999,inaturalist,123,B14+L14+D3B+D3L|Tq0.2|none
openood,inaturalist_seed123,B14+L14+D3B+D3L,Tq0.2,TINS,99.94930266666668,0.12,inaturalist,123,B14+L14+D3B+D3L|Tq0.2|TINS
openood,inaturalist_seed123,B14+L14+D3B+D3L,Tq0.2,TANL,99.93988155555556,0.13,inaturalist,123,B14+L14+D3B+D3L|Tq0.2|TANL
openood,inaturalist_seed123,B14+L14+D3B+D3L,Tnn,none,99.9475622222222,0.11,inaturalist,123,B14+L14+D3B+D3L|Tnn|none
openood,inaturalist_seed123,B14+L14+D3B+D3L,Tnn,TINS,99.95687800000002,0.09,inaturalist,123,B14+L14+D3B+D3L|Tnn|TINS
openood,inaturalist_seed123,B14+L14+D3B+D3L,Tnn,TANL,99.95105533333331,0.11,inaturalist,123,B14+L14+D3B+D3L|Tnn|TANL
openood,inaturalist_seed123,B14+L14+D3B+D3L,Tk20,none,99.9459042222222,0.08,inaturalist,123,B14+L14+D3B+D3L|Tk20|none
openood,inaturalist_seed123,B14+L14+D3B+D3L,Tk20,TINS,99.96120977777778,0.06,inaturalist,123,B14+L14+D3B+D3L|Tk20|TINS
openood,inaturalist_seed123,B14+L14+D3B+D3L,Tk20,TANL,99.952526,0.0699999999999999,inaturalist,123,B14+L14+D3B+D3L|Tk20|TANL
openood,inaturalist_seed123,B14+L14+D3B+D3L,Tlp20,none,99.89425644444444,0.11,inaturalist,123,B14+L14+D3B+D3L|Tlp20|none
openood,inaturalist_seed123,B14+L14+D3B+D3L,Tlp20,TINS,99.94547844444445,0.0699999999999999,inaturalist,123,B14+L14+D3B+D3L|Tlp20|TINS
openood,inaturalist_seed123,B14+L14+D3B+D3L,Tlp20,TANL,99.91902844444444,0.09,inaturalist,123,B14+L14+D3B+D3L|Tlp20|TANL
openood,inaturalist_seed123,B14+L14+D3B+D3L,SL,none,99.90962311111112,0.31,inaturalist,123,B14+L14+D3B+D3L|SL|none
openood,inaturalist_seed123,B14+L14+D3B+D3L,SL,TINS,99.94006977777778,0.15,inaturalist,123,B14+L14+D3B+D3L|SL|TINS
openood,inaturalist_seed123,B14+L14+D3B+D3L,SL,TANL,99.92451555555554,0.27,inaturalist,123,B14+L14+D3B+D3L|SL|TANL
openood,inaturalist_seed123,B14+L14+D3B+D3L,static,none,99.352403,2.43,inaturalist,123,B14+L14+D3B+D3L|static|none
openood,inaturalist_seed123,B14+L14+D3B+D3L,static,TINS,99.894268,0.43,inaturalist,123,B14+L14+D3B+D3L|static|TINS
openood,inaturalist_seed123,B14+L14+D3B+D3L,static,TANL,99.73146755555555,1.01,inaturalist,123,B14+L14+D3B+D3L|static|TANL
openood,inaturalist_seed123,B14+L14,T,none,99.91522655555556,0.2299999999999999,inaturalist,123,B14+L14|T|none
openood,inaturalist_seed123,B14+L14,T,TINS,99.95038688888889,0.13,inaturalist,123,B14+L14|T|TINS
openood,inaturalist_seed123,B14+L14,T,TANL,99.93201155555556,0.2,inaturalist,123,B14+L14|T|TANL
openood,inaturalist_seed123,B14+L14,Tlp,none,99.83855322222222,0.32,inaturalist,123,B14+L14|Tlp|none
openood,inaturalist_seed123,B14+L14,Tlp,TINS,99.94622266666669,0.13,inaturalist,123,B14+L14|Tlp|TINS
openood,inaturalist_seed123,B14+L14,Tlp,TANL,99.900975,0.2299999999999999,inaturalist,123,B14+L14|Tlp|TANL
openood,inaturalist_seed123,B14+L14,Tq0.05,none,99.92239733333334,0.22,inaturalist,123,B14+L14|Tq0.05|none
openood,inaturalist_seed123,B14+L14,Tq0.05,TINS,99.955246,0.12,inaturalist,123,B14+L14|Tq0.05|TINS
openood,inaturalist_seed123,B14+L14,Tq0.05,TANL,99.93877866666666,0.15,inaturalist,123,B14+L14|Tq0.05|TANL
openood,inaturalist_seed123,B14+L14,Tq0.2,none,99.9042531111111,0.2799999999999999,inaturalist,123,B14+L14|Tq0.2|none
openood,inaturalist_seed123,B14+L14,Tq0.2,TINS,99.9453917777778,0.1399999999999999,inaturalist,123,B14+L14|Tq0.2|TINS
openood,inaturalist_seed123,B14+L14,Tq0.2,TANL,99.92391733333334,0.2299999999999999,inaturalist,123,B14+L14|Tq0.2|TANL
openood,inaturalist_seed123,B14+L14,Tnn,none,99.91725577777778,0.21,inaturalist,123,B14+L14|Tnn|none
openood,inaturalist_seed123,B14+L14,Tnn,TINS,99.948116,0.15,inaturalist,123,B14+L14|Tnn|TINS
openood,inaturalist_seed123,B14+L14,Tnn,TANL,99.93083711111112,0.19,inaturalist,123,B14+L14|Tnn|TANL
openood,inaturalist_seed123,B14+L14,Tk20,none,99.92398144444444,0.13,inaturalist,123,B14+L14|Tk20|none
openood,inaturalist_seed123,B14+L14,Tk20,TINS,99.957996,0.0699999999999999,inaturalist,123,B14+L14|Tk20|TINS
openood,inaturalist_seed123,B14+L14,Tk20,TANL,99.94112722222222,0.1,inaturalist,123,B14+L14|Tk20|TANL
openood,inaturalist_seed123,B14+L14,Tlp20,none,99.85719677777776,0.21,inaturalist,123,B14+L14|Tlp20|none
openood,inaturalist_seed123,B14+L14,Tlp20,TINS,99.94878,0.09,inaturalist,123,B14+L14|Tlp20|TINS
openood,inaturalist_seed123,B14+L14,Tlp20,TANL,99.90804,0.16,inaturalist,123,B14+L14|Tlp20|TANL
openood,inaturalist_seed123,B14+L14,SL,none,99.87063577777778,0.38,inaturalist,123,B14+L14|SL|none
openood,inaturalist_seed123,B14+L14,SL,TINS,99.94318666666666,0.16,inaturalist,123,B14+L14|SL|TINS
openood,inaturalist_seed123,B14+L14,SL,TANL,99.90935066666668,0.3,inaturalist,123,B14+L14|SL|TANL
openood,inaturalist_seed123,B14+L14,static,none,99.27549844444444,2.59,inaturalist,123,B14+L14|static|none
openood,inaturalist_seed123,B14+L14,static,TINS,99.94103644444444,0.1699999999999999,inaturalist,123,B14+L14|static|TINS
openood,inaturalist_seed123,B14+L14,static,TANL,99.82189588888887,0.49,inaturalist,123,B14+L14|static|TANL
openood,inaturalist_seed124,L14xD3L+D3L,T,none,99.91930444444444,0.12,inaturalist,124,L14xD3L+D3L|T|none
openood,inaturalist_seed124,L14xD3L+D3L,T,TINS,99.95878266666666,0.08,inaturalist,124,L14xD3L+D3L|T|TINS
openood,inaturalist_seed124,L14xD3L+D3L,T,TANL,99.944388,0.11,inaturalist,124,L14xD3L+D3L|T|TANL
openood,inaturalist_seed124,L14xD3L+D3L,Tlp,none,99.85082133333334,0.2799999999999999,inaturalist,124,L14xD3L+D3L|Tlp|none
openood,inaturalist_seed124,L14xD3L+D3L,Tlp,TINS,99.94958311111112,0.0699999999999999,inaturalist,124,L14xD3L+D3L|Tlp|TINS
openood,inaturalist_seed124,L14xD3L+D3L,Tlp,TANL,99.91778766666668,0.09,inaturalist,124,L14xD3L+D3L|Tlp|TANL
openood,inaturalist_seed124,L14xD3L+D3L,Tq0.05,none,99.92447933333332,0.11,inaturalist,124,L14xD3L+D3L|Tq0.05|none
openood,inaturalist_seed124,L14xD3L+D3L,Tq0.05,TINS,99.961772,0.06,inaturalist,124,L14xD3L+D3L|Tq0.05|TINS
openood,inaturalist_seed124,L14xD3L+D3L,Tq0.05,TANL,99.9488371111111,0.09,inaturalist,124,L14xD3L+D3L|Tq0.05|TANL
openood,inaturalist_seed124,L14xD3L+D3L,Tq0.2,none,99.91433633333337,0.16,inaturalist,124,L14xD3L+D3L|Tq0.2|none
openood,inaturalist_seed124,L14xD3L+D3L,Tq0.2,TINS,99.95531466666668,0.1,inaturalist,124,L14xD3L+D3L|Tq0.2|TINS
openood,inaturalist_seed124,L14xD3L+D3L,Tq0.2,TANL,99.93982522222224,0.11,inaturalist,124,L14xD3L+D3L|Tq0.2|TANL
openood,inaturalist_seed124,L14xD3L+D3L,Tnn,none,99.93220188888888,0.12,inaturalist,124,L14xD3L+D3L|Tnn|none
openood,inaturalist_seed124,L14xD3L+D3L,Tnn,TINS,99.96083288888887,0.1,inaturalist,124,L14xD3L+D3L|Tnn|TINS
openood,inaturalist_seed124,L14xD3L+D3L,Tnn,TANL,99.94904366666664,0.11,inaturalist,124,L14xD3L+D3L|Tnn|TANL
openood,inaturalist_seed124,L14xD3L+D3L,Tk20,none,99.942802,0.09,inaturalist,124,L14xD3L+D3L|Tk20|none
openood,inaturalist_seed124,L14xD3L+D3L,Tk20,TINS,99.96704533333332,0.06,inaturalist,124,L14xD3L+D3L|Tk20|TINS
openood,inaturalist_seed124,L14xD3L+D3L,Tk20,TANL,99.95603622222222,0.08,inaturalist,124,L14xD3L+D3L|Tk20|TANL
openood,inaturalist_seed124,L14xD3L+D3L,Tlp20,none,99.88589944444443,0.09,inaturalist,124,L14xD3L+D3L|Tlp20|none
openood,inaturalist_seed124,L14xD3L+D3L,Tlp20,TINS,99.95372733333336,0.05,inaturalist,124,L14xD3L+D3L|Tlp20|TINS
openood,inaturalist_seed124,L14xD3L+D3L,Tlp20,TANL,99.925769,0.0699999999999999,inaturalist,124,L14xD3L+D3L|Tlp20|TANL
openood,inaturalist_seed124,L14+D3L,T,none,99.9348442222222,0.1399999999999999,inaturalist,124,L14+D3L|T|none
openood,inaturalist_seed124,L14+D3L,T,TINS,99.9601011111111,0.08,inaturalist,124,L14+D3L|T|TINS
openood,inaturalist_seed124,L14+D3L,T,TANL,99.948304,0.11,inaturalist,124,L14+D3L|T|TANL
openood,inaturalist_seed124,L14+D3L,Tlp,none,99.87390288888888,0.25,inaturalist,124,L14+D3L|Tlp|none
openood,inaturalist_seed124,L14+D3L,Tlp,TINS,99.95197466666669,0.06,inaturalist,124,L14+D3L|Tlp|TINS
openood,inaturalist_seed124,L14+D3L,Tlp,TANL,99.9251922222222,0.12,inaturalist,124,L14+D3L|Tlp|TANL
openood,inaturalist_seed124,L14+D3L,Tq0.05,none,99.94011766666668,0.12,inaturalist,124,L14+D3L|Tq0.05|none
openood,inaturalist_seed124,L14+D3L,Tq0.05,TINS,99.96349066666669,0.0699999999999999,inaturalist,124,L14+D3L|Tq0.05|TINS
openood,inaturalist_seed124,L14+D3L,Tq0.05,TANL,99.953249,0.08,inaturalist,124,L14+D3L|Tq0.05|TANL
openood,inaturalist_seed124,L14+D3L,Tq0.2,none,99.92632677777776,0.15,inaturalist,124,L14+D3L|Tq0.2|none
openood,inaturalist_seed124,L14+D3L,Tq0.2,TINS,99.954998,0.1,inaturalist,124,L14+D3L|Tq0.2|TINS
openood,inaturalist_seed124,L14+D3L,Tq0.2,TANL,99.94153688888888,0.13,inaturalist,124,L14+D3L|Tq0.2|TANL
openood,inaturalist_seed124,L14+D3L,Tnn,none,99.94208788888888,0.13,inaturalist,124,L14+D3L|Tnn|none
openood,inaturalist_seed124,L14+D3L,Tnn,TINS,99.96145066666668,0.09,inaturalist,124,L14+D3L|Tnn|TINS
openood,inaturalist_seed124,L14+D3L,Tnn,TANL,99.95107533333334,0.1,inaturalist,124,L14+D3L|Tnn|TANL
openood,inaturalist_seed124,L14+D3L,Tk20,none,99.94495911111112,0.09,inaturalist,124,L14+D3L|Tk20|none
openood,inaturalist_seed124,L14+D3L,Tk20,TINS,99.96645333333332,0.0699999999999999,inaturalist,124,L14+D3L|Tk20|TINS
openood,inaturalist_seed124,L14+D3L,Tk20,TANL,99.95673033333334,0.08,inaturalist,124,L14+D3L|Tk20|TANL
openood,inaturalist_seed124,L14+D3L,Tlp20,none,99.89418333333332,0.12,inaturalist,124,L14+D3L|Tlp20|none
openood,inaturalist_seed124,L14+D3L,Tlp20,TINS,99.95490155555557,0.05,inaturalist,124,L14+D3L|Tlp20|TINS
openood,inaturalist_seed124,L14+D3L,Tlp20,TANL,99.93043133333332,0.08,inaturalist,124,L14+D3L|Tlp20|TANL
openood,inaturalist_seed124,L14+D3L,SL,none,99.90522388888888,0.24,inaturalist,124,L14+D3L|SL|none
openood,inaturalist_seed124,L14+D3L,SL,TINS,99.95444022222225,0.1,inaturalist,124,L14+D3L|SL|TINS
openood,inaturalist_seed124,L14+D3L,SL,TANL,99.93464933333334,0.16,inaturalist,124,L14+D3L|SL|TANL
openood,inaturalist_seed124,L14+D3L,static,none,99.21268388888888,2.97,inaturalist,124,L14+D3L|static|none
openood,inaturalist_seed124,L14+D3L,static,TINS,99.94492911111112,0.15,inaturalist,124,L14+D3L|static|TINS
openood,inaturalist_seed124,L14+D3L,static,TANL,99.83116044444446,0.49,inaturalist,124,L14+D3L|static|TANL
openood,inaturalist_seed124,D3L,T,none,99.91659622222222,0.19,inaturalist,124,D3L|T|none
openood,inaturalist_seed124,D3L,T,TINS,99.96216466666668,0.0699999999999999,inaturalist,124,D3L|T|TINS
openood,inaturalist_seed124,D3L,T,TANL,99.94450222222224,0.1399999999999999,inaturalist,124,D3L|T|TANL
openood,inaturalist_seed124,D3L,Tlp,none,99.845537,0.31,inaturalist,124,D3L|Tlp|none
openood,inaturalist_seed124,D3L,Tlp,TINS,99.95273466666669,0.05,inaturalist,124,D3L|Tlp|TINS
openood,inaturalist_seed124,D3L,Tlp,TANL,99.92221677777778,0.1,inaturalist,124,D3L|Tlp|TANL
openood,inaturalist_seed124,D3L,Tq0.05,none,99.92094866666666,0.16,inaturalist,124,D3L|Tq0.05|none
openood,inaturalist_seed124,D3L,Tq0.05,TINS,99.96402666666668,0.06,inaturalist,124,D3L|Tq0.05|TINS
openood,inaturalist_seed124,D3L,Tq0.05,TANL,99.94893288888888,0.09,inaturalist,124,D3L|Tq0.05|TANL
openood,inaturalist_seed124,D3L,Tq0.2,none,99.91136555555556,0.19,inaturalist,124,D3L|Tq0.2|none
openood,inaturalist_seed124,D3L,Tq0.2,TINS,99.95836666666666,0.08,inaturalist,124,D3L|Tq0.2|TINS
openood,inaturalist_seed124,D3L,Tq0.2,TANL,99.94085177777778,0.1399999999999999,inaturalist,124,D3L|Tq0.2|TANL
openood,inaturalist_seed124,D3L,Tnn,none,99.9382561111111,0.16,inaturalist,124,D3L|Tnn|none
openood,inaturalist_seed124,D3L,Tnn,TINS,99.96690933333332,0.08,inaturalist,124,D3L|Tnn|TINS
openood,inaturalist_seed124,D3L,Tnn,TANL,99.95624133333332,0.1399999999999999,inaturalist,124,D3L|Tnn|TANL
openood,inaturalist_seed124,D3L,Tk20,none,99.93348166666664,0.11,inaturalist,124,D3L|Tk20|none
openood,inaturalist_seed124,D3L,Tk20,TINS,99.967456,0.05,inaturalist,124,D3L|Tk20|TINS
openood,inaturalist_seed124,D3L,Tk20,TANL,99.95325144444443,0.0699999999999999,inaturalist,124,D3L|Tk20|TANL
openood,inaturalist_seed124,D3L,Tlp20,none,99.87798166666666,0.12,inaturalist,124,D3L|Tlp20|none
openood,inaturalist_seed124,D3L,Tlp20,TINS,99.95500533333332,0.03,inaturalist,124,D3L|Tlp20|TINS
openood,inaturalist_seed124,D3L,Tlp20,TANL,99.92689566666668,0.0699999999999999,inaturalist,124,D3L|Tlp20|TANL
openood,inaturalist_seed124,D3L,SL,none,99.88762377777778,0.3899999999999999,inaturalist,124,D3L|SL|none
openood,inaturalist_seed124,D3L,SL,TINS,99.9592982222222,0.1,inaturalist,124,D3L|SL|TINS
openood,inaturalist_seed124,D3L,SL,TANL,99.93779155555556,0.16,inaturalist,124,D3L|SL|TANL
openood,inaturalist_seed124,D3L,static,none,98.9569892222222,3.98,inaturalist,124,D3L|static|none
openood,inaturalist_seed124,D3L,static,TINS,99.951602,0.1,inaturalist,124,D3L|static|TINS
openood,inaturalist_seed124,D3L,static,TANL,99.87345322222224,0.48,inaturalist,124,D3L|static|TANL
openood,inaturalist_seed124,L14,T,none,99.88401033333332,0.37,inaturalist,124,L14|T|none
openood,inaturalist_seed124,L14,T,TINS,99.9552831111111,0.1399999999999999,inaturalist,124,L14|T|TINS
openood,inaturalist_seed124,L14,T,TANL,99.92943622222222,0.21,inaturalist,124,L14|T|TANL
openood,inaturalist_seed124,L14,Tlp,none,99.7951538888889,0.5599999999999999,inaturalist,124,L14|Tlp|none
openood,inaturalist_seed124,L14,Tlp,TINS,99.94888622222224,0.0699999999999999,inaturalist,124,L14|Tlp|TINS
openood,inaturalist_seed124,L14,Tlp,TANL,99.90478022222224,0.21,inaturalist,124,L14|Tlp|TANL
openood,inaturalist_seed124,L14,Tq0.05,none,99.89962366666666,0.24,inaturalist,124,L14|Tq0.05|none
openood,inaturalist_seed124,L14,Tq0.05,TINS,99.959092,0.0699999999999999,inaturalist,124,L14|Tq0.05|TINS
openood,inaturalist_seed124,L14,Tq0.05,TANL,99.937748,0.13,inaturalist,124,L14|Tq0.05|TANL
openood,inaturalist_seed124,L14,Tq0.2,none,99.86369655555556,0.42,inaturalist,124,L14|Tq0.2|none
openood,inaturalist_seed124,L14,Tq0.2,TINS,99.95035911111113,0.15,inaturalist,124,L14|Tq0.2|TINS
openood,inaturalist_seed124,L14,Tq0.2,TANL,99.91814422222222,0.27,inaturalist,124,L14|Tq0.2|TANL
openood,inaturalist_seed124,L14,Tnn,none,99.86108844444443,0.32,inaturalist,124,L14|Tnn|none
openood,inaturalist_seed124,L14,Tnn,TINS,99.95235666666667,0.15,inaturalist,124,L14|Tnn|TINS
openood,inaturalist_seed124,L14,Tnn,TANL,99.92207955555556,0.22,inaturalist,124,L14|Tnn|TANL
openood,inaturalist_seed124,L14,Tk20,none,99.90392955555556,0.15,inaturalist,124,L14|Tk20|none
openood,inaturalist_seed124,L14,Tk20,TINS,99.9615508888889,0.08,inaturalist,124,L14|Tk20|TINS
openood,inaturalist_seed124,L14,Tk20,TANL,99.9409108888889,0.11,inaturalist,124,L14|Tk20|TANL
openood,inaturalist_seed124,L14,Tlp20,none,99.84121388888887,0.29,inaturalist,124,L14|Tlp20|none
openood,inaturalist_seed124,L14,Tlp20,TINS,99.95314444444443,0.06,inaturalist,124,L14|Tlp20|TINS
openood,inaturalist_seed124,L14,Tlp20,TANL,99.91232044444445,0.15,inaturalist,124,L14|Tlp20|TANL
openood,inaturalist_seed124,L14,SL,none,99.80024488888888,0.43,inaturalist,124,L14|SL|none
openood,inaturalist_seed124,L14,SL,TINS,99.95528955555557,0.12,inaturalist,124,L14|SL|TINS
openood,inaturalist_seed124,L14,SL,TANL,99.91156755555556,0.25,inaturalist,124,L14|SL|TANL
openood,inaturalist_seed124,L14,static,none,98.81709244444444,3.96,inaturalist,124,L14|static|none
openood,inaturalist_seed124,L14,static,TINS,99.95584577777775,0.08,inaturalist,124,L14|static|TINS
openood,inaturalist_seed124,L14,static,TANL,99.86209933333332,0.35,inaturalist,124,L14|static|TANL
openood,inaturalist_seed124,L14xD3L,T,none,99.88194511111112,0.1399999999999999,inaturalist,124,L14xD3L|T|none
openood,inaturalist_seed124,L14xD3L,T,TINS,99.95928066666666,0.06,inaturalist,124,L14xD3L|T|TINS
openood,inaturalist_seed124,L14xD3L,T,TANL,99.93904777777776,0.09,inaturalist,124,L14xD3L|T|TANL
openood,inaturalist_seed124,L14xD3L,Tlp,none,99.80618455555556,0.31,inaturalist,124,L14xD3L|Tlp|none
openood,inaturalist_seed124,L14xD3L,Tlp,TINS,99.95242244444444,0.04,inaturalist,124,L14xD3L|Tlp|TINS
openood,inaturalist_seed124,L14xD3L,Tlp,TANL,99.91714133333332,0.1,inaturalist,124,L14xD3L|Tlp|TANL
openood,inaturalist_seed124,L14xD3L,Tq0.05,none,99.88911066666668,0.13,inaturalist,124,L14xD3L|Tq0.05|none
openood,inaturalist_seed124,L14xD3L,Tq0.05,TINS,99.96198244444444,0.05,inaturalist,124,L14xD3L|Tq0.05|TINS
openood,inaturalist_seed124,L14xD3L,Tq0.05,TANL,99.94409455555557,0.0699999999999999,inaturalist,124,L14xD3L|Tq0.05|TANL
openood,inaturalist_seed124,L14xD3L,Tq0.2,none,99.8765128888889,0.1699999999999999,inaturalist,124,L14xD3L|Tq0.2|none
openood,inaturalist_seed124,L14xD3L,Tq0.2,TINS,99.95815911111112,0.0699999999999999,inaturalist,124,L14xD3L|Tq0.2|TINS
openood,inaturalist_seed124,L14xD3L,Tq0.2,TANL,99.93561722222222,0.1,inaturalist,124,L14xD3L|Tq0.2|TANL
openood,inaturalist_seed124,L14xD3L,Tnn,none,99.90150544444444,0.13,inaturalist,124,L14xD3L|Tnn|none
openood,inaturalist_seed124,L14xD3L,Tnn,TINS,99.9605282222222,0.0699999999999999,inaturalist,124,L14xD3L|Tnn|TINS
openood,inaturalist_seed124,L14xD3L,Tnn,TANL,99.94376088888887,0.09,inaturalist,124,L14xD3L|Tnn|TANL
openood,inaturalist_seed124,L14xD3L,Tk20,none,99.93451455555557,0.1,inaturalist,124,L14xD3L|Tk20|none
openood,inaturalist_seed124,L14xD3L,Tk20,TINS,99.96639133333332,0.06,inaturalist,124,L14xD3L|Tk20|TINS
openood,inaturalist_seed124,L14xD3L,Tk20,TANL,99.95022944444445,0.09,inaturalist,124,L14xD3L|Tk20|TANL
openood,inaturalist_seed124,L14xD3L,Tlp20,none,99.86542699999998,0.16,inaturalist,124,L14xD3L|Tlp20|none
openood,inaturalist_seed124,L14xD3L,Tlp20,TINS,99.95390555555556,0.05,inaturalist,124,L14xD3L|Tlp20|TINS
openood,inaturalist_seed124,L14xD3L,Tlp20,TANL,99.9171332222222,0.09,inaturalist,124,L14xD3L|Tlp20|TANL
openood,inaturalist_seed124,D3B+D3L,T,none,99.930313,0.1699999999999999,inaturalist,124,D3B+D3L|T|none
openood,inaturalist_seed124,D3B+D3L,T,TINS,99.95723822222222,0.11,inaturalist,124,D3B+D3L|T|TINS
openood,inaturalist_seed124,D3B+D3L,T,TANL,99.94548188888888,0.1399999999999999,inaturalist,124,D3B+D3L|T|TANL
openood,inaturalist_seed124,D3B+D3L,Tlp,none,99.86802244444442,0.26,inaturalist,124,D3B+D3L|Tlp|none
openood,inaturalist_seed124,D3B+D3L,Tlp,TINS,99.94744733333334,0.09,inaturalist,124,D3B+D3L|Tlp|TINS
openood,inaturalist_seed124,D3B+D3L,Tlp,TANL,99.9190727777778,0.16,inaturalist,124,D3B+D3L|Tlp|TANL
openood,inaturalist_seed124,D3B+D3L,Tq0.05,none,99.93222,0.15,inaturalist,124,D3B+D3L|Tq0.05|none
openood,inaturalist_seed124,D3B+D3L,Tq0.05,TINS,99.96032222222225,0.09,inaturalist,124,D3B+D3L|Tq0.05|TINS
openood,inaturalist_seed124,D3B+D3L,Tq0.05,TANL,99.94900444444444,0.11,inaturalist,124,D3B+D3L|Tq0.05|TANL
openood,inaturalist_seed124,D3B+D3L,Tq0.2,none,99.922996,0.21,inaturalist,124,D3B+D3L|Tq0.2|none
openood,inaturalist_seed124,D3B+D3L,Tq0.2,TINS,99.95204822222222,0.1399999999999999,inaturalist,124,D3B+D3L|Tq0.2|TINS
openood,inaturalist_seed124,D3B+D3L,Tq0.2,TANL,99.93919277777776,0.18,inaturalist,124,D3B+D3L|Tq0.2|TANL
openood,inaturalist_seed124,D3B+D3L,Tnn,none,99.94817877777776,0.16,inaturalist,124,D3B+D3L|Tnn|none
openood,inaturalist_seed124,D3B+D3L,Tnn,TINS,99.96145244444445,0.12,inaturalist,124,D3B+D3L|Tnn|TINS
openood,inaturalist_seed124,D3B+D3L,Tnn,TANL,99.95510355555555,0.1399999999999999,inaturalist,124,D3B+D3L|Tnn|TANL
openood,inaturalist_seed124,D3B+D3L,Tk20,none,99.93781577777776,0.12,inaturalist,124,D3B+D3L|Tk20|none
openood,inaturalist_seed124,D3B+D3L,Tk20,TINS,99.96281422222222,0.06,inaturalist,124,D3B+D3L|Tk20|TINS
openood,inaturalist_seed124,D3B+D3L,Tk20,TANL,99.95205055555554,0.1,inaturalist,124,D3B+D3L|Tk20|TANL
openood,inaturalist_seed124,D3B+D3L,Tlp20,none,99.88838577777776,0.13,inaturalist,124,D3B+D3L|Tlp20|none
openood,inaturalist_seed124,D3B+D3L,Tlp20,TINS,99.950488,0.05,inaturalist,124,D3B+D3L|Tlp20|TINS
openood,inaturalist_seed124,D3B+D3L,Tlp20,TANL,99.92579544444445,0.1,inaturalist,124,D3B+D3L|Tlp20|TANL
openood,inaturalist_seed124,D3B+D3L,SL,none,99.88892222222222,0.35,inaturalist,124,D3B+D3L|SL|none
openood,inaturalist_seed124,D3B+D3L,SL,TINS,99.943896,0.1699999999999999,inaturalist,124,D3B+D3L|SL|TINS
openood,inaturalist_seed124,D3B+D3L,SL,TANL,99.92300933333334,0.24,inaturalist,124,D3B+D3L|SL|TANL
openood,inaturalist_seed124,D3B+D3L,static,none,99.00058755555555,3.77,inaturalist,124,D3B+D3L|static|none
openood,inaturalist_seed124,D3B+D3L,static,TINS,99.92157511111112,0.32,inaturalist,124,D3B+D3L|static|TINS
openood,inaturalist_seed124,D3B+D3L,static,TANL,99.77143044444443,0.8999999999999999,inaturalist,124,D3B+D3L|static|TANL
openood,inaturalist_seed124,L14+D3B+D3L,T,none,99.94080111111111,0.11,inaturalist,124,L14+D3B+D3L|T|none
openood,inaturalist_seed124,L14+D3B+D3L,T,TINS,99.95773555555554,0.09,inaturalist,124,L14+D3B+D3L|T|TINS
openood,inaturalist_seed124,L14+D3B+D3L,T,TANL,99.94942733333332,0.1,inaturalist,124,L14+D3B+D3L|T|TANL
openood,inaturalist_seed124,L14+D3B+D3L,Tlp,none,99.88648433333331,0.21,inaturalist,124,L14+D3B+D3L|Tlp|none
openood,inaturalist_seed124,L14+D3B+D3L,Tlp,TINS,99.94678488888889,0.0699999999999999,inaturalist,124,L14+D3B+D3L|Tlp|TINS
openood,inaturalist_seed124,L14+D3B+D3L,Tlp,TANL,99.9229437777778,0.12,inaturalist,124,L14+D3B+D3L|Tlp|TANL
openood,inaturalist_seed124,L14+D3B+D3L,Tq0.05,none,99.94459433333334,0.11,inaturalist,124,L14+D3B+D3L|Tq0.05|none
openood,inaturalist_seed124,L14+D3B+D3L,Tq0.05,TINS,99.96137844444443,0.1,inaturalist,124,L14+D3B+D3L|Tq0.05|TINS
openood,inaturalist_seed124,L14+D3B+D3L,Tq0.05,TANL,99.9535738888889,0.09,inaturalist,124,L14+D3B+D3L|Tq0.05|TANL
openood,inaturalist_seed124,L14+D3B+D3L,Tq0.2,none,99.93344166666668,0.16,inaturalist,124,L14+D3B+D3L|Tq0.2|none
openood,inaturalist_seed124,L14+D3B+D3L,Tq0.2,TINS,99.95241333333334,0.12,inaturalist,124,L14+D3B+D3L|Tq0.2|TINS
openood,inaturalist_seed124,L14+D3B+D3L,Tq0.2,TANL,99.9428358888889,0.11,inaturalist,124,L14+D3B+D3L|Tq0.2|TANL
openood,inaturalist_seed124,L14+D3B+D3L,Tnn,none,99.94987122222224,0.1,inaturalist,124,L14+D3B+D3L|Tnn|none
openood,inaturalist_seed124,L14+D3B+D3L,Tnn,TINS,99.96030933333331,0.08,inaturalist,124,L14+D3B+D3L|Tnn|TINS
openood,inaturalist_seed124,L14+D3B+D3L,Tnn,TANL,99.95448555555556,0.09,inaturalist,124,L14+D3B+D3L|Tnn|TANL
openood,inaturalist_seed124,L14+D3B+D3L,Tk20,none,99.9470512222222,0.08,inaturalist,124,L14+D3B+D3L|Tk20|none
openood,inaturalist_seed124,L14+D3B+D3L,Tk20,TINS,99.96387244444443,0.06,inaturalist,124,L14+D3B+D3L|Tk20|TINS
openood,inaturalist_seed124,L14+D3B+D3L,Tk20,TANL,99.955896,0.0699999999999999,inaturalist,124,L14+D3B+D3L|Tk20|TANL
openood,inaturalist_seed124,L14+D3B+D3L,Tlp20,none,99.90011877777778,0.11,inaturalist,124,L14+D3B+D3L|Tlp20|none
openood,inaturalist_seed124,L14+D3B+D3L,Tlp20,TINS,99.95030266666666,0.06,inaturalist,124,L14+D3B+D3L|Tlp20|TINS
openood,inaturalist_seed124,L14+D3B+D3L,Tlp20,TANL,99.92862233333334,0.09,inaturalist,124,L14+D3B+D3L|Tlp20|TANL
openood,inaturalist_seed124,L14+D3B+D3L,SL,none,99.909537,0.25,inaturalist,124,L14+D3B+D3L|SL|none
openood,inaturalist_seed124,L14+D3B+D3L,SL,TINS,99.945464,0.1399999999999999,inaturalist,124,L14+D3B+D3L|SL|TINS
openood,inaturalist_seed124,L14+D3B+D3L,SL,TANL,99.92983155555557,0.16,inaturalist,124,L14+D3B+D3L|SL|TANL
openood,inaturalist_seed124,L14+D3B+D3L,static,none,99.2572658888889,2.83,inaturalist,124,L14+D3B+D3L|static|none
openood,inaturalist_seed124,L14+D3B+D3L,static,TINS,99.91558222222224,0.35,inaturalist,124,L14+D3B+D3L|static|TINS
openood,inaturalist_seed124,L14+D3B+D3L,static,TANL,99.7625962222222,0.94,inaturalist,124,L14+D3B+D3L|static|TANL
openood,inaturalist_seed124,B14+L14+D3L,T,none,99.93574344444444,0.13,inaturalist,124,B14+L14+D3L|T|none
openood,inaturalist_seed124,B14+L14+D3L,T,TINS,99.955506,0.09,inaturalist,124,B14+L14+D3L|T|TINS
openood,inaturalist_seed124,B14+L14+D3L,T,TANL,99.94536633333333,0.11,inaturalist,124,B14+L14+D3L|T|TANL
openood,inaturalist_seed124,B14+L14+D3L,Tlp,none,99.87751477777778,0.2299999999999999,inaturalist,124,B14+L14+D3L|Tlp|none
openood,inaturalist_seed124,B14+L14+D3L,Tlp,TINS,99.94613266666668,0.09,inaturalist,124,B14+L14+D3L|Tlp|TINS
openood,inaturalist_seed124,B14+L14+D3L,Tlp,TANL,99.91802855555557,0.15,inaturalist,124,B14+L14+D3L|Tlp|TANL
openood,inaturalist_seed124,B14+L14+D3L,Tq0.05,none,99.94083422222224,0.1399999999999999,inaturalist,124,B14+L14+D3L|Tq0.05|none
openood,inaturalist_seed124,B14+L14+D3L,Tq0.05,TINS,99.95986422222222,0.08,inaturalist,124,B14+L14+D3L|Tq0.05|TINS
openood,inaturalist_seed124,B14+L14+D3L,Tq0.05,TANL,99.95053266666667,0.1,inaturalist,124,B14+L14+D3L|Tq0.05|TANL
openood,inaturalist_seed124,B14+L14+D3L,Tq0.2,none,99.92798066666666,0.18,inaturalist,124,B14+L14+D3L|Tq0.2|none
openood,inaturalist_seed124,B14+L14+D3L,Tq0.2,TINS,99.95046777777776,0.12,inaturalist,124,B14+L14+D3L|Tq0.2|TINS
openood,inaturalist_seed124,B14+L14+D3L,Tq0.2,TANL,99.93884222222222,0.16,inaturalist,124,B14+L14+D3L|Tq0.2|TANL
openood,inaturalist_seed124,B14+L14+D3L,Tnn,none,99.941913,0.12,inaturalist,124,B14+L14+D3L|Tnn|none
openood,inaturalist_seed124,B14+L14+D3L,Tnn,TINS,99.95613222222222,0.09,inaturalist,124,B14+L14+D3L|Tnn|TINS
openood,inaturalist_seed124,B14+L14+D3L,Tnn,TANL,99.94773111111112,0.1,inaturalist,124,B14+L14+D3L|Tnn|TANL
openood,inaturalist_seed124,B14+L14+D3L,Tk20,none,99.94417011111112,0.09,inaturalist,124,B14+L14+D3L|Tk20|none
openood,inaturalist_seed124,B14+L14+D3L,Tk20,TINS,99.96273866666668,0.0699999999999999,inaturalist,124,B14+L14+D3L|Tk20|TINS
openood,inaturalist_seed124,B14+L14+D3L,Tk20,TANL,99.953321,0.08,inaturalist,124,B14+L14+D3L|Tk20|TANL
openood,inaturalist_seed124,B14+L14+D3L,Tlp20,none,99.88925977777778,0.12,inaturalist,124,B14+L14+D3L|Tlp20|none
openood,inaturalist_seed124,B14+L14+D3L,Tlp20,TINS,99.94900555555556,0.08,inaturalist,124,B14+L14+D3L|Tlp20|TINS
openood,inaturalist_seed124,B14+L14+D3L,Tlp20,TANL,99.92238344444443,0.09,inaturalist,124,B14+L14+D3L|Tlp20|TANL
openood,inaturalist_seed124,B14+L14+D3L,SL,none,99.90646933333332,0.26,inaturalist,124,B14+L14+D3L|SL|none
openood,inaturalist_seed124,B14+L14+D3L,SL,TINS,99.9449551111111,0.1399999999999999,inaturalist,124,B14+L14+D3L|SL|TINS
openood,inaturalist_seed124,B14+L14+D3L,SL,TANL,99.92686622222222,0.21,inaturalist,124,B14+L14+D3L|SL|TANL
openood,inaturalist_seed124,B14+L14+D3L,static,none,99.3645518888889,2.47,inaturalist,124,B14+L14+D3L|static|none
openood,inaturalist_seed124,B14+L14+D3L,static,TINS,99.92378177777778,0.27,inaturalist,124,B14+L14+D3L|static|TINS
openood,inaturalist_seed124,B14+L14+D3L,static,TANL,99.78752,0.6799999999999999,inaturalist,124,B14+L14+D3L|static|TANL
openood,inaturalist_seed124,B14+L14+D3B+D3L,T,none,99.9396561111111,0.13,inaturalist,124,B14+L14+D3B+D3L|T|none
openood,inaturalist_seed124,B14+L14+D3B+D3L,T,TINS,99.954532,0.1,inaturalist,124,B14+L14+D3B+D3L|T|TINS
openood,inaturalist_seed124,B14+L14+D3B+D3L,T,TANL,99.94669644444446,0.11,inaturalist,124,B14+L14+D3B+D3L|T|TANL
openood,inaturalist_seed124,B14+L14+D3B+D3L,Tlp,none,99.88445022222224,0.19,inaturalist,124,B14+L14+D3B+D3L|Tlp|none
openood,inaturalist_seed124,B14+L14+D3B+D3L,Tlp,TINS,99.94170711111111,0.1,inaturalist,124,B14+L14+D3B+D3L|Tlp|TINS
openood,inaturalist_seed124,B14+L14+D3B+D3L,Tlp,TANL,99.91657766666668,0.1399999999999999,inaturalist,124,B14+L14+D3B+D3L|Tlp|TANL
openood,inaturalist_seed124,B14+L14+D3B+D3L,Tq0.05,none,99.944157,0.11,inaturalist,124,B14+L14+D3B+D3L|Tq0.05|none
openood,inaturalist_seed124,B14+L14+D3B+D3L,Tq0.05,TINS,99.95882600000002,0.1,inaturalist,124,B14+L14+D3B+D3L|Tq0.05|TINS
openood,inaturalist_seed124,B14+L14+D3B+D3L,Tq0.05,TANL,99.95139133333332,0.1,inaturalist,124,B14+L14+D3B+D3L|Tq0.05|TANL
openood,inaturalist_seed124,B14+L14+D3B+D3L,Tq0.2,none,99.93261955555556,0.1399999999999999,inaturalist,124,B14+L14+D3B+D3L|Tq0.2|none
openood,inaturalist_seed124,B14+L14+D3B+D3L,Tq0.2,TINS,99.94925622222225,0.12,inaturalist,124,B14+L14+D3B+D3L|Tq0.2|TINS
openood,inaturalist_seed124,B14+L14+D3B+D3L,Tq0.2,TANL,99.94033888888887,0.13,inaturalist,124,B14+L14+D3B+D3L|Tq0.2|TANL
openood,inaturalist_seed124,B14+L14+D3B+D3L,Tnn,none,99.9475582222222,0.11,inaturalist,124,B14+L14+D3B+D3L|Tnn|none
openood,inaturalist_seed124,B14+L14+D3B+D3L,Tnn,TINS,99.9566662222222,0.1,inaturalist,124,B14+L14+D3B+D3L|Tnn|TINS
openood,inaturalist_seed124,B14+L14+D3B+D3L,Tnn,TANL,99.95123577777778,0.11,inaturalist,124,B14+L14+D3B+D3L|Tnn|TANL
openood,inaturalist_seed124,B14+L14+D3B+D3L,Tk20,none,99.9459042222222,0.08,inaturalist,124,B14+L14+D3B+D3L|Tk20|none
openood,inaturalist_seed124,B14+L14+D3B+D3L,Tk20,TINS,99.96121288888888,0.0699999999999999,inaturalist,124,B14+L14+D3B+D3L|Tk20|TINS
openood,inaturalist_seed124,B14+L14+D3B+D3L,Tk20,TANL,99.95323122222224,0.0699999999999999,inaturalist,124,B14+L14+D3B+D3L|Tk20|TANL
openood,inaturalist_seed124,B14+L14+D3B+D3L,Tlp20,none,99.89425644444444,0.11,inaturalist,124,B14+L14+D3B+D3L|Tlp20|none
openood,inaturalist_seed124,B14+L14+D3B+D3L,Tlp20,TINS,99.94506266666669,0.08,inaturalist,124,B14+L14+D3B+D3L|Tlp20|TINS
openood,inaturalist_seed124,B14+L14+D3B+D3L,Tlp20,TANL,99.92124966666668,0.09,inaturalist,124,B14+L14+D3B+D3L|Tlp20|TANL
openood,inaturalist_seed124,B14+L14+D3B+D3L,SL,none,99.90891711111112,0.27,inaturalist,124,B14+L14+D3B+D3L|SL|none
openood,inaturalist_seed124,B14+L14+D3B+D3L,SL,TINS,99.93906577777778,0.16,inaturalist,124,B14+L14+D3B+D3L|SL|TINS
openood,inaturalist_seed124,B14+L14+D3B+D3L,SL,TANL,99.9244451111111,0.25,inaturalist,124,B14+L14+D3B+D3L|SL|TANL
openood,inaturalist_seed124,B14+L14+D3B+D3L,static,none,99.352403,2.43,inaturalist,124,B14+L14+D3B+D3L|static|none
openood,inaturalist_seed124,B14+L14+D3B+D3L,static,TINS,99.89301244444444,0.4599999999999999,inaturalist,124,B14+L14+D3B+D3L|static|TINS
openood,inaturalist_seed124,B14+L14+D3B+D3L,static,TANL,99.72984777777776,1.05,inaturalist,124,B14+L14+D3B+D3L|static|TANL
openood,inaturalist_seed124,B14+L14,T,none,99.915223,0.2299999999999999,inaturalist,124,B14+L14|T|none
openood,inaturalist_seed124,B14+L14,T,TINS,99.94999511111112,0.13,inaturalist,124,B14+L14|T|TINS
openood,inaturalist_seed124,B14+L14,T,TANL,99.93309855555556,0.19,inaturalist,124,B14+L14|T|TANL
openood,inaturalist_seed124,B14+L14,Tlp,none,99.8385152222222,0.32,inaturalist,124,B14+L14|Tlp|none
openood,inaturalist_seed124,B14+L14,Tlp,TINS,99.94446844444444,0.12,inaturalist,124,B14+L14|Tlp|TINS
openood,inaturalist_seed124,B14+L14,Tlp,TANL,99.90397311111111,0.2299999999999999,inaturalist,124,B14+L14|Tlp|TANL
openood,inaturalist_seed124,B14+L14,Tq0.05,none,99.92239611111113,0.22,inaturalist,124,B14+L14|Tq0.05|none
openood,inaturalist_seed124,B14+L14,Tq0.05,TINS,99.95498177777776,0.11,inaturalist,124,B14+L14|Tq0.05|TINS
openood,inaturalist_seed124,B14+L14,Tq0.05,TANL,99.93984044444444,0.15,inaturalist,124,B14+L14|Tq0.05|TANL
openood,inaturalist_seed124,B14+L14,Tq0.2,none,99.90425266666666,0.2799999999999999,inaturalist,124,B14+L14|Tq0.2|none
openood,inaturalist_seed124,B14+L14,Tq0.2,TINS,99.94492244444444,0.16,inaturalist,124,B14+L14|Tq0.2|TINS
openood,inaturalist_seed124,B14+L14,Tq0.2,TANL,99.92503255555556,0.24,inaturalist,124,B14+L14|Tq0.2|TANL
openood,inaturalist_seed124,B14+L14,Tnn,none,99.91725177777778,0.21,inaturalist,124,B14+L14|Tnn|none
openood,inaturalist_seed124,B14+L14,Tnn,TINS,99.947634,0.16,inaturalist,124,B14+L14|Tnn|TINS
openood,inaturalist_seed124,B14+L14,Tnn,TANL,99.93138444444445,0.19,inaturalist,124,B14+L14|Tnn|TANL
openood,inaturalist_seed124,B14+L14,Tk20,none,99.92398144444444,0.13,inaturalist,124,B14+L14|Tk20|none
openood,inaturalist_seed124,B14+L14,Tk20,TINS,99.95772133333332,0.09,inaturalist,124,B14+L14|Tk20|TINS
openood,inaturalist_seed124,B14+L14,Tk20,TANL,99.94252166666666,0.1,inaturalist,124,B14+L14|Tk20|TANL
openood,inaturalist_seed124,B14+L14,Tlp20,none,99.85719677777776,0.21,inaturalist,124,B14+L14|Tlp20|none
openood,inaturalist_seed124,B14+L14,Tlp20,TINS,99.947258,0.09,inaturalist,124,B14+L14|Tlp20|TINS
openood,inaturalist_seed124,B14+L14,Tlp20,TANL,99.91127144444444,0.16,inaturalist,124,B14+L14|Tlp20|TANL
openood,inaturalist_seed124,B14+L14,SL,none,99.87383633333334,0.35,inaturalist,124,B14+L14|SL|none
openood,inaturalist_seed124,B14+L14,SL,TINS,99.9429502222222,0.15,inaturalist,124,B14+L14|SL|TINS
openood,inaturalist_seed124,B14+L14,SL,TANL,99.91234577777776,0.26,inaturalist,124,B14+L14|SL|TANL
openood,inaturalist_seed124,B14+L14,static,none,99.27549844444444,2.59,inaturalist,124,B14+L14|static|none
openood,inaturalist_seed124,B14+L14,static,TINS,99.93962822222224,0.2,inaturalist,124,B14+L14|static|TINS
openood,inaturalist_seed124,B14+L14,static,TANL,99.82106044444444,0.52,inaturalist,124,B14+L14|static|TANL
openood,inaturalist_seed125,L14xD3L+D3L,T,none,99.9193051111111,0.12,inaturalist,125,L14xD3L+D3L|T|none
openood,inaturalist_seed125,L14xD3L+D3L,T,TINS,99.95858755555555,0.08,inaturalist,125,L14xD3L+D3L|T|TINS
openood,inaturalist_seed125,L14xD3L+D3L,T,TANL,99.9434661111111,0.12,inaturalist,125,L14xD3L+D3L|T|TANL
openood,inaturalist_seed125,L14xD3L+D3L,Tlp,none,99.850822,0.2799999999999999,inaturalist,125,L14xD3L+D3L|Tlp|none
openood,inaturalist_seed125,L14xD3L+D3L,Tlp,TINS,99.94935844444444,0.0699999999999999,inaturalist,125,L14xD3L+D3L|Tlp|TINS
openood,inaturalist_seed125,L14xD3L+D3L,Tlp,TANL,99.91681033333334,0.09,inaturalist,125,L14xD3L+D3L|Tlp|TANL
openood,inaturalist_seed125,L14xD3L+D3L,Tq0.05,none,99.92447933333332,0.11,inaturalist,125,L14xD3L+D3L|Tq0.05|none
openood,inaturalist_seed125,L14xD3L+D3L,Tq0.05,TINS,99.96166955555556,0.05,inaturalist,125,L14xD3L+D3L|Tq0.05|TINS
openood,inaturalist_seed125,L14xD3L+D3L,Tq0.05,TANL,99.94754322222224,0.09,inaturalist,125,L14xD3L+D3L|Tq0.05|TANL
openood,inaturalist_seed125,L14xD3L+D3L,Tq0.2,none,99.91433611111113,0.16,inaturalist,125,L14xD3L+D3L|Tq0.2|none
openood,inaturalist_seed125,L14xD3L+D3L,Tq0.2,TINS,99.95509866666666,0.09,inaturalist,125,L14xD3L+D3L|Tq0.2|TINS
openood,inaturalist_seed125,L14xD3L+D3L,Tq0.2,TANL,99.93918355555556,0.12,inaturalist,125,L14xD3L+D3L|Tq0.2|TANL
openood,inaturalist_seed125,L14xD3L+D3L,Tnn,none,99.93220166666669,0.12,inaturalist,125,L14xD3L+D3L|Tnn|none
openood,inaturalist_seed125,L14xD3L+D3L,Tnn,TINS,99.96090111111111,0.1,inaturalist,125,L14xD3L+D3L|Tnn|TINS
openood,inaturalist_seed125,L14xD3L+D3L,Tnn,TANL,99.9492518888889,0.11,inaturalist,125,L14xD3L+D3L|Tnn|TANL
openood,inaturalist_seed125,L14xD3L+D3L,Tk20,none,99.942802,0.09,inaturalist,125,L14xD3L+D3L|Tk20|none
openood,inaturalist_seed125,L14xD3L+D3L,Tk20,TINS,99.96758044444444,0.06,inaturalist,125,L14xD3L+D3L|Tk20|TINS
openood,inaturalist_seed125,L14xD3L+D3L,Tk20,TANL,99.95484577777778,0.08,inaturalist,125,L14xD3L+D3L|Tk20|TANL
openood,inaturalist_seed125,L14xD3L+D3L,Tlp20,none,99.88589944444443,0.09,inaturalist,125,L14xD3L+D3L|Tlp20|none
openood,inaturalist_seed125,L14xD3L+D3L,Tlp20,TINS,99.954072,0.0699999999999999,inaturalist,125,L14xD3L+D3L|Tlp20|TINS
openood,inaturalist_seed125,L14xD3L+D3L,Tlp20,TANL,99.92505088888888,0.0699999999999999,inaturalist,125,L14xD3L+D3L|Tlp20|TANL
openood,inaturalist_seed125,L14+D3L,T,none,99.93484677777776,0.1399999999999999,inaturalist,125,L14+D3L|T|none
openood,inaturalist_seed125,L14+D3L,T,TINS,99.96003777777776,0.08,inaturalist,125,L14+D3L|T|TINS
openood,inaturalist_seed125,L14+D3L,T,TANL,99.94801133333333,0.12,inaturalist,125,L14+D3L|T|TANL
openood,inaturalist_seed125,L14+D3L,Tlp,none,99.87390266666668,0.25,inaturalist,125,L14+D3L|Tlp|none
openood,inaturalist_seed125,L14+D3L,Tlp,TINS,99.9520877777778,0.0699999999999999,inaturalist,125,L14+D3L|Tlp|TINS
openood,inaturalist_seed125,L14+D3L,Tlp,TANL,99.92457144444444,0.11,inaturalist,125,L14+D3L|Tlp|TANL
openood,inaturalist_seed125,L14+D3L,Tq0.05,none,99.94011766666668,0.12,inaturalist,125,L14+D3L|Tq0.05|none
openood,inaturalist_seed125,L14+D3L,Tq0.05,TINS,99.96349844444444,0.0699999999999999,inaturalist,125,L14+D3L|Tq0.05|TINS
openood,inaturalist_seed125,L14+D3L,Tq0.05,TANL,99.95255533333334,0.08,inaturalist,125,L14+D3L|Tq0.05|TANL
openood,inaturalist_seed125,L14+D3L,Tq0.2,none,99.92632477777778,0.15,inaturalist,125,L14+D3L|Tq0.2|none
openood,inaturalist_seed125,L14+D3L,Tq0.2,TINS,99.95494933333332,0.09,inaturalist,125,L14+D3L|Tq0.2|TINS
openood,inaturalist_seed125,L14+D3L,Tq0.2,TANL,99.94160122222222,0.13,inaturalist,125,L14+D3L|Tq0.2|TANL
openood,inaturalist_seed125,L14+D3L,Tnn,none,99.9420887777778,0.13,inaturalist,125,L14+D3L|Tnn|none
openood,inaturalist_seed125,L14+D3L,Tnn,TINS,99.96147866666666,0.09,inaturalist,125,L14+D3L|Tnn|TINS
openood,inaturalist_seed125,L14+D3L,Tnn,TANL,99.95144111111112,0.1,inaturalist,125,L14+D3L|Tnn|TANL
openood,inaturalist_seed125,L14+D3L,Tk20,none,99.94495911111112,0.09,inaturalist,125,L14+D3L|Tk20|none
openood,inaturalist_seed125,L14+D3L,Tk20,TINS,99.96701288888887,0.0699999999999999,inaturalist,125,L14+D3L|Tk20|TINS
openood,inaturalist_seed125,L14+D3L,Tk20,TANL,99.95610566666666,0.08,inaturalist,125,L14+D3L|Tk20|TANL
openood,inaturalist_seed125,L14+D3L,Tlp20,none,99.89418355555554,0.12,inaturalist,125,L14+D3L|Tlp20|none
openood,inaturalist_seed125,L14+D3L,Tlp20,TINS,99.95537911111111,0.06,inaturalist,125,L14+D3L|Tlp20|TINS
openood,inaturalist_seed125,L14+D3L,Tlp20,TANL,99.92965488888888,0.08,inaturalist,125,L14+D3L|Tlp20|TANL
openood,inaturalist_seed125,L14+D3L,SL,none,99.90847855555556,0.2,inaturalist,125,L14+D3L|SL|none
openood,inaturalist_seed125,L14+D3L,SL,TINS,99.9535837777778,0.11,inaturalist,125,L14+D3L|SL|TINS
openood,inaturalist_seed125,L14+D3L,SL,TANL,99.93379222222222,0.13,inaturalist,125,L14+D3L|SL|TANL
openood,inaturalist_seed125,L14+D3L,static,none,99.21268388888888,2.97,inaturalist,125,L14+D3L|static|none
openood,inaturalist_seed125,L14+D3L,static,TINS,99.945414,0.16,inaturalist,125,L14+D3L|static|TINS
openood,inaturalist_seed125,L14+D3L,static,TANL,99.83480844444443,0.49,inaturalist,125,L14+D3L|static|TANL
openood,inaturalist_seed125,D3L,T,none,99.91659622222222,0.19,inaturalist,125,D3L|T|none
openood,inaturalist_seed125,D3L,T,TINS,99.96203977777776,0.0699999999999999,inaturalist,125,D3L|T|TINS
openood,inaturalist_seed125,D3L,T,TANL,99.94267311111112,0.1399999999999999,inaturalist,125,D3L|T|TANL
openood,inaturalist_seed125,D3L,Tlp,none,99.84553688888889,0.31,inaturalist,125,D3L|Tlp|none
openood,inaturalist_seed125,D3L,Tlp,TINS,99.95275155555557,0.06,inaturalist,125,D3L|Tlp|TINS
openood,inaturalist_seed125,D3L,Tlp,TANL,99.922649,0.1,inaturalist,125,D3L|Tlp|TANL
openood,inaturalist_seed125,D3L,Tq0.05,none,99.92094866666667,0.16,inaturalist,125,D3L|Tq0.05|none
openood,inaturalist_seed125,D3L,Tq0.05,TINS,99.96401044444444,0.0699999999999999,inaturalist,125,D3L|Tq0.05|TINS
openood,inaturalist_seed125,D3L,Tq0.05,TANL,99.94640966666668,0.1,inaturalist,125,D3L|Tq0.05|TANL
openood,inaturalist_seed125,D3L,Tq0.2,none,99.91136488888888,0.19,inaturalist,125,D3L|Tq0.2|none
openood,inaturalist_seed125,D3L,Tq0.2,TINS,99.95846355555555,0.0699999999999999,inaturalist,125,D3L|Tq0.2|TINS
openood,inaturalist_seed125,D3L,Tq0.2,TANL,99.93911677777778,0.15,inaturalist,125,D3L|Tq0.2|TANL
openood,inaturalist_seed125,D3L,Tnn,none,99.9382561111111,0.16,inaturalist,125,D3L|Tnn|none
openood,inaturalist_seed125,D3L,Tnn,TINS,99.96717622222222,0.08,inaturalist,125,D3L|Tnn|TINS
openood,inaturalist_seed125,D3L,Tnn,TANL,99.95553188888888,0.1399999999999999,inaturalist,125,D3L|Tnn|TANL
openood,inaturalist_seed125,D3L,Tk20,none,99.93348166666664,0.11,inaturalist,125,D3L|Tk20|none
openood,inaturalist_seed125,D3L,Tk20,TINS,99.96817533333336,0.06,inaturalist,125,D3L|Tk20|TINS
openood,inaturalist_seed125,D3L,Tk20,TANL,99.95117222222224,0.0699999999999999,inaturalist,125,D3L|Tk20|TANL
openood,inaturalist_seed125,D3L,Tlp20,none,99.87798166666666,0.12,inaturalist,125,D3L|Tlp20|none
openood,inaturalist_seed125,D3L,Tlp20,TINS,99.95548555555555,0.03,inaturalist,125,D3L|Tlp20|TINS
openood,inaturalist_seed125,D3L,Tlp20,TANL,99.92712377777778,0.06,inaturalist,125,D3L|Tlp20|TANL
openood,inaturalist_seed125,D3L,SL,none,99.89942988888887,0.27,inaturalist,125,D3L|SL|none
openood,inaturalist_seed125,D3L,SL,TINS,99.958736,0.1,inaturalist,125,D3L|SL|TINS
openood,inaturalist_seed125,D3L,SL,TANL,99.9387882222222,0.1399999999999999,inaturalist,125,D3L|SL|TANL
openood,inaturalist_seed125,D3L,static,none,98.9569892222222,3.98,inaturalist,125,D3L|static|none
openood,inaturalist_seed125,D3L,static,TINS,99.95108533333334,0.11,inaturalist,125,D3L|static|TINS
openood,inaturalist_seed125,D3L,static,TANL,99.87606077777778,0.48,inaturalist,125,D3L|static|TANL
openood,inaturalist_seed125,L14,T,none,99.88401722222224,0.37,inaturalist,125,L14|T|none
openood,inaturalist_seed125,L14,T,TINS,99.95543,0.13,inaturalist,125,L14|T|TINS
openood,inaturalist_seed125,L14,T,TANL,99.92955488888887,0.2,inaturalist,125,L14|T|TANL
openood,inaturalist_seed125,L14,Tlp,none,99.79515388888888,0.5599999999999999,inaturalist,125,L14|Tlp|none
openood,inaturalist_seed125,L14,Tlp,TINS,99.949378,0.08,inaturalist,125,L14|Tlp|TINS
openood,inaturalist_seed125,L14,Tlp,TANL,99.90736400000002,0.21,inaturalist,125,L14|Tlp|TANL
openood,inaturalist_seed125,L14,Tq0.05,none,99.89962366666666,0.24,inaturalist,125,L14|Tq0.05|none
openood,inaturalist_seed125,L14,Tq0.05,TINS,99.95928533333333,0.0699999999999999,inaturalist,125,L14|Tq0.05|TINS
openood,inaturalist_seed125,L14,Tq0.05,TANL,99.93733633333332,0.13,inaturalist,125,L14|Tq0.05|TANL
openood,inaturalist_seed125,L14,Tq0.2,none,99.8636887777778,0.42,inaturalist,125,L14|Tq0.2|none
openood,inaturalist_seed125,L14,Tq0.2,TINS,99.9507277777778,0.15,inaturalist,125,L14|Tq0.2|TINS
openood,inaturalist_seed125,L14,Tq0.2,TANL,99.91915266666666,0.2799999999999999,inaturalist,125,L14|Tq0.2|TANL
openood,inaturalist_seed125,L14,Tnn,none,99.86109177777776,0.32,inaturalist,125,L14|Tnn|none
openood,inaturalist_seed125,L14,Tnn,TINS,99.95247822222224,0.15,inaturalist,125,L14|Tnn|TINS
openood,inaturalist_seed125,L14,Tnn,TANL,99.92327633333332,0.21,inaturalist,125,L14|Tnn|TANL
openood,inaturalist_seed125,L14,Tk20,none,99.90392933333337,0.15,inaturalist,125,L14|Tk20|none
openood,inaturalist_seed125,L14,Tk20,TINS,99.96206666666669,0.08,inaturalist,125,L14|Tk20|TINS
openood,inaturalist_seed125,L14,Tk20,TANL,99.9400478888889,0.11,inaturalist,125,L14|Tk20|TANL
openood,inaturalist_seed125,L14,Tlp20,none,99.84121388888887,0.29,inaturalist,125,L14|Tlp20|none
openood,inaturalist_seed125,L14,Tlp20,TINS,99.95357444444444,0.06,inaturalist,125,L14|Tlp20|TINS
openood,inaturalist_seed125,L14,Tlp20,TANL,99.91455533333333,0.16,inaturalist,125,L14|Tlp20|TANL
openood,inaturalist_seed125,L14,SL,none,99.81010144444444,0.4,inaturalist,125,L14|SL|none
openood,inaturalist_seed125,L14,SL,TINS,99.95462666666668,0.1,inaturalist,125,L14|SL|TINS
openood,inaturalist_seed125,L14,SL,TANL,99.91165622222222,0.25,inaturalist,125,L14|SL|TANL
openood,inaturalist_seed125,L14,static,none,98.81709244444444,3.96,inaturalist,125,L14|static|none
openood,inaturalist_seed125,L14,static,TINS,99.95569,0.09,inaturalist,125,L14|static|TINS
openood,inaturalist_seed125,L14,static,TANL,99.86848211111112,0.3399999999999999,inaturalist,125,L14|static|TANL
openood,inaturalist_seed125,L14xD3L,T,none,99.88194444444444,0.1399999999999999,inaturalist,125,L14xD3L|T|none
openood,inaturalist_seed125,L14xD3L,T,TINS,99.95895555555556,0.05,inaturalist,125,L14xD3L|T|TINS
openood,inaturalist_seed125,L14xD3L,T,TANL,99.93745311111113,0.08,inaturalist,125,L14xD3L|T|TANL
openood,inaturalist_seed125,L14xD3L,Tlp,none,99.80618344444446,0.31,inaturalist,125,L14xD3L|Tlp|none
openood,inaturalist_seed125,L14xD3L,Tlp,TINS,99.95226955555556,0.0699999999999999,inaturalist,125,L14xD3L|Tlp|TINS
openood,inaturalist_seed125,L14xD3L,Tlp,TANL,99.91743055555555,0.1,inaturalist,125,L14xD3L|Tlp|TANL
openood,inaturalist_seed125,L14xD3L,Tq0.05,none,99.889109,0.13,inaturalist,125,L14xD3L|Tq0.05|none
openood,inaturalist_seed125,L14xD3L,Tq0.05,TINS,99.9617791111111,0.06,inaturalist,125,L14xD3L|Tq0.05|TINS
openood,inaturalist_seed125,L14xD3L,Tq0.05,TANL,99.9418621111111,0.0699999999999999,inaturalist,125,L14xD3L|Tq0.05|TANL
openood,inaturalist_seed125,L14xD3L,Tq0.2,none,99.87651277777778,0.1699999999999999,inaturalist,125,L14xD3L|Tq0.2|none
openood,inaturalist_seed125,L14xD3L,Tq0.2,TINS,99.95792355555557,0.0699999999999999,inaturalist,125,L14xD3L|Tq0.2|TINS
openood,inaturalist_seed125,L14xD3L,Tq0.2,TANL,99.93447611111112,0.1,inaturalist,125,L14xD3L|Tq0.2|TANL
openood,inaturalist_seed125,L14xD3L,Tnn,none,99.90150533333336,0.13,inaturalist,125,L14xD3L|Tnn|none
openood,inaturalist_seed125,L14xD3L,Tnn,TINS,99.960672,0.08,inaturalist,125,L14xD3L|Tnn|TINS
openood,inaturalist_seed125,L14xD3L,Tnn,TANL,99.94402044444443,0.09,inaturalist,125,L14xD3L|Tnn|TANL
openood,inaturalist_seed125,L14xD3L,Tk20,none,99.93451455555554,0.1,inaturalist,125,L14xD3L|Tk20|none
openood,inaturalist_seed125,L14xD3L,Tk20,TINS,99.96692511111112,0.06,inaturalist,125,L14xD3L|Tk20|TINS
openood,inaturalist_seed125,L14xD3L,Tk20,TANL,99.9488378888889,0.08,inaturalist,125,L14xD3L|Tk20|TANL
openood,inaturalist_seed125,L14xD3L,Tlp20,none,99.865427,0.16,inaturalist,125,L14xD3L|Tlp20|none
openood,inaturalist_seed125,L14xD3L,Tlp20,TINS,99.95419511111112,0.05,inaturalist,125,L14xD3L|Tlp20|TINS
openood,inaturalist_seed125,L14xD3L,Tlp20,TANL,99.91930766666668,0.09,inaturalist,125,L14xD3L|Tlp20|TANL
openood,inaturalist_seed125,D3B+D3L,T,none,99.93031388888888,0.1699999999999999,inaturalist,125,D3B+D3L|T|none
openood,inaturalist_seed125,D3B+D3L,T,TINS,99.95715355555556,0.11,inaturalist,125,D3B+D3L|T|TINS
openood,inaturalist_seed125,D3B+D3L,T,TANL,99.94305055555556,0.15,inaturalist,125,D3B+D3L|T|TANL
openood,inaturalist_seed125,D3B+D3L,Tlp,none,99.86802366666666,0.26,inaturalist,125,D3B+D3L|Tlp|none
openood,inaturalist_seed125,D3B+D3L,Tlp,TINS,99.94753666666666,0.1,inaturalist,125,D3B+D3L|Tlp|TINS
openood,inaturalist_seed125,D3B+D3L,Tlp,TANL,99.91809755555556,0.1399999999999999,inaturalist,125,D3B+D3L|Tlp|TANL
openood,inaturalist_seed125,D3B+D3L,Tq0.05,none,99.93222033333332,0.15,inaturalist,125,D3B+D3L|Tq0.05|none
openood,inaturalist_seed125,D3B+D3L,Tq0.05,TINS,99.96042955555558,0.1,inaturalist,125,D3B+D3L|Tq0.05|TINS
openood,inaturalist_seed125,D3B+D3L,Tq0.05,TANL,99.94660244444444,0.11,inaturalist,125,D3B+D3L|Tq0.05|TANL
openood,inaturalist_seed125,D3B+D3L,Tq0.2,none,99.92299633333332,0.21,inaturalist,125,D3B+D3L|Tq0.2|none
openood,inaturalist_seed125,D3B+D3L,Tq0.2,TINS,99.95186133333333,0.13,inaturalist,125,D3B+D3L|Tq0.2|TINS
openood,inaturalist_seed125,D3B+D3L,Tq0.2,TANL,99.93713033333331,0.18,inaturalist,125,D3B+D3L|Tq0.2|TANL
openood,inaturalist_seed125,D3B+D3L,Tnn,none,99.94817855555556,0.16,inaturalist,125,D3B+D3L|Tnn|none
openood,inaturalist_seed125,D3B+D3L,Tnn,TINS,99.96158044444444,0.11,inaturalist,125,D3B+D3L|Tnn|TINS
openood,inaturalist_seed125,D3B+D3L,Tnn,TANL,99.95475455555555,0.1399999999999999,inaturalist,125,D3B+D3L|Tnn|TANL
openood,inaturalist_seed125,D3B+D3L,Tk20,none,99.93781577777776,0.12,inaturalist,125,D3B+D3L|Tk20|none
openood,inaturalist_seed125,D3B+D3L,Tk20,TINS,99.963328,0.0699999999999999,inaturalist,125,D3B+D3L|Tk20|TINS
openood,inaturalist_seed125,D3B+D3L,Tk20,TANL,99.94979666666669,0.1,inaturalist,125,D3B+D3L|Tk20|TANL
openood,inaturalist_seed125,D3B+D3L,Tlp20,none,99.888386,0.13,inaturalist,125,D3B+D3L|Tlp20|none
openood,inaturalist_seed125,D3B+D3L,Tlp20,TINS,99.95080177777776,0.05,inaturalist,125,D3B+D3L|Tlp20|TINS
openood,inaturalist_seed125,D3B+D3L,Tlp20,TANL,99.92469211111111,0.09,inaturalist,125,D3B+D3L|Tlp20|TANL
openood,inaturalist_seed125,D3B+D3L,SL,none,99.90225311111112,0.27,inaturalist,125,D3B+D3L|SL|none
openood,inaturalist_seed125,D3B+D3L,SL,TINS,99.94570911111111,0.13,inaturalist,125,D3B+D3L|SL|TINS
openood,inaturalist_seed125,D3B+D3L,SL,TANL,99.92791711111111,0.19,inaturalist,125,D3B+D3L|SL|TANL
openood,inaturalist_seed125,D3B+D3L,static,none,99.00058755555555,3.77,inaturalist,125,D3B+D3L|static|none
openood,inaturalist_seed125,D3B+D3L,static,TINS,99.921784,0.2799999999999999,inaturalist,125,D3B+D3L|static|TINS
openood,inaturalist_seed125,D3B+D3L,static,TANL,99.77684055555557,0.84,inaturalist,125,D3B+D3L|static|TANL
openood,inaturalist_seed125,L14+D3B+D3L,T,none,99.940802,0.11,inaturalist,125,L14+D3B+D3L|T|none
openood,inaturalist_seed125,L14+D3B+D3L,T,TINS,99.9577228888889,0.09,inaturalist,125,L14+D3B+D3L|T|TINS
openood,inaturalist_seed125,L14+D3B+D3L,T,TANL,99.94901466666668,0.1,inaturalist,125,L14+D3B+D3L|T|TANL
openood,inaturalist_seed125,L14+D3B+D3L,Tlp,none,99.88648633333334,0.21,inaturalist,125,L14+D3B+D3L|Tlp|none
openood,inaturalist_seed125,L14+D3B+D3L,Tlp,TINS,99.94677444444444,0.0699999999999999,inaturalist,125,L14+D3B+D3L|Tlp|TINS
openood,inaturalist_seed125,L14+D3B+D3L,Tlp,TANL,99.9221262222222,0.12,inaturalist,125,L14+D3B+D3L|Tlp|TANL
openood,inaturalist_seed125,L14+D3B+D3L,Tq0.05,none,99.94459455555555,0.11,inaturalist,125,L14+D3B+D3L|Tq0.05|none
openood,inaturalist_seed125,L14+D3B+D3L,Tq0.05,TINS,99.9614882222222,0.08,inaturalist,125,L14+D3B+D3L|Tq0.05|TINS
openood,inaturalist_seed125,L14+D3B+D3L,Tq0.05,TANL,99.95309,0.09,inaturalist,125,L14+D3B+D3L|Tq0.05|TANL
openood,inaturalist_seed125,L14+D3B+D3L,Tq0.2,none,99.93344166666664,0.16,inaturalist,125,L14+D3B+D3L|Tq0.2|none
openood,inaturalist_seed125,L14+D3B+D3L,Tq0.2,TINS,99.9523668888889,0.11,inaturalist,125,L14+D3B+D3L|Tq0.2|TINS
openood,inaturalist_seed125,L14+D3B+D3L,Tq0.2,TANL,99.94266111111112,0.11,inaturalist,125,L14+D3B+D3L|Tq0.2|TANL
openood,inaturalist_seed125,L14+D3B+D3L,Tnn,none,99.94987166666668,0.1,inaturalist,125,L14+D3B+D3L|Tnn|none
openood,inaturalist_seed125,L14+D3B+D3L,Tnn,TINS,99.960378,0.08,inaturalist,125,L14+D3B+D3L|Tnn|TINS
openood,inaturalist_seed125,L14+D3B+D3L,Tnn,TANL,99.95461177777776,0.09,inaturalist,125,L14+D3B+D3L|Tnn|TANL
openood,inaturalist_seed125,L14+D3B+D3L,Tk20,none,99.9470512222222,0.08,inaturalist,125,L14+D3B+D3L|Tk20|none
openood,inaturalist_seed125,L14+D3B+D3L,Tk20,TINS,99.9643671111111,0.06,inaturalist,125,L14+D3B+D3L|Tk20|TINS
openood,inaturalist_seed125,L14+D3B+D3L,Tk20,TANL,99.95534966666668,0.0699999999999999,inaturalist,125,L14+D3B+D3L|Tk20|TANL
openood,inaturalist_seed125,L14+D3B+D3L,Tlp20,none,99.90011877777778,0.11,inaturalist,125,L14+D3B+D3L|Tlp20|none
openood,inaturalist_seed125,L14+D3B+D3L,Tlp20,TINS,99.95068688888892,0.06,inaturalist,125,L14+D3B+D3L|Tlp20|TINS
openood,inaturalist_seed125,L14+D3B+D3L,Tlp20,TANL,99.92744844444444,0.08,inaturalist,125,L14+D3B+D3L|Tlp20|TANL
openood,inaturalist_seed125,L14+D3B+D3L,SL,none,99.91519844444446,0.2,inaturalist,125,L14+D3B+D3L|SL|none
openood,inaturalist_seed125,L14+D3B+D3L,SL,TINS,99.94611666666668,0.11,inaturalist,125,L14+D3B+D3L|SL|TINS
openood,inaturalist_seed125,L14+D3B+D3L,SL,TANL,99.9312931111111,0.16,inaturalist,125,L14+D3B+D3L|SL|TANL
openood,inaturalist_seed125,L14+D3B+D3L,static,none,99.2572658888889,2.83,inaturalist,125,L14+D3B+D3L|static|none
openood,inaturalist_seed125,L14+D3B+D3L,static,TINS,99.91622533333332,0.32,inaturalist,125,L14+D3B+D3L|static|TINS
openood,inaturalist_seed125,L14+D3B+D3L,static,TANL,99.76742522222224,0.89,inaturalist,125,L14+D3B+D3L|static|TANL
openood,inaturalist_seed125,B14+L14+D3L,T,none,99.93574433333336,0.13,inaturalist,125,B14+L14+D3L|T|none
openood,inaturalist_seed125,B14+L14+D3L,T,TINS,99.95545311111113,0.09,inaturalist,125,B14+L14+D3L|T|TINS
openood,inaturalist_seed125,B14+L14+D3L,T,TANL,99.94514611111111,0.12,inaturalist,125,B14+L14+D3L|T|TANL
openood,inaturalist_seed125,B14+L14+D3L,Tlp,none,99.87751433333332,0.2299999999999999,inaturalist,125,B14+L14+D3L|Tlp|none
openood,inaturalist_seed125,B14+L14+D3L,Tlp,TINS,99.94615733333336,0.08,inaturalist,125,B14+L14+D3L|Tlp|TINS
openood,inaturalist_seed125,B14+L14+D3L,Tlp,TANL,99.91760322222224,0.15,inaturalist,125,B14+L14+D3L|Tlp|TANL
openood,inaturalist_seed125,B14+L14+D3L,Tq0.05,none,99.94083400000002,0.1399999999999999,inaturalist,125,B14+L14+D3L|Tq0.05|none
openood,inaturalist_seed125,B14+L14+D3L,Tq0.05,TINS,99.95976955555555,0.09,inaturalist,125,B14+L14+D3L|Tq0.05|TINS
openood,inaturalist_seed125,B14+L14+D3L,Tq0.05,TANL,99.95015655555557,0.1,inaturalist,125,B14+L14+D3L|Tq0.05|TANL
openood,inaturalist_seed125,B14+L14+D3L,Tq0.2,none,99.92797933333333,0.18,inaturalist,125,B14+L14+D3L|Tq0.2|none
openood,inaturalist_seed125,B14+L14+D3L,Tq0.2,TINS,99.95038088888889,0.1399999999999999,inaturalist,125,B14+L14+D3L|Tq0.2|TINS
openood,inaturalist_seed125,B14+L14+D3L,Tq0.2,TANL,99.93884133333331,0.16,inaturalist,125,B14+L14+D3L|Tq0.2|TANL
openood,inaturalist_seed125,B14+L14+D3L,Tnn,none,99.94191366666666,0.12,inaturalist,125,B14+L14+D3L|Tnn|none
openood,inaturalist_seed125,B14+L14+D3L,Tnn,TINS,99.95601666666668,0.09,inaturalist,125,B14+L14+D3L|Tnn|TINS
openood,inaturalist_seed125,B14+L14+D3L,Tnn,TANL,99.94796888888888,0.11,inaturalist,125,B14+L14+D3L|Tnn|TANL
openood,inaturalist_seed125,B14+L14+D3L,Tk20,none,99.94417011111112,0.09,inaturalist,125,B14+L14+D3L|Tk20|none
openood,inaturalist_seed125,B14+L14+D3L,Tk20,TINS,99.96301311111112,0.0699999999999999,inaturalist,125,B14+L14+D3L|Tk20|TINS
openood,inaturalist_seed125,B14+L14+D3L,Tk20,TANL,99.95301288888888,0.08,inaturalist,125,B14+L14+D3L|Tk20|TANL
openood,inaturalist_seed125,B14+L14+D3L,Tlp20,none,99.88926,0.12,inaturalist,125,B14+L14+D3L|Tlp20|none
openood,inaturalist_seed125,B14+L14+D3L,Tlp20,TINS,99.94918155555555,0.08,inaturalist,125,B14+L14+D3L|Tlp20|TINS
openood,inaturalist_seed125,B14+L14+D3L,Tlp20,TANL,99.92183277777778,0.09,inaturalist,125,B14+L14+D3L|Tlp20|TANL
openood,inaturalist_seed125,B14+L14+D3L,SL,none,99.9097411111111,0.22,inaturalist,125,B14+L14+D3L|SL|none
openood,inaturalist_seed125,B14+L14+D3L,SL,TINS,99.94490044444446,0.11,inaturalist,125,B14+L14+D3L|SL|TINS
openood,inaturalist_seed125,B14+L14+D3L,SL,TANL,99.92772333333336,0.16,inaturalist,125,B14+L14+D3L|SL|TANL
openood,inaturalist_seed125,B14+L14+D3L,static,none,99.3645518888889,2.47,inaturalist,125,B14+L14+D3L|static|none
openood,inaturalist_seed125,B14+L14+D3L,static,TINS,99.92377288888888,0.3,inaturalist,125,B14+L14+D3L|static|TINS
openood,inaturalist_seed125,B14+L14+D3L,static,TANL,99.79140866666668,0.7000000000000001,inaturalist,125,B14+L14+D3L|static|TANL
openood,inaturalist_seed125,B14+L14+D3B+D3L,T,none,99.93965722222222,0.13,inaturalist,125,B14+L14+D3B+D3L|T|none
openood,inaturalist_seed125,B14+L14+D3B+D3L,T,TINS,99.95451644444444,0.1,inaturalist,125,B14+L14+D3B+D3L|T|TINS
openood,inaturalist_seed125,B14+L14+D3B+D3L,T,TANL,99.94650822222223,0.12,inaturalist,125,B14+L14+D3B+D3L|T|TANL
openood,inaturalist_seed125,B14+L14+D3B+D3L,Tlp,none,99.88445055555556,0.19,inaturalist,125,B14+L14+D3B+D3L|Tlp|none
openood,inaturalist_seed125,B14+L14+D3B+D3L,Tlp,TINS,99.94175777777777,0.09,inaturalist,125,B14+L14+D3B+D3L|Tlp|TINS
openood,inaturalist_seed125,B14+L14+D3B+D3L,Tlp,TANL,99.916069,0.13,inaturalist,125,B14+L14+D3B+D3L|Tlp|TANL
openood,inaturalist_seed125,B14+L14+D3B+D3L,Tq0.05,none,99.944157,0.11,inaturalist,125,B14+L14+D3B+D3L|Tq0.05|none
openood,inaturalist_seed125,B14+L14+D3B+D3L,Tq0.05,TINS,99.9588882222222,0.1,inaturalist,125,B14+L14+D3B+D3L|Tq0.05|TINS
openood,inaturalist_seed125,B14+L14+D3B+D3L,Tq0.05,TANL,99.95109111111113,0.1,inaturalist,125,B14+L14+D3B+D3L|Tq0.05|TANL
openood,inaturalist_seed125,B14+L14+D3B+D3L,Tq0.2,none,99.93262044444444,0.1399999999999999,inaturalist,125,B14+L14+D3B+D3L|Tq0.2|none
openood,inaturalist_seed125,B14+L14+D3B+D3L,Tq0.2,TINS,99.94921044444445,0.12,inaturalist,125,B14+L14+D3B+D3L|Tq0.2|TINS
openood,inaturalist_seed125,B14+L14+D3B+D3L,Tq0.2,TANL,99.940289,0.13,inaturalist,125,B14+L14+D3B+D3L|Tq0.2|TANL
openood,inaturalist_seed125,B14+L14+D3B+D3L,Tnn,none,99.9475591111111,0.11,inaturalist,125,B14+L14+D3B+D3L|Tnn|none
openood,inaturalist_seed125,B14+L14+D3B+D3L,Tnn,TINS,99.956676,0.1,inaturalist,125,B14+L14+D3B+D3L|Tnn|TINS
openood,inaturalist_seed125,B14+L14+D3B+D3L,Tnn,TANL,99.95135222222224,0.11,inaturalist,125,B14+L14+D3B+D3L|Tnn|TANL
openood,inaturalist_seed125,B14+L14+D3B+D3L,Tk20,none,99.9459042222222,0.08,inaturalist,125,B14+L14+D3B+D3L|Tk20|none
openood,inaturalist_seed125,B14+L14+D3B+D3L,Tk20,TINS,99.9615062222222,0.06,inaturalist,125,B14+L14+D3B+D3L|Tk20|TINS
openood,inaturalist_seed125,B14+L14+D3B+D3L,Tk20,TANL,99.95293422222224,0.0699999999999999,inaturalist,125,B14+L14+D3B+D3L|Tk20|TANL
openood,inaturalist_seed125,B14+L14+D3B+D3L,Tlp20,none,99.89425622222224,0.11,inaturalist,125,B14+L14+D3B+D3L|Tlp20|none
openood,inaturalist_seed125,B14+L14+D3B+D3L,Tlp20,TINS,99.94530533333334,0.08,inaturalist,125,B14+L14+D3B+D3L|Tlp20|TINS
openood,inaturalist_seed125,B14+L14+D3B+D3L,Tlp20,TANL,99.92057588888888,0.09,inaturalist,125,B14+L14+D3B+D3L|Tlp20|TANL
openood,inaturalist_seed125,B14+L14+D3B+D3L,SL,none,99.91371822222222,0.2299999999999999,inaturalist,125,B14+L14+D3B+D3L|SL|none
openood,inaturalist_seed125,B14+L14+D3B+D3L,SL,TINS,99.94013333333334,0.1399999999999999,inaturalist,125,B14+L14+D3B+D3L|SL|TINS
openood,inaturalist_seed125,B14+L14+D3B+D3L,SL,TANL,99.92671955555556,0.21,inaturalist,125,B14+L14+D3B+D3L|SL|TANL
openood,inaturalist_seed125,B14+L14+D3B+D3L,static,none,99.352403,2.43,inaturalist,125,B14+L14+D3B+D3L|static|none
openood,inaturalist_seed125,B14+L14+D3B+D3L,static,TINS,99.89313644444444,0.42,inaturalist,125,B14+L14+D3B+D3L|static|TINS
openood,inaturalist_seed125,B14+L14+D3B+D3L,static,TANL,99.73456244444444,1.04,inaturalist,125,B14+L14+D3B+D3L|static|TANL
openood,inaturalist_seed125,B14+L14,T,none,99.91522622222224,0.2299999999999999,inaturalist,125,B14+L14|T|none
openood,inaturalist_seed125,B14+L14,T,TINS,99.9497602222222,0.1399999999999999,inaturalist,125,B14+L14|T|TINS
openood,inaturalist_seed125,B14+L14,T,TANL,99.9330458888889,0.19,inaturalist,125,B14+L14|T|TANL
openood,inaturalist_seed125,B14+L14,Tlp,none,99.838515,0.32,inaturalist,125,B14+L14|Tlp|none
openood,inaturalist_seed125,B14+L14,Tlp,TINS,99.94469466666666,0.12,inaturalist,125,B14+L14|Tlp|TINS
openood,inaturalist_seed125,B14+L14,Tlp,TANL,99.90425577777778,0.2299999999999999,inaturalist,125,B14+L14|Tlp|TANL
openood,inaturalist_seed125,B14+L14,Tq0.05,none,99.9223958888889,0.22,inaturalist,125,B14+L14|Tq0.05|none
openood,inaturalist_seed125,B14+L14,Tq0.05,TINS,99.9547962222222,0.11,inaturalist,125,B14+L14|Tq0.05|TINS
openood,inaturalist_seed125,B14+L14,Tq0.05,TANL,99.939522,0.15,inaturalist,125,B14+L14|Tq0.05|TANL
openood,inaturalist_seed125,B14+L14,Tq0.2,none,99.90425155555556,0.2799999999999999,inaturalist,125,B14+L14|Tq0.2|none
openood,inaturalist_seed125,B14+L14,Tq0.2,TINS,99.944784,0.16,inaturalist,125,B14+L14|Tq0.2|TINS
openood,inaturalist_seed125,B14+L14,Tq0.2,TANL,99.92525833333336,0.24,inaturalist,125,B14+L14|Tq0.2|TANL
openood,inaturalist_seed125,B14+L14,Tnn,none,99.9172528888889,0.21,inaturalist,125,B14+L14|Tnn|none
openood,inaturalist_seed125,B14+L14,Tnn,TINS,99.94742511111112,0.15,inaturalist,125,B14+L14|Tnn|TINS
openood,inaturalist_seed125,B14+L14,Tnn,TANL,99.93188844444444,0.18,inaturalist,125,B14+L14|Tnn|TANL
openood,inaturalist_seed125,B14+L14,Tk20,none,99.92398144444444,0.13,inaturalist,125,B14+L14|Tk20|none
openood,inaturalist_seed125,B14+L14,Tk20,TINS,99.95780133333334,0.08,inaturalist,125,B14+L14|Tk20|TINS
openood,inaturalist_seed125,B14+L14,Tk20,TANL,99.94206844444444,0.1,inaturalist,125,B14+L14|Tk20|TANL
openood,inaturalist_seed125,B14+L14,Tlp20,none,99.85719655555556,0.21,inaturalist,125,B14+L14|Tlp20|none
openood,inaturalist_seed125,B14+L14,Tlp20,TINS,99.94723822222224,0.09,inaturalist,125,B14+L14|Tlp20|TINS
openood,inaturalist_seed125,B14+L14,Tlp20,TANL,99.91146644444444,0.1699999999999999,inaturalist,125,B14+L14|Tlp20|TANL
openood,inaturalist_seed125,B14+L14,SL,none,99.87782477777778,0.3399999999999999,inaturalist,125,B14+L14|SL|none
openood,inaturalist_seed125,B14+L14,SL,TINS,99.94293,0.15,inaturalist,125,B14+L14|SL|TINS
openood,inaturalist_seed125,B14+L14,SL,TANL,99.91356022222222,0.27,inaturalist,125,B14+L14|SL|TANL
openood,inaturalist_seed125,B14+L14,static,none,99.27549844444444,2.59,inaturalist,125,B14+L14|static|none
openood,inaturalist_seed125,B14+L14,static,TINS,99.93948066666668,0.2,inaturalist,125,B14+L14|static|TINS
openood,inaturalist_seed125,B14+L14,static,TANL,99.82540344444443,0.5,inaturalist,125,B14+L14|static|TANL
openood,inaturalist_seed126,L14xD3L+D3L,T,none,99.91930355555556,0.12,inaturalist,126,L14xD3L+D3L|T|none
openood,inaturalist_seed126,L14xD3L+D3L,T,TINS,99.95783066666668,0.0699999999999999,inaturalist,126,L14xD3L+D3L|T|TINS
openood,inaturalist_seed126,L14xD3L+D3L,T,TANL,99.94344033333331,0.11,inaturalist,126,L14xD3L+D3L|T|TANL
openood,inaturalist_seed126,L14xD3L+D3L,Tlp,none,99.85081877777776,0.2799999999999999,inaturalist,126,L14xD3L+D3L|Tlp|none
openood,inaturalist_seed126,L14xD3L+D3L,Tlp,TINS,99.94874288888887,0.06,inaturalist,126,L14xD3L+D3L|Tlp|TINS
openood,inaturalist_seed126,L14xD3L+D3L,Tlp,TANL,99.91567188888892,0.08,inaturalist,126,L14xD3L+D3L|Tlp|TANL
openood,inaturalist_seed126,L14xD3L+D3L,Tq0.05,none,99.92447877777778,0.11,inaturalist,126,L14xD3L+D3L|Tq0.05|none
openood,inaturalist_seed126,L14xD3L+D3L,Tq0.05,TINS,99.96096933333334,0.05,inaturalist,126,L14xD3L+D3L|Tq0.05|TINS
openood,inaturalist_seed126,L14xD3L+D3L,Tq0.05,TANL,99.94789788888887,0.09,inaturalist,126,L14xD3L+D3L|Tq0.05|TANL
openood,inaturalist_seed126,L14xD3L+D3L,Tq0.2,none,99.91433533333334,0.16,inaturalist,126,L14xD3L+D3L|Tq0.2|none
openood,inaturalist_seed126,L14xD3L+D3L,Tq0.2,TINS,99.95458111111112,0.09,inaturalist,126,L14xD3L+D3L|Tq0.2|TINS
openood,inaturalist_seed126,L14xD3L+D3L,Tq0.2,TANL,99.93894688888888,0.12,inaturalist,126,L14xD3L+D3L|Tq0.2|TANL
openood,inaturalist_seed126,L14xD3L+D3L,Tnn,none,99.93220188888888,0.12,inaturalist,126,L14xD3L+D3L|Tnn|none
openood,inaturalist_seed126,L14xD3L+D3L,Tnn,TINS,99.96065866666667,0.1,inaturalist,126,L14xD3L+D3L|Tnn|TINS
openood,inaturalist_seed126,L14xD3L+D3L,Tnn,TANL,99.9488917777778,0.11,inaturalist,126,L14xD3L+D3L|Tnn|TANL
openood,inaturalist_seed126,L14xD3L+D3L,Tk20,none,99.942802,0.09,inaturalist,126,L14xD3L+D3L|Tk20|none
openood,inaturalist_seed126,L14xD3L+D3L,Tk20,TINS,99.96651688888888,0.06,inaturalist,126,L14xD3L+D3L|Tk20|TINS
openood,inaturalist_seed126,L14xD3L+D3L,Tk20,TANL,99.95493222222224,0.08,inaturalist,126,L14xD3L+D3L|Tk20|TANL
openood,inaturalist_seed126,L14xD3L+D3L,Tlp20,none,99.88589944444443,0.09,inaturalist,126,L14xD3L+D3L|Tlp20|none
openood,inaturalist_seed126,L14xD3L+D3L,Tlp20,TINS,99.9532657777778,0.06,inaturalist,126,L14xD3L+D3L|Tlp20|TINS
openood,inaturalist_seed126,L14xD3L+D3L,Tlp20,TANL,99.92399,0.0699999999999999,inaturalist,126,L14xD3L+D3L|Tlp20|TANL
openood,inaturalist_seed126,L14+D3L,T,none,99.93484844444444,0.1399999999999999,inaturalist,126,L14+D3L|T|none
openood,inaturalist_seed126,L14+D3L,T,TINS,99.95946844444444,0.0699999999999999,inaturalist,126,L14+D3L|T|TINS
openood,inaturalist_seed126,L14+D3L,T,TANL,99.94755211111112,0.11,inaturalist,126,L14+D3L|T|TANL
openood,inaturalist_seed126,L14+D3L,Tlp,none,99.87395655555554,0.25,inaturalist,126,L14+D3L|Tlp|none
openood,inaturalist_seed126,L14+D3L,Tlp,TINS,99.95166244444444,0.06,inaturalist,126,L14+D3L|Tlp|TINS
openood,inaturalist_seed126,L14+D3L,Tlp,TANL,99.92319177777776,0.11,inaturalist,126,L14+D3L|Tlp|TANL
openood,inaturalist_seed126,L14+D3L,Tq0.05,none,99.94011711111112,0.12,inaturalist,126,L14+D3L|Tq0.05|none
openood,inaturalist_seed126,L14+D3L,Tq0.05,TINS,99.96296244444444,0.0699999999999999,inaturalist,126,L14+D3L|Tq0.05|TINS
openood,inaturalist_seed126,L14+D3L,Tq0.05,TANL,99.95267766666667,0.08,inaturalist,126,L14+D3L|Tq0.05|TANL
openood,inaturalist_seed126,L14+D3L,Tq0.2,none,99.9263251111111,0.15,inaturalist,126,L14+D3L|Tq0.2|none
openood,inaturalist_seed126,L14+D3L,Tq0.2,TINS,99.9545571111111,0.09,inaturalist,126,L14+D3L|Tq0.2|TINS
openood,inaturalist_seed126,L14+D3L,Tq0.2,TANL,99.94086633333332,0.1399999999999999,inaturalist,126,L14+D3L|Tq0.2|TANL
openood,inaturalist_seed126,L14+D3L,Tnn,none,99.94208811111112,0.13,inaturalist,126,L14+D3L|Tnn|none
openood,inaturalist_seed126,L14+D3L,Tnn,TINS,99.9613868888889,0.1,inaturalist,126,L14+D3L|Tnn|TINS
openood,inaturalist_seed126,L14+D3L,Tnn,TANL,99.95083488888888,0.1,inaturalist,126,L14+D3L|Tnn|TANL
openood,inaturalist_seed126,L14+D3L,Tk20,none,99.94495911111112,0.09,inaturalist,126,L14+D3L|Tk20|none
openood,inaturalist_seed126,L14+D3L,Tk20,TINS,99.96602666666668,0.06,inaturalist,126,L14+D3L|Tk20|TINS
openood,inaturalist_seed126,L14+D3L,Tk20,TANL,99.95577444444444,0.08,inaturalist,126,L14+D3L|Tk20|TANL
openood,inaturalist_seed126,L14+D3L,Tlp20,none,99.89418355555554,0.12,inaturalist,126,L14+D3L|Tlp20|none
openood,inaturalist_seed126,L14+D3L,Tlp20,TINS,99.95457311111112,0.06,inaturalist,126,L14+D3L|Tlp20|TINS
openood,inaturalist_seed126,L14+D3L,Tlp20,TANL,99.92823955555556,0.08,inaturalist,126,L14+D3L|Tlp20|TANL
openood,inaturalist_seed126,L14+D3L,SL,none,99.91012344444444,0.22,inaturalist,126,L14+D3L|SL|none
openood,inaturalist_seed126,L14+D3L,SL,TINS,99.95531555555556,0.08,inaturalist,126,L14+D3L|SL|TINS
openood,inaturalist_seed126,L14+D3L,SL,TANL,99.93389666666668,0.12,inaturalist,126,L14+D3L|SL|TANL
openood,inaturalist_seed126,L14+D3L,static,none,99.21268388888888,2.97,inaturalist,126,L14+D3L|static|none
openood,inaturalist_seed126,L14+D3L,static,TINS,99.94549866666668,0.18,inaturalist,126,L14+D3L|static|TINS
openood,inaturalist_seed126,L14+D3L,static,TANL,99.83224233333333,0.5,inaturalist,126,L14+D3L|static|TANL
openood,inaturalist_seed126,D3L,T,none,99.91659599999998,0.19,inaturalist,126,D3L|T|none
openood,inaturalist_seed126,D3L,T,TINS,99.96081066666666,0.06,inaturalist,126,D3L|T|TINS
openood,inaturalist_seed126,D3L,T,TANL,99.94287855555557,0.15,inaturalist,126,D3L|T|TANL
openood,inaturalist_seed126,D3L,Tlp,none,99.84553355555556,0.31,inaturalist,126,D3L|Tlp|none
openood,inaturalist_seed126,D3L,Tlp,TINS,99.95104777777776,0.05,inaturalist,126,D3L|Tlp|TINS
openood,inaturalist_seed126,D3L,Tlp,TANL,99.92116644444444,0.11,inaturalist,126,D3L|Tlp|TANL
openood,inaturalist_seed126,D3L,Tq0.05,none,99.92094744444444,0.16,inaturalist,126,D3L|Tq0.05|none
openood,inaturalist_seed126,D3L,Tq0.05,TINS,99.96291377777776,0.06,inaturalist,126,D3L|Tq0.05|TINS
openood,inaturalist_seed126,D3L,Tq0.05,TANL,99.94750355555556,0.1,inaturalist,126,D3L|Tq0.05|TANL
openood,inaturalist_seed126,D3L,Tq0.2,none,99.91136444444444,0.19,inaturalist,126,D3L|Tq0.2|none
openood,inaturalist_seed126,D3L,Tq0.2,TINS,99.957206,0.0699999999999999,inaturalist,126,D3L|Tq0.2|TINS
openood,inaturalist_seed126,D3L,Tq0.2,TANL,99.93890822222222,0.1399999999999999,inaturalist,126,D3L|Tq0.2|TANL
openood,inaturalist_seed126,D3L,Tnn,none,99.93825633333331,0.16,inaturalist,126,D3L|Tnn|none
openood,inaturalist_seed126,D3L,Tnn,TINS,99.9664202222222,0.08,inaturalist,126,D3L|Tnn|TINS
openood,inaturalist_seed126,D3L,Tnn,TANL,99.95533477777778,0.1399999999999999,inaturalist,126,D3L|Tnn|TANL
openood,inaturalist_seed126,D3L,Tk20,none,99.93348166666664,0.11,inaturalist,126,D3L|Tk20|none
openood,inaturalist_seed126,D3L,Tk20,TINS,99.96669666666666,0.05,inaturalist,126,D3L|Tk20|TINS
openood,inaturalist_seed126,D3L,Tk20,TANL,99.95130788888888,0.0699999999999999,inaturalist,126,D3L|Tk20|TANL
openood,inaturalist_seed126,D3L,Tlp20,none,99.87798166666666,0.12,inaturalist,126,D3L|Tlp20|none
openood,inaturalist_seed126,D3L,Tlp20,TINS,99.95368155555556,0.05,inaturalist,126,D3L|Tlp20|TINS
openood,inaturalist_seed126,D3L,Tlp20,TANL,99.92542066666668,0.0699999999999999,inaturalist,126,D3L|Tlp20|TANL
openood,inaturalist_seed126,D3L,SL,none,99.89476188888888,0.32,inaturalist,126,D3L|SL|none
openood,inaturalist_seed126,D3L,SL,TINS,99.9579271111111,0.09,inaturalist,126,D3L|SL|TINS
openood,inaturalist_seed126,D3L,SL,TANL,99.93625477777778,0.1399999999999999,inaturalist,126,D3L|SL|TANL
openood,inaturalist_seed126,D3L,static,none,98.9569892222222,3.98,inaturalist,126,D3L|static|none
openood,inaturalist_seed126,D3L,static,TINS,99.9500328888889,0.1,inaturalist,126,D3L|static|TINS
openood,inaturalist_seed126,D3L,static,TANL,99.87482322222225,0.49,inaturalist,126,D3L|static|TANL
openood,inaturalist_seed126,L14,T,none,99.88401155555556,0.37,inaturalist,126,L14|T|none
openood,inaturalist_seed126,L14,T,TINS,99.95443355555555,0.12,inaturalist,126,L14|T|TINS
openood,inaturalist_seed126,L14,T,TANL,99.92723388888888,0.21,inaturalist,126,L14|T|TANL
openood,inaturalist_seed126,L14,Tlp,none,99.795238,0.5599999999999999,inaturalist,126,L14|Tlp|none
openood,inaturalist_seed126,L14,Tlp,TINS,99.94866911111112,0.0699999999999999,inaturalist,126,L14|Tlp|TINS
openood,inaturalist_seed126,L14,Tlp,TANL,99.90378188888889,0.21,inaturalist,126,L14|Tlp|TANL
openood,inaturalist_seed126,L14,Tq0.05,none,99.89962066666664,0.24,inaturalist,126,L14|Tq0.05|none
openood,inaturalist_seed126,L14,Tq0.05,TINS,99.95822555555556,0.0699999999999999,inaturalist,126,L14|Tq0.05|TINS
openood,inaturalist_seed126,L14,Tq0.05,TANL,99.93580755555556,0.12,inaturalist,126,L14|Tq0.05|TANL
openood,inaturalist_seed126,L14,Tq0.2,none,99.86368166666666,0.42,inaturalist,126,L14|Tq0.2|none
openood,inaturalist_seed126,L14,Tq0.2,TINS,99.94968733333334,0.13,inaturalist,126,L14|Tq0.2|TINS
openood,inaturalist_seed126,L14,Tq0.2,TANL,99.91589255555556,0.29,inaturalist,126,L14|Tq0.2|TANL
openood,inaturalist_seed126,L14,Tnn,none,99.861085,0.32,inaturalist,126,L14|Tnn|none
openood,inaturalist_seed126,L14,Tnn,TINS,99.95208644444445,0.13,inaturalist,126,L14|Tnn|TINS
openood,inaturalist_seed126,L14,Tnn,TANL,99.92109588888889,0.22,inaturalist,126,L14|Tnn|TANL
openood,inaturalist_seed126,L14,Tk20,none,99.90392955555556,0.15,inaturalist,126,L14|Tk20|none
openood,inaturalist_seed126,L14,Tk20,TINS,99.96104244444444,0.08,inaturalist,126,L14|Tk20|TINS
openood,inaturalist_seed126,L14,Tk20,TANL,99.93860055555557,0.11,inaturalist,126,L14|Tk20|TANL
openood,inaturalist_seed126,L14,Tlp20,none,99.84121388888887,0.29,inaturalist,126,L14|Tlp20|none
openood,inaturalist_seed126,L14,Tlp20,TINS,99.9525882222222,0.06,inaturalist,126,L14|Tlp20|TINS
openood,inaturalist_seed126,L14,Tlp20,TANL,99.9120907777778,0.1399999999999999,inaturalist,126,L14|Tlp20|TANL
openood,inaturalist_seed126,L14,SL,none,99.81178933333334,0.42,inaturalist,126,L14|SL|none
openood,inaturalist_seed126,L14,SL,TINS,99.9566742222222,0.1,inaturalist,126,L14|SL|TINS
openood,inaturalist_seed126,L14,SL,TANL,99.909909,0.24,inaturalist,126,L14|SL|TANL
openood,inaturalist_seed126,L14,static,none,98.81709244444444,3.96,inaturalist,126,L14|static|none
openood,inaturalist_seed126,L14,static,TINS,99.95491955555556,0.1,inaturalist,126,L14|static|TINS
openood,inaturalist_seed126,L14,static,TANL,99.86420477777776,0.38,inaturalist,126,L14|static|TANL
openood,inaturalist_seed126,L14xD3L,T,none,99.88194655555556,0.1399999999999999,inaturalist,126,L14xD3L|T|none
openood,inaturalist_seed126,L14xD3L,T,TINS,99.95748866666668,0.05,inaturalist,126,L14xD3L|T|TINS
openood,inaturalist_seed126,L14xD3L,T,TANL,99.93669444444446,0.1,inaturalist,126,L14xD3L|T|TANL
openood,inaturalist_seed126,L14xD3L,Tlp,none,99.80618333333334,0.31,inaturalist,126,L14xD3L|Tlp|none
openood,inaturalist_seed126,L14xD3L,Tlp,TINS,99.95101444444444,0.05,inaturalist,126,L14xD3L|Tlp|TINS
openood,inaturalist_seed126,L14xD3L,Tlp,TANL,99.91494822222222,0.09,inaturalist,126,L14xD3L|Tlp|TANL
openood,inaturalist_seed126,L14xD3L,Tq0.05,none,99.88911155555556,0.13,inaturalist,126,L14xD3L|Tq0.05|none
openood,inaturalist_seed126,L14xD3L,Tq0.05,TINS,99.96026577777778,0.04,inaturalist,126,L14xD3L|Tq0.05|TINS
openood,inaturalist_seed126,L14xD3L,Tq0.05,TANL,99.94156611111111,0.0699999999999999,inaturalist,126,L14xD3L|Tq0.05|TANL
openood,inaturalist_seed126,L14xD3L,Tq0.2,none,99.87651411111112,0.1699999999999999,inaturalist,126,L14xD3L|Tq0.2|none
openood,inaturalist_seed126,L14xD3L,Tq0.2,TINS,99.9567511111111,0.0699999999999999,inaturalist,126,L14xD3L|Tq0.2|TINS
openood,inaturalist_seed126,L14xD3L,Tq0.2,TANL,99.93319155555557,0.1,inaturalist,126,L14xD3L|Tq0.2|TANL
openood,inaturalist_seed126,L14xD3L,Tnn,none,99.90150711111112,0.13,inaturalist,126,L14xD3L|Tnn|none
openood,inaturalist_seed126,L14xD3L,Tnn,TINS,99.95979533333332,0.08,inaturalist,126,L14xD3L|Tnn|TINS
openood,inaturalist_seed126,L14xD3L,Tnn,TANL,99.943303,0.09,inaturalist,126,L14xD3L|Tnn|TANL
openood,inaturalist_seed126,L14xD3L,Tk20,none,99.93451455555557,0.1,inaturalist,126,L14xD3L|Tk20|none
openood,inaturalist_seed126,L14xD3L,Tk20,TINS,99.96561066666668,0.06,inaturalist,126,L14xD3L|Tk20|TINS
openood,inaturalist_seed126,L14xD3L,Tk20,TANL,99.94806911111112,0.08,inaturalist,126,L14xD3L|Tk20|TANL
openood,inaturalist_seed126,L14xD3L,Tlp20,none,99.86542699999998,0.16,inaturalist,126,L14xD3L|Tlp20|none
openood,inaturalist_seed126,L14xD3L,Tlp20,TINS,99.9530291111111,0.04,inaturalist,126,L14xD3L|Tlp20|TINS
openood,inaturalist_seed126,L14xD3L,Tlp20,TANL,99.91624988888888,0.1,inaturalist,126,L14xD3L|Tlp20|TANL
openood,inaturalist_seed126,D3B+D3L,T,none,99.93031433333331,0.1699999999999999,inaturalist,126,D3B+D3L|T|none
openood,inaturalist_seed126,D3B+D3L,T,TINS,99.9563131111111,0.11,inaturalist,126,D3B+D3L|T|TINS
openood,inaturalist_seed126,D3B+D3L,T,TANL,99.94330266666668,0.16,inaturalist,126,D3B+D3L|T|TANL
openood,inaturalist_seed126,D3B+D3L,Tlp,none,99.868023,0.26,inaturalist,126,D3B+D3L|Tlp|none
openood,inaturalist_seed126,D3B+D3L,Tlp,TINS,99.94639888888888,0.0699999999999999,inaturalist,126,D3B+D3L|Tlp|TINS
openood,inaturalist_seed126,D3B+D3L,Tlp,TANL,99.9173461111111,0.15,inaturalist,126,D3B+D3L|Tlp|TANL
openood,inaturalist_seed126,D3B+D3L,Tq0.05,none,99.93222144444444,0.15,inaturalist,126,D3B+D3L|Tq0.05|none
openood,inaturalist_seed126,D3B+D3L,Tq0.05,TINS,99.95954488888889,0.08,inaturalist,126,D3B+D3L|Tq0.05|TINS
openood,inaturalist_seed126,D3B+D3L,Tq0.05,TANL,99.94714100000002,0.11,inaturalist,126,D3B+D3L|Tq0.05|TANL
openood,inaturalist_seed126,D3B+D3L,Tq0.2,none,99.9229961111111,0.21,inaturalist,126,D3B+D3L|Tq0.2|none
openood,inaturalist_seed126,D3B+D3L,Tq0.2,TINS,99.9511671111111,0.1399999999999999,inaturalist,126,D3B+D3L|Tq0.2|TINS
openood,inaturalist_seed126,D3B+D3L,Tq0.2,TANL,99.937218,0.18,inaturalist,126,D3B+D3L|Tq0.2|TANL
openood,inaturalist_seed126,D3B+D3L,Tnn,none,99.94817877777776,0.16,inaturalist,126,D3B+D3L|Tnn|none
openood,inaturalist_seed126,D3B+D3L,Tnn,TINS,99.96121111111113,0.12,inaturalist,126,D3B+D3L|Tnn|TINS
openood,inaturalist_seed126,D3B+D3L,Tnn,TANL,99.95469755555555,0.1399999999999999,inaturalist,126,D3B+D3L|Tnn|TANL
openood,inaturalist_seed126,D3B+D3L,Tk20,none,99.93781577777776,0.12,inaturalist,126,D3B+D3L|Tk20|none
openood,inaturalist_seed126,D3B+D3L,Tk20,TINS,99.96214088888888,0.06,inaturalist,126,D3B+D3L|Tk20|TINS
openood,inaturalist_seed126,D3B+D3L,Tk20,TANL,99.95005233333332,0.1,inaturalist,126,D3B+D3L|Tk20|TANL
openood,inaturalist_seed126,D3B+D3L,Tlp20,none,99.888386,0.13,inaturalist,126,D3B+D3L|Tlp20|none
openood,inaturalist_seed126,D3B+D3L,Tlp20,TINS,99.94935533333332,0.06,inaturalist,126,D3B+D3L|Tlp20|TINS
openood,inaturalist_seed126,D3B+D3L,Tlp20,TANL,99.92432388888888,0.1,inaturalist,126,D3B+D3L|Tlp20|TANL
openood,inaturalist_seed126,D3B+D3L,SL,none,99.89928722222224,0.3,inaturalist,126,D3B+D3L|SL|none
openood,inaturalist_seed126,D3B+D3L,SL,TINS,99.9460451111111,0.13,inaturalist,126,D3B+D3L|SL|TINS
openood,inaturalist_seed126,D3B+D3L,SL,TANL,99.92688777777778,0.18,inaturalist,126,D3B+D3L|SL|TANL
openood,inaturalist_seed126,D3B+D3L,static,none,99.00058755555555,3.77,inaturalist,126,D3B+D3L|static|none
openood,inaturalist_seed126,D3B+D3L,static,TINS,99.92194822222224,0.31,inaturalist,126,D3B+D3L|static|TINS
openood,inaturalist_seed126,D3B+D3L,static,TANL,99.77536811111112,0.83,inaturalist,126,D3B+D3L|static|TANL
openood,inaturalist_seed126,L14+D3B+D3L,T,none,99.94080244444444,0.11,inaturalist,126,L14+D3B+D3L|T|none
openood,inaturalist_seed126,L14+D3B+D3L,T,TINS,99.95706622222222,0.08,inaturalist,126,L14+D3B+D3L|T|TINS
openood,inaturalist_seed126,L14+D3B+D3L,T,TANL,99.9488838888889,0.1,inaturalist,126,L14+D3B+D3L|T|TANL
openood,inaturalist_seed126,L14+D3B+D3L,Tlp,none,99.88649844444444,0.21,inaturalist,126,L14+D3B+D3L|Tlp|none
openood,inaturalist_seed126,L14+D3B+D3L,Tlp,TINS,99.94642755555554,0.06,inaturalist,126,L14+D3B+D3L|Tlp|TINS
openood,inaturalist_seed126,L14+D3B+D3L,Tlp,TANL,99.921223,0.13,inaturalist,126,L14+D3B+D3L|Tlp|TANL
openood,inaturalist_seed126,L14+D3B+D3L,Tq0.05,none,99.9445948888889,0.11,inaturalist,126,L14+D3B+D3L|Tq0.05|none
openood,inaturalist_seed126,L14+D3B+D3L,Tq0.05,TINS,99.96087977777778,0.08,inaturalist,126,L14+D3B+D3L|Tq0.05|TINS
openood,inaturalist_seed126,L14+D3B+D3L,Tq0.05,TANL,99.95318666666664,0.09,inaturalist,126,L14+D3B+D3L|Tq0.05|TANL
openood,inaturalist_seed126,L14+D3B+D3L,Tq0.2,none,99.93344244444444,0.16,inaturalist,126,L14+D3B+D3L|Tq0.2|none
openood,inaturalist_seed126,L14+D3B+D3L,Tq0.2,TINS,99.95188288888887,0.12,inaturalist,126,L14+D3B+D3L|Tq0.2|TINS
openood,inaturalist_seed126,L14+D3B+D3L,Tq0.2,TANL,99.94231822222224,0.12,inaturalist,126,L14+D3B+D3L|Tq0.2|TANL
openood,inaturalist_seed126,L14+D3B+D3L,Tnn,none,99.94987166666668,0.1,inaturalist,126,L14+D3B+D3L|Tnn|none
openood,inaturalist_seed126,L14+D3B+D3L,Tnn,TINS,99.96020533333332,0.08,inaturalist,126,L14+D3B+D3L|Tnn|TINS
openood,inaturalist_seed126,L14+D3B+D3L,Tnn,TANL,99.95432111111111,0.09,inaturalist,126,L14+D3B+D3L|Tnn|TANL
openood,inaturalist_seed126,L14+D3B+D3L,Tk20,none,99.9470512222222,0.08,inaturalist,126,L14+D3B+D3L|Tk20|none
openood,inaturalist_seed126,L14+D3B+D3L,Tk20,TINS,99.9633891111111,0.06,inaturalist,126,L14+D3B+D3L|Tk20|TINS
openood,inaturalist_seed126,L14+D3B+D3L,Tk20,TANL,99.9551961111111,0.0699999999999999,inaturalist,126,L14+D3B+D3L|Tk20|TANL
openood,inaturalist_seed126,L14+D3B+D3L,Tlp20,none,99.90011877777778,0.11,inaturalist,126,L14+D3B+D3L|Tlp20|none
openood,inaturalist_seed126,L14+D3B+D3L,Tlp20,TINS,99.94992711111112,0.06,inaturalist,126,L14+D3B+D3L|Tlp20|TINS
openood,inaturalist_seed126,L14+D3B+D3L,Tlp20,TANL,99.92676622222224,0.09,inaturalist,126,L14+D3B+D3L|Tlp20|TANL
openood,inaturalist_seed126,L14+D3B+D3L,SL,none,99.91755744444444,0.22,inaturalist,126,L14+D3B+D3L|SL|none
openood,inaturalist_seed126,L14+D3B+D3L,SL,TINS,99.948486,0.12,inaturalist,126,L14+D3B+D3L|SL|TINS
openood,inaturalist_seed126,L14+D3B+D3L,SL,TANL,99.93299977777778,0.15,inaturalist,126,L14+D3B+D3L|SL|TANL
openood,inaturalist_seed126,L14+D3B+D3L,static,none,99.2572658888889,2.83,inaturalist,126,L14+D3B+D3L|static|none
openood,inaturalist_seed126,L14+D3B+D3L,static,TINS,99.91663422222224,0.3399999999999999,inaturalist,126,L14+D3B+D3L|static|TINS
openood,inaturalist_seed126,L14+D3B+D3L,static,TANL,99.76546044444444,0.8699999999999999,inaturalist,126,L14+D3B+D3L|static|TANL
openood,inaturalist_seed126,B14+L14+D3L,T,none,99.93574533333332,0.13,inaturalist,126,B14+L14+D3L|T|none
openood,inaturalist_seed126,B14+L14+D3L,T,TINS,99.95505111111112,0.09,inaturalist,126,B14+L14+D3L|T|TINS
openood,inaturalist_seed126,B14+L14+D3L,T,TANL,99.9448438888889,0.12,inaturalist,126,B14+L14+D3L|T|TANL
openood,inaturalist_seed126,B14+L14+D3L,Tlp,none,99.877548,0.2299999999999999,inaturalist,126,B14+L14+D3L|Tlp|none
openood,inaturalist_seed126,B14+L14+D3L,Tlp,TINS,99.94610622222224,0.08,inaturalist,126,B14+L14+D3L|Tlp|TINS
openood,inaturalist_seed126,B14+L14+D3L,Tlp,TANL,99.91607711111112,0.1699999999999999,inaturalist,126,B14+L14+D3L|Tlp|TANL
openood,inaturalist_seed126,B14+L14+D3L,Tq0.05,none,99.94083388888887,0.1399999999999999,inaturalist,126,B14+L14+D3L|Tq0.05|none
openood,inaturalist_seed126,B14+L14+D3L,Tq0.05,TINS,99.95949622222224,0.09,inaturalist,126,B14+L14+D3L|Tq0.05|TINS
openood,inaturalist_seed126,B14+L14+D3L,Tq0.05,TANL,99.95012577777776,0.1,inaturalist,126,B14+L14+D3L|Tq0.05|TANL
openood,inaturalist_seed126,B14+L14+D3L,Tq0.2,none,99.92798022222225,0.18,inaturalist,126,B14+L14+D3L|Tq0.2|none
openood,inaturalist_seed126,B14+L14+D3L,Tq0.2,TINS,99.95026733333334,0.12,inaturalist,126,B14+L14+D3L|Tq0.2|TINS
openood,inaturalist_seed126,B14+L14+D3L,Tq0.2,TANL,99.93828822222224,0.1699999999999999,inaturalist,126,B14+L14+D3L|Tq0.2|TANL
openood,inaturalist_seed126,B14+L14+D3L,Tnn,none,99.9419118888889,0.12,inaturalist,126,B14+L14+D3L|Tnn|none
openood,inaturalist_seed126,B14+L14+D3L,Tnn,TINS,99.95611733333334,0.09,inaturalist,126,B14+L14+D3L|Tnn|TINS
openood,inaturalist_seed126,B14+L14+D3L,Tnn,TANL,99.9475191111111,0.1,inaturalist,126,B14+L14+D3L|Tnn|TANL
openood,inaturalist_seed126,B14+L14+D3L,Tk20,none,99.94417011111112,0.09,inaturalist,126,B14+L14+D3L|Tk20|none
openood,inaturalist_seed126,B14+L14+D3L,Tk20,TINS,99.9623437777778,0.06,inaturalist,126,B14+L14+D3L|Tk20|TINS
openood,inaturalist_seed126,B14+L14+D3L,Tk20,TANL,99.95272922222225,0.08,inaturalist,126,B14+L14+D3L|Tk20|TANL
openood,inaturalist_seed126,B14+L14+D3L,Tlp20,none,99.88926,0.12,inaturalist,126,B14+L14+D3L|Tlp20|none
openood,inaturalist_seed126,B14+L14+D3L,Tlp20,TINS,99.94878,0.0699999999999999,inaturalist,126,B14+L14+D3L|Tlp20|TINS
openood,inaturalist_seed126,B14+L14+D3L,Tlp20,TANL,99.92064377777778,0.09,inaturalist,126,B14+L14+D3L|Tlp20|TANL
openood,inaturalist_seed126,B14+L14+D3L,SL,none,99.91171455555556,0.25,inaturalist,126,B14+L14+D3L|SL|none
openood,inaturalist_seed126,B14+L14+D3L,SL,TINS,99.94682888888887,0.1,inaturalist,126,B14+L14+D3L|SL|TINS
openood,inaturalist_seed126,B14+L14+D3L,SL,TANL,99.92771377777775,0.19,inaturalist,126,B14+L14+D3L|SL|TANL
openood,inaturalist_seed126,B14+L14+D3L,static,none,99.3645518888889,2.47,inaturalist,126,B14+L14+D3L|static|none
openood,inaturalist_seed126,B14+L14+D3L,static,TINS,99.92485133333334,0.27,inaturalist,126,B14+L14+D3L|static|TINS
openood,inaturalist_seed126,B14+L14+D3L,static,TANL,99.78913811111111,0.67,inaturalist,126,B14+L14+D3L|static|TANL
openood,inaturalist_seed126,B14+L14+D3B+D3L,T,none,99.93965655555556,0.13,inaturalist,126,B14+L14+D3B+D3L|T|none
openood,inaturalist_seed126,B14+L14+D3B+D3L,T,TINS,99.95407977777778,0.1,inaturalist,126,B14+L14+D3B+D3L|T|TINS
openood,inaturalist_seed126,B14+L14+D3B+D3L,T,TANL,99.94632111111112,0.11,inaturalist,126,B14+L14+D3B+D3L|T|TANL
openood,inaturalist_seed126,B14+L14+D3B+D3L,Tlp,none,99.88445877777778,0.19,inaturalist,126,B14+L14+D3B+D3L|Tlp|none
openood,inaturalist_seed126,B14+L14+D3B+D3L,Tlp,TINS,99.94154733333332,0.09,inaturalist,126,B14+L14+D3B+D3L|Tlp|TINS
openood,inaturalist_seed126,B14+L14+D3B+D3L,Tlp,TANL,99.91510566666668,0.1399999999999999,inaturalist,126,B14+L14+D3B+D3L|Tlp|TANL
openood,inaturalist_seed126,B14+L14+D3B+D3L,Tq0.05,none,99.94415777777776,0.11,inaturalist,126,B14+L14+D3B+D3L|Tq0.05|none
openood,inaturalist_seed126,B14+L14+D3B+D3L,Tq0.05,TINS,99.95848488888888,0.1,inaturalist,126,B14+L14+D3B+D3L|Tq0.05|TINS
openood,inaturalist_seed126,B14+L14+D3B+D3L,Tq0.05,TANL,99.95107933333334,0.1,inaturalist,126,B14+L14+D3B+D3L|Tq0.05|TANL
openood,inaturalist_seed126,B14+L14+D3B+D3L,Tq0.2,none,99.93261933333334,0.1399999999999999,inaturalist,126,B14+L14+D3B+D3L|Tq0.2|none
openood,inaturalist_seed126,B14+L14+D3B+D3L,Tq0.2,TINS,99.9489428888889,0.12,inaturalist,126,B14+L14+D3B+D3L|Tq0.2|TINS
openood,inaturalist_seed126,B14+L14+D3B+D3L,Tq0.2,TANL,99.93993788888888,0.13,inaturalist,126,B14+L14+D3B+D3L|Tq0.2|TANL
openood,inaturalist_seed126,B14+L14+D3B+D3L,Tnn,none,99.94755888888888,0.11,inaturalist,126,B14+L14+D3B+D3L|Tnn|none
openood,inaturalist_seed126,B14+L14+D3B+D3L,Tnn,TINS,99.95659533333333,0.1,inaturalist,126,B14+L14+D3B+D3L|Tnn|TINS
openood,inaturalist_seed126,B14+L14+D3B+D3L,Tnn,TANL,99.95109777777778,0.11,inaturalist,126,B14+L14+D3B+D3L|Tnn|TANL
openood,inaturalist_seed126,B14+L14+D3B+D3L,Tk20,none,99.9459042222222,0.08,inaturalist,126,B14+L14+D3B+D3L|Tk20|none
openood,inaturalist_seed126,B14+L14+D3B+D3L,Tk20,TINS,99.9608111111111,0.06,inaturalist,126,B14+L14+D3B+D3L|Tk20|TINS
openood,inaturalist_seed126,B14+L14+D3B+D3L,Tk20,TANL,99.95275,0.0699999999999999,inaturalist,126,B14+L14+D3B+D3L|Tk20|TANL
openood,inaturalist_seed126,B14+L14+D3B+D3L,Tlp20,none,99.89425666666668,0.11,inaturalist,126,B14+L14+D3B+D3L|Tlp20|none
openood,inaturalist_seed126,B14+L14+D3B+D3L,Tlp20,TINS,99.9447808888889,0.0699999999999999,inaturalist,126,B14+L14+D3B+D3L|Tlp20|TINS
openood,inaturalist_seed126,B14+L14+D3B+D3L,Tlp20,TANL,99.91983733333332,0.09,inaturalist,126,B14+L14+D3B+D3L|Tlp20|TANL
openood,inaturalist_seed126,B14+L14+D3B+D3L,SL,none,99.91614455555556,0.21,inaturalist,126,B14+L14+D3B+D3L|SL|none
openood,inaturalist_seed126,B14+L14+D3B+D3L,SL,TINS,99.94246755555557,0.13,inaturalist,126,B14+L14+D3B+D3L|SL|TINS
openood,inaturalist_seed126,B14+L14+D3B+D3L,SL,TANL,99.92800311111112,0.18,inaturalist,126,B14+L14+D3B+D3L|SL|TANL
openood,inaturalist_seed126,B14+L14+D3B+D3L,static,none,99.352403,2.43,inaturalist,126,B14+L14+D3B+D3L|static|none
openood,inaturalist_seed126,B14+L14+D3B+D3L,static,TINS,99.894298,0.44,inaturalist,126,B14+L14+D3B+D3L|static|TINS
openood,inaturalist_seed126,B14+L14+D3B+D3L,static,TANL,99.73261188888888,1.04,inaturalist,126,B14+L14+D3B+D3L|static|TANL
openood,inaturalist_seed126,B14+L14,T,none,99.91522511111113,0.2299999999999999,inaturalist,126,B14+L14|T|none
openood,inaturalist_seed126,B14+L14,T,TINS,99.94923844444445,0.12,inaturalist,126,B14+L14|T|TINS
openood,inaturalist_seed126,B14+L14,T,TANL,99.93224988888888,0.2,inaturalist,126,B14+L14|T|TANL
openood,inaturalist_seed126,B14+L14,Tlp,none,99.83855266666669,0.32,inaturalist,126,B14+L14|Tlp|none
openood,inaturalist_seed126,B14+L14,Tlp,TINS,99.94479422222224,0.1,inaturalist,126,B14+L14|Tlp|TINS
openood,inaturalist_seed126,B14+L14,Tlp,TANL,99.90138655555556,0.2299999999999999,inaturalist,126,B14+L14|Tlp|TANL
openood,inaturalist_seed126,B14+L14,Tq0.05,none,99.92239777777776,0.22,inaturalist,126,B14+L14|Tq0.05|none
openood,inaturalist_seed126,B14+L14,Tq0.05,TINS,99.95421377777778,0.09,inaturalist,126,B14+L14|Tq0.05|TINS
openood,inaturalist_seed126,B14+L14,Tq0.05,TANL,99.9390658888889,0.16,inaturalist,126,B14+L14|Tq0.05|TANL
openood,inaturalist_seed126,B14+L14,Tq0.2,none,99.90425222222224,0.2799999999999999,inaturalist,126,B14+L14|Tq0.2|none
openood,inaturalist_seed126,B14+L14,Tq0.2,TINS,99.94452266666666,0.16,inaturalist,126,B14+L14|Tq0.2|TINS
openood,inaturalist_seed126,B14+L14,Tq0.2,TANL,99.92412011111112,0.2299999999999999,inaturalist,126,B14+L14|Tq0.2|TANL
openood,inaturalist_seed126,B14+L14,Tnn,none,99.91725144444445,0.21,inaturalist,126,B14+L14|Tnn|none
openood,inaturalist_seed126,B14+L14,Tnn,TINS,99.94756933333336,0.15,inaturalist,126,B14+L14|Tnn|TINS
openood,inaturalist_seed126,B14+L14,Tnn,TANL,99.9310102222222,0.2,inaturalist,126,B14+L14|Tnn|TANL
openood,inaturalist_seed126,B14+L14,Tk20,none,99.92398144444444,0.13,inaturalist,126,B14+L14|Tk20|none
openood,inaturalist_seed126,B14+L14,Tk20,TINS,99.95715022222224,0.08,inaturalist,126,B14+L14|Tk20|TINS
openood,inaturalist_seed126,B14+L14,Tk20,TANL,99.94150133333332,0.1,inaturalist,126,B14+L14|Tk20|TANL
openood,inaturalist_seed126,B14+L14,Tlp20,none,99.85719677777776,0.21,inaturalist,126,B14+L14|Tlp20|none
openood,inaturalist_seed126,B14+L14,Tlp20,TINS,99.9470962222222,0.08,inaturalist,126,B14+L14|Tlp20|TINS
openood,inaturalist_seed126,B14+L14,Tlp20,TANL,99.90925433333334,0.1699999999999999,inaturalist,126,B14+L14|Tlp20|TANL
openood,inaturalist_seed126,B14+L14,SL,none,99.88003955555556,0.33,inaturalist,126,B14+L14|SL|none
openood,inaturalist_seed126,B14+L14,SL,TINS,99.94496044444443,0.1399999999999999,inaturalist,126,B14+L14|SL|TINS
openood,inaturalist_seed126,B14+L14,SL,TANL,99.91221466666666,0.2299999999999999,inaturalist,126,B14+L14|SL|TANL
openood,inaturalist_seed126,B14+L14,static,none,99.27549844444444,2.59,inaturalist,126,B14+L14|static|none
openood,inaturalist_seed126,B14+L14,static,TINS,99.94025133333334,0.2,inaturalist,126,B14+L14|static|TINS
openood,inaturalist_seed126,B14+L14,static,TANL,99.82198333333334,0.4599999999999999,inaturalist,126,B14+L14|static|TANL
openood,inaturalist_seed127,L14xD3L+D3L,T,none,99.91930366666666,0.12,inaturalist,127,L14xD3L+D3L|T|none
openood,inaturalist_seed127,L14xD3L+D3L,T,TINS,99.9596191111111,0.09,inaturalist,127,L14xD3L+D3L|T|TINS
openood,inaturalist_seed127,L14xD3L+D3L,T,TANL,99.9444911111111,0.11,inaturalist,127,L14xD3L+D3L|T|TANL
openood,inaturalist_seed127,L14xD3L+D3L,Tlp,none,99.85081944444444,0.2799999999999999,inaturalist,127,L14xD3L+D3L|Tlp|none
openood,inaturalist_seed127,L14xD3L+D3L,Tlp,TINS,99.95087955555556,0.0699999999999999,inaturalist,127,L14xD3L+D3L|Tlp|TINS
openood,inaturalist_seed127,L14xD3L+D3L,Tlp,TANL,99.918085,0.08,inaturalist,127,L14xD3L+D3L|Tlp|TANL
openood,inaturalist_seed127,L14xD3L+D3L,Tq0.05,none,99.92447811111109,0.11,inaturalist,127,L14xD3L+D3L|Tq0.05|none
openood,inaturalist_seed127,L14xD3L+D3L,Tq0.05,TINS,99.962402,0.06,inaturalist,127,L14xD3L+D3L|Tq0.05|TINS
openood,inaturalist_seed127,L14xD3L+D3L,Tq0.05,TANL,99.94879566666668,0.09,inaturalist,127,L14xD3L+D3L|Tq0.05|TANL
openood,inaturalist_seed127,L14xD3L+D3L,Tq0.2,none,99.91433555555555,0.16,inaturalist,127,L14xD3L+D3L|Tq0.2|none
openood,inaturalist_seed127,L14xD3L+D3L,Tq0.2,TINS,99.95631644444444,0.09,inaturalist,127,L14xD3L+D3L|Tq0.2|TINS
openood,inaturalist_seed127,L14xD3L+D3L,Tq0.2,TANL,99.93998466666667,0.11,inaturalist,127,L14xD3L+D3L|Tq0.2|TANL
openood,inaturalist_seed127,L14xD3L+D3L,Tnn,none,99.93220188888888,0.12,inaturalist,127,L14xD3L+D3L|Tnn|none
openood,inaturalist_seed127,L14xD3L+D3L,Tnn,TINS,99.96145333333334,0.09,inaturalist,127,L14xD3L+D3L|Tnn|TINS
openood,inaturalist_seed127,L14xD3L+D3L,Tnn,TANL,99.94934777777776,0.11,inaturalist,127,L14xD3L+D3L|Tnn|TANL
openood,inaturalist_seed127,L14xD3L+D3L,Tk20,none,99.942802,0.09,inaturalist,127,L14xD3L+D3L|Tk20|none
openood,inaturalist_seed127,L14xD3L+D3L,Tk20,TINS,99.96794044444444,0.06,inaturalist,127,L14xD3L+D3L|Tk20|TINS
openood,inaturalist_seed127,L14xD3L+D3L,Tk20,TANL,99.95563644444444,0.08,inaturalist,127,L14xD3L+D3L|Tk20|TANL
openood,inaturalist_seed127,L14xD3L+D3L,Tlp20,none,99.88589944444443,0.09,inaturalist,127,L14xD3L+D3L|Tlp20|none
openood,inaturalist_seed127,L14xD3L+D3L,Tlp20,TINS,99.95517999999998,0.05,inaturalist,127,L14xD3L+D3L|Tlp20|TINS
openood,inaturalist_seed127,L14xD3L+D3L,Tlp20,TANL,99.92569422222222,0.0699999999999999,inaturalist,127,L14xD3L+D3L|Tlp20|TANL
openood,inaturalist_seed127,L14+D3L,T,none,99.93484633333333,0.1399999999999999,inaturalist,127,L14+D3L|T|none
openood,inaturalist_seed127,L14+D3L,T,TINS,99.96084666666664,0.09,inaturalist,127,L14+D3L|T|TINS
openood,inaturalist_seed127,L14+D3L,T,TANL,99.9485032222222,0.11,inaturalist,127,L14+D3L|T|TANL
openood,inaturalist_seed127,L14+D3L,Tlp,none,99.8739012222222,0.25,inaturalist,127,L14+D3L|Tlp|none
openood,inaturalist_seed127,L14+D3L,Tlp,TINS,99.95322511111112,0.06,inaturalist,127,L14+D3L|Tlp|TINS
openood,inaturalist_seed127,L14+D3L,Tlp,TANL,99.92542155555554,0.12,inaturalist,127,L14+D3L|Tlp|TANL
openood,inaturalist_seed127,L14+D3L,Tq0.05,none,99.94011766666668,0.12,inaturalist,127,L14+D3L|Tq0.05|none
openood,inaturalist_seed127,L14+D3L,Tq0.05,TINS,99.9641002222222,0.0699999999999999,inaturalist,127,L14+D3L|Tq0.05|TINS
openood,inaturalist_seed127,L14+D3L,Tq0.05,TANL,99.95328222222224,0.08,inaturalist,127,L14+D3L|Tq0.05|TANL
openood,inaturalist_seed127,L14+D3L,Tq0.2,none,99.92632433333333,0.15,inaturalist,127,L14+D3L|Tq0.2|none
openood,inaturalist_seed127,L14+D3L,Tq0.2,TINS,99.95592622222222,0.1,inaturalist,127,L14+D3L|Tq0.2|TINS
openood,inaturalist_seed127,L14+D3L,Tq0.2,TANL,99.94178333333332,0.13,inaturalist,127,L14+D3L|Tq0.2|TANL
openood,inaturalist_seed127,L14+D3L,Tnn,none,99.94208855555556,0.13,inaturalist,127,L14+D3L|Tnn|none
openood,inaturalist_seed127,L14+D3L,Tnn,TINS,99.96211444444444,0.09,inaturalist,127,L14+D3L|Tnn|TINS
openood,inaturalist_seed127,L14+D3L,Tnn,TANL,99.95142488888888,0.1,inaturalist,127,L14+D3L|Tnn|TANL
openood,inaturalist_seed127,L14+D3L,Tk20,none,99.94495911111112,0.09,inaturalist,127,L14+D3L|Tk20|none
openood,inaturalist_seed127,L14+D3L,Tk20,TINS,99.96730911111112,0.06,inaturalist,127,L14+D3L|Tk20|TINS
openood,inaturalist_seed127,L14+D3L,Tk20,TANL,99.95653366666669,0.08,inaturalist,127,L14+D3L|Tk20|TANL
openood,inaturalist_seed127,L14+D3L,Tlp20,none,99.89418333333332,0.12,inaturalist,127,L14+D3L|Tlp20|none
openood,inaturalist_seed127,L14+D3L,Tlp20,TINS,99.95624666666669,0.05,inaturalist,127,L14+D3L|Tlp20|TINS
openood,inaturalist_seed127,L14+D3L,Tlp20,TANL,99.930211,0.09,inaturalist,127,L14+D3L|Tlp20|TANL
openood,inaturalist_seed127,L14+D3L,SL,none,99.908753,0.25,inaturalist,127,L14+D3L|SL|none
openood,inaturalist_seed127,L14+D3L,SL,TINS,99.9540008888889,0.12,inaturalist,127,L14+D3L|SL|TINS
openood,inaturalist_seed127,L14+D3L,SL,TANL,99.93442233333332,0.1699999999999999,inaturalist,127,L14+D3L|SL|TANL
openood,inaturalist_seed127,L14+D3L,static,none,99.21268388888888,2.97,inaturalist,127,L14+D3L|static|none
openood,inaturalist_seed127,L14+D3L,static,TINS,99.94352133333334,0.18,inaturalist,127,L14+D3L|static|TINS
openood,inaturalist_seed127,L14+D3L,static,TANL,99.83311722222224,0.51,inaturalist,127,L14+D3L|static|TANL
openood,inaturalist_seed127,D3L,T,none,99.91659577777776,0.19,inaturalist,127,D3L|T|none
openood,inaturalist_seed127,D3L,T,TINS,99.96287022222222,0.0699999999999999,inaturalist,127,D3L|T|TINS
openood,inaturalist_seed127,D3L,T,TANL,99.94434744444445,0.13,inaturalist,127,D3L|T|TANL
openood,inaturalist_seed127,D3L,Tlp,none,99.84553388888888,0.31,inaturalist,127,D3L|Tlp|none
openood,inaturalist_seed127,D3L,Tlp,TINS,99.95372511111113,0.04,inaturalist,127,D3L|Tlp|TINS
openood,inaturalist_seed127,D3L,Tlp,TANL,99.92418433333334,0.11,inaturalist,127,D3L|Tlp|TANL
openood,inaturalist_seed127,D3L,Tq0.05,none,99.92094744444444,0.16,inaturalist,127,D3L|Tq0.05|none
openood,inaturalist_seed127,D3L,Tq0.05,TINS,99.96456622222225,0.0699999999999999,inaturalist,127,D3L|Tq0.05|TINS
openood,inaturalist_seed127,D3L,Tq0.05,TANL,99.94849366666668,0.1,inaturalist,127,D3L|Tq0.05|TANL
openood,inaturalist_seed127,D3L,Tq0.2,none,99.9113642222222,0.19,inaturalist,127,D3L|Tq0.2|none
openood,inaturalist_seed127,D3L,Tq0.2,TINS,99.95939511111112,0.0699999999999999,inaturalist,127,D3L|Tq0.2|TINS
openood,inaturalist_seed127,D3L,Tq0.2,TANL,99.94047766666668,0.1399999999999999,inaturalist,127,D3L|Tq0.2|TANL
openood,inaturalist_seed127,D3L,Tnn,none,99.9382561111111,0.16,inaturalist,127,D3L|Tnn|none
openood,inaturalist_seed127,D3L,Tnn,TINS,99.96749244444445,0.08,inaturalist,127,D3L|Tnn|TINS
openood,inaturalist_seed127,D3L,Tnn,TANL,99.95594566666666,0.1399999999999999,inaturalist,127,D3L|Tnn|TANL
openood,inaturalist_seed127,D3L,Tk20,none,99.93348166666664,0.11,inaturalist,127,D3L|Tk20|none
openood,inaturalist_seed127,D3L,Tk20,TINS,99.96827377777775,0.04,inaturalist,127,D3L|Tk20|TINS
openood,inaturalist_seed127,D3L,Tk20,TANL,99.95239755555556,0.0699999999999999,inaturalist,127,D3L|Tk20|TANL
openood,inaturalist_seed127,D3L,Tlp20,none,99.87798166666666,0.12,inaturalist,127,D3L|Tlp20|none
openood,inaturalist_seed127,D3L,Tlp20,TINS,99.95593111111113,0.03,inaturalist,127,D3L|Tlp20|TINS
openood,inaturalist_seed127,D3L,Tlp20,TANL,99.928227,0.06,inaturalist,127,D3L|Tlp20|TANL
openood,inaturalist_seed127,D3L,SL,none,99.89743388888888,0.3,inaturalist,127,D3L|SL|none
openood,inaturalist_seed127,D3L,SL,TINS,99.95852177777778,0.1,inaturalist,127,D3L|SL|TINS
openood,inaturalist_seed127,D3L,SL,TANL,99.93813133333332,0.15,inaturalist,127,D3L|SL|TANL
openood,inaturalist_seed127,D3L,static,none,98.9569892222222,3.98,inaturalist,127,D3L|static|none
openood,inaturalist_seed127,D3L,static,TINS,99.94796444444442,0.11,inaturalist,127,D3L|static|TINS
openood,inaturalist_seed127,D3L,static,TANL,99.87579988888888,0.5,inaturalist,127,D3L|static|TANL
openood,inaturalist_seed127,L14,T,none,99.88401911111112,0.37,inaturalist,127,L14|T|none
openood,inaturalist_seed127,L14,T,TINS,99.95605733333332,0.13,inaturalist,127,L14|T|TINS
openood,inaturalist_seed127,L14,T,TANL,99.92952577777778,0.19,inaturalist,127,L14|T|TANL
openood,inaturalist_seed127,L14,Tlp,none,99.795157,0.5599999999999999,inaturalist,127,L14|Tlp|none
openood,inaturalist_seed127,L14,Tlp,TINS,99.9508837777778,0.0699999999999999,inaturalist,127,L14|Tlp|TINS
openood,inaturalist_seed127,L14,Tlp,TANL,99.90747077777776,0.22,inaturalist,127,L14|Tlp|TANL
openood,inaturalist_seed127,L14,Tq0.05,none,99.8996251111111,0.24,inaturalist,127,L14|Tq0.05|none
openood,inaturalist_seed127,L14,Tq0.05,TINS,99.95996866666668,0.0699999999999999,inaturalist,127,L14|Tq0.05|TINS
openood,inaturalist_seed127,L14,Tq0.05,TANL,99.93753088888889,0.1399999999999999,inaturalist,127,L14|Tq0.05|TANL
openood,inaturalist_seed127,L14,Tq0.2,none,99.86369022222225,0.42,inaturalist,127,L14|Tq0.2|none
openood,inaturalist_seed127,L14,Tq0.2,TINS,99.95101111111111,0.16,inaturalist,127,L14|Tq0.2|TINS
openood,inaturalist_seed127,L14,Tq0.2,TANL,99.91884466666669,0.27,inaturalist,127,L14|Tq0.2|TANL
openood,inaturalist_seed127,L14,Tnn,none,99.86109177777776,0.32,inaturalist,127,L14|Tnn|none
openood,inaturalist_seed127,L14,Tnn,TINS,99.95343088888887,0.1399999999999999,inaturalist,127,L14|Tnn|TINS
openood,inaturalist_seed127,L14,Tnn,TANL,99.92294233333332,0.21,inaturalist,127,L14|Tnn|TANL
openood,inaturalist_seed127,L14,Tk20,none,99.90392955555556,0.15,inaturalist,127,L14|Tk20|none
openood,inaturalist_seed127,L14,Tk20,TINS,99.96241844444444,0.09,inaturalist,127,L14|Tk20|TINS
openood,inaturalist_seed127,L14,Tk20,TANL,99.94039055555557,0.11,inaturalist,127,L14|Tk20|TANL
openood,inaturalist_seed127,L14,Tlp20,none,99.84121388888887,0.29,inaturalist,127,L14|Tlp20|none
openood,inaturalist_seed127,L14,Tlp20,TINS,99.954332,0.04,inaturalist,127,L14|Tlp20|TINS
openood,inaturalist_seed127,L14,Tlp20,TANL,99.91450344444443,0.1399999999999999,inaturalist,127,L14|Tlp20|TANL
openood,inaturalist_seed127,L14,SL,none,99.80941844444445,0.44,inaturalist,127,L14|SL|none
openood,inaturalist_seed127,L14,SL,TINS,99.95398844444443,0.13,inaturalist,127,L14|SL|TINS
openood,inaturalist_seed127,L14,SL,TANL,99.911557,0.24,inaturalist,127,L14|SL|TANL
openood,inaturalist_seed127,L14,static,none,98.81709244444444,3.96,inaturalist,127,L14|static|none
openood,inaturalist_seed127,L14,static,TINS,99.9540988888889,0.12,inaturalist,127,L14|static|TINS
openood,inaturalist_seed127,L14,static,TANL,99.86715755555556,0.3399999999999999,inaturalist,127,L14|static|TANL
openood,inaturalist_seed127,L14xD3L,T,none,99.88194511111112,0.1399999999999999,inaturalist,127,L14xD3L|T|none
openood,inaturalist_seed127,L14xD3L,T,TINS,99.95997177777778,0.05,inaturalist,127,L14xD3L|T|TINS
openood,inaturalist_seed127,L14xD3L,T,TANL,99.93858944444445,0.09,inaturalist,127,L14xD3L|T|TANL
openood,inaturalist_seed127,L14xD3L,Tlp,none,99.80618411111114,0.31,inaturalist,127,L14xD3L|Tlp|none
openood,inaturalist_seed127,L14xD3L,Tlp,TINS,99.95345533333332,0.04,inaturalist,127,L14xD3L|Tlp|TINS
openood,inaturalist_seed127,L14xD3L,Tlp,TANL,99.918594,0.11,inaturalist,127,L14xD3L|Tlp|TANL
openood,inaturalist_seed127,L14xD3L,Tq0.05,none,99.88911066666668,0.13,inaturalist,127,L14xD3L|Tq0.05|none
openood,inaturalist_seed127,L14xD3L,Tq0.05,TINS,99.96262422222225,0.05,inaturalist,127,L14xD3L|Tq0.05|TINS
openood,inaturalist_seed127,L14xD3L,Tq0.05,TANL,99.94330022222222,0.0699999999999999,inaturalist,127,L14xD3L|Tq0.05|TANL
openood,inaturalist_seed127,L14xD3L,Tq0.2,none,99.8765128888889,0.1699999999999999,inaturalist,127,L14xD3L|Tq0.2|none
openood,inaturalist_seed127,L14xD3L,Tq0.2,TINS,99.95889222222225,0.08,inaturalist,127,L14xD3L|Tq0.2|TINS
openood,inaturalist_seed127,L14xD3L,Tq0.2,TANL,99.93522244444443,0.1,inaturalist,127,L14xD3L|Tq0.2|TANL
openood,inaturalist_seed127,L14xD3L,Tnn,none,99.90150544444444,0.13,inaturalist,127,L14xD3L|Tnn|none
openood,inaturalist_seed127,L14xD3L,Tnn,TINS,99.96141111111112,0.08,inaturalist,127,L14xD3L|Tnn|TINS
openood,inaturalist_seed127,L14xD3L,Tnn,TANL,99.94428444444443,0.09,inaturalist,127,L14xD3L|Tnn|TANL
openood,inaturalist_seed127,L14xD3L,Tk20,none,99.93451455555554,0.1,inaturalist,127,L14xD3L|Tk20|none
openood,inaturalist_seed127,L14xD3L,Tk20,TINS,99.96735933333332,0.06,inaturalist,127,L14xD3L|Tk20|TINS
openood,inaturalist_seed127,L14xD3L,Tk20,TANL,99.94951577777778,0.09,inaturalist,127,L14xD3L|Tk20|TANL
openood,inaturalist_seed127,L14xD3L,Tlp20,none,99.865427,0.16,inaturalist,127,L14xD3L|Tlp20|none
openood,inaturalist_seed127,L14xD3L,Tlp20,TINS,99.95503644444445,0.03,inaturalist,127,L14xD3L|Tlp20|TINS
openood,inaturalist_seed127,L14xD3L,Tlp20,TANL,99.91901866666666,0.1,inaturalist,127,L14xD3L|Tlp20|TANL
openood,inaturalist_seed127,D3B+D3L,T,none,99.93031433333331,0.1699999999999999,inaturalist,127,D3B+D3L|T|none
openood,inaturalist_seed127,D3B+D3L,T,TINS,99.95795911111112,0.11,inaturalist,127,D3B+D3L|T|TINS
openood,inaturalist_seed127,D3B+D3L,T,TANL,99.94438077777778,0.1399999999999999,inaturalist,127,D3B+D3L|T|TANL
openood,inaturalist_seed127,D3B+D3L,Tlp,none,99.86802377777776,0.26,inaturalist,127,D3B+D3L|Tlp|none
openood,inaturalist_seed127,D3B+D3L,Tlp,TINS,99.94906244444444,0.08,inaturalist,127,D3B+D3L|Tlp|TINS
openood,inaturalist_seed127,D3B+D3L,Tlp,TANL,99.91979566666669,0.13,inaturalist,127,D3B+D3L|Tlp|TANL
openood,inaturalist_seed127,D3B+D3L,Tq0.05,none,99.9322212222222,0.15,inaturalist,127,D3B+D3L|Tq0.05|none
openood,inaturalist_seed127,D3B+D3L,Tq0.05,TINS,99.96088977777777,0.09,inaturalist,127,D3B+D3L|Tq0.05|TINS
openood,inaturalist_seed127,D3B+D3L,Tq0.05,TANL,99.94795744444444,0.11,inaturalist,127,D3B+D3L|Tq0.05|TANL
openood,inaturalist_seed127,D3B+D3L,Tq0.2,none,99.92299588888888,0.21,inaturalist,127,D3B+D3L|Tq0.2|none
openood,inaturalist_seed127,D3B+D3L,Tq0.2,TINS,99.9530631111111,0.13,inaturalist,127,D3B+D3L|Tq0.2|TINS
openood,inaturalist_seed127,D3B+D3L,Tq0.2,TANL,99.93824666666666,0.18,inaturalist,127,D3B+D3L|Tq0.2|TANL
openood,inaturalist_seed127,D3B+D3L,Tnn,none,99.94817855555556,0.16,inaturalist,127,D3B+D3L|Tnn|none
openood,inaturalist_seed127,D3B+D3L,Tnn,TINS,99.961988,0.12,inaturalist,127,D3B+D3L|Tnn|TINS
openood,inaturalist_seed127,D3B+D3L,Tnn,TANL,99.9550401111111,0.1399999999999999,inaturalist,127,D3B+D3L|Tnn|TANL
openood,inaturalist_seed127,D3B+D3L,Tk20,none,99.93781577777776,0.12,inaturalist,127,D3B+D3L|Tk20|none
openood,inaturalist_seed127,D3B+D3L,Tk20,TINS,99.96357088888888,0.06,inaturalist,127,D3B+D3L|Tk20|TINS
openood,inaturalist_seed127,D3B+D3L,Tk20,TANL,99.95093566666668,0.09,inaturalist,127,D3B+D3L|Tk20|TANL
openood,inaturalist_seed127,D3B+D3L,Tlp20,none,99.88838577777776,0.13,inaturalist,127,D3B+D3L|Tlp20|none
openood,inaturalist_seed127,D3B+D3L,Tlp20,TINS,99.95175244444444,0.05,inaturalist,127,D3B+D3L|Tlp20|TINS
openood,inaturalist_seed127,D3B+D3L,Tlp20,TANL,99.92628522222222,0.1,inaturalist,127,D3B+D3L|Tlp20|TANL
openood,inaturalist_seed127,D3B+D3L,SL,none,99.90431211111112,0.32,inaturalist,127,D3B+D3L|SL|none
openood,inaturalist_seed127,D3B+D3L,SL,TINS,99.94814555555554,0.1399999999999999,inaturalist,127,D3B+D3L|SL|TINS
openood,inaturalist_seed127,D3B+D3L,SL,TANL,99.93082322222222,0.21,inaturalist,127,D3B+D3L|SL|TANL
openood,inaturalist_seed127,D3B+D3L,static,none,99.00058755555555,3.77,inaturalist,127,D3B+D3L|static|none
openood,inaturalist_seed127,D3B+D3L,static,TINS,99.9184882222222,0.31,inaturalist,127,D3B+D3L|static|TINS
openood,inaturalist_seed127,D3B+D3L,static,TANL,99.77477388888887,0.88,inaturalist,127,D3B+D3L|static|TANL
openood,inaturalist_seed127,L14+D3B+D3L,T,none,99.94080188888888,0.11,inaturalist,127,L14+D3B+D3L|T|none
openood,inaturalist_seed127,L14+D3B+D3L,T,TINS,99.95850555555556,0.09,inaturalist,127,L14+D3B+D3L|T|TINS
openood,inaturalist_seed127,L14+D3B+D3L,T,TANL,99.9495887777778,0.1,inaturalist,127,L14+D3B+D3L|T|TANL
openood,inaturalist_seed127,L14+D3B+D3L,Tlp,none,99.88648622222225,0.21,inaturalist,127,L14+D3B+D3L|Tlp|none
openood,inaturalist_seed127,L14+D3B+D3L,Tlp,TINS,99.948288,0.06,inaturalist,127,L14+D3B+D3L|Tlp|TINS
openood,inaturalist_seed127,L14+D3B+D3L,Tlp,TANL,99.92314555555556,0.11,inaturalist,127,L14+D3B+D3L|Tlp|TANL
openood,inaturalist_seed127,L14+D3B+D3L,Tq0.05,none,99.94459500000002,0.11,inaturalist,127,L14+D3B+D3L|Tq0.05|none
openood,inaturalist_seed127,L14+D3B+D3L,Tq0.05,TINS,99.9620688888889,0.08,inaturalist,127,L14+D3B+D3L|Tq0.05|TINS
openood,inaturalist_seed127,L14+D3B+D3L,Tq0.05,TANL,99.95369911111112,0.09,inaturalist,127,L14+D3B+D3L|Tq0.05|TANL
openood,inaturalist_seed127,L14+D3B+D3L,Tq0.2,none,99.93344177777776,0.16,inaturalist,127,L14+D3B+D3L|Tq0.2|none
openood,inaturalist_seed127,L14+D3B+D3L,Tq0.2,TINS,99.95339222222222,0.1,inaturalist,127,L14+D3B+D3L|Tq0.2|TINS
openood,inaturalist_seed127,L14+D3B+D3L,Tq0.2,TANL,99.94309544444444,0.11,inaturalist,127,L14+D3B+D3L|Tq0.2|TANL
openood,inaturalist_seed127,L14+D3B+D3L,Tnn,none,99.94987144444444,0.1,inaturalist,127,L14+D3B+D3L|Tnn|none
openood,inaturalist_seed127,L14+D3B+D3L,Tnn,TINS,99.96089733333334,0.08,inaturalist,127,L14+D3B+D3L|Tnn|TINS
openood,inaturalist_seed127,L14+D3B+D3L,Tnn,TANL,99.954696,0.09,inaturalist,127,L14+D3B+D3L|Tnn|TANL
openood,inaturalist_seed127,L14+D3B+D3L,Tk20,none,99.9470512222222,0.08,inaturalist,127,L14+D3B+D3L|Tk20|none
openood,inaturalist_seed127,L14+D3B+D3L,Tk20,TINS,99.964624,0.06,inaturalist,127,L14+D3B+D3L|Tk20|TINS
openood,inaturalist_seed127,L14+D3B+D3L,Tk20,TANL,99.95579033333333,0.0699999999999999,inaturalist,127,L14+D3B+D3L|Tk20|TANL
openood,inaturalist_seed127,L14+D3B+D3L,Tlp20,none,99.90011877777778,0.11,inaturalist,127,L14+D3B+D3L|Tlp20|none
openood,inaturalist_seed127,L14+D3B+D3L,Tlp20,TINS,99.95178933333334,0.06,inaturalist,127,L14+D3B+D3L|Tlp20|TINS
openood,inaturalist_seed127,L14+D3B+D3L,Tlp20,TANL,99.92833077777776,0.09,inaturalist,127,L14+D3B+D3L|Tlp20|TANL
openood,inaturalist_seed127,L14+D3B+D3L,SL,none,99.91798977777778,0.24,inaturalist,127,L14+D3B+D3L|SL|none
openood,inaturalist_seed127,L14+D3B+D3L,SL,TINS,99.94862555555557,0.13,inaturalist,127,L14+D3B+D3L|SL|TINS
openood,inaturalist_seed127,L14+D3B+D3L,SL,TANL,99.93438933333334,0.18,inaturalist,127,L14+D3B+D3L|SL|TANL
openood,inaturalist_seed127,L14+D3B+D3L,static,none,99.2572658888889,2.83,inaturalist,127,L14+D3B+D3L|static|none
openood,inaturalist_seed127,L14+D3B+D3L,static,TINS,99.91426488888888,0.37,inaturalist,127,L14+D3B+D3L|static|TINS
openood,inaturalist_seed127,L14+D3B+D3L,static,TANL,99.76510333333331,0.89,inaturalist,127,L14+D3B+D3L|static|TANL
openood,inaturalist_seed127,B14+L14+D3L,T,none,99.93574355555556,0.13,inaturalist,127,B14+L14+D3L|T|none
openood,inaturalist_seed127,B14+L14+D3L,T,TINS,99.95615777777778,0.09,inaturalist,127,B14+L14+D3L|T|TINS
openood,inaturalist_seed127,B14+L14+D3L,T,TANL,99.945547,0.12,inaturalist,127,B14+L14+D3L|T|TANL
openood,inaturalist_seed127,B14+L14+D3L,Tlp,none,99.87751377777776,0.2299999999999999,inaturalist,127,B14+L14+D3L|Tlp|none
openood,inaturalist_seed127,B14+L14+D3L,Tlp,TINS,99.94772244444444,0.09,inaturalist,127,B14+L14+D3L|Tlp|TINS
openood,inaturalist_seed127,B14+L14+D3L,Tlp,TANL,99.91825333333334,0.1399999999999999,inaturalist,127,B14+L14+D3L|Tlp|TANL
openood,inaturalist_seed127,B14+L14+D3L,Tq0.05,none,99.94083422222224,0.1399999999999999,inaturalist,127,B14+L14+D3L|Tq0.05|none
openood,inaturalist_seed127,B14+L14+D3L,Tq0.05,TINS,99.96033088888888,0.09,inaturalist,127,B14+L14+D3L|Tq0.05|TINS
openood,inaturalist_seed127,B14+L14+D3L,Tq0.05,TANL,99.9506658888889,0.09,inaturalist,127,B14+L14+D3L|Tq0.05|TANL
openood,inaturalist_seed127,B14+L14+D3L,Tq0.2,none,99.9279798888889,0.18,inaturalist,127,B14+L14+D3L|Tq0.2|none
openood,inaturalist_seed127,B14+L14+D3L,Tq0.2,TINS,99.95137311111112,0.1399999999999999,inaturalist,127,B14+L14+D3L|Tq0.2|TINS
openood,inaturalist_seed127,B14+L14+D3L,Tq0.2,TANL,99.93908922222222,0.16,inaturalist,127,B14+L14+D3L|Tq0.2|TANL
openood,inaturalist_seed127,B14+L14+D3L,Tnn,none,99.94191366666666,0.12,inaturalist,127,B14+L14+D3L|Tnn|none
openood,inaturalist_seed127,B14+L14+D3L,Tnn,TINS,99.95664155555556,0.09,inaturalist,127,B14+L14+D3L|Tnn|TINS
openood,inaturalist_seed127,B14+L14+D3L,Tnn,TANL,99.9479697777778,0.1,inaturalist,127,B14+L14+D3L|Tnn|TANL
openood,inaturalist_seed127,B14+L14+D3L,Tk20,none,99.94417011111112,0.09,inaturalist,127,B14+L14+D3L|Tk20|none
openood,inaturalist_seed127,B14+L14+D3L,Tk20,TINS,99.96337733333334,0.0699999999999999,inaturalist,127,B14+L14+D3L|Tk20|TINS
openood,inaturalist_seed127,B14+L14+D3L,Tk20,TANL,99.95333333333332,0.08,inaturalist,127,B14+L14+D3L|Tk20|TANL
openood,inaturalist_seed127,B14+L14+D3L,Tlp20,none,99.88925977777778,0.12,inaturalist,127,B14+L14+D3L|Tlp20|none
openood,inaturalist_seed127,B14+L14+D3L,Tlp20,TINS,99.9506211111111,0.08,inaturalist,127,B14+L14+D3L|Tlp20|TINS
openood,inaturalist_seed127,B14+L14+D3L,Tlp20,TANL,99.922211,0.09,inaturalist,127,B14+L14+D3L|Tlp20|TANL
openood,inaturalist_seed127,B14+L14+D3L,SL,none,99.91090311111112,0.27,inaturalist,127,B14+L14+D3L|SL|none
openood,inaturalist_seed127,B14+L14+D3L,SL,TINS,99.9469397777778,0.1399999999999999,inaturalist,127,B14+L14+D3L|SL|TINS
openood,inaturalist_seed127,B14+L14+D3L,SL,TANL,99.9294011111111,0.24,inaturalist,127,B14+L14+D3L|SL|TANL
openood,inaturalist_seed127,B14+L14+D3L,static,none,99.3645518888889,2.47,inaturalist,127,B14+L14+D3L|static|none
openood,inaturalist_seed127,B14+L14+D3L,static,TINS,99.92313511111112,0.31,inaturalist,127,B14+L14+D3L|static|TINS
openood,inaturalist_seed127,B14+L14+D3L,static,TANL,99.78944788888889,0.67,inaturalist,127,B14+L14+D3L|static|TANL
openood,inaturalist_seed127,B14+L14+D3B+D3L,T,none,99.93965655555554,0.13,inaturalist,127,B14+L14+D3B+D3L|T|none
openood,inaturalist_seed127,B14+L14+D3B+D3L,T,TINS,99.9552568888889,0.1,inaturalist,127,B14+L14+D3B+D3L|T|TINS
openood,inaturalist_seed127,B14+L14+D3B+D3L,T,TANL,99.94693344444444,0.12,inaturalist,127,B14+L14+D3B+D3L|T|TANL
openood,inaturalist_seed127,B14+L14+D3B+D3L,Tlp,none,99.88445088888888,0.19,inaturalist,127,B14+L14+D3B+D3L|Tlp|none
openood,inaturalist_seed127,B14+L14+D3B+D3L,Tlp,TINS,99.9434317777778,0.08,inaturalist,127,B14+L14+D3B+D3L|Tlp|TINS
openood,inaturalist_seed127,B14+L14+D3B+D3L,Tlp,TANL,99.91696677777776,0.12,inaturalist,127,B14+L14+D3B+D3L|Tlp|TANL
openood,inaturalist_seed127,B14+L14+D3B+D3L,Tq0.05,none,99.9441572222222,0.11,inaturalist,127,B14+L14+D3B+D3L|Tq0.05|none
openood,inaturalist_seed127,B14+L14+D3B+D3L,Tq0.05,TINS,99.95943844444444,0.1,inaturalist,127,B14+L14+D3B+D3L|Tq0.05|TINS
openood,inaturalist_seed127,B14+L14+D3B+D3L,Tq0.05,TANL,99.95156622222224,0.1,inaturalist,127,B14+L14+D3B+D3L|Tq0.05|TANL
openood,inaturalist_seed127,B14+L14+D3B+D3L,Tq0.2,none,99.9326202222222,0.1399999999999999,inaturalist,127,B14+L14+D3B+D3L|Tq0.2|none
openood,inaturalist_seed127,B14+L14+D3B+D3L,Tq0.2,TINS,99.950156,0.12,inaturalist,127,B14+L14+D3B+D3L|Tq0.2|TINS
openood,inaturalist_seed127,B14+L14+D3B+D3L,Tq0.2,TANL,99.94064377777778,0.13,inaturalist,127,B14+L14+D3B+D3L|Tq0.2|TANL
openood,inaturalist_seed127,B14+L14+D3B+D3L,Tnn,none,99.94755888888888,0.11,inaturalist,127,B14+L14+D3B+D3L|Tnn|none
openood,inaturalist_seed127,B14+L14+D3B+D3L,Tnn,TINS,99.95715266666669,0.1,inaturalist,127,B14+L14+D3B+D3L|Tnn|TINS
openood,inaturalist_seed127,B14+L14+D3B+D3L,Tnn,TANL,99.95139444444445,0.11,inaturalist,127,B14+L14+D3B+D3L|Tnn|TANL
openood,inaturalist_seed127,B14+L14+D3B+D3L,Tk20,none,99.9459042222222,0.08,inaturalist,127,B14+L14+D3B+D3L|Tk20|none
openood,inaturalist_seed127,B14+L14+D3B+D3L,Tk20,TINS,99.96183711111112,0.06,inaturalist,127,B14+L14+D3B+D3L|Tk20|TINS
openood,inaturalist_seed127,B14+L14+D3B+D3L,Tk20,TANL,99.95328766666668,0.08,inaturalist,127,B14+L14+D3B+D3L|Tk20|TANL
openood,inaturalist_seed127,B14+L14+D3B+D3L,Tlp20,none,99.89425644444444,0.11,inaturalist,127,B14+L14+D3B+D3L|Tlp20|none
openood,inaturalist_seed127,B14+L14+D3B+D3L,Tlp20,TINS,99.946756,0.0699999999999999,inaturalist,127,B14+L14+D3B+D3L|Tlp20|TINS
openood,inaturalist_seed127,B14+L14+D3B+D3L,Tlp20,TANL,99.92111122222222,0.09,inaturalist,127,B14+L14+D3B+D3L|Tlp20|TANL
openood,inaturalist_seed127,B14+L14+D3B+D3L,SL,none,99.91680588888887,0.24,inaturalist,127,B14+L14+D3B+D3L|SL|none
openood,inaturalist_seed127,B14+L14+D3B+D3L,SL,TINS,99.94329755555556,0.16,inaturalist,127,B14+L14+D3B+D3L|SL|TINS
openood,inaturalist_seed127,B14+L14+D3B+D3L,SL,TANL,99.93004044444444,0.21,inaturalist,127,B14+L14+D3B+D3L|SL|TANL
openood,inaturalist_seed127,B14+L14+D3B+D3L,static,none,99.352403,2.43,inaturalist,127,B14+L14+D3B+D3L|static|none
openood,inaturalist_seed127,B14+L14+D3B+D3L,static,TINS,99.8922071111111,0.48,inaturalist,127,B14+L14+D3B+D3L|static|TINS
openood,inaturalist_seed127,B14+L14+D3B+D3L,static,TANL,99.73221655555557,1.03,inaturalist,127,B14+L14+D3B+D3L|static|TANL
openood,inaturalist_seed127,B14+L14,T,none,99.9152258888889,0.2299999999999999,inaturalist,127,B14+L14|T|none
openood,inaturalist_seed127,B14+L14,T,TINS,99.95073333333332,0.1399999999999999,inaturalist,127,B14+L14|T|TINS
openood,inaturalist_seed127,B14+L14,T,TANL,99.933277,0.19,inaturalist,127,B14+L14|T|TANL
openood,inaturalist_seed127,B14+L14,Tlp,none,99.8385162222222,0.32,inaturalist,127,B14+L14|Tlp|none
openood,inaturalist_seed127,B14+L14,Tlp,TINS,99.9465691111111,0.13,inaturalist,127,B14+L14|Tlp|TINS
openood,inaturalist_seed127,B14+L14,Tlp,TANL,99.90455355555557,0.22,inaturalist,127,B14+L14|Tlp|TANL
openood,inaturalist_seed127,B14+L14,Tq0.05,none,99.92239688888888,0.22,inaturalist,127,B14+L14|Tq0.05|none
openood,inaturalist_seed127,B14+L14,Tq0.05,TINS,99.95566488888888,0.11,inaturalist,127,B14+L14|Tq0.05|TINS
openood,inaturalist_seed127,B14+L14,Tq0.05,TANL,99.93989011111113,0.1699999999999999,inaturalist,127,B14+L14|Tq0.05|TANL
openood,inaturalist_seed127,B14+L14,Tq0.2,none,99.90425266666666,0.2799999999999999,inaturalist,127,B14+L14|Tq0.2|none
openood,inaturalist_seed127,B14+L14,Tq0.2,TINS,99.94593022222222,0.16,inaturalist,127,B14+L14|Tq0.2|TINS
openood,inaturalist_seed127,B14+L14,Tq0.2,TANL,99.9253142222222,0.2299999999999999,inaturalist,127,B14+L14|Tq0.2|TANL
openood,inaturalist_seed127,B14+L14,Tnn,none,99.9172528888889,0.21,inaturalist,127,B14+L14|Tnn|none
openood,inaturalist_seed127,B14+L14,Tnn,TINS,99.94839,0.15,inaturalist,127,B14+L14|Tnn|TINS
openood,inaturalist_seed127,B14+L14,Tnn,TANL,99.93177933333334,0.1699999999999999,inaturalist,127,B14+L14|Tnn|TANL
openood,inaturalist_seed127,B14+L14,Tk20,none,99.92398144444444,0.13,inaturalist,127,B14+L14|Tk20|none
openood,inaturalist_seed127,B14+L14,Tk20,TINS,99.95839355555556,0.09,inaturalist,127,B14+L14|Tk20|TINS
openood,inaturalist_seed127,B14+L14,Tk20,TANL,99.94228733333334,0.1,inaturalist,127,B14+L14|Tk20|TANL
openood,inaturalist_seed127,B14+L14,Tlp20,none,99.85719677777776,0.21,inaturalist,127,B14+L14|Tlp20|none
openood,inaturalist_seed127,B14+L14,Tlp20,TINS,99.94915044444444,0.0699999999999999,inaturalist,127,B14+L14|Tlp20|TINS
openood,inaturalist_seed127,B14+L14,Tlp20,TANL,99.91139133333331,0.1699999999999999,inaturalist,127,B14+L14|Tlp20|TANL
openood,inaturalist_seed127,B14+L14,SL,none,99.87973988888888,0.4,inaturalist,127,B14+L14|SL|none
openood,inaturalist_seed127,B14+L14,SL,TINS,99.94523955555556,0.15,inaturalist,127,B14+L14|SL|TINS
openood,inaturalist_seed127,B14+L14,SL,TANL,99.91607355555556,0.2799999999999999,inaturalist,127,B14+L14|SL|TANL
openood,inaturalist_seed127,B14+L14,static,none,99.27549844444444,2.59,inaturalist,127,B14+L14|static|none
openood,inaturalist_seed127,B14+L14,static,TINS,99.93919511111112,0.2,inaturalist,127,B14+L14|static|TINS
openood,inaturalist_seed127,B14+L14,static,TANL,99.823126,0.48,inaturalist,127,B14+L14|static|TANL
openood,ninco_seed123,L14xD3L+D3L,T,none,99.6797526034284,1.0886205136928049,ninco,123,L14xD3L+D3L|T|none
openood,ninco_seed123,L14xD3L+D3L,T,TINS,99.71458335695792,0.7824459942167036,ninco,123,L14xD3L+D3L|T|TINS
openood,ninco_seed123,L14xD3L+D3L,T,TANL,99.67605375063786,0.9695526450076544,ninco,123,L14xD3L+D3L|T|TANL
openood,ninco_seed123,L14xD3L+D3L,Tlp,none,99.37559429986206,1.9561149855417588,ninco,123,L14xD3L+D3L|Tlp|none
openood,ninco_seed123,L14xD3L+D3L,Tlp,TINS,99.4138232125645,1.377785337642456,ninco,123,L14xD3L+D3L|Tlp|TINS
openood,ninco_seed123,L14xD3L+D3L,Tlp,TANL,99.38209313753283,1.547882292906957,ninco,123,L14xD3L+D3L|Tlp|TANL
openood,ninco_seed123,L14xD3L+D3L,Tq0.05,none,99.70897488234962,0.884504167375404,ninco,123,L14xD3L+D3L|Tq0.05|none
openood,ninco_seed123,L14xD3L+D3L,Tq0.05,TINS,99.73588592164198,0.6973975165844531,ninco,123,L14xD3L+D3L|Tq0.05|TINS
openood,ninco_seed123,L14xD3L+D3L,Tq0.05,TANL,99.7029931394228,0.7654362986902534,ninco,123,L14xD3L+D3L|Tq0.05|TANL
openood,ninco_seed123,L14xD3L+D3L,Tq0.2,none,99.62355578235147,1.3607756421160062,ninco,123,L14xD3L+D3L|Tq0.2|none
openood,ninco_seed123,L14xD3L+D3L,Tq0.2,TINS,99.67563266617528,1.0375914271134548,ninco,123,L14xD3L+D3L|Tq0.2|TINS
openood,ninco_seed123,L14xD3L+D3L,Tq0.2,TANL,99.62819130237568,1.139649600272155,ninco,123,L14xD3L+D3L|Tq0.2|TANL
openood,ninco_seed123,L14xD3L+D3L,Tnn,none,99.69169473266427,0.9695526450076544,ninco,123,L14xD3L+D3L|Tnn|none
openood,ninco_seed123,L14xD3L+D3L,Tnn,TINS,99.72012095783484,0.7994556897431535,ninco,123,L14xD3L+D3L|Tnn|TINS
openood,ninco_seed123,L14xD3L+D3L,Tnn,TANL,99.6980368921396,0.8674944718489539,ninco,123,L14xD3L+D3L|Tnn|TANL
openood,ninco_seed123,L14xD3L+D3L,Tk20,none,99.75530286707868,0.5613199523728525,ninco,123,L14xD3L+D3L|Tk20|none
openood,ninco_seed123,L14xD3L+D3L,Tk20,TINS,99.76768309047269,0.5443102568464024,ninco,123,L14xD3L+D3L|Tk20|TINS
openood,ninco_seed123,L14xD3L+D3L,Tk20,TANL,99.73258490673015,0.5613199523728525,ninco,123,L14xD3L+D3L|Tk20|TANL
openood,ninco_seed123,L14xD3L+D3L,Tlp20,none,99.50081589839542,1.598911379486307,ninco,123,L14xD3L+D3L|Tlp20|none
openood,ninco_seed123,L14xD3L+D3L,Tlp20,TINS,99.4744472793937,1.309746555536656,ninco,123,L14xD3L+D3L|Tlp20|TINS
openood,ninco_seed123,L14xD3L+D3L,Tlp20,TANL,99.45034605280566,1.2246980779044054,ninco,123,L14xD3L+D3L|Tlp20|TANL
openood,ninco_seed123,L14+D3L,T,none,99.70070363440496,1.0716108181663548,ninco,123,L14+D3L|T|none
openood,ninco_seed123,L14+D3L,T,TINS,99.72526431176884,0.884504167375404,ninco,123,L14+D3L|T|TINS
openood,ninco_seed123,L14+D3L,T,TANL,99.68736330819678,1.0205817315870047,ninco,123,L14+D3L|T|TANL
openood,ninco_seed123,L14+D3L,Tlp,none,99.42776322503826,1.9731246810682088,ninco,123,L14+D3L|Tlp|none
openood,ninco_seed123,L14+D3L,Tlp,TINS,99.44561811343576,1.4458241197482564,ninco,123,L14+D3L|Tlp|TINS
openood,ninco_seed123,L14+D3L,Tlp,TANL,99.4094137324942,1.6839598571185574,ninco,123,L14+D3L|Tlp|TANL
openood,ninco_seed123,L14+D3L,Tq0.05,none,99.71487611271758,0.9695526450076544,ninco,123,L14+D3L|Tq0.05|none
openood,ninco_seed123,L14+D3L,Tq0.05,TINS,99.7352017538886,0.7994556897431535,ninco,123,L14+D3L|Tq0.05|TINS
openood,ninco_seed123,L14+D3L,Tq0.05,TANL,99.69810757687438,0.9185235584283042,ninco,123,L14+D3L|Tq0.05|TANL
openood,ninco_seed123,L14+D3L,Tq0.2,none,99.64634782937384,1.1566592957986053,ninco,123,L14+D3L|Tq0.2|none
openood,ninco_seed123,L14+D3L,Tq0.2,TINS,99.6871350002835,1.0716108181663548,ninco,123,L14+D3L|Tq0.2|TINS
openood,ninco_seed123,L14+D3L,Tq0.2,TANL,99.64011320897356,1.1906786868515054,ninco,123,L14+D3L|Tq0.2|TANL
openood,ninco_seed123,L14+D3L,Tnn,none,99.72250987507324,0.9865623405341044,ninco,123,L14+D3L|Tnn|none
openood,ninco_seed123,L14+D3L,Tnn,TINS,99.74484814121828,0.7484266031638034,ninco,123,L14+D3L|Tnn|TINS
openood,ninco_seed123,L14+D3L,Tnn,TANL,99.71985938651696,0.901513862901854,ninco,123,L14+D3L|Tnn|TANL
openood,ninco_seed123,L14+D3L,Tk20,none,99.736215531742,0.6973975165844531,ninco,123,L14+D3L|Tk20|none
openood,ninco_seed123,L14+D3L,Tk20,TINS,99.75123736085123,0.6463684300051029,ninco,123,L14+D3L|Tk20|TINS
openood,ninco_seed123,L14+D3L,Tk20,TANL,99.71329780196936,0.663378125531553,ninco,123,L14+D3L|Tk20|TANL
openood,ninco_seed123,L14+D3L,Tlp20,none,99.51750222071026,1.6499404660656574,ninco,123,L14+D3L|Tlp20|none
openood,ninco_seed123,L14+D3L,Tlp20,TINS,99.47840713651226,1.2927368600102058,ninco,123,L14+D3L|Tlp20|TINS
openood,ninco_seed123,L14+D3L,Tlp20,TANL,99.4463138099828,1.377785337642456,ninco,123,L14+D3L|Tlp20|TANL
openood,ninco_seed123,L14+D3L,SL,none,99.11726786490522,3.640074842660317,ninco,123,L14+D3L|SL|none
openood,ninco_seed123,L14+D3L,SL,TINS,99.12337510158568,3.5550263650280662,ninco,123,L14+D3L|SL|TINS
openood,ninco_seed123,L14+D3L,SL,TANL,99.18342272873316,3.2488518455519646,ninco,123,L14+D3L|SL|TANL
openood,ninco_seed123,L14+D3L,static,none,89.89271871633497,40.823269263480185,ninco,123,L14+D3L|static|none
openood,ninco_seed123,L14+D3L,static,TINS,91.21568558522802,37.16618472529342,ninco,123,L14+D3L|static|TINS
openood,ninco_seed123,L14+D3L,static,TANL,91.98376424562,37.608436808981125,ninco,123,L14+D3L|static|TANL
openood,ninco_seed123,D3L,T,none,99.65651339041032,1.105630209219255,ninco,123,D3L|T|none
openood,ninco_seed123,D3L,T,TINS,99.63563304416851,0.9865623405341044,ninco,123,D3L|T|TINS
openood,ninco_seed123,D3L,T,TANL,99.61470015686716,0.9865623405341044,ninco,123,D3L|T|TANL
openood,ninco_seed123,D3L,Tlp,none,99.28976299824234,2.24527980949141,ninco,123,D3L|Tlp|none
openood,ninco_seed123,D3L,Tlp,TINS,99.04481260985428,2.075182854226909,ninco,123,D3L|Tlp|TINS
openood,ninco_seed123,D3L,Tlp,TANL,99.12470488178262,2.007144072121109,ninco,123,D3L|Tlp|TANL
openood,ninco_seed123,D3L,Tq0.05,none,99.67910755797472,0.9865623405341044,ninco,123,D3L|Tq0.05|none
openood,ninco_seed123,D3L,Tq0.05,TINS,99.64977755098184,0.7994556897431535,ninco,123,D3L|Tq0.05|TINS
openood,ninco_seed123,D3L,Tq0.05,TANL,99.63029351174612,0.8674944718489539,ninco,123,D3L|Tq0.05|TANL
openood,ninco_seed123,D3L,Tq0.2,none,99.59974731152312,1.598911379486307,ninco,123,D3L|Tq0.2|none
openood,ninco_seed123,D3L,Tq0.2,TINS,99.59758537922173,1.122639904745705,ninco,123,D3L|Tq0.2|TINS
openood,ninco_seed123,D3L,Tq0.2,TANL,99.56726559694582,1.3437659465895562,ninco,123,D3L|Tq0.2|TANL
openood,ninco_seed123,D3L,Tnn,none,99.67612991627448,1.0716108181663548,ninco,123,D3L|Tnn|none
openood,ninco_seed123,D3L,Tnn,TINS,99.68270643155488,0.9185235584283042,ninco,123,D3L|Tnn|TINS
openood,ninco_seed123,D3L,Tnn,TANL,99.6699754304398,0.901513862901854,ninco,123,D3L|Tnn|TANL
openood,ninco_seed123,D3L,Tk20,none,99.70257451191624,0.6293587344786528,ninco,123,D3L|Tk20|none
openood,ninco_seed123,D3L,Tk20,TINS,99.66594016367108,0.6973975165844531,ninco,123,D3L|Tk20|TINS
openood,ninco_seed123,D3L,Tk20,TANL,99.63164067963184,0.663378125531553,ninco,123,D3L|Tk20|TANL
openood,ninco_seed123,D3L,Tlp20,none,99.38439700629358,2.024153767647559,ninco,123,D3L|Tlp20|none
openood,ninco_seed123,D3L,Tlp20,TINS,99.0686705977963,2.007144072121109,ninco,123,D3L|Tlp20|TINS
openood,ninco_seed123,D3L,Tlp20,TANL,99.15230367976412,1.9050858989624084,ninco,123,D3L|Tlp20|TANL
openood,ninco_seed123,D3L,SL,none,99.01161781104118,3.7591427113454663,ninco,123,D3L|SL|none
openood,ninco_seed123,D3L,SL,TINS,98.89965753813006,3.861200884504167,ninco,123,D3L|SL|TINS
openood,ninco_seed123,D3L,SL,TANL,99.07748445502824,3.333900323184215,ninco,123,D3L|SL|TANL
openood,ninco_seed123,D3L,static,none,89.30396231407458,45.994216703521005,ninco,123,D3L|static|none
openood,ninco_seed123,D3L,static,TINS,90.57861011887888,44.41231501956115,ninco,123,D3L|static|TINS
openood,ninco_seed123,D3L,static,TANL,91.99267732607588,38.986222146623575,ninco,123,D3L|static|TANL
openood,ninco_seed123,L14,T,none,99.34829411653531,1.9901343765946589,ninco,123,L14|T|none
openood,ninco_seed123,L14,T,TINS,99.41020921925498,1.6669501615921074,ninco,123,L14|T|TINS
openood,ninco_seed123,L14,T,TANL,99.34273421405756,2.041163463174009,ninco,123,L14|T|TANL
openood,ninco_seed123,L14,Tlp,none,98.91188391827784,3.333900323184215,ninco,123,L14|Tlp|none
openood,ninco_seed123,L14,Tlp,TINS,98.69997732040598,3.214832454499064,ninco,123,L14|Tlp|TINS
openood,ninco_seed123,L14,Tlp,TANL,98.74205987412824,3.163803367919714,ninco,123,L14|Tlp|TANL
openood,ninco_seed123,L14,Tq0.05,none,99.34490465120676,1.803027725803708,ninco,123,L14|Tq0.05|none
openood,ninco_seed123,L14,Tq0.05,TINS,99.4072431063484,1.4968532063276068,ninco,123,L14|Tq0.05|TINS
openood,ninco_seed123,L14,Tq0.05,TANL,99.34242293662945,1.8540568123830583,ninco,123,L14|Tq0.05|TANL
openood,ninco_seed123,L14,Tq0.2,none,99.2725951125475,2.585473720020412,ninco,123,L14|Tq0.2|none
openood,ninco_seed123,L14,Tq0.2,TINS,99.36542987280528,1.9901343765946589,ninco,123,L14|Tq0.2|TINS
openood,ninco_seed123,L14,Tq0.2,TANL,99.28119823855153,2.483415546861711,ninco,123,L14|Tq0.2|TANL
openood,ninco_seed123,L14,Tnn,none,99.43310370244372,1.9901343765946589,ninco,123,L14|Tnn|none
openood,ninco_seed123,L14,Tnn,TINS,99.49253765757592,1.6499404660656574,ninco,123,L14|Tnn|TINS
openood,ninco_seed123,L14,Tnn,TANL,99.43763017141993,1.9901343765946589,ninco,123,L14|Tnn|TANL
openood,ninco_seed123,L14,Tk20,none,99.45708548316983,1.4458241197482564,ninco,123,L14|Tk20|none
openood,ninco_seed123,L14,Tk20,TINS,99.46456351231312,1.3607756421160062,ninco,123,L14|Tk20|TINS
openood,ninco_seed123,L14,Tk20,TANL,99.40916331197673,1.632930770539207,ninco,123,L14|Tk20|TANL
openood,ninco_seed123,L14,Tlp20,none,99.08138893613804,2.7045415887055624,ninco,123,L14|Tlp20|none
openood,ninco_seed123,L14,Tlp20,TINS,98.75152765965488,3.265861541078414,ninco,123,L14|Tlp20|TINS
openood,ninco_seed123,L14,Tlp20,TANL,98.80995879873753,3.0277258037081136,ninco,123,L14|Tlp20|TANL
openood,ninco_seed123,L14,SL,none,98.37123301392904,6.6337812553155295,ninco,123,L14|SL|none
openood,ninco_seed123,L14,SL,TINS,98.33503052295364,7.007994556897431,ninco,123,L14|SL|TINS
openood,ninco_seed123,L14,SL,TANL,98.50438850144582,6.3446164313658775,ninco,123,L14|SL|TANL
openood,ninco_seed123,L14,static,none,88.21025401145319,42.09899642796394,ninco,123,L14|static|none
openood,ninco_seed123,L14,static,TINS,89.78343520250989,39.47950331689063,ninco,123,L14|static|TINS
openood,ninco_seed123,L14,static,TANL,91.18182929825556,36.51981629528832,ninco,123,L14|static|TANL
openood,ninco_seed123,L14xD3L,T,none,99.57308536977187,1.326756251063106,ninco,123,L14xD3L|T|none
openood,ninco_seed123,L14xD3L,T,TINS,99.5912649543573,1.139649600272155,ninco,123,L14xD3L|T|TINS
openood,ninco_seed123,L14xD3L,T,TANL,99.54168093591126,1.3437659465895562,ninco,123,L14xD3L|T|TANL
openood,ninco_seed123,L14xD3L,Tlp,none,99.25545708831814,2.3813573737030107,ninco,123,L14xD3L|Tlp|none
openood,ninco_seed123,L14xD3L,Tlp,TINS,98.95739184668594,2.12621194080626,ninco,123,L14xD3L|Tlp|TINS
openood,ninco_seed123,L14xD3L,Tlp,TANL,99.0439447373892,2.09219254975336,ninco,123,L14xD3L|Tlp|TANL
openood,ninco_seed123,L14xD3L,Tq0.05,none,99.61683695261854,1.0375914271134548,ninco,123,L14xD3L|Tq0.05|none
openood,ninco_seed123,L14xD3L,Tq0.05,TINS,99.63394190243994,0.9865623405341044,ninco,123,L14xD3L|Tq0.05|TINS
openood,ninco_seed123,L14xD3L,Tq0.05,TANL,99.58989548487082,1.0035720360605545,ninco,123,L14xD3L|Tq0.05|TANL
openood,ninco_seed123,L14xD3L,Tq0.2,none,99.51032601916424,1.8370471168566085,ninco,123,L14xD3L|Tq0.2|none
openood,ninco_seed123,L14xD3L,Tq0.2,TINS,99.55140783579976,1.2927368600102058,ninco,123,L14xD3L|Tq0.2|TINS
openood,ninco_seed123,L14xD3L,Tq0.2,TANL,99.49113322371528,1.632930770539207,ninco,123,L14xD3L|Tq0.2|TANL
openood,ninco_seed123,L14xD3L,Tnn,none,99.62354500954432,1.2927368600102058,ninco,123,L14xD3L|Tnn|none
openood,ninco_seed123,L14xD3L,Tnn,TINS,99.65279544896146,1.0205817315870047,ninco,123,L14xD3L|Tnn|TINS
openood,ninco_seed123,L14xD3L,Tnn,TANL,99.61764623613236,1.0886205136928049,ninco,123,L14xD3L|Tnn|TANL
openood,ninco_seed123,L14xD3L,Tk20,none,99.71704106896486,0.7314169076373533,ninco,123,L14xD3L|Tk20|none
openood,ninco_seed123,L14xD3L,Tk20,TINS,99.67839617470848,0.7824459942167036,ninco,123,L14xD3L|Tk20|TINS
openood,ninco_seed123,L14xD3L,Tk20,TANL,99.6406639451154,0.7994556897431535,ninco,123,L14xD3L|Tk20|TANL
openood,ninco_seed123,L14xD3L,Tlp20,none,99.44994613596415,1.7519986392243578,ninco,123,L14xD3L|Tlp20|none
openood,ninco_seed123,L14xD3L,Tlp20,TINS,99.05603560696264,1.6499404660656574,ninco,123,L14xD3L|Tlp20|TINS
openood,ninco_seed123,L14xD3L,Tlp20,TANL,99.14750562264936,1.581901683959857,ninco,123,L14xD3L|Tlp20|TANL
openood,ninco_seed123,D3B+D3L,T,none,99.6987887206819,0.9185235584283042,ninco,123,D3B+D3L|T|none
openood,ninco_seed123,D3B+D3L,T,TINS,99.7012439757328,0.7144072121109032,ninco,123,D3B+D3L|T|TINS
openood,ninco_seed123,D3B+D3L,T,TANL,99.68699665475988,0.7144072121109032,ninco,123,D3B+D3L|T|TANL
openood,ninco_seed123,D3B+D3L,Tlp,none,99.36000264595263,2.1432216363327097,ninco,123,D3B+D3L|Tlp|none
openood,ninco_seed123,D3B+D3L,Tlp,TINS,99.34415074370168,1.786018030277258,ninco,123,D3B+D3L|Tlp|TINS
openood,ninco_seed123,D3B+D3L,Tlp,TANL,99.367519608399,1.8540568123830583,ninco,123,D3B+D3L|Tlp|TANL
openood,ninco_seed123,D3B+D3L,Tq0.05,none,99.69823080266865,0.7824459942167036,ninco,123,D3B+D3L|Tq0.05|none
openood,ninco_seed123,D3B+D3L,Tq0.05,TINS,99.69710910774695,0.6293587344786528,ninco,123,D3B+D3L|Tq0.05|TINS
openood,ninco_seed123,D3B+D3L,Tq0.05,TANL,99.6839704409291,0.6803878210580031,ninco,123,D3B+D3L|Tq0.05|TANL
openood,ninco_seed123,D3B+D3L,Tq0.2,none,99.67889493678064,1.0886205136928049,ninco,123,D3B+D3L|Tq0.2|none
openood,ninco_seed123,D3B+D3L,Tq0.2,TINS,99.68961463589802,0.7994556897431535,ninco,123,D3B+D3L|Tq0.2|TINS
openood,ninco_seed123,D3B+D3L,Tq0.2,TANL,99.66899907391658,0.9185235584283042,ninco,123,D3B+D3L|Tq0.2|TANL
openood,ninco_seed123,D3B+D3L,Tnn,none,99.74066602407817,0.7654362986902534,ninco,123,D3B+D3L|Tnn|none
openood,ninco_seed123,D3B+D3L,Tnn,TINS,99.74257677987563,0.663378125531553,ninco,123,D3B+D3L|Tnn|TINS
openood,ninco_seed123,D3B+D3L,Tnn,TANL,99.73845022774093,0.6803878210580031,ninco,123,D3B+D3L|Tnn|TANL
openood,ninco_seed123,D3B+D3L,Tk20,none,99.66141615165088,0.9525429494812042,ninco,123,D3B+D3L|Tk20|none
openood,ninco_seed123,D3B+D3L,Tk20,TINS,99.65313186293965,0.8334750807960537,ninco,123,D3B+D3L|Tk20|TINS
openood,ninco_seed123,D3B+D3L,Tk20,TANL,99.63589310351344,0.8334750807960537,ninco,123,D3B+D3L|Tk20|TANL
openood,ninco_seed123,D3B+D3L,Tlp20,none,99.296541172913,2.19425072291206,ninco,123,D3B+D3L|Tlp20|none
openood,ninco_seed123,D3B+D3L,Tlp20,TINS,99.22884617565346,1.9561149855417588,ninco,123,D3B+D3L|Tlp20|TINS
openood,ninco_seed123,D3B+D3L,Tlp20,TANL,99.26163198578746,1.7519986392243578,ninco,123,D3B+D3L|Tlp20|TANL
openood,ninco_seed123,D3B+D3L,SL,none,98.98314811664872,4.30345296819187,ninco,123,D3B+D3L|SL|none
openood,ninco_seed123,D3B+D3L,SL,TINS,98.94454461265144,4.1333560129273685,ninco,123,D3B+D3L|SL|TINS
openood,ninco_seed123,D3B+D3L,SL,TANL,99.08160760522388,3.861200884504167,ninco,123,D3B+D3L|SL|TANL
openood,ninco_seed123,D3B+D3L,static,none,88.01214227665325,52.49192039462493,ninco,123,D3B+D3L|static|none
openood,ninco_seed123,D3B+D3L,static,TINS,89.9223756874752,45.56897431535975,ninco,123,D3B+D3L|static|TINS
openood,ninco_seed123,D3B+D3L,static,TANL,90.84663189128916,45.12672223167205,ninco,123,D3B+D3L|static|TANL
openood,ninco_seed123,L14+D3B+D3L,T,none,99.73492544083462,0.8334750807960537,ninco,123,L14+D3B+D3L|T|none
openood,ninco_seed123,L14+D3B+D3L,T,TINS,99.74756024267168,0.663378125531553,ninco,123,L14+D3B+D3L|T|TINS
openood,ninco_seed123,L14+D3B+D3L,T,TANL,99.72795014269244,0.7824459942167036,ninco,123,L14+D3B+D3L|T|TANL
openood,ninco_seed123,L14+D3B+D3L,Tlp,none,99.4797682901476,1.6669501615921074,ninco,123,L14+D3B+D3L|Tlp|none
openood,ninco_seed123,L14+D3B+D3L,Tlp,TINS,99.51540284628904,1.2757271644837558,ninco,123,L14+D3B+D3L|Tlp|TINS
openood,ninco_seed123,L14+D3B+D3L,Tlp,TANL,99.49121127931808,1.2757271644837558,ninco,123,L14+D3B+D3L|Tlp|TANL
openood,ninco_seed123,L14+D3B+D3L,Tq0.05,none,99.73699646576326,0.7654362986902534,ninco,123,L14+D3B+D3L|Tq0.05|none
openood,ninco_seed123,L14+D3B+D3L,Tq0.05,TINS,99.74845570864282,0.6463684300051029,ninco,123,L14+D3B+D3L|Tq0.05|TINS
openood,ninco_seed123,L14+D3B+D3L,Tq0.05,TANL,99.72865302111092,0.7314169076373533,ninco,123,L14+D3B+D3L|Tq0.05|TANL
openood,ninco_seed123,L14+D3B+D3L,Tq0.2,none,99.70437300372323,0.901513862901854,ninco,123,L14+D3B+D3L|Tq0.2|none
openood,ninco_seed123,L14+D3B+D3L,Tq0.2,TINS,99.72446410009262,0.7994556897431535,ninco,123,L14+D3B+D3L|Tq0.2|TINS
openood,ninco_seed123,L14+D3B+D3L,Tq0.2,TANL,99.699917597475,0.901513862901854,ninco,123,L14+D3B+D3L|Tq0.2|TANL
openood,ninco_seed123,L14+D3B+D3L,Tnn,none,99.76697189620305,0.6803878210580031,ninco,123,L14+D3B+D3L|Tnn|none
openood,ninco_seed123,L14+D3B+D3L,Tnn,TINS,99.77590897922929,0.5613199523728525,ninco,123,L14+D3B+D3L|Tnn|TINS
openood,ninco_seed123,L14+D3B+D3L,Tnn,TANL,99.76534973823966,0.6803878210580031,ninco,123,L14+D3B+D3L|Tnn|TANL
openood,ninco_seed123,L14+D3B+D3L,Tk20,none,99.72352818884542,0.5953393434257527,ninco,123,L14+D3B+D3L|Tk20|none
openood,ninco_seed123,L14+D3B+D3L,Tk20,TINS,99.73106423995011,0.4932811702670522,ninco,123,L14+D3B+D3L|Tk20|TINS
openood,ninco_seed123,L14+D3B+D3L,Tk20,TANL,99.71002721551284,0.5443102568464024,ninco,123,L14+D3B+D3L|Tk20|TANL
openood,ninco_seed123,L14+D3B+D3L,Tlp20,none,99.48540473625522,1.5138629018540568,ninco,123,L14+D3B+D3L|Tlp20|none
openood,ninco_seed123,L14+D3B+D3L,Tlp20,TINS,99.47751885241254,1.2927368600102058,ninco,123,L14+D3B+D3L|Tlp20|TINS
openood,ninco_seed123,L14+D3B+D3L,Tlp20,TANL,99.46072291205988,1.2246980779044054,ninco,123,L14+D3B+D3L|Tlp20|TANL
openood,ninco_seed123,L14+D3B+D3L,SL,none,99.1236831660713,3.7591427113454663,ninco,123,L14+D3B+D3L|SL|none
openood,ninco_seed123,L14+D3B+D3L,SL,TINS,99.11976980212056,3.5720360605545163,ninco,123,L14+D3B+D3L|SL|TINS
openood,ninco_seed123,L14+D3B+D3L,SL,TANL,99.1880198824441,3.469977887395816,ninco,123,L14+D3B+D3L|SL|TANL
openood,ninco_seed123,L14+D3B+D3L,static,none,89.22185405681238,43.953053240347,ninco,123,L14+D3B+D3L|static|none
openood,ninco_seed123,L14+D3B+D3L,static,TINS,90.66331915858706,40.09185235584283,ninco,123,L14+D3B+D3L|static|TINS
openood,ninco_seed123,L14+D3B+D3L,static,TANL,91.18927425299088,41.095424391903386,ninco,123,L14+D3B+D3L|static|TANL
openood,ninco_seed123,B14+L14+D3L,T,none,99.68799682485682,1.0375914271134548,ninco,123,B14+L14+D3L|T|none
openood,ninco_seed123,B14+L14+D3L,T,TINS,99.7076554969666,0.9355332539547542,ninco,123,B14+L14+D3L|T|TINS
openood,ninco_seed123,B14+L14+D3L,T,TANL,99.67997599742964,1.0205817315870047,ninco,123,B14+L14+D3L|T|TANL
openood,ninco_seed123,B14+L14+D3L,Tlp,none,99.42109258944264,1.9220955944888585,ninco,123,B14+L14+D3L|Tlp|none
openood,ninco_seed123,B14+L14+D3L,Tlp,TINS,99.4719086768347,1.615921075012757,ninco,123,B14+L14+D3L|Tlp|TINS
openood,ninco_seed123,B14+L14+D3L,Tlp,TANL,99.42624558220407,1.786018030277258,ninco,123,B14+L14+D3L|Tlp|TANL
openood,ninco_seed123,B14+L14+D3L,Tq0.05,none,99.692371340553,0.9695526450076544,ninco,123,B14+L14+D3L|Tq0.05|none
openood,ninco_seed123,B14+L14+D3L,Tq0.05,TINS,99.71126873428966,0.884504167375404,ninco,123,B14+L14+D3L|Tq0.05|TINS
openood,ninco_seed123,B14+L14+D3L,Tq0.05,TANL,99.68318232503638,0.9525429494812042,ninco,123,B14+L14+D3L|Tq0.05|TANL
openood,ninco_seed123,B14+L14+D3L,Tq0.2,none,99.64162839485176,1.2246980779044054,ninco,123,B14+L14+D3L|Tq0.2|none
openood,ninco_seed123,B14+L14+D3L,Tq0.2,TINS,99.67079321880138,1.105630209219255,ninco,123,B14+L14+D3L|Tq0.2|TINS
openood,ninco_seed123,B14+L14+D3L,Tq0.2,TANL,99.63765833191589,1.2587174689573055,ninco,123,B14+L14+D3L|Tq0.2|TANL
openood,ninco_seed123,B14+L14+D3L,Tnn,none,99.7231715522292,0.9185235584283042,ninco,123,B14+L14+D3L|Tnn|none
openood,ninco_seed123,B14+L14+D3L,Tnn,TINS,99.73718281642758,0.8334750807960537,ninco,123,B14+L14+D3L|Tnn|TINS
openood,ninco_seed123,B14+L14+D3L,Tnn,TANL,99.7204558598401,0.9185235584283042,ninco,123,B14+L14+D3L|Tnn|TANL
openood,ninco_seed123,B14+L14+D3L,Tk20,none,99.7024514751186,0.9185235584283042,ninco,123,B14+L14+D3L|Tk20|none
openood,ninco_seed123,B14+L14+D3L,Tk20,TINS,99.71790100357204,0.7654362986902534,ninco,123,B14+L14+D3L|Tk20|TINS
openood,ninco_seed123,B14+L14+D3L,Tk20,TANL,99.68801156659296,0.901513862901854,ninco,123,B14+L14+D3L|Tk20|TANL
openood,ninco_seed123,B14+L14+D3L,Tlp20,none,99.47536032205024,1.7179792481714578,ninco,123,B14+L14+D3L|Tlp20|none
openood,ninco_seed123,B14+L14+D3L,Tlp20,TINS,99.48222335620191,1.4118047286953563,ninco,123,B14+L14+D3L|Tlp20|TINS
openood,ninco_seed123,B14+L14+D3L,Tlp20,TANL,99.44319990172175,1.4968532063276068,ninco,123,B14+L14+D3L|Tlp20|TANL
openood,ninco_seed123,B14+L14+D3L,SL,none,99.12422615335186,3.708113624766117,ninco,123,B14+L14+D3L|SL|none
openood,ninco_seed123,B14+L14+D3L,SL,TINS,99.13678932547109,3.6230651471338655,ninco,123,B14+L14+D3L|SL|TINS
openood,ninco_seed123,B14+L14+D3L,SL,TANL,99.17372493432369,3.4359584963429155,ninco,123,B14+L14+D3L|SL|TANL
openood,ninco_seed123,B14+L14+D3L,static,none,90.07970913420652,41.97992855927879,ninco,123,B14+L14+D3L|static|none
openood,ninco_seed123,B14+L14+D3L,static,TINS,91.26809396911794,37.55740772240177,ninco,123,B14+L14+D3L|static|TINS
openood,ninco_seed123,B14+L14+D3L,static,TANL,91.69398007975656,38.81612519135908,ninco,123,B14+L14+D3L|static|TANL
openood,ninco_seed123,B14+L14+D3B+D3L,T,none,99.71849086201358,0.8674944718489539,ninco,123,B14+L14+D3B+D3L|T|none
openood,ninco_seed123,B14+L14+D3B+D3L,T,TINS,99.73071875413429,0.7824459942167036,ninco,123,B14+L14+D3B+D3L|T|TINS
openood,ninco_seed123,B14+L14+D3B+D3L,T,TANL,99.71382056661186,0.8674944718489539,ninco,123,B14+L14+D3B+D3L|T|TANL
openood,ninco_seed123,B14+L14+D3B+D3L,Tlp,none,99.46971839504072,1.8540568123830583,ninco,123,B14+L14+D3B+D3L|Tlp|none
openood,ninco_seed123,B14+L14+D3B+D3L,Tlp,TINS,99.51659428096237,1.4288144242218064,ninco,123,B14+L14+D3B+D3L|Tlp|TINS
openood,ninco_seed123,B14+L14+D3B+D3L,Tlp,TANL,99.48210239836706,1.4968532063276068,ninco,123,B14+L14+D3B+D3L|Tlp|TANL
openood,ninco_seed123,B14+L14+D3B+D3L,Tq0.05,none,99.7167105138818,0.7994556897431535,ninco,123,B14+L14+D3B+D3L|Tq0.05|none
openood,ninco_seed123,B14+L14+D3B+D3L,Tq0.05,TINS,99.72858914025436,0.7654362986902534,ninco,123,B14+L14+D3B+D3L|Tq0.05|TINS
openood,ninco_seed123,B14+L14+D3B+D3L,Tq0.05,TANL,99.71084991778648,0.8334750807960537,ninco,123,B14+L14+D3B+D3L|Tq0.05|TANL
openood,ninco_seed123,B14+L14+D3B+D3L,Tq0.2,none,99.6882963844947,1.0716108181663548,ninco,123,B14+L14+D3B+D3L|Tq0.2|none
openood,ninco_seed123,B14+L14+D3B+D3L,Tq0.2,TINS,99.70568879817051,0.9355332539547542,ninco,123,B14+L14+D3B+D3L|Tq0.2|TINS
openood,ninco_seed123,B14+L14+D3B+D3L,Tq0.2,TANL,99.68525675190412,1.0716108181663548,ninco,123,B14+L14+D3B+D3L|Tq0.2|TANL
openood,ninco_seed123,B14+L14+D3B+D3L,Tnn,none,99.75559826879098,0.7654362986902534,ninco,123,B14+L14+D3B+D3L|Tnn|none
openood,ninco_seed123,B14+L14+D3B+D3L,Tnn,TINS,99.7627468768309,0.663378125531553,ninco,123,B14+L14+D3B+D3L|Tnn|TINS
openood,ninco_seed123,B14+L14+D3B+D3L,Tnn,TANL,99.75362646708624,0.7314169076373533,ninco,123,B14+L14+D3B+D3L|Tnn|TANL
openood,ninco_seed123,B14+L14+D3B+D3L,Tk20,none,99.7003398159173,0.663378125531553,ninco,123,B14+L14+D3B+D3L|Tk20|none
openood,ninco_seed123,B14+L14+D3B+D3L,Tk20,TINS,99.7103184592996,0.5953393434257527,ninco,123,B14+L14+D3B+D3L|Tk20|TINS
openood,ninco_seed123,B14+L14+D3B+D3L,Tk20,TANL,99.69097692351306,0.6973975165844531,ninco,123,B14+L14+D3B+D3L|Tk20|TANL
openood,ninco_seed123,B14+L14+D3B+D3L,Tlp20,none,99.46408081495342,1.7009695526450077,ninco,123,B14+L14+D3B+D3L|Tlp20|none
openood,ninco_seed123,B14+L14+D3B+D3L,Tlp20,TINS,99.47734270756553,1.4288144242218064,ninco,123,B14+L14+D3B+D3L|Tlp20|TINS
openood,ninco_seed123,B14+L14+D3B+D3L,Tlp20,TANL,99.45136361059136,1.4798435108011567,ninco,123,B14+L14+D3B+D3L|Tlp20|TANL
openood,ninco_seed123,B14+L14+D3B+D3L,SL,none,99.12132297631872,3.691103929239667,ninco,123,B14+L14+D3B+D3L|SL|none
openood,ninco_seed123,B14+L14+D3B+D3L,SL,TINS,99.12545104042636,3.5890457560809663,ninco,123,B14+L14+D3B+D3L|SL|TINS
openood,ninco_seed123,B14+L14+D3B+D3L,SL,TANL,99.170343406853,3.521006973975166,ninco,123,B14+L14+D3B+D3L|SL|TANL
openood,ninco_seed123,B14+L14+D3B+D3L,static,none,89.49064315548752,43.7149175029767,ninco,123,B14+L14+D3B+D3L|static|none
openood,ninco_seed123,B14+L14+D3B+D3L,static,TINS,90.74112679783032,40.21092022452798,ninco,123,B14+L14+D3B+D3L|static|TINS
openood,ninco_seed123,B14+L14+D3B+D3L,static,TANL,91.03091531061594,41.214492260588536,ninco,123,B14+L14+D3B+D3L|static|TANL
openood,ninco_seed123,B14+L14,T,none,99.50853225227269,1.5648919884334072,ninco,123,B14+L14|T|none
openood,ninco_seed123,B14+L14,T,TINS,99.55060082024532,1.4118047286953563,ninco,123,B14+L14|T|TINS
openood,ninco_seed123,B14+L14,T,TANL,99.50591842906012,1.581901683959857,ninco,123,B14+L14|T|TANL
openood,ninco_seed123,B14+L14,Tlp,none,99.12644157169584,2.7215512842320124,ninco,123,B14+L14|Tlp|none
openood,ninco_seed123,B14+L14,Tlp,TINS,99.17704560488367,2.3473379826501106,ninco,123,B14+L14|Tlp|TINS
openood,ninco_seed123,B14+L14,Tlp,TANL,99.12361701725538,2.500425242388161,ninco,123,B14+L14|Tlp|TANL
openood,ninco_seed123,B14+L14,Tq0.05,none,99.502206535503,1.5308725973805068,ninco,123,B14+L14|Tq0.05|none
openood,ninco_seed123,B14+L14,Tq0.05,TINS,99.54365028065996,1.3607756421160062,ninco,123,B14+L14|Tq0.05|TINS
openood,ninco_seed123,B14+L14,Tq0.05,TANL,99.49813800532972,1.4798435108011567,ninco,123,B14+L14|Tq0.05|TANL
openood,ninco_seed123,B14+L14,Tq0.2,none,99.458624860615,1.8200374213301584,ninco,123,B14+L14|Tq0.2|none
openood,ninco_seed123,B14+L14,Tq0.2,TINS,99.51477688949367,1.598911379486307,ninco,123,B14+L14|Tq0.2|TINS
openood,ninco_seed123,B14+L14,Tq0.2,TANL,99.462347148986,1.8370471168566085,ninco,123,B14+L14|Tq0.2|TANL
openood,ninco_seed123,B14+L14,Tnn,none,99.58405737937292,1.5308725973805068,ninco,123,B14+L14|Tnn|none
openood,ninco_seed123,B14+L14,Tnn,TINS,99.61055092513844,1.326756251063106,ninco,123,B14+L14|Tnn|TINS
openood,ninco_seed123,B14+L14,Tnn,TANL,99.58182022641792,1.5138629018540568,ninco,123,B14+L14|Tnn|TANL
openood,ninco_seed123,B14+L14,Tk20,none,99.52233032828713,1.4968532063276068,ninco,123,B14+L14|Tk20|none
openood,ninco_seed123,B14+L14,Tk20,TINS,99.5492389106235,1.2757271644837558,ninco,123,B14+L14|Tk20|TINS
openood,ninco_seed123,B14+L14,Tk20,TANL,99.5040762790346,1.462833815274707,ninco,123,B14+L14|Tk20|TANL
openood,ninco_seed123,B14+L14,Tlp20,none,99.17141936459336,2.653512502126212,ninco,123,B14+L14|Tlp20|none
openood,ninco_seed123,B14+L14,Tlp20,TINS,99.15662225246167,2.2963088960707605,ninco,123,B14+L14|Tlp20|TINS
openood,ninco_seed123,B14+L14,Tlp20,TANL,99.10629887925006,2.466405851335261,ninco,123,B14+L14|Tlp20|TANL
openood,ninco_seed123,B14+L14,SL,none,98.6915289826312,5.766286783466576,ninco,123,B14+L14|SL|none
openood,ninco_seed123,B14+L14,SL,TINS,98.71856853962316,5.443102568464025,ninco,123,B14+L14|SL|TINS
openood,ninco_seed123,B14+L14,SL,TANL,98.77782842887112,5.221976526620174,ninco,123,B14+L14|SL|TANL
openood,ninco_seed123,B14+L14,static,none,89.24051539377444,42.30311277428135,ninco,123,B14+L14|static|none
openood,ninco_seed123,B14+L14,static,TINS,90.6094864961917,38.39088280319783,ninco,123,B14+L14|static|TINS
openood,ninco_seed123,B14+L14,static,TANL,91.29037289032529,38.66303793162103,ninco,123,B14+L14|static|TANL
openood,ninco_seed124,L14xD3L+D3L,T,none,99.67975449339455,1.0886205136928049,ninco,124,L14xD3L+D3L|T|none
openood,ninco_seed124,L14xD3L+D3L,T,TINS,99.70846289051426,0.8164653852696037,ninco,124,L14xD3L+D3L|T|TINS
openood,ninco_seed124,L14xD3L+D3L,T,TANL,99.67622195762696,0.901513862901854,ninco,124,L14xD3L+D3L|T|TANL
openood,ninco_seed124,L14xD3L+D3L,Tlp,none,99.37559070892632,1.9561149855417588,ninco,124,L14xD3L+D3L|Tlp|none
openood,ninco_seed124,L14xD3L+D3L,Tlp,TINS,99.41450133242616,1.377785337642456,ninco,124,L14xD3L+D3L|Tlp|TINS
openood,ninco_seed124,L14xD3L+D3L,Tlp,TANL,99.37664984596776,1.5308725973805068,ninco,124,L14xD3L+D3L|Tlp|TANL
openood,ninco_seed124,L14xD3L+D3L,Tq0.05,none,99.70897015743418,0.884504167375404,ninco,124,L14xD3L+D3L|Tq0.05|none
openood,ninco_seed124,L14xD3L+D3L,Tq0.05,TINS,99.73182892026232,0.7144072121109032,ninco,124,L14xD3L+D3L|Tq0.05|TINS
openood,ninco_seed124,L14xD3L+D3L,Tq0.05,TANL,99.7035947156546,0.7484266031638034,ninco,124,L14xD3L+D3L|Tq0.05|TANL
openood,ninco_seed124,L14xD3L+D3L,Tq0.2,none,99.6235514354293,1.3607756421160062,ninco,124,L14xD3L+D3L|Tq0.2|none
openood,ninco_seed124,L14xD3L+D3L,Tq0.2,TINS,99.66996465763262,1.0546011226399048,ninco,124,L14xD3L+D3L|Tq0.2|TINS
openood,ninco_seed124,L14xD3L+D3L,Tq0.2,TANL,99.62848046719964,1.1566592957986053,ninco,124,L14xD3L+D3L|Tq0.2|TANL
openood,ninco_seed124,L14xD3L+D3L,Tnn,none,99.69169586664398,0.9695526450076544,ninco,124,L14xD3L+D3L|Tnn|none
openood,ninco_seed124,L14xD3L+D3L,Tnn,TINS,99.71758235527584,0.8164653852696037,ninco,124,L14xD3L+D3L|Tnn|TINS
openood,ninco_seed124,L14xD3L+D3L,Tnn,TANL,99.69752527829752,0.8504847763225039,ninco,124,L14xD3L+D3L|Tnn|TANL
openood,ninco_seed124,L14xD3L+D3L,Tk20,none,99.75530286707868,0.5613199523728525,ninco,124,L14xD3L+D3L|Tk20|none
openood,ninco_seed124,L14xD3L+D3L,Tk20,TINS,99.76249286537772,0.4932811702670522,ninco,124,L14xD3L+D3L|Tk20|TINS
openood,ninco_seed124,L14xD3L+D3L,Tk20,TANL,99.73481449982044,0.5443102568464024,ninco,124,L14xD3L+D3L|Tk20|TANL
openood,ninco_seed124,L14xD3L+D3L,Tlp20,none,99.50081627638866,1.598911379486307,ninco,124,L14xD3L+D3L|Tlp20|none
openood,ninco_seed124,L14xD3L+D3L,Tlp20,TINS,99.483256033717,1.2246980779044054,ninco,124,L14xD3L+D3L|Tlp20|TINS
openood,ninco_seed124,L14xD3L+D3L,Tlp20,TANL,99.4502817939559,1.2757271644837558,ninco,124,L14xD3L+D3L|Tlp20|TANL
openood,ninco_seed124,L14+D3L,T,none,99.7007032564117,1.0716108181663548,ninco,124,L14+D3L|T|none
openood,ninco_seed124,L14+D3L,T,TINS,99.71740507644913,0.901513862901854,ninco,124,L14+D3L|T|TINS
openood,ninco_seed124,L14+D3L,T,TANL,99.68712252650678,0.9695526450076544,ninco,124,L14+D3L|T|TANL
openood,ninco_seed124,L14+D3L,Tlp,none,99.4277647370112,1.9731246810682088,ninco,124,L14+D3L|Tlp|none
openood,ninco_seed124,L14+D3L,Tlp,TINS,99.44173536693692,1.3607756421160062,ninco,124,L14+D3L|Tlp|TINS
openood,ninco_seed124,L14+D3L,Tlp,TANL,99.40380015497723,1.632930770539207,ninco,124,L14+D3L|Tlp|TANL
openood,ninco_seed124,L14+D3L,Tq0.05,none,99.7148806486364,0.9695526450076544,ninco,124,L14+D3L|Tq0.05|none
openood,ninco_seed124,L14+D3L,Tq0.05,TINS,99.72762903744024,0.7484266031638034,ninco,124,L14+D3L|Tq0.05|TINS
openood,ninco_seed124,L14+D3L,Tq0.05,TANL,99.6986271285744,0.884504167375404,ninco,124,L14+D3L|Tq0.05|TANL
openood,ninco_seed124,L14+D3L,Tq0.2,none,99.64634386044489,1.1566592957986053,ninco,124,L14+D3L|Tq0.2|none
openood,ninco_seed124,L14+D3L,Tq0.2,TINS,99.67923758764718,1.0716108181663548,ninco,124,L14+D3L|Tq0.2|TINS
openood,ninco_seed124,L14+D3L,Tq0.2,TANL,99.63948233826612,1.2076883823779556,ninco,124,L14+D3L|Tq0.2|TANL
openood,ninco_seed124,L14+D3L,Tnn,none,99.72251044206308,0.9865623405341044,ninco,124,L14+D3L|Tnn|none
openood,ninco_seed124,L14+D3L,Tnn,TINS,99.74109504639868,0.7824459942167036,ninco,124,L14+D3L|Tnn|TINS
openood,ninco_seed124,L14+D3L,Tnn,TANL,99.71909357222506,0.8674944718489539,ninco,124,L14+D3L|Tnn|TANL
openood,ninco_seed124,L14+D3L,Tk20,none,99.7362147757555,0.6973975165844531,ninco,124,L14+D3L|Tk20|none
openood,ninco_seed124,L14+D3L,Tk20,TINS,99.74478388236852,0.5783296478993026,ninco,124,L14+D3L|Tk20|TINS
openood,ninco_seed124,L14+D3L,Tk20,TANL,99.71498157282986,0.663378125531553,ninco,124,L14+D3L|Tk20|TANL
openood,ninco_seed124,L14+D3L,Tlp20,none,99.51750222071028,1.6499404660656574,ninco,124,L14+D3L|Tlp20|none
openood,ninco_seed124,L14+D3L,Tlp20,TINS,99.47846610345674,1.1736689913250553,ninco,124,L14+D3L|Tlp20|TINS
openood,ninco_seed124,L14+D3L,Tlp20,TANL,99.44509326983048,1.4118047286953563,ninco,124,L14+D3L|Tlp20|TANL
openood,ninco_seed124,L14+D3L,SL,none,99.08475553287596,3.606055451607416,ninco,124,L14+D3L|SL|none
openood,ninco_seed124,L14+D3L,SL,TINS,99.09268280697776,3.6570845381867674,ninco,124,L14+D3L|SL|TINS
openood,ninco_seed124,L14+D3L,SL,TANL,99.11923494169454,3.452968191869365,ninco,124,L14+D3L|SL|TANL
openood,ninco_seed124,L14+D3L,static,none,89.89271871633497,40.823269263480185,ninco,124,L14+D3L|static|none
openood,ninco_seed124,L14+D3L,static,TINS,91.16748917994369,38.61200884504167,ninco,124,L14+D3L|static|TINS
openood,ninco_seed124,L14+D3L,static,TANL,91.70926537014988,38.66303793162103,ninco,124,L14+D3L|static|TANL
openood,ninco_seed124,D3L,T,none,99.65651754833588,1.105630209219255,ninco,124,D3L|T|none
openood,ninco_seed124,D3L,T,TINS,99.6303108994349,0.9355332539547542,ninco,124,D3L|T|TINS
openood,ninco_seed124,D3L,T,TANL,99.61525259397855,0.9695526450076544,ninco,124,D3L|T|TANL
openood,ninco_seed124,D3L,Tlp,none,99.28978340987696,2.24527980949141,ninco,124,D3L|Tlp|none
openood,ninco_seed124,D3L,Tlp,TINS,99.032159664342,2.12621194080626,ninco,124,D3L|Tlp|TINS
openood,ninco_seed124,D3L,Tlp,TANL,99.1098663793918,2.075182854226909,ninco,124,D3L|Tlp|TANL
openood,ninco_seed124,D3L,Tq0.05,none,99.67911700780556,0.9865623405341044,ninco,124,D3L|Tq0.05|none
openood,ninco_seed124,D3L,Tq0.05,TINS,99.64316531534084,0.7484266031638034,ninco,124,D3L|Tq0.05|TINS
openood,ninco_seed124,D3L,Tq0.05,TANL,99.63299673035851,0.7994556897431535,ninco,124,D3L|Tq0.05|TANL
openood,ninco_seed124,D3L,Tq0.2,none,99.59976545519837,1.598911379486307,ninco,124,D3L|Tq0.2|none
openood,ninco_seed124,D3L,Tq0.2,TINS,99.59247339872616,1.0886205136928049,ninco,124,D3L|Tq0.2|TINS
openood,ninco_seed124,D3L,Tq0.2,TANL,99.56783504375272,1.2927368600102058,ninco,124,D3L|Tq0.2|TANL
openood,ninco_seed124,D3L,Tnn,none,99.67613709814592,1.0716108181663548,ninco,124,D3L|Tnn|none
openood,ninco_seed124,D3L,Tnn,TINS,99.681116592013,0.884504167375404,ninco,124,D3L|Tnn|TINS
openood,ninco_seed124,D3L,Tnn,TANL,99.66875337831452,0.901513862901854,ninco,124,D3L|Tnn|TANL
openood,ninco_seed124,D3L,Tk20,none,99.70257451191624,0.6293587344786528,ninco,124,D3L|Tk20|none
openood,ninco_seed124,D3L,Tk20,TINS,99.66270983349396,0.6463684300051029,ninco,124,D3L|Tk20|TINS
openood,ninco_seed124,D3L,Tk20,TANL,99.63674150932698,0.6463684300051029,ninco,124,D3L|Tk20|TANL
openood,ninco_seed124,D3L,Tlp20,none,99.38439681729696,2.024153767647559,ninco,124,D3L|Tlp20|none
openood,ninco_seed124,D3L,Tlp20,TINS,99.06064788040294,1.9391052900153087,ninco,124,D3L|Tlp20|TINS
openood,ninco_seed124,D3L,Tlp20,TANL,99.15424391903385,1.803027725803708,ninco,124,D3L|Tlp20|TANL
openood,ninco_seed124,D3L,SL,none,98.98723025457844,4.42252083687702,ninco,124,D3L|SL|none
openood,ninco_seed124,D3L,SL,TINS,98.87426697662112,4.30345296819187,ninco,124,D3L|SL|TINS
openood,ninco_seed124,D3L,SL,TANL,99.00053448243276,3.895220275557068,ninco,124,D3L|SL|TANL
openood,ninco_seed124,D3L,static,none,89.30396231407458,45.994216703521005,ninco,124,D3L|static|none
openood,ninco_seed124,D3L,static,TINS,90.41805371283854,45.1437319271985,ninco,124,D3L|static|TINS
openood,ninco_seed124,D3L,static,TANL,91.6047258604071,41.027385609797584,ninco,124,D3L|static|TANL
openood,ninco_seed124,L14,T,none,99.34830129840677,1.9901343765946589,ninco,124,L14|T|none
openood,ninco_seed124,L14,T,TINS,99.38642286103078,1.786018030277258,ninco,124,L14|T|TINS
openood,ninco_seed124,L14,T,TANL,99.32258925365235,2.007144072121109,ninco,124,L14|T|TANL
openood,ninco_seed124,L14,Tlp,none,98.9119054638922,3.333900323184215,ninco,124,L14|Tlp|none
openood,ninco_seed124,L14,Tlp,TINS,98.62625200808904,3.231842150025514,ninco,124,L14|Tlp|TINS
openood,ninco_seed124,L14,Tlp,TANL,98.70199202434276,3.0277258037081136,ninco,124,L14|Tlp|TANL
openood,ninco_seed124,L14,Tq0.05,none,99.34490880913232,1.803027725803708,ninco,124,L14|Tq0.05|none
openood,ninco_seed124,L14,Tq0.05,TINS,99.38703672204264,1.632930770539207,ninco,124,L14|Tq0.05|TINS
openood,ninco_seed124,L14,Tq0.05,TANL,99.32033490200529,1.8200374213301584,ninco,124,L14|Tq0.05|TANL
openood,ninco_seed124,L14,Tq0.2,none,99.27258433974032,2.585473720020412,ninco,124,L14|Tq0.2|none
openood,ninco_seed124,L14,Tq0.2,TINS,99.34124321974636,2.0581731587004595,ninco,124,L14|Tq0.2|TINS
openood,ninco_seed124,L14,Tq0.2,TANL,99.26244996314568,2.4323864602823613,ninco,124,L14|Tq0.2|TANL
openood,ninco_seed124,L14,Tnn,none,99.43310502542003,1.9901343765946589,ninco,124,L14|Tnn|none
openood,ninco_seed124,L14,Tnn,TINS,99.48042070646936,1.769008334750808,ninco,124,L14|Tnn|TINS
openood,ninco_seed124,L14,Tnn,TANL,99.42547523199336,1.9220955944888585,ninco,124,L14|Tnn|TANL
openood,ninco_seed124,L14,Tk20,none,99.4570960669804,1.4458241197482564,ninco,124,L14|Tk20|none
openood,ninco_seed124,L14,Tk20,TINS,99.44886167337606,1.3947950331689063,ninco,124,L14|Tk20|TINS
openood,ninco_seed124,L14,Tk20,TANL,99.39688042184044,1.581901683959857,ninco,124,L14|Tk20|TANL
openood,ninco_seed124,L14,Tlp20,none,99.08140122091817,2.7045415887055624,ninco,124,L14|Tlp20|none
openood,ninco_seed124,L14,Tlp20,TINS,98.69207121392527,3.3168906276577648,ninco,124,L14|Tlp20|TINS
openood,ninco_seed124,L14,Tlp20,TANL,98.77940749560582,3.095764585813914,ninco,124,L14|Tlp20|TANL
openood,ninco_seed124,L14,SL,none,98.41987582922266,6.429664908998128,ninco,124,L14|SL|none
openood,ninco_seed124,L14,SL,TINS,98.36874147152766,6.922946079265182,ninco,124,L14|SL|TINS
openood,ninco_seed124,L14,SL,TANL,98.47114966642096,6.055451607416227,ninco,124,L14|SL|TANL
openood,ninco_seed124,L14,static,none,88.21025401145319,42.09899642796394,ninco,124,L14|static|none
openood,ninco_seed124,L14,static,TINS,89.68943886904425,40.24493961558088,ninco,124,L14|static|TINS
openood,ninco_seed124,L14,static,TANL,90.76088431517076,37.98265011056302,ninco,124,L14|static|TANL
openood,ninco_seed124,L14xD3L,T,none,99.57307913288352,1.326756251063106,ninco,124,L14xD3L|T|none
openood,ninco_seed124,L14xD3L,T,TINS,99.57923078376896,1.2417077734308557,ninco,124,L14xD3L|T|TINS
openood,ninco_seed124,L14xD3L,T,TANL,99.53843832095409,1.2587174689573055,ninco,124,L14xD3L|T|TANL
openood,ninco_seed124,L14xD3L,Tlp,none,99.25545047343653,2.3813573737030107,ninco,124,L14xD3L|Tlp|none
openood,ninco_seed124,L14xD3L,Tlp,TINS,98.9186607699722,2.1432216363327097,ninco,124,L14xD3L|Tlp|TINS
openood,ninco_seed124,L14xD3L,Tlp,TANL,99.0176254465045,2.12621194080626,ninco,124,L14xD3L|Tlp|TANL
openood,ninco_seed124,L14xD3L,Tq0.05,none,99.61683014874032,1.0375914271134548,ninco,124,L14xD3L|Tq0.05|none
openood,ninco_seed124,L14xD3L,Tq0.05,TINS,99.6246712403848,1.0375914271134548,ninco,124,L14xD3L|Tq0.05|TINS
openood,ninco_seed124,L14xD3L,Tq0.05,TANL,99.58752036438548,1.0546011226399048,ninco,124,L14xD3L|Tq0.05|TANL
openood,ninco_seed124,L14xD3L,Tq0.2,none,99.51031959327928,1.8370471168566085,ninco,124,L14xD3L|Tq0.2|none
openood,ninco_seed124,L14xD3L,Tq0.2,TINS,99.53997013853451,1.2927368600102058,ninco,124,L14xD3L|Tq0.2|TINS
openood,ninco_seed124,L14xD3L,Tq0.2,TANL,99.48680709115308,1.547882292906957,ninco,124,L14xD3L|Tq0.2|TANL
openood,ninco_seed124,L14xD3L,Tnn,none,99.62354160760523,1.2927368600102058,ninco,124,L14xD3L|Tnn|none
openood,ninco_seed124,L14xD3L,Tnn,TINS,99.64509119086767,1.0546011226399048,ninco,124,L14xD3L|Tnn|TINS
openood,ninco_seed124,L14xD3L,Tnn,TANL,99.6158624860615,1.105630209219255,ninco,124,L14xD3L|Tnn|TANL
openood,ninco_seed124,L14xD3L,Tk20,none,99.71704106896486,0.7314169076373533,ninco,124,L14xD3L|Tk20|none
openood,ninco_seed124,L14xD3L,Tk20,TINS,99.66859556613936,0.7144072121109032,ninco,124,L14xD3L|Tk20|TINS
openood,ninco_seed124,L14xD3L,Tk20,TANL,99.64168811778268,0.7824459942167036,ninco,124,L14xD3L|Tk20|TANL
openood,ninco_seed124,L14xD3L,Tlp20,none,99.44994594696756,1.7519986392243578,ninco,124,L14xD3L|Tlp20|none
openood,ninco_seed124,L14xD3L,Tlp20,TINS,99.03013059666232,1.547882292906957,ninco,124,L14xD3L|Tlp20|TINS
openood,ninco_seed124,L14xD3L,Tlp20,TANL,99.1332537657576,1.632930770539207,ninco,124,L14xD3L|Tlp20|TANL
openood,ninco_seed124,D3B+D3L,T,none,99.69878777569882,0.9185235584283042,ninco,124,D3B+D3L|T|none
openood,ninco_seed124,D3B+D3L,T,TINS,99.69469713292132,0.8164653852696037,ninco,124,D3B+D3L|T|TINS
openood,ninco_seed124,D3B+D3L,T,TANL,99.6876443461662,0.6973975165844531,ninco,124,D3B+D3L|T|TANL
openood,ninco_seed124,D3B+D3L,Tlp,none,99.35996276766646,2.1432216363327097,ninco,124,D3B+D3L|Tlp|none
openood,ninco_seed124,D3B+D3L,Tlp,TINS,99.34855852280243,1.8200374213301584,ninco,124,D3B+D3L|Tlp|TINS
openood,ninco_seed124,D3B+D3L,Tlp,TANL,99.3597635652322,1.786018030277258,ninco,124,D3B+D3L|Tlp|TANL
openood,ninco_seed124,D3B+D3L,Tq0.05,none,99.69823193664834,0.7824459942167036,ninco,124,D3B+D3L|Tq0.05|none
openood,ninco_seed124,D3B+D3L,Tq0.05,TINS,99.69141085974562,0.6463684300051029,ninco,124,D3B+D3L|Tq0.05|TINS
openood,ninco_seed124,D3B+D3L,Tq0.05,TANL,99.68563115420235,0.6123490389522027,ninco,124,D3B+D3L|Tq0.05|TANL
openood,ninco_seed124,D3B+D3L,Tq0.2,none,99.6788979607265,1.0886205136928049,ninco,124,D3B+D3L|Tq0.2|none
openood,ninco_seed124,D3B+D3L,Tq0.2,TINS,99.68240441496098,0.884504167375404,ninco,124,D3B+D3L|Tq0.2|TINS
openood,ninco_seed124,D3B+D3L,Tq0.2,TANL,99.66947515639468,0.9185235584283042,ninco,124,D3B+D3L|Tq0.2|TANL
openood,ninco_seed124,D3B+D3L,Tnn,none,99.74066678006464,0.7654362986902534,ninco,124,D3B+D3L|Tnn|none
openood,ninco_seed124,D3B+D3L,Tnn,TINS,99.740911341687,0.663378125531553,ninco,124,D3B+D3L|Tnn|TINS
openood,ninco_seed124,D3B+D3L,Tnn,TANL,99.73768138950312,0.6973975165844531,ninco,124,D3B+D3L|Tnn|TANL
openood,ninco_seed124,D3B+D3L,Tk20,none,99.66141615165088,0.9525429494812042,ninco,124,D3B+D3L|Tk20|none
openood,ninco_seed124,D3B+D3L,Tk20,TINS,99.64993819810624,0.9355332539547542,ninco,124,D3B+D3L|Tk20|TINS
openood,ninco_seed124,D3B+D3L,Tk20,TANL,99.6397102681862,0.7654362986902534,ninco,124,D3B+D3L|Tk20|TANL
openood,ninco_seed124,D3B+D3L,Tlp20,none,99.296541172913,2.19425072291206,ninco,124,D3B+D3L|Tlp20|none
openood,ninco_seed124,D3B+D3L,Tlp20,TINS,99.240269887169,1.8880762034359584,ninco,124,D3B+D3L|Tlp20|TINS
openood,ninco_seed124,D3B+D3L,Tlp20,TANL,99.26854699400882,1.6499404660656574,ninco,124,D3B+D3L|Tlp20|TANL
openood,ninco_seed124,D3B+D3L,SL,none,98.96416850938368,4.286443272665419,ninco,124,D3B+D3L|SL|none
openood,ninco_seed124,D3B+D3L,SL,TINS,98.92762828145376,4.0993366218744685,ninco,124,D3B+D3L|SL|TINS
openood,ninco_seed124,D3B+D3L,SL,TANL,99.01320330366087,3.8782105800306175,ninco,124,D3B+D3L|SL|TANL
openood,ninco_seed124,D3B+D3L,static,none,88.01214227665325,52.49192039462493,ninco,124,D3B+D3L|static|none
openood,ninco_seed124,D3B+D3L,static,TINS,89.86219349473646,46.147303963259056,ninco,124,D3B+D3L|static|TINS
openood,ninco_seed124,D3B+D3L,static,TANL,90.49884541966698,46.45347848273517,ninco,124,D3B+D3L|static|TANL
openood,ninco_seed124,L14+D3B+D3L,T,none,99.73492657481432,0.8334750807960537,ninco,124,L14+D3B+D3L|T|none
openood,ninco_seed124,L14+D3B+D3L,T,TINS,99.74265615845476,0.6973975165844531,ninco,124,L14+D3B+D3L|T|TINS
openood,ninco_seed124,L14+D3B+D3L,T,TANL,99.72803122224111,0.7484266031638034,ninco,124,L14+D3B+D3L|T|TANL
openood,ninco_seed124,L14+D3B+D3L,Tlp,none,99.47977320405964,1.6669501615921074,ninco,124,L14+D3B+D3L|Tlp|none
openood,ninco_seed124,L14+D3B+D3L,Tlp,TINS,99.5106318156905,1.2417077734308557,ninco,124,L14+D3B+D3L|Tlp|TINS
openood,ninco_seed124,L14+D3B+D3L,Tlp,TANL,99.48689913250554,1.2927368600102058,ninco,124,L14+D3B+D3L|Tlp|TANL
openood,ninco_seed124,L14+D3B+D3L,Tq0.05,none,99.73699552078018,0.7654362986902534,ninco,124,L14+D3B+D3L|Tq0.05|none
openood,ninco_seed124,L14+D3B+D3L,Tq0.05,TINS,99.74383625333108,0.6463684300051029,ninco,124,L14+D3B+D3L|Tq0.05|TINS
openood,ninco_seed124,L14+D3B+D3L,Tq0.05,TANL,99.7294239383115,0.6463684300051029,ninco,124,L14+D3B+D3L|Tq0.05|TANL
openood,ninco_seed124,L14+D3B+D3L,Tq0.2,none,99.70437168074692,0.901513862901854,ninco,124,L14+D3B+D3L|Tq0.2|none
openood,ninco_seed124,L14+D3B+D3L,Tq0.2,TINS,99.71963561452247,0.7314169076373533,ninco,124,L14+D3B+D3L|Tq0.2|TINS
openood,ninco_seed124,L14+D3B+D3L,Tq0.2,TANL,99.6997068662471,0.8674944718489539,ninco,124,L14+D3B+D3L|Tq0.2|TANL
openood,ninco_seed124,L14+D3B+D3L,Tnn,none,99.76697189620305,0.6803878210580031,ninco,124,L14+D3B+D3L|Tnn|none
openood,ninco_seed124,L14+D3B+D3L,Tnn,TINS,99.7740027593506,0.5953393434257527,ninco,124,L14+D3B+D3L|Tnn|TINS
openood,ninco_seed124,L14+D3B+D3L,Tnn,TANL,99.76494226153352,0.6123490389522027,ninco,124,L14+D3B+D3L|Tnn|TANL
openood,ninco_seed124,L14+D3B+D3L,Tk20,none,99.72352818884542,0.5953393434257527,ninco,124,L14+D3B+D3L|Tk20|none
openood,ninco_seed124,L14+D3B+D3L,Tk20,TINS,99.72828258774167,0.5443102568464024,ninco,124,L14+D3B+D3L|Tk20|TINS
openood,ninco_seed124,L14+D3B+D3L,Tk20,TANL,99.71168660580976,0.4932811702670522,ninco,124,L14+D3B+D3L|Tk20|TANL
openood,ninco_seed124,L14+D3B+D3L,Tlp20,none,99.48540473625522,1.5138629018540568,ninco,124,L14+D3B+D3L|Tlp20|none
openood,ninco_seed124,L14+D3B+D3L,Tlp20,TINS,99.48405662338644,1.1906786868515054,ninco,124,L14+D3B+D3L|Tlp20|TINS
openood,ninco_seed124,L14+D3B+D3L,Tlp20,TANL,99.4623445030334,1.1566592957986053,ninco,124,L14+D3B+D3L|Tlp20|TANL
openood,ninco_seed124,L14+D3B+D3L,SL,none,99.0942199164635,3.538016669501616,ninco,124,L14+D3B+D3L|SL|none
openood,ninco_seed124,L14+D3B+D3L,SL,TINS,99.09137343841546,3.384929409763565,ninco,124,L14+D3B+D3L|SL|TINS
openood,ninco_seed124,L14+D3B+D3L,SL,TANL,99.1272185367882,3.2488518455519646,ninco,124,L14+D3B+D3L|SL|TANL
openood,ninco_seed124,L14+D3B+D3L,static,none,89.22185405681238,43.953053240347,ninco,124,L14+D3B+D3L|static|none
openood,ninco_seed124,L14+D3B+D3L,static,TINS,90.64332256052616,40.942337132165335,ninco,124,L14+D3B+D3L|static|TINS
openood,ninco_seed124,L14+D3B+D3L,static,TANL,90.9479686643609,41.89488008164654,ninco,124,L14+D3B+D3L|static|TANL
openood,ninco_seed124,B14+L14+D3L,T,none,99.68799909281624,1.0375914271134548,ninco,124,B14+L14+D3L|T|none
openood,ninco_seed124,B14+L14+D3L,T,TINS,99.70501181228856,0.9355332539547542,ninco,124,B14+L14+D3L|T|TINS
openood,ninco_seed124,B14+L14+D3L,T,TANL,99.67877152198976,1.0035720360605545,ninco,124,B14+L14+D3L|T|TANL
openood,ninco_seed124,B14+L14+D3L,Tlp,none,99.4211232068946,1.9220955944888585,ninco,124,B14+L14+D3L|Tlp|none
openood,ninco_seed124,B14+L14+D3L,Tlp,TINS,99.47074899359302,1.4798435108011567,ninco,124,B14+L14+D3L|Tlp|TINS
openood,ninco_seed124,B14+L14+D3L,Tlp,TANL,99.42044092910736,1.7179792481714578,ninco,124,B14+L14+D3L|Tlp|TANL
openood,ninco_seed124,B14+L14+D3L,Tq0.05,none,99.69238060138724,0.9695526450076544,ninco,124,B14+L14+D3L|Tq0.05|none
openood,ninco_seed124,B14+L14+D3L,Tq0.05,TINS,99.7086250496116,0.8674944718489539,ninco,124,B14+L14+D3L|Tq0.05|TINS
openood,ninco_seed124,B14+L14+D3L,Tq0.05,TANL,99.68251157604278,0.9355332539547542,ninco,124,B14+L14+D3L|Tq0.05|TANL
openood,ninco_seed124,B14+L14+D3L,Tq0.2,none,99.64163860066904,1.2246980779044054,ninco,124,B14+L14+D3L|Tq0.2|none
openood,ninco_seed124,B14+L14+D3L,Tq0.2,TINS,99.66911379486308,1.0886205136928049,ninco,124,B14+L14+D3L|Tq0.2|TINS
openood,ninco_seed124,B14+L14+D3L,Tq0.2,TANL,99.63598590085236,1.2417077734308557,ninco,124,B14+L14+D3L|Tq0.2|TANL
openood,ninco_seed124,B14+L14+D3L,Tnn,none,99.7231734421954,0.9185235584283042,ninco,124,B14+L14+D3L|Tnn|none
openood,ninco_seed124,B14+L14+D3L,Tnn,TINS,99.73549847857724,0.884504167375404,ninco,124,B14+L14+D3L|Tnn|TINS
openood,ninco_seed124,B14+L14+D3L,Tnn,TANL,99.71948214926954,0.8674944718489539,ninco,124,B14+L14+D3L|Tnn|TANL
openood,ninco_seed124,B14+L14+D3L,Tk20,none,99.7024514751186,0.9185235584283042,ninco,124,B14+L14+D3L|Tk20|none
openood,ninco_seed124,B14+L14+D3L,Tk20,TINS,99.714751563947,0.7654362986902534,ninco,124,B14+L14+D3L|Tk20|TINS
openood,ninco_seed124,B14+L14+D3L,Tk20,TANL,99.68966472000152,0.8674944718489539,ninco,124,B14+L14+D3L|Tk20|TANL
openood,ninco_seed124,B14+L14+D3L,Tlp20,none,99.47536032205024,1.7179792481714578,ninco,124,B14+L14+D3L|Tlp20|none
openood,ninco_seed124,B14+L14+D3L,Tlp20,TINS,99.48767439662832,1.4118047286953563,ninco,124,B14+L14+D3L|Tlp20|TINS
openood,ninco_seed124,B14+L14+D3L,Tlp20,TANL,99.44194723214454,1.4288144242218064,ninco,124,B14+L14+D3L|Tlp20|TANL
openood,ninco_seed124,B14+L14+D3L,SL,none,99.07216420026084,3.7761524068719168,ninco,124,B14+L14+D3L|SL|none
openood,ninco_seed124,B14+L14+D3L,SL,TINS,99.08495360133054,3.691103929239667,ninco,124,B14+L14+D3L|SL|TINS
openood,ninco_seed124,B14+L14+D3L,SL,TANL,99.10117026705224,3.503997278448716,ninco,124,B14+L14+D3L|SL|TANL
openood,ninco_seed124,B14+L14+D3L,static,none,90.07970913420652,41.97992855927879,ninco,124,B14+L14+D3L|static|none
openood,ninco_seed124,B14+L14+D3L,static,TINS,91.24444368845796,38.64602823609458,ninco,124,B14+L14+D3L|static|TINS
openood,ninco_seed124,B14+L14+D3L,static,TANL,91.49455349549244,39.81969722741963,ninco,124,B14+L14+D3L|static|TANL
openood,ninco_seed124,B14+L14+D3B+D3L,T,none,99.7184935079662,0.8674944718489539,ninco,124,B14+L14+D3B+D3L|T|none
openood,ninco_seed124,B14+L14+D3B+D3L,T,TINS,99.72822475477687,0.8334750807960537,ninco,124,B14+L14+D3B+D3L|T|TINS
openood,ninco_seed124,B14+L14+D3B+D3L,T,TANL,99.71340364007484,0.7994556897431535,ninco,124,B14+L14+D3B+D3L|T|TANL
openood,ninco_seed124,B14+L14+D3B+D3L,Tlp,none,99.46971348112868,1.8540568123830583,ninco,124,B14+L14+D3B+D3L|Tlp|none
openood,ninco_seed124,B14+L14+D3B+D3L,Tlp,TINS,99.51201829487252,1.4458241197482564,ninco,124,B14+L14+D3B+D3L|Tlp|TINS
openood,ninco_seed124,B14+L14+D3B+D3L,Tlp,TANL,99.47886980023056,1.4798435108011567,ninco,124,B14+L14+D3B+D3L|Tlp|TANL
openood,ninco_seed124,B14+L14+D3B+D3L,Tq0.05,none,99.71671788474984,0.7994556897431535,ninco,124,B14+L14+D3B+D3L|Tq0.05|none
openood,ninco_seed124,B14+L14+D3B+D3L,Tq0.05,TINS,99.72611593052486,0.7484266031638034,ninco,124,B14+L14+D3B+D3L|Tq0.05|TINS
openood,ninco_seed124,B14+L14+D3B+D3L,Tq0.05,TANL,99.7111587382586,0.7654362986902534,ninco,124,B14+L14+D3B+D3L|Tq0.05|TANL
openood,ninco_seed124,B14+L14+D3B+D3L,Tq0.2,none,99.68830659031204,1.0716108181663548,ninco,124,B14+L14+D3B+D3L|Tq0.2|none
openood,ninco_seed124,B14+L14+D3B+D3L,Tq0.2,TINS,99.7037508268602,0.9525429494812042,ninco,124,B14+L14+D3B+D3L|Tq0.2|TINS
openood,ninco_seed124,B14+L14+D3B+D3L,Tq0.2,TANL,99.68453743078,1.0546011226399048,ninco,124,B14+L14+D3B+D3L|Tq0.2|TANL
openood,ninco_seed124,B14+L14+D3B+D3L,Tnn,none,99.75559978076392,0.7654362986902534,ninco,124,B14+L14+D3B+D3L|Tnn|none
openood,ninco_seed124,B14+L14+D3B+D3L,Tnn,TINS,99.76187976035229,0.7314169076373533,ninco,124,B14+L14+D3B+D3L|Tnn|TINS
openood,ninco_seed124,B14+L14+D3B+D3L,Tnn,TANL,99.75315870045928,0.7144072121109032,ninco,124,B14+L14+D3B+D3L|Tnn|TANL
openood,ninco_seed124,B14+L14+D3B+D3L,Tk20,none,99.70034019391052,0.663378125531553,ninco,124,B14+L14+D3B+D3L|Tk20|none
openood,ninco_seed124,B14+L14+D3B+D3L,Tk20,TINS,99.7084175313262,0.663378125531553,ninco,124,B14+L14+D3B+D3L|Tk20|TINS
openood,ninco_seed124,B14+L14+D3B+D3L,Tk20,TANL,99.69243862334864,0.6123490389522027,ninco,124,B14+L14+D3B+D3L|Tk20|TANL
openood,ninco_seed124,B14+L14+D3B+D3L,Tlp20,none,99.46408119294664,1.7009695526450077,ninco,124,B14+L14+D3B+D3L|Tlp20|none
openood,ninco_seed124,B14+L14+D3B+D3L,Tlp20,TINS,99.48389408629586,1.4118047286953563,ninco,124,B14+L14+D3B+D3L|Tlp20|TINS
openood,ninco_seed124,B14+L14+D3B+D3L,Tlp20,TANL,99.4528513919601,1.4458241197482564,ninco,124,B14+L14+D3B+D3L|Tlp20|TANL
openood,ninco_seed124,B14+L14+D3B+D3L,SL,none,99.07942582827768,3.793162102398367,ninco,124,B14+L14+D3B+D3L|SL|none
openood,ninco_seed124,B14+L14+D3B+D3L,SL,TINS,99.08381735366936,3.7761524068719168,ninco,124,B14+L14+D3B+D3L|SL|TINS
openood,ninco_seed124,B14+L14+D3B+D3L,SL,TANL,99.10698531496288,3.5550263650280662,ninco,124,B14+L14+D3B+D3L|SL|TANL
openood,ninco_seed124,B14+L14+D3B+D3L,static,none,89.49064315548752,43.7149175029767,ninco,124,B14+L14+D3B+D3L|static|none
openood,ninco_seed124,B14+L14+D3B+D3L,static,TINS,90.72835667441552,40.39802687531893,ninco,124,B14+L14+D3B+D3L|static|TINS
openood,ninco_seed124,B14+L14+D3B+D3L,static,TANL,90.84571450171042,41.65674434427624,ninco,124,B14+L14+D3B+D3L|static|TANL
openood,ninco_seed124,B14+L14,T,none,99.5085390561509,1.5648919884334072,ninco,124,B14+L14|T|none
openood,ninco_seed124,B14+L14,T,TINS,99.5474884239572,1.4968532063276068,ninco,124,B14+L14|T|TINS
openood,ninco_seed124,B14+L14,T,TANL,99.49537657575928,1.5648919884334072,ninco,124,B14+L14|T|TANL
openood,ninco_seed124,B14+L14,Tlp,none,99.12648768687042,2.7215512842320124,ninco,124,B14+L14|Tlp|none
openood,ninco_seed124,B14+L14,Tlp,TINS,99.15655534765928,2.3813573737030107,ninco,124,B14+L14|Tlp|TINS
openood,ninco_seed124,B14+L14,Tlp,TANL,99.10691425223489,2.483415546861711,ninco,124,B14+L14|Tlp|TANL
openood,ninco_seed124,B14+L14,Tq0.05,none,99.5022222222222,1.5308725973805068,ninco,124,B14+L14|Tq0.05|none
openood,ninco_seed124,B14+L14,Tq0.05,TINS,99.5409540549224,1.3947950331689063,ninco,124,B14+L14|Tq0.05|TINS
openood,ninco_seed124,B14+L14,Tq0.05,TANL,99.487713518928,1.4458241197482564,ninco,124,B14+L14|Tq0.05|TANL
openood,ninco_seed124,B14+L14,Tq0.2,none,99.4586403583376,1.8200374213301584,ninco,124,B14+L14|Tq0.2|none
openood,ninco_seed124,B14+L14,Tq0.2,TINS,99.51049536013304,1.7009695526450077,ninco,124,B14+L14|Tq0.2|TINS
openood,ninco_seed124,B14+L14,Tq0.2,TANL,99.4516971896203,1.7519986392243578,ninco,124,B14+L14|Tq0.2|TANL
openood,ninco_seed124,B14+L14,Tnn,none,99.58405775736614,1.5308725973805068,ninco,124,B14+L14|Tnn|none
openood,ninco_seed124,B14+L14,Tnn,TINS,99.60843491901495,1.3947950331689063,ninco,124,B14+L14|Tnn|TINS
openood,ninco_seed124,B14+L14,Tnn,TANL,99.576614692597,1.4458241197482564,ninco,124,B14+L14|Tnn|TANL
openood,ninco_seed124,B14+L14,Tk20,none,99.5223310842736,1.4968532063276068,ninco,124,B14+L14|Tk20|none
openood,ninco_seed124,B14+L14,Tk20,TINS,99.54542042297444,1.2757271644837558,ninco,124,B14+L14|Tk20|TINS
openood,ninco_seed124,B14+L14,Tk20,TANL,99.49904008618246,1.462833815274707,ninco,124,B14+L14|Tk20|TANL
openood,ninco_seed124,B14+L14,Tlp20,none,99.1714206875697,2.653512502126212,ninco,124,B14+L14|Tlp20|none
openood,ninco_seed124,B14+L14,Tlp20,TINS,99.14603466197956,2.2963088960707605,ninco,124,B14+L14|Tlp20|TINS
openood,ninco_seed124,B14+L14,Tlp20,TANL,99.09264255069834,2.500425242388161,ninco,124,B14+L14|Tlp20|TANL
openood,ninco_seed124,B14+L14,SL,none,98.65001247377674,5.596189828202075,ninco,124,B14+L14|SL|none
openood,ninco_seed124,B14+L14,SL,TINS,98.6668265578046,5.613199523728525,ninco,124,B14+L14|SL|TINS
openood,ninco_seed124,B14+L14,SL,TANL,98.70429664908995,5.375063786358225,ninco,124,B14+L14|SL|TANL
openood,ninco_seed124,B14+L14,static,none,89.24051539377444,42.30311277428135,ninco,124,B14+L14|static|none
openood,ninco_seed124,B14+L14,static,TINS,90.56335582393076,39.05426092872938,ninco,124,B14+L14|static|TINS
openood,ninco_seed124,B14+L14,static,TANL,91.01950199391432,39.54754209899643,ninco,124,B14+L14|static|TANL
openood,ninco_seed125,L14xD3L+D3L,T,none,99.67975751734043,1.0886205136928049,ninco,125,L14xD3L+D3L|T|none
openood,ninco_seed125,L14xD3L+D3L,T,TINS,99.70559354387557,0.8674944718489539,ninco,125,L14xD3L+D3L|T|TINS
openood,ninco_seed125,L14xD3L+D3L,T,TANL,99.67819168036893,0.9185235584283042,ninco,125,L14xD3L+D3L|T|TANL
openood,ninco_seed125,L14xD3L+D3L,Tlp,none,99.37559694581466,1.9561149855417588,ninco,125,L14xD3L+D3L|Tlp|none
openood,ninco_seed125,L14xD3L+D3L,Tlp,TINS,99.3968641681314,1.4798435108011567,ninco,125,L14xD3L+D3L|Tlp|TINS
openood,ninco_seed125,L14xD3L+D3L,Tlp,TANL,99.38942223734196,1.5308725973805068,ninco,125,L14xD3L+D3L|Tlp|TANL
openood,ninco_seed125,L14xD3L+D3L,Tq0.05,none,99.70897526034284,0.884504167375404,ninco,125,L14xD3L+D3L|Tq0.05|none
openood,ninco_seed125,L14xD3L+D3L,Tq0.05,TINS,99.72652794314982,0.7484266031638034,ninco,125,L14xD3L+D3L|Tq0.05|TINS
openood,ninco_seed125,L14xD3L+D3L,Tq0.05,TANL,99.7045421556954,0.7654362986902534,ninco,125,L14xD3L+D3L|Tq0.05|TANL
openood,ninco_seed125,L14xD3L+D3L,Tq0.2,none,99.6235591842906,1.3607756421160062,ninco,125,L14xD3L+D3L|Tq0.2|none
openood,ninco_seed125,L14xD3L+D3L,Tq0.2,TINS,99.66724159437548,1.0205817315870047,ninco,125,L14xD3L+D3L|Tq0.2|TINS
openood,ninco_seed125,L14xD3L+D3L,Tq0.2,TANL,99.63108427359153,1.139649600272155,ninco,125,L14xD3L+D3L|Tq0.2|TANL
openood,ninco_seed125,L14xD3L+D3L,Tnn,none,99.69169775661015,0.9695526450076544,ninco,125,L14xD3L+D3L|Tnn|none
openood,ninco_seed125,L14xD3L+D3L,Tnn,TINS,99.7142654646482,0.7994556897431535,ninco,125,L14xD3L+D3L|Tnn|TINS
openood,ninco_seed125,L14xD3L+D3L,Tnn,TANL,99.69973880667536,0.884504167375404,ninco,125,L14xD3L+D3L|Tnn|TANL
openood,ninco_seed125,L14xD3L+D3L,Tk20,none,99.75530286707868,0.5613199523728525,ninco,125,L14xD3L+D3L|Tk20|none
openood,ninco_seed125,L14xD3L+D3L,Tk20,TINS,99.75778571563568,0.5273005613199524,ninco,125,L14xD3L+D3L|Tk20|TINS
openood,ninco_seed125,L14xD3L+D3L,Tk20,TANL,99.73528963731547,0.5613199523728525,ninco,125,L14xD3L+D3L|Tk20|TANL
openood,ninco_seed125,L14xD3L+D3L,Tlp20,none,99.50081627638863,1.598911379486307,ninco,125,L14xD3L+D3L|Tlp20|none
openood,ninco_seed125,L14xD3L+D3L,Tlp20,TINS,99.46389181833646,1.3437659465895562,ninco,125,L14xD3L+D3L|Tlp20|TINS
openood,ninco_seed125,L14xD3L+D3L,Tlp20,TANL,99.46133582808868,1.1906786868515054,ninco,125,L14xD3L+D3L|Tlp20|TANL
openood,ninco_seed125,L14+D3L,T,none,99.70070136644551,1.0716108181663548,ninco,125,L14+D3L|T|none
openood,ninco_seed125,L14+D3L,T,TINS,99.71206138610118,0.884504167375404,ninco,125,L14+D3L|T|TINS
openood,ninco_seed125,L14+D3L,T,TANL,99.68877927085104,0.9695526450076544,ninco,125,L14+D3L|T|TANL
openood,ninco_seed125,L14+D3L,Tlp,none,99.42776983991986,1.9731246810682088,ninco,125,L14+D3L|Tlp|none
openood,ninco_seed125,L14+D3L,Tlp,TINS,99.4254325187579,1.7009695526450077,ninco,125,L14+D3L|Tlp|TINS
openood,ninco_seed125,L14+D3L,Tlp,TANL,99.41418703105214,1.581901683959857,ninco,125,L14+D3L|Tlp|TANL
openood,ninco_seed125,L14+D3L,Tq0.05,none,99.71487875867022,0.9695526450076544,ninco,125,L14+D3L|Tq0.05|none
openood,ninco_seed125,L14+D3L,Tq0.05,TINS,99.72138156526998,0.7484266031638034,ninco,125,L14+D3L|Tq0.05|TINS
openood,ninco_seed125,L14+D3L,Tq0.05,TANL,99.69976205325924,0.901513862901854,ninco,125,L14+D3L|Tq0.05|TANL
openood,ninco_seed125,L14+D3L,Tq0.2,none,99.64634915235018,1.1566592957986053,ninco,125,L14+D3L|Tq0.2|none
openood,ninco_seed125,L14+D3L,Tq0.2,TINS,99.67420347375784,1.0546011226399048,ninco,125,L14+D3L|Tq0.2|TINS
openood,ninco_seed125,L14+D3L,Tq0.2,TANL,99.64164956247284,1.1736689913250553,ninco,125,L14+D3L|Tq0.2|TANL
openood,ninco_seed125,L14+D3L,Tnn,none,99.7225106310597,0.9865623405341044,ninco,125,L14+D3L|Tnn|none
openood,ninco_seed125,L14+D3L,Tnn,TINS,99.73652208425467,0.8164653852696037,ninco,125,L14+D3L|Tnn|TINS
openood,ninco_seed125,L14+D3L,Tnn,TANL,99.72050329799096,0.9185235584283042,ninco,125,L14+D3L|Tnn|TANL
openood,ninco_seed125,L14+D3L,Tk20,none,99.736215531742,0.6973975165844531,ninco,125,L14+D3L|Tk20|none
openood,ninco_seed125,L14+D3L,Tk20,TINS,99.73965375819772,0.6463684300051029,ninco,125,L14+D3L|Tk20|TINS
openood,ninco_seed125,L14+D3L,Tk20,TANL,99.71558673999736,0.6973975165844531,ninco,125,L14+D3L|Tk20|TANL
openood,ninco_seed125,L14+D3L,Tlp20,none,99.51750222071026,1.6499404660656574,ninco,125,L14+D3L|Tlp20|none
openood,ninco_seed125,L14+D3L,Tlp20,TINS,99.46479408818584,1.377785337642456,ninco,125,L14+D3L|Tlp20|TINS
openood,ninco_seed125,L14+D3L,Tlp20,TANL,99.454252234885,1.4118047286953563,ninco,125,L14+D3L|Tlp20|TANL
openood,ninco_seed125,L14+D3L,SL,none,99.1344761958761,3.384929409763565,ninco,125,L14+D3L|SL|none
openood,ninco_seed125,L14+D3L,SL,TINS,99.13360511046852,3.452968191869365,ninco,125,L14+D3L|SL|TINS
openood,ninco_seed125,L14+D3L,SL,TANL,99.18094573907126,3.214832454499064,ninco,125,L14+D3L|SL|TANL
openood,ninco_seed125,L14+D3L,static,none,89.89271871633497,40.823269263480185,ninco,125,L14+D3L|static|none
openood,ninco_seed125,L14+D3L,static,TINS,91.25776530400104,38.28882463003912,ninco,125,L14+D3L|static|TINS
openood,ninco_seed125,L14+D3L,static,TANL,91.95416378446824,37.62544650450757,ninco,125,L14+D3L|static|TANL
openood,ninco_seed125,D3L,T,none,99.65651603636296,1.105630209219255,ninco,125,D3L|T|none
openood,ninco_seed125,D3L,T,TINS,99.62481223186109,0.9185235584283042,ninco,125,D3L|T|TINS
openood,ninco_seed125,D3L,T,TANL,99.61901835157153,0.9185235584283042,ninco,125,D3L|T|TANL
openood,ninco_seed125,D3L,Tlp,none,99.28978019693446,2.24527980949141,ninco,125,D3L|Tlp|none
openood,ninco_seed125,D3L,Tlp,TINS,98.9841798491807,2.2963088960707605,ninco,125,D3L|Tlp|TINS
openood,ninco_seed125,D3L,Tlp,TANL,99.14719094328213,2.041163463174009,ninco,125,D3L|Tlp|TANL
openood,ninco_seed125,D3L,Tq0.05,none,99.6791173857988,0.9865623405341044,ninco,125,D3L|Tq0.05|none
openood,ninco_seed125,D3L,Tq0.05,TINS,99.6355113303472,0.8504847763225039,ninco,125,D3L|Tq0.05|TINS
openood,ninco_seed125,D3L,Tq0.05,TANL,99.63492147190568,0.8334750807960537,ninco,125,D3L|Tq0.05|TANL
openood,ninco_seed125,D3L,Tq0.2,none,99.59976091927952,1.598911379486307,ninco,125,D3L|Tq0.2|none
openood,ninco_seed125,D3L,Tq0.2,TINS,99.58466216854718,1.1736689913250553,ninco,125,D3L|Tq0.2|TINS
openood,ninco_seed125,D3L,Tq0.2,TANL,99.57175993649714,1.2417077734308557,ninco,125,D3L|Tq0.2|TANL
openood,ninco_seed125,D3L,Tnn,none,99.6761353971764,1.0716108181663548,ninco,125,D3L|Tnn|none
openood,ninco_seed125,D3L,Tnn,TINS,99.67591540511424,0.901513862901854,ninco,125,D3L|Tnn|TINS
openood,ninco_seed125,D3L,Tnn,TANL,99.67210504431972,0.9355332539547542,ninco,125,D3L|Tnn|TANL
openood,ninco_seed125,D3L,Tk20,none,99.70257451191624,0.6293587344786528,ninco,125,D3L|Tk20|none
openood,ninco_seed125,D3L,Tk20,TINS,99.65651036646445,0.6803878210580031,ninco,125,D3L|Tk20|TINS
openood,ninco_seed125,D3L,Tk20,TANL,99.63820869006446,0.6973975165844531,ninco,125,D3L|Tk20|TANL
openood,ninco_seed125,D3L,Tlp20,none,99.3843971952902,2.024153767647559,ninco,125,D3L|Tlp20|none
openood,ninco_seed125,D3L,Tlp20,TINS,99.02893689402958,2.041163463174009,ninco,125,D3L|Tlp20|TINS
openood,ninco_seed125,D3L,Tlp20,TANL,99.17948479522217,1.8710665079095083,ninco,125,D3L|Tlp20|TANL
openood,ninco_seed125,D3L,SL,none,99.07105119918351,3.5720360605545163,ninco,125,D3L|SL|none
openood,ninco_seed125,D3L,SL,TINS,98.94809699306384,3.861200884504167,ninco,125,D3L|SL|TINS
openood,ninco_seed125,D3L,SL,TANL,99.11305872124888,3.197822758972614,ninco,125,D3L|SL|TANL
openood,ninco_seed125,D3L,static,none,89.30396231407458,45.994216703521005,ninco,125,D3L|static|none
openood,ninco_seed125,D3L,static,TINS,90.57834060970308,45.12672223167205,ninco,125,D3L|static|TINS
openood,ninco_seed125,D3L,static,TANL,91.99572584150744,39.08828031978228,ninco,125,D3L|static|TANL
openood,ninco_seed125,L14,T,none,99.34829581750488,1.9901343765946589,ninco,125,L14|T|none
openood,ninco_seed125,L14,T,TINS,99.37511972935684,1.8370471168566085,ninco,125,L14|T|TINS
openood,ninco_seed125,L14,T,TANL,99.32640471735556,1.9561149855417588,ninco,125,L14|T|TANL
openood,ninco_seed125,L14,Tlp,none,98.91188354028463,3.333900323184215,ninco,125,L14|Tlp|none
openood,ninco_seed125,L14,Tlp,TINS,98.59583716051483,3.503997278448716,ninco,125,L14|Tlp|TINS
openood,ninco_seed125,L14,Tlp,TANL,98.74537033887094,2.9766967171287635,ninco,125,L14|Tlp|TANL
openood,ninco_seed125,L14,Tq0.05,none,99.34490238324732,1.803027725803708,ninco,125,L14|Tq0.05|none
openood,ninco_seed125,L14,Tq0.05,TINS,99.3719967492582,1.581901683959857,ninco,125,L14|Tq0.05|TINS
openood,ninco_seed125,L14,Tq0.05,TANL,99.323062123188,1.786018030277258,ninco,125,L14|Tq0.05|TANL
openood,ninco_seed125,L14,Tq0.2,none,99.27261552418211,2.585473720020412,ninco,125,L14|Tq0.2|none
openood,ninco_seed125,L14,Tq0.2,TINS,99.32801194458618,2.26228950501786,ninco,125,L14|Tq0.2|TINS
openood,ninco_seed125,L14,Tq0.2,TANL,99.2700400672828,2.3643476781765607,ninco,125,L14|Tq0.2|TANL
openood,ninco_seed125,L14,Tnn,none,99.43310483642342,1.9901343765946589,ninco,125,L14|Tnn|none
openood,ninco_seed125,L14,Tnn,TINS,99.46884277371436,1.8370471168566085,ninco,125,L14|Tnn|TINS
openood,ninco_seed125,L14,Tnn,TANL,99.4283562964223,1.9050858989624084,ninco,125,L14|Tnn|TANL
openood,ninco_seed125,L14,Tk20,none,99.45708548316983,1.4458241197482564,ninco,125,L14|Tk20|none
openood,ninco_seed125,L14,Tk20,TINS,99.43267940503866,1.4288144242218064,ninco,125,L14|Tk20|TINS
openood,ninco_seed125,L14,Tk20,TANL,99.3982211638412,1.615921075012757,ninco,125,L14|Tk20|TANL
openood,ninco_seed125,L14,Tlp20,none,99.08138893613804,2.7045415887055624,ninco,125,L14|Tlp20|none
openood,ninco_seed125,L14,Tlp20,TINS,98.65775887811608,3.469977887395816,ninco,125,L14|Tlp20|TINS
openood,ninco_seed125,L14,Tlp20,TANL,98.81547976791217,2.9256676305494134,ninco,125,L14|Tlp20|TANL
openood,ninco_seed125,L14,SL,none,98.35604373381716,6.73583942847423,ninco,125,L14|SL|none
openood,ninco_seed125,L14,SL,TINS,98.27956946570654,7.416227249532234,ninco,125,L14|SL|TINS
openood,ninco_seed125,L14,SL,TANL,98.45221825329328,6.293587344786529,ninco,125,L14|SL|TANL
openood,ninco_seed125,L14,static,none,88.21025401145319,42.09899642796394,ninco,125,L14|static|none
openood,ninco_seed125,L14,static,TINS,89.77245525505093,40.006803878210576,ninco,125,L14|static|TINS
openood,ninco_seed125,L14,static,TANL,91.10255712422747,36.553835686341216,ninco,125,L14|static|TANL
openood,ninco_seed125,L14xD3L,T,none,99.57308536977187,1.326756251063106,ninco,125,L14xD3L|T|none
openood,ninco_seed125,L14xD3L,T,TINS,99.57184366199844,1.2417077734308557,ninco,125,L14xD3L|T|TINS
openood,ninco_seed125,L14xD3L,T,TANL,99.54379618604828,1.2587174689573055,ninco,125,L14xD3L|T|TANL
openood,ninco_seed125,L14xD3L,Tlp,none,99.2554557653418,2.3813573737030107,ninco,125,L14xD3L|Tlp|none
openood,ninco_seed125,L14xD3L,Tlp,TINS,98.8761890722156,2.3983670692294607,ninco,125,L14xD3L|Tlp|TINS
openood,ninco_seed125,L14xD3L,Tlp,TANL,99.05586229706488,2.041163463174009,ninco,125,L14xD3L|Tlp|TANL
openood,ninco_seed125,L14xD3L,Tq0.05,none,99.61683657462532,1.0375914271134548,ninco,125,L14xD3L|Tq0.05|none
openood,ninco_seed125,L14xD3L,Tq0.05,TINS,99.6152081797736,1.0205817315870047,ninco,125,L14xD3L|Tq0.05|TINS
openood,ninco_seed125,L14xD3L,Tq0.05,TANL,99.59186350664324,1.0375914271134548,ninco,125,L14xD3L|Tq0.05|TANL
openood,ninco_seed125,L14xD3L,Tq0.2,none,99.51032469618794,1.8370471168566085,ninco,125,L14xD3L|Tq0.2|none
openood,ninco_seed125,L14xD3L,Tq0.2,TINS,99.53289372720228,1.3437659465895562,ninco,125,L14xD3L|Tq0.2|TINS
openood,ninco_seed125,L14xD3L,Tq0.2,TANL,99.49304133356011,1.581901683959857,ninco,125,L14xD3L|Tq0.2|TANL
openood,ninco_seed125,L14xD3L,Tnn,none,99.62354311957814,1.2927368600102058,ninco,125,L14xD3L|Tnn|none
openood,ninco_seed125,L14xD3L,Tnn,TINS,99.6393090283684,1.0205817315870047,ninco,125,L14xD3L|Tnn|TINS
openood,ninco_seed125,L14xD3L,Tnn,TANL,99.62027310011152,1.0886205136928049,ninco,125,L14xD3L|Tnn|TANL
openood,ninco_seed125,L14xD3L,Tk20,none,99.71704106896486,0.7314169076373533,ninco,125,L14xD3L|Tk20|none
openood,ninco_seed125,L14xD3L,Tk20,TINS,99.65647823703956,0.7314169076373533,ninco,125,L14xD3L|Tk20|TINS
openood,ninco_seed125,L14xD3L,Tk20,TANL,99.64502655402468,0.884504167375404,ninco,125,L14xD3L|Tk20|TANL
openood,ninco_seed125,L14xD3L,Tlp20,none,99.44994632496076,1.7519986392243578,ninco,125,L14xD3L|Tlp20|none
openood,ninco_seed125,L14xD3L,Tlp20,TINS,98.98759048213036,1.8710665079095083,ninco,125,L14xD3L|Tlp20|TINS
openood,ninco_seed125,L14xD3L,Tlp20,TANL,99.1675262232806,1.581901683959857,ninco,125,L14xD3L|Tlp20|TANL
openood,ninco_seed125,D3B+D3L,T,none,99.69879287860748,0.9185235584283042,ninco,125,D3B+D3L|T|none
openood,ninco_seed125,D3B+D3L,T,TINS,99.69440759010412,0.7314169076373533,ninco,125,D3B+D3L|T|TINS
openood,ninco_seed125,D3B+D3L,T,TANL,99.68825650620856,0.7484266031638034,ninco,125,D3B+D3L|T|TANL
openood,ninco_seed125,D3B+D3L,Tlp,none,99.360011339797,2.1432216363327097,ninco,125,D3B+D3L|Tlp|none
openood,ninco_seed125,D3B+D3L,Tlp,TINS,99.329973351477,2.0581731587004595,ninco,125,D3B+D3L|Tlp|TINS
openood,ninco_seed125,D3B+D3L,Tlp,TANL,99.37366634537244,1.769008334750808,ninco,125,D3B+D3L|Tlp|TANL
openood,ninco_seed125,D3B+D3L,Tq0.05,none,99.69823533858744,0.7824459942167036,ninco,125,D3B+D3L|Tq0.05|none
openood,ninco_seed125,D3B+D3L,Tq0.05,TINS,99.69018578367448,0.663378125531553,ninco,125,D3B+D3L|Tq0.05|TINS
openood,ninco_seed125,D3B+D3L,Tq0.05,TANL,99.68588308669275,0.6973975165844531,ninco,125,D3B+D3L|Tq0.05|TANL
openood,ninco_seed125,D3B+D3L,Tq0.2,none,99.6788949367806,1.0886205136928049,ninco,125,D3B+D3L|Tq0.2|none
openood,ninco_seed125,D3B+D3L,Tq0.2,TINS,99.68353952864244,0.8674944718489539,ninco,125,D3B+D3L|Tq0.2|TINS
openood,ninco_seed125,D3B+D3L,Tq0.2,TANL,99.67053032450718,0.9185235584283042,ninco,125,D3B+D3L|Tq0.2|TANL
openood,ninco_seed125,D3B+D3L,Tnn,none,99.74066678006464,0.7654362986902534,ninco,125,D3B+D3L|Tnn|none
openood,ninco_seed125,D3B+D3L,Tnn,TINS,99.73959592523292,0.6463684300051029,ninco,125,D3B+D3L|Tnn|TINS
openood,ninco_seed125,D3B+D3L,Tnn,TANL,99.73873069872047,0.6973975165844531,ninco,125,D3B+D3L|Tnn|TANL
openood,ninco_seed125,D3B+D3L,Tk20,none,99.66141615165088,0.9525429494812042,ninco,125,D3B+D3L|Tk20|none
openood,ninco_seed125,D3B+D3L,Tk20,TINS,99.64891837236114,0.7824459942167036,ninco,125,D3B+D3L|Tk20|TINS
openood,ninco_seed125,D3B+D3L,Tk20,TANL,99.63952599648468,0.7824459942167036,ninco,125,D3B+D3L|Tk20|TANL
openood,ninco_seed125,D3B+D3L,Tlp20,none,99.296541172913,2.19425072291206,ninco,125,D3B+D3L|Tlp20|none
openood,ninco_seed125,D3B+D3L,Tlp20,TINS,99.22470185783672,1.9731246810682088,ninco,125,D3B+D3L|Tlp20|TINS
openood,ninco_seed125,D3B+D3L,Tlp20,TANL,99.2797480675096,1.632930770539207,ninco,125,D3B+D3L|Tlp20|TANL
openood,ninco_seed125,D3B+D3L,SL,none,98.988375196084,3.895220275557068,ninco,125,D3B+D3L|SL|none
openood,ninco_seed125,D3B+D3L,SL,TINS,98.95045075693145,3.9802687531893177,ninco,125,D3B+D3L|SL|TINS
openood,ninco_seed125,D3B+D3L,SL,TANL,99.06436430987884,3.5550263650280662,ninco,125,D3B+D3L|SL|TANL
openood,ninco_seed125,D3B+D3L,static,none,88.01214227665325,52.49192039462493,ninco,125,D3B+D3L|static|none
openood,ninco_seed125,D3B+D3L,static,TINS,89.93118784373759,46.21534274536486,ninco,125,D3B+D3L|static|TINS
openood,ninco_seed125,D3B+D3L,static,TANL,90.83927633195366,44.7695186256166,ninco,125,D3B+D3L|static|TANL
openood,ninco_seed125,L14+D3B+D3L,T,none,99.73492506284136,0.8334750807960537,ninco,125,L14+D3B+D3L|T|none
openood,ninco_seed125,L14+D3B+D3L,T,TINS,99.74123150195612,0.7314169076373533,ninco,125,L14+D3B+D3L|T|TINS
openood,ninco_seed125,L14+D3B+D3L,T,TANL,99.7288612953828,0.7824459942167036,ninco,125,L14+D3B+D3L|T|TANL
openood,ninco_seed125,L14+D3B+D3L,Tlp,none,99.47978322088036,1.6499404660656574,ninco,125,L14+D3B+D3L|Tlp|none
openood,ninco_seed125,L14+D3B+D3L,Tlp,TINS,99.50491277806128,1.3437659465895562,ninco,125,L14+D3B+D3L|Tlp|TINS
openood,ninco_seed125,L14+D3B+D3L,Tlp,TANL,99.4938923853263,1.2927368600102058,ninco,125,L14+D3B+D3L|Tlp|TANL
openood,ninco_seed125,L14+D3B+D3L,Tq0.05,none,99.7369955207802,0.7654362986902534,ninco,125,L14+D3B+D3L|Tq0.05|none
openood,ninco_seed125,L14+D3B+D3L,Tq0.05,TINS,99.74225926555914,0.6293587344786528,ninco,125,L14+D3B+D3L|Tq0.05|TINS
openood,ninco_seed125,L14+D3B+D3L,Tq0.05,TANL,99.72990909262724,0.7314169076373533,ninco,125,L14+D3B+D3L|Tq0.05|TANL
openood,ninco_seed125,L14+D3B+D3L,Tq0.2,none,99.70437319271984,0.901513862901854,ninco,125,L14+D3B+D3L|Tq0.2|none
openood,ninco_seed125,L14+D3B+D3L,Tq0.2,TINS,99.71942696225736,0.8504847763225039,ninco,125,L14+D3B+D3L|Tq0.2|TINS
openood,ninco_seed125,L14+D3B+D3L,Tq0.2,TANL,99.70089282001852,0.8674944718489539,ninco,125,L14+D3B+D3L|Tq0.2|TANL
openood,ninco_seed125,L14+D3B+D3L,Tnn,none,99.76697189620305,0.6803878210580031,ninco,125,L14+D3B+D3L|Tnn|none
openood,ninco_seed125,L14+D3B+D3L,Tnn,TINS,99.7723290053108,0.6123490389522027,ninco,125,L14+D3B+D3L|Tnn|TINS
openood,ninco_seed125,L14+D3B+D3L,Tnn,TANL,99.76580937801214,0.663378125531553,ninco,125,L14+D3B+D3L|Tnn|TANL
openood,ninco_seed125,L14+D3B+D3L,Tk20,none,99.72352818884542,0.5953393434257527,ninco,125,L14+D3B+D3L|Tk20|none
openood,ninco_seed125,L14+D3B+D3L,Tk20,TINS,99.72567103248852,0.5613199523728525,ninco,125,L14+D3B+D3L|Tk20|TINS
openood,ninco_seed125,L14+D3B+D3L,Tk20,TANL,99.71191396873996,0.5273005613199524,ninco,125,L14+D3B+D3L|Tk20|TANL
openood,ninco_seed125,L14+D3B+D3L,Tlp20,none,99.48540473625522,1.5138629018540568,ninco,125,L14+D3B+D3L|Tlp20|none
openood,ninco_seed125,L14+D3B+D3L,Tlp20,TINS,99.47269074483567,1.2587174689573055,ninco,125,L14+D3B+D3L|Tlp20|TINS
openood,ninco_seed125,L14+D3B+D3L,Tlp20,TANL,99.4686917654174,1.1736689913250553,ninco,125,L14+D3B+D3L|Tlp20|TANL
openood,ninco_seed125,L14+D3B+D3L,SL,none,99.11448092079152,3.640074842660317,ninco,125,L14+D3B+D3L|SL|none
openood,ninco_seed125,L14+D3B+D3L,SL,TINS,99.10886356334224,3.5720360605545163,ninco,125,L14+D3B+D3L|SL|TINS
openood,ninco_seed125,L14+D3B+D3L,SL,TANL,99.16199089036309,3.163803367919714,ninco,125,L14+D3B+D3L|SL|TANL
openood,ninco_seed125,L14+D3B+D3L,static,none,89.22185405681238,43.953053240347,ninco,125,L14+D3B+D3L|static|none
openood,ninco_seed125,L14+D3B+D3L,static,TINS,90.68704087996824,40.857288654533086,ninco,125,L14+D3B+D3L|static|TINS
openood,ninco_seed125,L14+D3B+D3L,static,TANL,91.16836347829374,41.146453478482734,ninco,125,L14+D3B+D3L|static|TANL
openood,ninco_seed125,B14+L14+D3L,T,none,99.68799701385346,1.0375914271134548,ninco,125,B14+L14+D3L|T|none
openood,ninco_seed125,B14+L14+D3L,T,TINS,99.69851826652302,0.9525429494812042,ninco,125,B14+L14+D3L|T|TINS
openood,ninco_seed125,B14+L14+D3L,T,TANL,99.67976923513068,0.9695526450076544,ninco,125,B14+L14+D3L|T|TANL
openood,ninco_seed125,B14+L14+D3L,Tlp,none,99.42112169492164,1.9220955944888585,ninco,125,B14+L14+D3L|Tlp|none
openood,ninco_seed125,B14+L14+D3L,Tlp,TINS,99.45616261268924,1.6839598571185574,ninco,125,B14+L14+D3L|Tlp|TINS
openood,ninco_seed125,B14+L14+D3L,Tlp,TANL,99.42670748993594,1.6839598571185574,ninco,125,B14+L14+D3L|Tlp|TANL
openood,ninco_seed125,B14+L14+D3L,Tq0.05,none,99.6923779554346,0.9695526450076544,ninco,125,B14+L14+D3L|Tq0.05|none
openood,ninco_seed125,B14+L14+D3L,Tq0.05,TINS,99.70105460112264,0.8674944718489539,ninco,125,B14+L14+D3L|Tq0.05|TINS
openood,ninco_seed125,B14+L14+D3L,Tq0.05,TANL,99.68333012039083,0.9525429494812042,ninco,125,B14+L14+D3L|Tq0.05|TANL
openood,ninco_seed125,B14+L14+D3L,Tq0.2,none,99.64164332558448,1.2246980779044054,ninco,125,B14+L14+D3L|Tq0.2|none
openood,ninco_seed125,B14+L14+D3L,Tq0.2,TINS,99.66301789797964,1.122639904745705,ninco,125,B14+L14+D3L|Tq0.2|TINS
openood,ninco_seed125,B14+L14+D3L,Tq0.2,TANL,99.63725161119616,1.2587174689573055,ninco,125,B14+L14+D3L|Tq0.2|TANL
openood,ninco_seed125,B14+L14+D3L,Tnn,none,99.72317419818184,0.9185235584283042,ninco,125,B14+L14+D3L|Tnn|none
openood,ninco_seed125,B14+L14+D3L,Tnn,TINS,99.73175823552758,0.8674944718489539,ninco,125,B14+L14+D3L|Tnn|TINS
openood,ninco_seed125,B14+L14+D3L,Tnn,TANL,99.72050499896052,0.901513862901854,ninco,125,B14+L14+D3L|Tnn|TANL
openood,ninco_seed125,B14+L14+D3L,Tk20,none,99.7024514751186,0.9185235584283042,ninco,125,B14+L14+D3L|Tk20|none
openood,ninco_seed125,B14+L14+D3L,Tk20,TINS,99.70902421046662,0.8164653852696037,ninco,125,B14+L14+D3L|Tk20|TINS
openood,ninco_seed125,B14+L14+D3L,Tk20,TANL,99.68967549280868,0.8674944718489539,ninco,125,B14+L14+D3L|Tk20|TANL
openood,ninco_seed125,B14+L14+D3L,Tlp20,none,99.47536032205024,1.7179792481714578,ninco,125,B14+L14+D3L|Tlp20|none
openood,ninco_seed125,B14+L14+D3L,Tlp20,TINS,99.47425374685794,1.4968532063276068,ninco,125,B14+L14+D3L|Tlp20|TINS
openood,ninco_seed125,B14+L14+D3L,Tlp20,TANL,99.44848840505756,1.4798435108011567,ninco,125,B14+L14+D3L|Tlp20|TANL
openood,ninco_seed125,B14+L14+D3L,SL,none,99.13828920262328,3.5720360605545163,ninco,125,B14+L14+D3L|SL|none
openood,ninco_seed125,B14+L14+D3L,SL,TINS,99.14480013607756,3.452968191869365,ninco,125,B14+L14+D3L|SL|TINS
openood,ninco_seed125,B14+L14+D3L,SL,TANL,99.17584661034566,3.333900323184215,ninco,125,B14+L14+D3L|SL|TANL
openood,ninco_seed125,B14+L14+D3L,static,none,90.07970913420652,41.97992855927879,ninco,125,B14+L14+D3L|static|none
openood,ninco_seed125,B14+L14+D3L,static,TINS,91.29857647748103,38.42490219425072,ninco,125,B14+L14+D3L|static|TINS
openood,ninco_seed125,B14+L14+D3L,static,TANL,91.67601935325358,38.91818336451778,ninco,125,B14+L14+D3L|static|TANL
openood,ninco_seed125,B14+L14+D3B+D3L,T,none,99.71849256298312,0.8674944718489539,ninco,125,B14+L14+D3B+D3L|T|none
openood,ninco_seed125,B14+L14+D3B+D3L,T,TINS,99.72666628867344,0.7654362986902534,ninco,125,B14+L14+D3B+D3L|T|TINS
openood,ninco_seed125,B14+L14+D3B+D3L,T,TANL,99.71423711515564,0.8334750807960537,ninco,125,B14+L14+D3B+D3L|T|TANL
openood,ninco_seed125,B14+L14+D3B+D3L,Tlp,none,99.46972803386818,1.8540568123830583,ninco,125,B14+L14+D3B+D3L|Tlp|none
openood,ninco_seed125,B14+L14+D3B+D3L,Tlp,TINS,99.50576401882408,1.4798435108011567,ninco,125,B14+L14+D3B+D3L|Tlp|TINS
openood,ninco_seed125,B14+L14+D3B+D3L,Tlp,TANL,99.48443688457976,1.4968532063276068,ninco,125,B14+L14+D3B+D3L|Tlp|TANL
openood,ninco_seed125,B14+L14+D3B+D3L,Tq0.05,none,99.71671637277692,0.7994556897431535,ninco,125,B14+L14+D3B+D3L|Tq0.05|none
openood,ninco_seed125,B14+L14+D3B+D3L,Tq0.05,TINS,99.72399954640812,0.7654362986902534,ninco,125,B14+L14+D3B+D3L|Tq0.05|TINS
openood,ninco_seed125,B14+L14+D3B+D3L,Tq0.05,TANL,99.71172005821096,0.7824459942167036,ninco,125,B14+L14+D3B+D3L|Tq0.05|TANL
openood,ninco_seed125,B14+L14+D3B+D3L,Tq0.2,none,99.68830696830526,1.0716108181663548,ninco,125,B14+L14+D3B+D3L|Tq0.2|none
openood,ninco_seed125,B14+L14+D3B+D3L,Tq0.2,TINS,99.70279374799192,0.9695526450076544,ninco,125,B14+L14+D3B+D3L|Tq0.2|TINS
openood,ninco_seed125,B14+L14+D3B+D3L,Tq0.2,TANL,99.68540303528567,1.0375914271134548,ninco,125,B14+L14+D3B+D3L|Tq0.2|TANL
openood,ninco_seed125,B14+L14+D3B+D3L,Tnn,none,99.75559978076392,0.7654362986902534,ninco,125,B14+L14+D3B+D3L|Tnn|none
openood,ninco_seed125,B14+L14+D3B+D3L,Tnn,TINS,99.76041919449644,0.7144072121109032,ninco,125,B14+L14+D3B+D3L|Tnn|TINS
openood,ninco_seed125,B14+L14+D3B+D3L,Tnn,TANL,99.75395399822344,0.7144072121109032,ninco,125,B14+L14+D3B+D3L|Tnn|TANL
openood,ninco_seed125,B14+L14+D3B+D3L,Tk20,none,99.7003398159173,0.663378125531553,ninco,125,B14+L14+D3B+D3L|Tk20|none
openood,ninco_seed125,B14+L14+D3B+D3L,Tk20,TINS,99.7051573396836,0.6463684300051029,ninco,125,B14+L14+D3B+D3L|Tk20|TINS
openood,ninco_seed125,B14+L14+D3B+D3L,Tk20,TANL,99.69235735480336,0.6803878210580031,ninco,125,B14+L14+D3B+D3L|Tk20|TANL
openood,ninco_seed125,B14+L14+D3B+D3L,Tlp20,none,99.46408081495342,1.7009695526450077,ninco,125,B14+L14+D3B+D3L|Tlp20|none
openood,ninco_seed125,B14+L14+D3B+D3L,Tlp20,TINS,99.47295685207234,1.462833815274707,ninco,125,B14+L14+D3B+D3L|Tlp20|TINS
openood,ninco_seed125,B14+L14+D3B+D3L,Tlp20,TANL,99.4584077035021,1.4458241197482564,ninco,125,B14+L14+D3B+D3L|Tlp20|TANL
openood,ninco_seed125,B14+L14+D3B+D3L,SL,none,99.11628319253084,3.367919714237115,ninco,125,B14+L14+D3B+D3L|SL|none
openood,ninco_seed125,B14+L14+D3B+D3L,SL,TINS,99.1180831963108,3.521006973975166,ninco,125,B14+L14+D3B+D3L|SL|TINS
openood,ninco_seed125,B14+L14+D3B+D3L,SL,TANL,99.15390410311656,3.231842150025514,ninco,125,B14+L14+D3B+D3L|SL|TANL
openood,ninco_seed125,B14+L14+D3B+D3L,static,none,89.49064315548752,43.7149175029767,ninco,125,B14+L14+D3B+D3L|static|none
openood,ninco_seed125,B14+L14+D3B+D3L,static,TINS,90.75777172988604,40.51709474400408,ninco,125,B14+L14+D3B+D3L|static|TINS
openood,ninco_seed125,B14+L14+D3B+D3L,static,TANL,91.01666685566327,41.095424391903386,ninco,125,B14+L14+D3B+D3L|static|TANL
openood,ninco_seed125,B14+L14,T,none,99.5085390561509,1.5648919884334072,ninco,125,B14+L14|T|none
openood,ninco_seed125,B14+L14,T,TINS,99.531724972123,1.4118047286953563,ninco,125,B14+L14|T|TINS
openood,ninco_seed125,B14+L14,T,TANL,99.49742170815142,1.5138629018540568,ninco,125,B14+L14|T|TANL
openood,ninco_seed125,B14+L14,Tlp,none,99.12649619171816,2.7215512842320124,ninco,125,B14+L14|Tlp|none
openood,ninco_seed125,B14+L14,Tlp,TINS,99.13303698663792,2.500425242388161,ninco,125,B14+L14|Tlp|TINS
openood,ninco_seed125,B14+L14,Tlp,TANL,99.11787133110316,2.500425242388161,ninco,125,B14+L14|Tlp|TANL
openood,ninco_seed125,B14+L14,Tq0.05,none,99.50222675814103,1.5308725973805068,ninco,125,B14+L14|Tq0.05|none
openood,ninco_seed125,B14+L14,Tq0.05,TINS,99.52351722704164,1.3607756421160062,ninco,125,B14+L14|Tq0.05|TINS
openood,ninco_seed125,B14+L14,Tq0.05,TANL,99.48885940541663,1.4968532063276068,ninco,125,B14+L14|Tq0.05|TANL
openood,ninco_seed125,B14+L14,Tq0.2,none,99.45865699003988,1.8200374213301584,ninco,125,B14+L14|Tq0.2|none
openood,ninco_seed125,B14+L14,Tq0.2,TINS,99.49668877927084,1.5648919884334072,ninco,125,B14+L14|Tq0.2|TINS
openood,ninco_seed125,B14+L14,Tq0.2,TANL,99.45361002438058,1.803027725803708,ninco,125,B14+L14|Tq0.2|TANL
openood,ninco_seed125,B14+L14,Tnn,none,99.58405851335262,1.5308725973805068,ninco,125,B14+L14|Tnn|none
openood,ninco_seed125,B14+L14,Tnn,TINS,99.59840940447164,1.3607756421160062,ninco,125,B14+L14|Tnn|TINS
openood,ninco_seed125,B14+L14,Tnn,TANL,99.578090000189,1.4968532063276068,ninco,125,B14+L14|Tnn|TANL
openood,ninco_seed125,B14+L14,Tk20,none,99.52233032828713,1.4968532063276068,ninco,125,B14+L14|Tk20|none
openood,ninco_seed125,B14+L14,Tk20,TINS,99.52927595396042,1.2927368600102058,ninco,125,B14+L14|Tk20|TINS
openood,ninco_seed125,B14+L14,Tk20,TANL,99.49888151802082,1.4118047286953563,ninco,125,B14+L14|Tk20|TANL
openood,ninco_seed125,B14+L14,Tlp20,none,99.17141936459336,2.653512502126212,ninco,125,B14+L14|Tlp20|none
openood,ninco_seed125,B14+L14,Tlp20,TINS,99.12136115363536,2.466405851335261,ninco,125,B14+L14|Tlp20|TINS
openood,ninco_seed125,B14+L14,Tlp20,TANL,99.10604108786453,2.517434937914611,ninco,125,B14+L14|Tlp20|TANL
openood,ninco_seed125,B14+L14,SL,none,98.72649921566403,5.494131655043375,ninco,125,B14+L14|SL|none
openood,ninco_seed125,B14+L14,SL,TINS,98.73339721418988,5.460112263990474,ninco,125,B14+L14|SL|TINS
openood,ninco_seed125,B14+L14,SL,TANL,98.79078773789948,5.221976526620174,ninco,125,B14+L14|SL|TANL
openood,ninco_seed125,B14+L14,static,none,89.24051539377444,42.30311277428135,ninco,125,B14+L14|static|none
openood,ninco_seed125,B14+L14,static,TINS,90.61128649997164,39.12229971083517,ninco,125,B14+L14|static|TINS
openood,ninco_seed125,B14+L14,static,TANL,91.24202472075748,38.47593128083008,ninco,125,B14+L14|static|TANL
openood,ninco_seed126,L14xD3L+D3L,T,none,99.6797548713878,1.0886205136928049,ninco,126,L14xD3L+D3L|T|none
openood,ninco_seed126,L14xD3L+D3L,T,TINS,99.70430950085996,0.7994556897431535,ninco,126,L14xD3L+D3L|T|TINS
openood,ninco_seed126,L14xD3L+D3L,T,TANL,99.6792532743664,0.9355332539547542,ninco,126,L14xD3L+D3L|T|TANL
openood,ninco_seed126,L14xD3L+D3L,Tlp,none,99.37558919695336,1.9561149855417588,ninco,126,L14xD3L+D3L|Tlp|none
openood,ninco_seed126,L14xD3L+D3L,Tlp,TINS,99.3957732796583,1.547882292906957,ninco,126,L14xD3L+D3L|Tlp|TINS
openood,ninco_seed126,L14xD3L+D3L,Tlp,TANL,99.38927066205515,1.462833815274707,ninco,126,L14xD3L+D3L|Tlp|TANL
openood,ninco_seed126,L14xD3L+D3L,Tq0.05,none,99.70896996843756,0.884504167375404,ninco,126,L14xD3L+D3L|Tq0.05|none
openood,ninco_seed126,L14xD3L+D3L,Tq0.05,TINS,99.72780631626696,0.6973975165844531,ninco,126,L14xD3L+D3L|Tq0.05|TINS
openood,ninco_seed126,L14xD3L+D3L,Tq0.05,TANL,99.70611007162972,0.7654362986902534,ninco,126,L14xD3L+D3L|Tq0.05|TANL
openood,ninco_seed126,L14xD3L+D3L,Tq0.2,none,99.62355313639884,1.3607756421160062,ninco,126,L14xD3L+D3L|Tq0.2|none
openood,ninco_seed126,L14xD3L+D3L,Tq0.2,TINS,99.66458619190718,1.0035720360605545,ninco,126,L14xD3L+D3L|Tq0.2|TINS
openood,ninco_seed126,L14xD3L+D3L,Tq0.2,TANL,99.6324459942167,1.1736689913250553,ninco,126,L14xD3L+D3L|Tq0.2|TANL
openood,ninco_seed126,L14xD3L+D3L,Tnn,none,99.69169322069132,0.9695526450076544,ninco,126,L14xD3L+D3L|Tnn|none
openood,ninco_seed126,L14xD3L+D3L,Tnn,TINS,99.71686681408404,0.7314169076373533,ninco,126,L14xD3L+D3L|Tnn|TINS
openood,ninco_seed126,L14xD3L+D3L,Tnn,TANL,99.69988943697908,0.8674944718489539,ninco,126,L14xD3L+D3L|Tnn|TANL
openood,ninco_seed126,L14xD3L+D3L,Tk20,none,99.75530286707868,0.5613199523728525,ninco,126,L14xD3L+D3L|Tk20|none
openood,ninco_seed126,L14xD3L+D3L,Tk20,TINS,99.76049063521762,0.5102908657935024,ninco,126,L14xD3L+D3L|Tk20|TINS
openood,ninco_seed126,L14xD3L+D3L,Tk20,TANL,99.73617489746934,0.5273005613199524,ninco,126,L14xD3L+D3L|Tk20|TANL
openood,ninco_seed126,L14xD3L+D3L,Tlp20,none,99.50081627638866,1.598911379486307,ninco,126,L14xD3L+D3L|Tlp20|none
openood,ninco_seed126,L14xD3L+D3L,Tlp20,TINS,99.46576742076316,1.4118047286953563,ninco,126,L14xD3L+D3L|Tlp20|TINS
openood,ninco_seed126,L14xD3L+D3L,Tlp20,TANL,99.46115949424504,1.1906786868515054,ninco,126,L14xD3L+D3L|Tlp20|TANL
openood,ninco_seed126,L14+D3L,T,none,99.70070287841848,1.0716108181663548,ninco,126,L14+D3L|T|none
openood,ninco_seed126,L14+D3L,T,TINS,99.71428625427605,0.884504167375404,ninco,126,L14+D3L|T|TINS
openood,ninco_seed126,L14+D3L,T,TANL,99.68910056509988,0.9865623405341044,ninco,126,L14+D3L|T|TANL
openood,ninco_seed126,L14+D3L,Tlp,none,99.4277647370112,1.9731246810682088,ninco,126,L14+D3L|Tlp|none
openood,ninco_seed126,L14+D3L,Tlp,TINS,99.42804482999756,1.4968532063276068,ninco,126,L14+D3L|Tlp|TINS
openood,ninco_seed126,L14+D3L,Tlp,TANL,99.41386838275594,1.6839598571185574,ninco,126,L14+D3L|Tlp|TANL
openood,ninco_seed126,L14+D3L,Tq0.05,none,99.7148763017142,0.9695526450076544,ninco,126,L14+D3L|Tq0.05|none
openood,ninco_seed126,L14+D3L,Tq0.05,TINS,99.72471924552548,0.7654362986902534,ninco,126,L14+D3L|Tq0.05|TINS
openood,ninco_seed126,L14+D3L,Tq0.05,TANL,99.70037232333542,0.901513862901854,ninco,126,L14+D3L|Tq0.05|TANL
openood,ninco_seed126,L14+D3L,Tq0.2,none,99.64634858536031,1.1566592957986053,ninco,126,L14+D3L|Tq0.2|none
openood,ninco_seed126,L14+D3L,Tq0.2,TINS,99.6748025930336,1.0375914271134548,ninco,126,L14+D3L|Tq0.2|TINS
openood,ninco_seed126,L14+D3L,Tq0.2,TANL,99.642694524768,1.1906786868515054,ninco,126,L14+D3L|Tq0.2|TANL
openood,ninco_seed126,L14+D3L,Tnn,none,99.72250987507324,0.9865623405341044,ninco,126,L14+D3L|Tnn|none
openood,ninco_seed126,L14+D3L,Tnn,TINS,99.7392791669029,0.7824459942167036,ninco,126,L14+D3L|Tnn|TINS
openood,ninco_seed126,L14+D3L,Tnn,TANL,99.7210375914271,0.901513862901854,ninco,126,L14+D3L|Tnn|TANL
openood,ninco_seed126,L14+D3L,Tk20,none,99.73621515374876,0.6973975165844531,ninco,126,L14+D3L|Tk20|none
openood,ninco_seed126,L14+D3L,Tk20,TINS,99.74256468409214,0.5953393434257527,ninco,126,L14+D3L|Tk20|TINS
openood,ninco_seed126,L14+D3L,Tk20,TANL,99.71672015270929,0.6803878210580031,ninco,126,L14+D3L|Tk20|TANL
openood,ninco_seed126,L14+D3L,Tlp20,none,99.51750222071024,1.6499404660656574,ninco,126,L14+D3L|Tlp20|none
openood,ninco_seed126,L14+D3L,Tlp20,TINS,99.4650057643968,1.377785337642456,ninco,126,L14+D3L|Tlp20|TINS
openood,ninco_seed126,L14+D3L,Tlp20,TANL,99.4578248379354,1.377785337642456,ninco,126,L14+D3L|Tlp20|TANL
openood,ninco_seed126,L14+D3L,SL,none,99.03413354500954,3.606055451607416,ninco,126,L14+D3L|SL|none
openood,ninco_seed126,L14+D3L,SL,TINS,99.01904745705052,3.7421330158190167,ninco,126,L14+D3L|SL|TINS
openood,ninco_seed126,L14+D3L,SL,TANL,99.07379297310578,3.538016669501616,ninco,126,L14+D3L|SL|TANL
openood,ninco_seed126,L14+D3L,static,none,89.89271871633497,40.823269263480185,ninco,126,L14+D3L|static|none
openood,ninco_seed126,L14+D3L,static,TINS,91.38094838502391,37.82956285082497,ninco,126,L14+D3L|static|TINS
openood,ninco_seed126,L14+D3L,static,TANL,91.71490465120674,38.18676645688042,ninco,126,L14+D3L|static|TANL
openood,ninco_seed126,D3L,T,none,99.65651339041032,1.105630209219255,ninco,126,D3L|T|none
openood,ninco_seed126,D3L,T,TINS,99.62407930298048,0.9695526450076544,ninco,126,D3L|T|TINS
openood,ninco_seed126,D3L,T,TANL,99.6194938670598,0.9865623405341044,ninco,126,D3L|T|TANL
openood,ninco_seed126,D3L,Tlp,none,99.28976583319158,2.24527980949141,ninco,126,D3L|Tlp|none
openood,ninco_seed126,D3L,Tlp,TINS,99.0019655648164,2.3133185915972105,ninco,126,D3L|Tlp|TINS
openood,ninco_seed126,D3L,Tlp,TANL,99.12422634234848,2.075182854226909,ninco,126,D3L|Tlp|TANL
openood,ninco_seed126,D3L,Tq0.05,none,99.67911114891044,0.9865623405341044,ninco,126,D3L|Tq0.05|none
openood,ninco_seed126,D3L,Tq0.05,TINS,99.63933170796244,0.7994556897431535,ninco,126,D3L|Tq0.05|TINS
openood,ninco_seed126,D3L,Tq0.05,TANL,99.6352764075523,0.8504847763225039,ninco,126,D3L|Tq0.05|TANL
openood,ninco_seed126,D3L,Tq0.2,none,99.59975222543518,1.598911379486307,ninco,126,D3L|Tq0.2|none
openood,ninco_seed126,D3L,Tq0.2,TINS,99.58328135926368,1.1736689913250553,ninco,126,D3L|Tq0.2|TINS
openood,ninco_seed126,D3L,Tq0.2,TANL,99.5738054468825,1.2757271644837558,ninco,126,D3L|Tq0.2|TANL
openood,ninco_seed126,D3L,Tnn,none,99.67612991627448,1.0716108181663548,ninco,126,D3L|Tnn|none
openood,ninco_seed126,D3L,Tnn,TINS,99.67901079170684,0.901513862901854,ninco,126,D3L|Tnn|TINS
openood,ninco_seed126,D3L,Tnn,TANL,99.67217535106124,0.9355332539547542,ninco,126,D3L|Tnn|TANL
openood,ninco_seed126,D3L,Tk20,none,99.70257451191624,0.6293587344786528,ninco,126,D3L|Tk20|none
openood,ninco_seed126,D3L,Tk20,TINS,99.65287785148644,0.7484266031638034,ninco,126,D3L|Tk20|TINS
openood,ninco_seed126,D3L,Tk20,TANL,99.6384666704466,0.6803878210580031,ninco,126,D3L|Tk20|TANL
openood,ninco_seed126,D3L,Tlp20,none,99.38439700629355,2.024153767647559,ninco,126,D3L|Tlp20|none
openood,ninco_seed126,D3L,Tlp20,TINS,99.04273402506097,2.1092022452798096,ninco,126,D3L|Tlp20|TINS
openood,ninco_seed126,D3L,Tlp20,TANL,99.16364309878854,1.786018030277258,ninco,126,D3L|Tlp20|TANL
openood,ninco_seed126,D3L,SL,none,98.95703691103928,4.065317230821568,ninco,126,D3L|SL|none
openood,ninco_seed126,D3L,SL,TINS,98.80766381281776,4.252423881612519,ninco,126,D3L|SL|TINS
openood,ninco_seed126,D3L,SL,TANL,98.98800230575873,3.7421330158190167,ninco,126,D3L|SL|TANL
openood,ninco_seed126,D3L,static,none,89.30396231407458,45.994216703521005,ninco,126,D3L|static|none
openood,ninco_seed126,D3L,static,TINS,90.7589869781331,44.2252083687702,ninco,126,D3L|static|TINS
openood,ninco_seed126,D3L,static,TANL,91.55700610459073,41.55468617111754,ninco,126,D3L|static|TANL
openood,ninco_seed126,L14,T,none,99.34829336054884,1.9901343765946589,ninco,126,L14|T|none
openood,ninco_seed126,L14,T,TINS,99.4021126041844,1.7349889436979078,ninco,126,L14|T|TINS
openood,ninco_seed126,L14,T,TANL,99.32234261306722,1.9901343765946589,ninco,126,L14|T|TANL
openood,ninco_seed126,L14,Tlp,none,98.91188146132184,3.333900323184215,ninco,126,L14|Tlp|none
openood,ninco_seed126,L14,Tlp,TINS,98.62369374988188,3.367919714237115,ninco,126,L14|Tlp|TINS
openood,ninco_seed126,L14,Tlp,TANL,98.71391657689324,3.1467936723932644,ninco,126,L14|Tlp|TANL
openood,ninco_seed126,L14,Tq0.05,none,99.34490332823042,1.803027725803708,ninco,126,L14|Tq0.05|none
openood,ninco_seed126,L14,Tq0.05,TINS,99.40282058551152,1.5648919884334072,ninco,126,L14|Tq0.05|TINS
openood,ninco_seed126,L14,Tq0.05,TANL,99.32048855625484,1.8370471168566085,ninco,126,L14|Tq0.05|TANL
openood,ninco_seed126,L14,Tq0.2,none,99.27259549054072,2.585473720020412,ninco,126,L14|Tq0.2|none
openood,ninco_seed126,L14,Tq0.2,TINS,99.35106764188922,2.007144072121109,ninco,126,L14|Tq0.2|TINS
openood,ninco_seed126,L14,Tq0.2,TANL,99.26544045661583,2.3473379826501106,ninco,126,L14|Tq0.2|TANL
openood,ninco_seed126,L14,Tnn,none,99.43310370244372,1.9901343765946589,ninco,126,L14|Tnn|none
openood,ninco_seed126,L14,Tnn,TINS,99.48659598193191,1.615921075012757,ninco,126,L14|Tnn|TINS
openood,ninco_seed126,L14,Tnn,TANL,99.42705524371114,1.9901343765946589,ninco,126,L14|Tnn|TANL
openood,ninco_seed126,L14,Tk20,none,99.45709568898718,1.4458241197482564,ninco,126,L14|Tk20|none
openood,ninco_seed126,L14,Tk20,TINS,99.45221447336094,1.2927368600102058,ninco,126,L14|Tk20|TINS
openood,ninco_seed126,L14,Tk20,TANL,99.39604978170892,1.6499404660656574,ninco,126,L14|Tk20|TANL
openood,ninco_seed126,L14,Tlp20,none,99.08140178790798,2.7045415887055624,ninco,126,L14|Tlp20|none
openood,ninco_seed126,L14,Tlp20,TINS,98.68144355616036,3.4869875829222656,ninco,126,L14|Tlp20|TINS
openood,ninco_seed126,L14,Tlp20,TANL,98.79703407609006,3.078754890287464,ninco,126,L14|Tlp20|TANL
openood,ninco_seed126,L14,SL,none,98.25301033811496,7.025004252423882,ninco,126,L14|SL|none
openood,ninco_seed126,L14,SL,TINS,98.19757252745175,7.331178771899983,ninco,126,L14|SL|TINS
openood,ninco_seed126,L14,SL,TANL,98.3152818884542,6.616771559789079,ninco,126,L14|SL|TANL
openood,ninco_seed126,L14,static,none,88.21025401145319,42.09899642796394,ninco,126,L14|static|none
openood,ninco_seed126,L14,static,TINS,89.94814159626543,39.70062935873448,ninco,126,L14|static|TINS
openood,ninco_seed126,L14,static,TANL,90.74514297594072,38.237795543459775,ninco,126,L14|static|TANL
openood,ninco_seed126,L14xD3L,T,none,99.57308007786662,1.326756251063106,ninco,126,L14xD3L|T|none
openood,ninco_seed126,L14xD3L,T,TINS,99.57529663019032,1.1566592957986053,ninco,126,L14xD3L|T|TINS
openood,ninco_seed126,L14xD3L,T,TANL,99.54809264614164,1.2246980779044054,ninco,126,L14xD3L|T|TANL
openood,ninco_seed126,L14xD3L,Tlp,none,99.25544933945685,2.3813573737030107,ninco,126,L14xD3L|Tlp|none
openood,ninco_seed126,L14xD3L,Tlp,TINS,98.88952807544744,2.26228950501786,ninco,126,L14xD3L|Tlp|TINS
openood,ninco_seed126,L14xD3L,Tlp,TANL,99.03689478558334,2.09219254975336,ninco,126,L14xD3L|Tlp|TANL
openood,ninco_seed126,L14xD3L,Tq0.05,none,99.61683014874032,1.0375914271134548,ninco,126,L14xD3L|Tq0.05|none
openood,ninco_seed126,L14xD3L,Tq0.05,TINS,99.61962162877283,0.9695526450076544,ninco,126,L14xD3L|Tq0.05|TINS
openood,ninco_seed126,L14xD3L,Tq0.05,TANL,99.5953196877776,1.0205817315870047,ninco,126,L14xD3L|Tq0.05|TANL
openood,ninco_seed126,L14xD3L,Tq0.2,none,99.51032034926573,1.8370471168566085,ninco,126,L14xD3L|Tq0.2|none
openood,ninco_seed126,L14xD3L,Tq0.2,TINS,99.53354689951053,1.3437659465895562,ninco,126,L14xD3L|Tq0.2|TINS
openood,ninco_seed126,L14xD3L,Tq0.2,TANL,99.49751998639223,1.581901683959857,ninco,126,L14xD3L|Tq0.2|TANL
openood,ninco_seed126,L14xD3L,Tnn,none,99.6235434975714,1.2927368600102058,ninco,126,L14xD3L|Tnn|none
openood,ninco_seed126,L14xD3L,Tnn,TINS,99.64642588497664,0.9185235584283042,ninco,126,L14xD3L|Tnn|TINS
openood,ninco_seed126,L14xD3L,Tnn,TANL,99.62178847498627,1.0716108181663548,ninco,126,L14xD3L|Tnn|TANL
openood,ninco_seed126,L14xD3L,Tk20,none,99.71704106896486,0.7314169076373533,ninco,126,L14xD3L|Tk20|none
openood,ninco_seed126,L14xD3L,Tk20,TINS,99.6631872389484,0.7484266031638034,ninco,126,L14xD3L|Tk20|TINS
openood,ninco_seed126,L14xD3L,Tk20,TANL,99.6455461057247,0.8674944718489539,ninco,126,L14xD3L|Tk20|TANL
openood,ninco_seed126,L14xD3L,Tlp20,none,99.44994594696752,1.7519986392243578,ninco,126,L14xD3L|Tlp20|none
openood,ninco_seed126,L14xD3L,Tlp20,TINS,99.00254465045076,1.8200374213301584,ninco,126,L14xD3L|Tlp20|TINS
openood,ninco_seed126,L14xD3L,Tlp20,TANL,99.1528247434371,1.615921075012757,ninco,126,L14xD3L|Tlp20|TANL
openood,ninco_seed126,D3B+D3L,T,none,99.69879817051276,0.9185235584283042,ninco,126,D3B+D3L|T|none
openood,ninco_seed126,D3B+D3L,T,TINS,99.69196197388068,0.7484266031638034,ninco,126,D3B+D3L|T|TINS
openood,ninco_seed126,D3B+D3L,T,TANL,99.68893972897884,0.7144072121109032,ninco,126,D3B+D3L|T|TANL
openood,ninco_seed126,D3B+D3L,Tlp,none,99.36006747179223,2.12621194080626,ninco,126,D3B+D3L|Tlp|none
openood,ninco_seed126,D3B+D3L,Tlp,TINS,99.33022471697754,2.041163463174009,ninco,126,D3B+D3L|Tlp|TINS
openood,ninco_seed126,D3B+D3L,Tlp,TANL,99.3692755759672,1.8200374213301584,ninco,126,D3B+D3L|Tlp|TANL
openood,ninco_seed126,D3B+D3L,Tq0.05,none,99.69821001304078,0.7824459942167036,ninco,126,D3B+D3L|Tq0.05|none
openood,ninco_seed126,D3B+D3L,Tq0.05,TINS,99.68953487932566,0.663378125531553,ninco,126,D3B+D3L|Tq0.05|TINS
openood,ninco_seed126,D3B+D3L,Tq0.05,TANL,99.68632458278998,0.6803878210580031,ninco,126,D3B+D3L|Tq0.05|TANL
openood,ninco_seed126,D3B+D3L,Tq0.2,none,99.67883842679215,1.0886205136928049,ninco,126,D3B+D3L|Tq0.2|none
openood,ninco_seed126,D3B+D3L,Tq0.2,TINS,99.68010697208518,0.8504847763225039,ninco,126,D3B+D3L|Tq0.2|TINS
openood,ninco_seed126,D3B+D3L,Tq0.2,TANL,99.6716357657198,0.9185235584283042,ninco,126,D3B+D3L|Tq0.2|TANL
openood,ninco_seed126,D3B+D3L,Tnn,none,99.74066829203758,0.7654362986902534,ninco,126,D3B+D3L|Tnn|none
openood,ninco_seed126,D3B+D3L,Tnn,TINS,99.7399073916577,0.6293587344786528,ninco,126,D3B+D3L|Tnn|TINS
openood,ninco_seed126,D3B+D3L,Tnn,TANL,99.73925459734272,0.6803878210580031,ninco,126,D3B+D3L|Tnn|TANL
openood,ninco_seed126,D3B+D3L,Tk20,none,99.66141615165088,0.9525429494812042,ninco,126,D3B+D3L|Tk20|none
openood,ninco_seed126,D3B+D3L,Tk20,TINS,99.64363289297124,0.8504847763225039,ninco,126,D3B+D3L|Tk20|TINS
openood,ninco_seed126,D3B+D3L,Tk20,TANL,99.63963637050898,0.7824459942167036,ninco,126,D3B+D3L|Tk20|TANL
openood,ninco_seed126,D3B+D3L,Tlp20,none,99.29654079491978,2.19425072291206,ninco,126,D3B+D3L|Tlp20|none
openood,ninco_seed126,D3B+D3L,Tlp20,TINS,99.21334013721152,1.9731246810682088,ninco,126,D3B+D3L|Tlp20|TINS
openood,ninco_seed126,D3B+D3L,Tlp20,TANL,99.27233826614504,1.581901683959857,ninco,126,D3B+D3L|Tlp20|TANL
openood,ninco_seed126,D3B+D3L,SL,none,98.8834278316418,4.643646878720871,ninco,126,D3B+D3L|SL|none
openood,ninco_seed126,D3B+D3L,SL,TINS,98.8202173461095,4.371491750297669,ninco,126,D3B+D3L|SL|TINS
openood,ninco_seed126,D3B+D3L,SL,TANL,98.94921698701592,4.116346317400919,ninco,126,D3B+D3L|SL|TANL
openood,ninco_seed126,D3B+D3L,static,none,88.01214227665325,52.49192039462493,ninco,126,D3B+D3L|static|none
openood,ninco_seed126,D3B+D3L,static,TINS,90.13330347186783,44.95662527640755,ninco,126,D3B+D3L|static|TINS
openood,ninco_seed126,D3B+D3L,static,TANL,90.51082591521612,46.13029426773261,ninco,126,D3B+D3L|static|TANL
openood,ninco_seed126,L14+D3B+D3L,T,none,99.7349218498989,0.8334750807960537,ninco,126,L14+D3B+D3L|T|none
openood,ninco_seed126,L14+D3B+D3L,T,TINS,99.74134225397364,0.663378125531553,ninco,126,L14+D3B+D3L|T|TINS
openood,ninco_seed126,L14+D3B+D3L,T,TANL,99.72927463098412,0.7824459942167036,ninco,126,L14+D3B+D3L|T|TANL
openood,ninco_seed126,L14+D3B+D3L,Tlp,none,99.47977641700214,1.6499404660656574,ninco,126,L14+D3B+D3L|Tlp|none
openood,ninco_seed126,L14+D3B+D3L,Tlp,TINS,99.504096312676,1.326756251063106,ninco,126,L14+D3B+D3L|Tlp|TINS
openood,ninco_seed126,L14+D3B+D3L,Tlp,TANL,99.49502768800438,1.2757271644837558,ninco,126,L14+D3B+D3L|Tlp|TANL
openood,ninco_seed126,L14+D3B+D3L,Tq0.05,none,99.73697000623687,0.7654362986902534,ninco,126,L14+D3B+D3L|Tq0.05|none
openood,ninco_seed126,L14+D3B+D3L,Tq0.05,TINS,99.74265011056302,0.6463684300051029,ninco,126,L14+D3B+D3L|Tq0.05|TINS
openood,ninco_seed126,L14+D3B+D3L,Tq0.05,TANL,99.73024834155468,0.7144072121109032,ninco,126,L14+D3B+D3L|Tq0.05|TANL
openood,ninco_seed126,L14+D3B+D3L,Tq0.2,none,99.704354860048,0.901513862901854,ninco,126,L14+D3B+D3L|Tq0.2|none
openood,ninco_seed126,L14+D3B+D3L,Tq0.2,TINS,99.71887622611555,0.7484266031638034,ninco,126,L14+D3B+D3L|Tq0.2|TINS
openood,ninco_seed126,L14+D3B+D3L,Tq0.2,TANL,99.70162461491938,0.8504847763225039,ninco,126,L14+D3B+D3L|Tq0.2|TANL
openood,ninco_seed126,L14+D3B+D3L,Tnn,none,99.76697038423012,0.6803878210580031,ninco,126,L14+D3B+D3L|Tnn|none
openood,ninco_seed126,L14+D3B+D3L,Tnn,TINS,99.77315945644574,0.5783296478993026,ninco,126,L14+D3B+D3L|Tnn|TINS
openood,ninco_seed126,L14+D3B+D3L,Tnn,TANL,99.7661110166128,0.6803878210580031,ninco,126,L14+D3B+D3L|Tnn|TANL
openood,ninco_seed126,L14+D3B+D3L,Tk20,none,99.72352818884542,0.5953393434257527,ninco,126,L14+D3B+D3L|Tk20|none
openood,ninco_seed126,L14+D3B+D3L,Tk20,TINS,99.72516036362948,0.5613199523728525,ninco,126,L14+D3B+D3L|Tk20|TINS
openood,ninco_seed126,L14+D3B+D3L,Tk20,TANL,99.71239780007936,0.5443102568464024,ninco,126,L14+D3B+D3L|Tk20|TANL
openood,ninco_seed126,L14+D3B+D3L,Tlp20,none,99.48540473625522,1.5138629018540568,ninco,126,L14+D3B+D3L|Tlp20|none
openood,ninco_seed126,L14+D3B+D3L,Tlp20,TINS,99.46553760087694,1.3437659465895562,ninco,126,L14+D3B+D3L|Tlp20|TINS
openood,ninco_seed126,L14+D3B+D3L,Tlp20,TANL,99.469752792425,1.0886205136928049,ninco,126,L14+D3B+D3L|Tlp20|TANL
openood,ninco_seed126,L14+D3B+D3L,SL,none,99.01419742586609,3.8782105800306175,ninco,126,L14+D3B+D3L|SL|none
openood,ninco_seed126,L14+D3B+D3L,SL,TINS,98.99414261684714,3.8782105800306175,ninco,126,L14+D3B+D3L|SL|TINS
openood,ninco_seed126,L14+D3B+D3L,SL,TANL,99.0567394303642,3.793162102398367,ninco,126,L14+D3B+D3L|SL|TANL
openood,ninco_seed126,L14+D3B+D3L,static,none,89.22185405681238,43.953053240347,ninco,126,L14+D3B+D3L|static|none
openood,ninco_seed126,L14+D3B+D3L,static,TINS,90.81301922095597,40.07484266031638,ninco,126,L14+D3B+D3L|static|TINS
openood,ninco_seed126,L14+D3B+D3L,static,TANL,90.96693730982214,41.52066678006464,ninco,126,L14+D3B+D3L|static|TANL
openood,ninco_seed126,B14+L14+D3L,T,none,99.68799663586022,1.0375914271134548,ninco,126,B14+L14+D3L|T|none
openood,ninco_seed126,B14+L14+D3L,T,TINS,99.70075938840694,0.9525429494812042,ninco,126,B14+L14+D3L|T|TINS
openood,ninco_seed126,B14+L14+D3L,T,TANL,99.68067320594962,0.9865623405341044,ninco,126,B14+L14+D3L|T|TANL
openood,ninco_seed126,B14+L14+D3L,Tlp,none,99.4211162140198,1.9220955944888585,ninco,126,B14+L14+D3L|Tlp|none
openood,ninco_seed126,B14+L14+D3L,Tlp,TINS,99.45678819149136,1.5648919884334072,ninco,126,B14+L14+D3L|Tlp|TINS
openood,ninco_seed126,B14+L14+D3L,Tlp,TANL,99.426282625541,1.6839598571185574,ninco,126,B14+L14+D3L|Tlp|TANL
openood,ninco_seed126,B14+L14+D3L,Tq0.05,none,99.6923756874752,0.9695526450076544,ninco,126,B14+L14+D3L|Tq0.05|none
openood,ninco_seed126,B14+L14+D3L,Tq0.05,TINS,99.70412806410764,0.8164653852696037,ninco,126,B14+L14+D3L|Tq0.05|TINS
openood,ninco_seed126,B14+L14+D3L,Tq0.05,TANL,99.68433633837954,0.9185235584283042,ninco,126,B14+L14+D3L|Tq0.05|TANL
openood,ninco_seed126,B14+L14+D3L,Tq0.2,none,99.64164200260814,1.2246980779044054,ninco,126,B14+L14+D3L|Tq0.2|none
openood,ninco_seed126,B14+L14+D3L,Tq0.2,TINS,99.66378976016333,1.105630209219255,ninco,126,B14+L14+D3L|Tq0.2|TINS
openood,ninco_seed126,B14+L14+D3L,Tq0.2,TANL,99.63878909867512,1.2076883823779556,ninco,126,B14+L14+D3L|Tq0.2|TANL
openood,ninco_seed126,B14+L14+D3L,Tnn,none,99.72317306420216,0.9185235584283042,ninco,126,B14+L14+D3L|Tnn|none
openood,ninco_seed126,B14+L14+D3L,Tnn,TINS,99.73370868061464,0.8334750807960537,ninco,126,B14+L14+D3L|Tnn|TINS
openood,ninco_seed126,B14+L14+D3L,Tnn,TANL,99.72094611706449,0.901513862901854,ninco,126,B14+L14+D3L|Tnn|TANL
openood,ninco_seed126,B14+L14+D3L,Tk20,none,99.7024514751186,0.9185235584283042,ninco,126,B14+L14+D3L|Tk20|none
openood,ninco_seed126,B14+L14+D3L,Tk20,TINS,99.71188599724066,0.7484266031638034,ninco,126,B14+L14+D3L|Tk20|TINS
openood,ninco_seed126,B14+L14+D3L,Tk20,TANL,99.69070174443878,0.884504167375404,ninco,126,B14+L14+D3L|Tk20|TANL
openood,ninco_seed126,B14+L14+D3L,Tlp20,none,99.475359944057,1.7179792481714578,ninco,126,B14+L14+D3L|Tlp20|none
openood,ninco_seed126,B14+L14+D3L,Tlp20,TINS,99.46976999111716,1.462833815274707,ninco,126,B14+L14+D3L|Tlp20|TINS
openood,ninco_seed126,B14+L14+D3L,Tlp20,TANL,99.44954281718356,1.462833815274707,ninco,126,B14+L14+D3L|Tlp20|TANL
openood,ninco_seed126,B14+L14+D3L,SL,none,99.0387809718206,3.9462493621364176,ninco,126,B14+L14+D3L|SL|none
openood,ninco_seed126,B14+L14+D3L,SL,TINS,99.03277314736066,3.793162102398367,ninco,126,B14+L14+D3L|SL|TINS
openood,ninco_seed126,B14+L14+D3L,SL,TANL,99.07185840373457,3.8782105800306175,ninco,126,B14+L14+D3L|SL|TANL
openood,ninco_seed126,B14+L14+D3L,static,none,90.07970913420652,41.97992855927879,ninco,126,B14+L14+D3L|static|none
openood,ninco_seed126,B14+L14+D3L,static,TINS,91.35616752660128,37.93162102398367,ninco,126,B14+L14+D3L|static|TINS
openood,ninco_seed126,B14+L14+D3L,static,TANL,91.49844417984916,39.49651301241708,ninco,126,B14+L14+D3L|static|TANL
openood,ninco_seed126,B14+L14+D3B+D3L,T,none,99.7184935079662,0.8674944718489539,ninco,126,B14+L14+D3B+D3L|T|none
openood,ninco_seed126,B14+L14+D3B+D3L,T,TINS,99.72620060100924,0.7654362986902534,ninco,126,B14+L14+D3B+D3L|T|TINS
openood,ninco_seed126,B14+L14+D3B+D3L,T,TANL,99.71490124926764,0.8674944718489539,ninco,126,B14+L14+D3B+D3L|T|TANL
openood,ninco_seed126,B14+L14+D3B+D3L,Tlp,none,99.46973294778024,1.8540568123830583,ninco,126,B14+L14+D3B+D3L|Tlp|none
openood,ninco_seed126,B14+L14+D3B+D3L,Tlp,TINS,99.50464213490578,1.4798435108011567,ninco,126,B14+L14+D3B+D3L|Tlp|TINS
openood,ninco_seed126,B14+L14+D3B+D3L,Tlp,TANL,99.48481582279678,1.4798435108011567,ninco,126,B14+L14+D3B+D3L|Tlp|TANL
openood,ninco_seed126,B14+L14+D3B+D3L,Tq0.05,none,99.71670333201035,0.7994556897431535,ninco,126,B14+L14+D3B+D3L|Tq0.05|none
openood,ninco_seed126,B14+L14+D3B+D3L,Tq0.05,TINS,99.72409933662188,0.6803878210580031,ninco,126,B14+L14+D3B+D3L|Tq0.05|TINS
openood,ninco_seed126,B14+L14+D3B+D3L,Tq0.05,TANL,99.71233486420591,0.7824459942167036,ninco,126,B14+L14+D3B+D3L|Tq0.05|TANL
openood,ninco_seed126,B14+L14+D3B+D3L,Tq0.2,none,99.68830129840676,1.0716108181663548,ninco,126,B14+L14+D3B+D3L|Tq0.2|none
openood,ninco_seed126,B14+L14+D3B+D3L,Tq0.2,TINS,99.7013706034662,0.9355332539547542,ninco,126,B14+L14+D3B+D3L|Tq0.2|TINS
openood,ninco_seed126,B14+L14+D3B+D3L,Tq0.2,TANL,99.68654873277768,1.0886205136928049,ninco,126,B14+L14+D3B+D3L|Tq0.2|TANL
openood,ninco_seed126,B14+L14+D3B+D3L,Tnn,none,99.75559789079776,0.7654362986902534,ninco,126,B14+L14+D3B+D3L|Tnn|none
openood,ninco_seed126,B14+L14+D3B+D3L,Tnn,TINS,99.7606195309104,0.6463684300051029,ninco,126,B14+L14+D3B+D3L|Tnn|TINS
openood,ninco_seed126,B14+L14+D3B+D3L,Tnn,TANL,99.754216703521,0.7484266031638034,ninco,126,B14+L14+D3B+D3L|Tnn|TANL
openood,ninco_seed126,B14+L14+D3B+D3L,Tk20,none,99.70034019391052,0.663378125531553,ninco,126,B14+L14+D3B+D3L|Tk20|none
openood,ninco_seed126,B14+L14+D3B+D3L,Tk20,TINS,99.70524843605298,0.5953393434257527,ninco,126,B14+L14+D3B+D3L|Tk20|TINS
openood,ninco_seed126,B14+L14+D3B+D3L,Tk20,TANL,99.69305683128272,0.6803878210580031,ninco,126,B14+L14+D3B+D3L|Tk20|TANL
openood,ninco_seed126,B14+L14+D3B+D3L,Tlp20,none,99.46408081495342,1.7009695526450077,ninco,126,B14+L14+D3B+D3L|Tlp20|none
openood,ninco_seed126,B14+L14+D3B+D3L,Tlp20,TINS,99.46542533688648,1.5138629018540568,ninco,126,B14+L14+D3B+D3L|Tlp20|TINS
openood,ninco_seed126,B14+L14+D3B+D3L,Tlp20,TANL,99.45855682183289,1.462833815274707,ninco,126,B14+L14+D3B+D3L|Tlp20|TANL
openood,ninco_seed126,B14+L14+D3B+D3L,SL,none,99.01660864470526,4.167375403980269,ninco,126,B14+L14+D3B+D3L|SL|none
openood,ninco_seed126,B14+L14+D3B+D3L,SL,TINS,99.00678573453536,4.116346317400919,ninco,126,B14+L14+D3B+D3L|SL|TINS
openood,ninco_seed126,B14+L14+D3B+D3L,SL,TANL,99.0509652057228,4.031297839768668,ninco,126,B14+L14+D3B+D3L|SL|TANL
openood,ninco_seed126,B14+L14+D3B+D3L,static,none,89.49064315548752,43.7149175029767,ninco,126,B14+L14+D3B+D3L|static|none
openood,ninco_seed126,B14+L14+D3B+D3L,static,TINS,90.82602332218254,40.12587174689573,ninco,126,B14+L14+D3B+D3L|static|TINS
openood,ninco_seed126,B14+L14+D3B+D3L,static,TANL,90.86018842962712,41.63973464874979,ninco,126,B14+L14+D3B+D3L|static|TANL
openood,ninco_seed126,B14+L14,T,none,99.5085426470866,1.5648919884334072,ninco,126,B14+L14|T|none
openood,ninco_seed126,B14+L14,T,TINS,99.54253671259283,1.4288144242218064,ninco,126,B14+L14|T|TINS
openood,ninco_seed126,B14+L14,T,TANL,99.49778949556804,1.5648919884334072,ninco,126,B14+L14|T|TANL
openood,ninco_seed126,B14+L14,Tlp,none,99.12649335676892,2.7215512842320124,ninco,126,B14+L14|Tlp|none
openood,ninco_seed126,B14+L14,Tlp,TINS,99.14485456710324,2.483415546861711,ninco,126,B14+L14|Tlp|TINS
openood,ninco_seed126,B14+L14,Tlp,TANL,99.11051879571356,2.551454328967512,ninco,126,B14+L14|Tlp|TANL
openood,ninco_seed126,B14+L14,Tq0.05,none,99.50222486817484,1.5308725973805068,ninco,126,B14+L14|Tq0.05|none
openood,ninco_seed126,B14+L14,Tq0.05,TINS,99.53542703785602,1.3947950331689063,ninco,126,B14+L14|Tq0.05|TINS
openood,ninco_seed126,B14+L14,Tq0.05,TANL,99.48926612613631,1.462833815274707,ninco,126,B14+L14|Tq0.05|TANL
openood,ninco_seed126,B14+L14,Tq0.2,none,99.45864735121242,1.8200374213301584,ninco,126,B14+L14|Tq0.2|none
openood,ninco_seed126,B14+L14,Tq0.2,TINS,99.50340723101056,1.598911379486307,ninco,126,B14+L14|Tq0.2|TINS
openood,ninco_seed126,B14+L14,Tq0.2,TANL,99.45427718243845,1.803027725803708,ninco,126,B14+L14|Tq0.2|TANL
openood,ninco_seed126,B14+L14,Tnn,none,99.5840592693391,1.5308725973805068,ninco,126,B14+L14|Tnn|none
openood,ninco_seed126,B14+L14,Tnn,TINS,99.60560110374024,1.3607756421160062,ninco,126,B14+L14|Tnn|TINS
openood,ninco_seed126,B14+L14,Tnn,TANL,99.5783241669974,1.462833815274707,ninco,126,B14+L14|Tnn|TANL
openood,ninco_seed126,B14+L14,Tk20,none,99.52233146226682,1.4968532063276068,ninco,126,B14+L14|Tk20|none
openood,ninco_seed126,B14+L14,Tk20,TINS,99.54024342764264,1.2587174689573055,ninco,126,B14+L14|Tk20|TINS
openood,ninco_seed126,B14+L14,Tk20,TANL,99.4984086484852,1.4458241197482564,ninco,126,B14+L14|Tk20|TANL
openood,ninco_seed126,B14+L14,Tlp20,none,99.17142030957643,2.653512502126212,ninco,126,B14+L14|Tlp20|none
openood,ninco_seed126,B14+L14,Tlp20,TINS,99.1238033679197,2.483415546861711,ninco,126,B14+L14|Tlp20|TINS
openood,ninco_seed126,B14+L14,Tlp20,TANL,99.10135151480787,2.534444633441061,ninco,126,B14+L14|Tlp20|TANL
openood,ninco_seed126,B14+L14,SL,none,98.58402335998188,5.953393434257527,ninco,126,B14+L14|SL|none
openood,ninco_seed126,B14+L14,SL,TINS,98.58074615864376,5.800306174519476,ninco,126,B14+L14|SL|TINS
openood,ninco_seed126,B14+L14,SL,TANL,98.64051652775412,5.681238305834325,ninco,126,B14+L14|SL|TANL
openood,ninco_seed126,B14+L14,static,none,89.24051539377444,42.30311277428135,ninco,126,B14+L14|static|none
openood,ninco_seed126,B14+L14,static,TINS,90.6587787038612,38.57798945398878,ninco,126,B14+L14|static|TINS
openood,ninco_seed126,B14+L14,static,TANL,91.00939880176144,39.34342575267903,ninco,126,B14+L14|static|TANL
openood,ninco_seed127,L14xD3L+D3L,T,none,99.67975524938105,1.0886205136928049,ninco,127,L14xD3L+D3L|T|none
openood,ninco_seed127,L14xD3L+D3L,T,TINS,99.70507304719246,0.7994556897431535,ninco,127,L14xD3L+D3L|T|TINS
openood,ninco_seed127,L14xD3L+D3L,T,TANL,99.67563474513804,0.9355332539547542,ninco,127,L14xD3L+D3L|T|TANL
openood,ninco_seed127,L14xD3L+D3L,Tlp,none,99.37558900795678,1.9561149855417588,ninco,127,L14xD3L+D3L|Tlp|none
openood,ninco_seed127,L14xD3L+D3L,Tlp,TINS,99.384272457523,1.4458241197482564,ninco,127,L14xD3L+D3L|Tlp|TINS
openood,ninco_seed127,L14xD3L+D3L,Tlp,TANL,99.3798151613086,1.6499404660656574,ninco,127,L14xD3L+D3L|Tlp|TANL
openood,ninco_seed127,L14xD3L+D3L,Tq0.05,none,99.7089703464308,0.884504167375404,ninco,127,L14xD3L+D3L|Tq0.05|none
openood,ninco_seed127,L14xD3L+D3L,Tq0.05,TINS,99.72777002891648,0.663378125531553,ninco,127,L14xD3L+D3L|Tq0.05|TINS
openood,ninco_seed127,L14xD3L+D3L,Tq0.05,TANL,99.70286140878078,0.7824459942167036,ninco,127,L14xD3L+D3L|Tq0.05|TANL
openood,ninco_seed127,L14xD3L+D3L,Tq0.2,none,99.62355181342252,1.3607756421160062,ninco,127,L14xD3L+D3L|Tq0.2|none
openood,ninco_seed127,L14xD3L+D3L,Tq0.2,TINS,99.66680123225797,0.9865623405341044,ninco,127,L14xD3L+D3L|Tq0.2|TINS
openood,ninco_seed127,L14xD3L+D3L,Tq0.2,TANL,99.62773487554574,1.2076883823779556,ninco,127,L14xD3L+D3L|Tq0.2|TANL
openood,ninco_seed127,L14xD3L+D3L,Tnn,none,99.6916962446372,0.9695526450076544,ninco,127,L14xD3L+D3L|Tnn|none
openood,ninco_seed127,L14xD3L+D3L,Tnn,TINS,99.71422086144658,0.7994556897431535,ninco,127,L14xD3L+D3L|Tnn|TINS
openood,ninco_seed127,L14xD3L+D3L,Tnn,TANL,99.69785753435012,0.8504847763225039,ninco,127,L14xD3L+D3L|Tnn|TANL
openood,ninco_seed127,L14xD3L+D3L,Tk20,none,99.75530286707868,0.5613199523728525,ninco,127,L14xD3L+D3L|Tk20|none
openood,ninco_seed127,L14xD3L+D3L,Tk20,TINS,99.7544941505547,0.4932811702670522,ninco,127,L14xD3L+D3L|Tk20|TINS
openood,ninco_seed127,L14xD3L+D3L,Tk20,TANL,99.73400446032016,0.5443102568464024,ninco,127,L14xD3L+D3L|Tk20|TANL
openood,ninco_seed127,L14xD3L+D3L,Tlp20,none,99.50081627638866,1.598911379486307,ninco,127,L14xD3L+D3L|Tlp20|none
openood,ninco_seed127,L14xD3L+D3L,Tlp20,TINS,99.442010168018,1.4118047286953563,ninco,127,L14xD3L+D3L|Tlp20|TINS
openood,ninco_seed127,L14xD3L+D3L,Tlp20,TANL,99.45133639507851,1.326756251063106,ninco,127,L14xD3L+D3L|Tlp20|TANL
openood,ninco_seed127,L14+D3L,T,none,99.70070250042524,1.0716108181663548,ninco,127,L14+D3L|T|none
openood,ninco_seed127,L14+D3L,T,TINS,99.7134021281019,0.8334750807960537,ninco,127,L14+D3L|T|TINS
openood,ninco_seed127,L14+D3L,T,TANL,99.68600669048024,0.9865623405341044,ninco,127,L14+D3L|T|TANL
openood,ninco_seed127,L14+D3L,Tlp,none,99.42775982309917,1.9731246810682088,ninco,127,L14+D3L|Tlp|none
openood,ninco_seed127,L14+D3L,Tlp,TINS,99.41218725784807,1.581901683959857,ninco,127,L14+D3L|Tlp|TINS
openood,ninco_seed127,L14+D3L,Tlp,TANL,99.40686341214492,1.786018030277258,ninco,127,L14+D3L|Tlp|TANL
openood,ninco_seed127,L14+D3L,Tq0.05,none,99.71487800268376,0.9695526450076544,ninco,127,L14+D3L|Tq0.05|none
openood,ninco_seed127,L14+D3L,Tq0.05,TINS,99.7232874071554,0.7654362986902534,ninco,127,L14+D3L|Tq0.05|TINS
openood,ninco_seed127,L14+D3L,Tq0.05,TANL,99.69772504772163,0.884504167375404,ninco,127,L14+D3L|Tq0.05|TANL
openood,ninco_seed127,L14+D3L,Tq0.2,none,99.64634745138062,1.1566592957986053,ninco,127,L14+D3L|Tq0.2|none
openood,ninco_seed127,L14+D3L,Tq0.2,TINS,99.6742809623708,1.0035720360605545,ninco,127,L14+D3L|Tq0.2|TINS
openood,ninco_seed127,L14+D3L,Tq0.2,TANL,99.63846610345676,1.2076883823779556,ninco,127,L14+D3L|Tq0.2|TANL
openood,ninco_seed127,L14+D3L,Tnn,none,99.72251100905292,0.9865623405341044,ninco,127,L14+D3L|Tnn|none
openood,ninco_seed127,L14+D3L,Tnn,TINS,99.73689176163748,0.7654362986902534,ninco,127,L14+D3L|Tnn|TINS
openood,ninco_seed127,L14+D3L,Tnn,TANL,99.71861919071648,0.9185235584283042,ninco,127,L14+D3L|Tnn|TANL
openood,ninco_seed127,L14+D3L,Tk20,none,99.736215531742,0.6973975165844531,ninco,127,L14+D3L|Tk20|none
openood,ninco_seed127,L14+D3L,Tk20,TINS,99.73811759369508,0.5783296478993026,ninco,127,L14+D3L|Tk20|TINS
openood,ninco_seed127,L14+D3L,Tk20,TANL,99.7133529889815,0.7144072121109032,ninco,127,L14+D3L|Tk20|TANL
openood,ninco_seed127,L14+D3L,Tlp20,none,99.51750222071028,1.6499404660656574,ninco,127,L14+D3L|Tlp20|none
openood,ninco_seed127,L14+D3L,Tlp20,TINS,99.44525297197175,1.4458241197482564,ninco,127,L14+D3L|Tlp20|TINS
openood,ninco_seed127,L14+D3L,Tlp20,TANL,99.44596284326512,1.547882292906957,ninco,127,L14+D3L|Tlp20|TANL
openood,ninco_seed127,L14+D3L,SL,none,99.06092967435882,3.929239666609968,ninco,127,L14+D3L|SL|none
openood,ninco_seed127,L14+D3L,SL,TINS,99.03647899302604,4.014288144242218,ninco,127,L14+D3L|SL|TINS
openood,ninco_seed127,L14+D3L,SL,TANL,99.08916066602409,3.6570845381867674,ninco,127,L14+D3L|SL|TANL
openood,ninco_seed127,L14+D3L,static,none,89.89271871633497,40.823269263480185,ninco,127,L14+D3L|static|none
openood,ninco_seed127,L14+D3L,static,TINS,91.21539150649204,38.05068889266882,ninco,127,L14+D3L|static|TINS
openood,ninco_seed127,L14+D3L,static,TANL,91.92935419855984,37.57441741792822,ninco,127,L14+D3L|static|TANL
openood,ninco_seed127,D3L,T,none,99.65651754833588,1.105630209219255,ninco,127,D3L|T|none
openood,ninco_seed127,D3L,T,TINS,99.61862750656762,0.9185235584283042,ninco,127,D3L|T|TINS
openood,ninco_seed127,D3L,T,TANL,99.6170057265975,1.0375914271134548,ninco,127,D3L|T|TANL
openood,ninco_seed127,D3L,Tlp,none,99.2897837878702,2.24527980949141,ninco,127,D3L|Tlp|none
openood,ninco_seed127,D3L,Tlp,TINS,98.97065373929806,2.24527980949141,ninco,127,D3L|Tlp|TINS
openood,ninco_seed127,D3L,Tlp,TANL,99.13371435051312,2.1092022452798096,ninco,127,D3L|Tlp|TANL
openood,ninco_seed127,D3L,Tq0.05,none,99.6791173857988,0.9865623405341044,ninco,127,D3L|Tq0.05|none
openood,ninco_seed127,D3L,Tq0.05,TINS,99.63187692540303,0.884504167375404,ninco,127,D3L|Tq0.05|TINS
openood,ninco_seed127,D3L,Tq0.05,TANL,99.6332403469978,0.884504167375404,ninco,127,D3L|Tq0.05|TANL
openood,ninco_seed127,D3L,Tq0.2,none,99.599761675266,1.598911379486307,ninco,127,D3L|Tq0.2|none
openood,ninco_seed127,D3L,Tq0.2,TINS,99.58041352459792,1.105630209219255,ninco,127,D3L|Tq0.2|TINS
openood,ninco_seed127,D3L,Tq0.2,TANL,99.56951994859293,1.309746555536656,ninco,127,D3L|Tq0.2|TANL
openood,ninco_seed127,D3L,Tnn,none,99.6761367201527,1.0716108181663548,ninco,127,D3L|Tnn|none
openood,ninco_seed127,D3L,Tnn,TINS,99.67301959894918,0.8334750807960537,ninco,127,D3L|Tnn|TINS
openood,ninco_seed127,D3L,Tnn,TANL,99.66950180491769,0.9695526450076544,ninco,127,D3L|Tnn|TANL
openood,ninco_seed127,D3L,Tk20,none,99.70257451191624,0.6293587344786528,ninco,127,D3L|Tk20|none
openood,ninco_seed127,D3L,Tk20,TINS,99.64171911322786,0.7314169076373533,ninco,127,D3L|Tk20|TINS
openood,ninco_seed127,D3L,Tk20,TANL,99.637760390089,0.7314169076373533,ninco,127,D3L|Tk20|TANL
openood,ninco_seed127,D3L,Tlp20,none,99.38439700629358,2.024153767647559,ninco,127,D3L|Tlp20|none
openood,ninco_seed127,D3L,Tlp20,TINS,99.00057908563436,2.09219254975336,ninco,127,D3L|Tlp20|TINS
openood,ninco_seed127,D3L,Tlp20,TANL,99.1670293511746,1.8880762034359584,ninco,127,D3L|Tlp20|TANL
openood,ninco_seed127,D3L,SL,none,98.9624539320746,4.184385099506719,ninco,127,D3L|SL|none
openood,ninco_seed127,D3L,SL,TINS,98.79087335336698,4.43953053240347,ninco,127,D3L|SL|TINS
openood,ninco_seed127,D3L,SL,TANL,98.98345353518172,3.9802687531893177,ninco,127,D3L|SL|TANL
openood,ninco_seed127,D3L,static,none,89.30396231407458,45.994216703521005,ninco,127,D3L|static|none
openood,ninco_seed127,D3L,static,TINS,90.62663378125532,44.61643136587855,ninco,127,D3L|static|TINS
openood,ninco_seed127,D3L,static,TANL,91.97114267354614,39.30940636162613,ninco,127,D3L|static|TANL
openood,ninco_seed127,L14,T,none,99.34829676248796,1.9901343765946589,ninco,127,L14|T|none
openood,ninco_seed127,L14,T,TINS,99.36205325924666,1.8710665079095083,ninco,127,L14|T|TINS
openood,ninco_seed127,L14,T,TANL,99.3237530948196,2.024153767647559,ninco,127,L14|T|TANL
openood,ninco_seed127,L14,Tlp,none,98.9118899661696,3.333900323184215,ninco,127,L14|Tlp|none
openood,ninco_seed127,L14,Tlp,TINS,98.56661185764776,3.538016669501616,ninco,127,L14|Tlp|TINS
openood,ninco_seed127,L14,Tlp,TANL,98.73556103645744,3.3168906276577648,ninco,127,L14|Tlp|TANL
openood,ninco_seed127,L14,Tq0.05,none,99.34490729715938,1.803027725803708,ninco,127,L14|Tq0.05|none
openood,ninco_seed127,L14,Tq0.05,TINS,99.3560730282928,1.581901683959857,ninco,127,L14|Tq0.05|TINS
openood,ninco_seed127,L14,Tq0.05,TANL,99.32162782786187,1.803027725803708,ninco,127,L14|Tq0.05|TANL
openood,ninco_seed127,L14,Tq0.2,none,99.27259700251363,2.585473720020412,ninco,127,L14|Tq0.2|none
openood,ninco_seed127,L14,Tq0.2,TINS,99.31381678667952,2.09219254975336,ninco,127,L14|Tq0.2|TINS
openood,ninco_seed127,L14,Tq0.2,TANL,99.2647793464497,2.4323864602823613,ninco,127,L14|Tq0.2|TANL
openood,ninco_seed127,L14,Tnn,none,99.4331046474268,1.9901343765946589,ninco,127,L14|Tnn|none
openood,ninco_seed127,L14,Tnn,TINS,99.46255447827482,1.769008334750808,ninco,127,L14|Tnn|TINS
openood,ninco_seed127,L14,Tnn,TANL,99.42684526846968,1.9901343765946589,ninco,127,L14|Tnn|TANL
openood,ninco_seed127,L14,Tk20,none,99.45708548316983,1.4458241197482564,ninco,127,L14|Tk20|none
openood,ninco_seed127,L14,Tk20,TINS,99.42547447600688,1.4118047286953563,ninco,127,L14|Tk20|TINS
openood,ninco_seed127,L14,Tk20,TANL,99.3962848935004,1.581901683959857,ninco,127,L14|Tk20|TANL
openood,ninco_seed127,L14,Tlp20,none,99.08138893613804,2.7045415887055624,ninco,127,L14|Tlp20|none
openood,ninco_seed127,L14,Tlp20,TINS,98.62982971404811,3.844191188977717,ninco,127,L14|Tlp20|TINS
openood,ninco_seed127,L14,Tlp20,TANL,98.80178696301336,3.1297839768668143,ninco,127,L14|Tlp20|TANL
openood,ninco_seed127,L14,SL,none,98.40070476838466,6.8549072971593805,ninco,127,L14|SL|none
openood,ninco_seed127,L14,SL,TINS,98.29499725954904,7.195101207688383,ninco,127,L14|SL|TINS
openood,ninco_seed127,L14,SL,TANL,98.44681124907866,6.3446164313658775,ninco,127,L14|SL|TANL
openood,ninco_seed127,L14,static,none,88.21025401145319,42.09899642796394,ninco,127,L14|static|none
openood,ninco_seed127,L14,static,TINS,89.81528302243392,40.29596870216023,ninco,127,L14|static|TINS
openood,ninco_seed127,L14,static,TANL,91.09010848405812,37.030107161081816,ninco,127,L14|static|TANL
openood,ninco_seed127,L14xD3L,T,none,99.57307856589368,1.326756251063106,ninco,127,L14xD3L|T|none
openood,ninco_seed127,L14xD3L,T,TINS,99.5641428058438,1.122639904745705,ninco,127,L14xD3L|T|TINS
openood,ninco_seed127,L14xD3L,T,TANL,99.54181701347544,1.2757271644837558,ninco,127,L14xD3L|T|TANL
openood,ninco_seed127,L14xD3L,Tlp,none,99.25544858347035,2.3813573737030107,ninco,127,L14xD3L|Tlp|none
openood,ninco_seed127,L14xD3L,Tlp,TINS,98.86337623556538,2.3813573737030107,ninco,127,L14xD3L|Tlp|TINS
openood,ninco_seed127,L14xD3L,Tlp,TANL,99.04523445030334,2.1092022452798096,ninco,127,L14xD3L|Tlp|TANL
openood,ninco_seed127,L14xD3L,Tq0.05,none,99.6168286367674,1.0375914271134548,ninco,127,L14xD3L|Tq0.05|none
openood,ninco_seed127,L14xD3L,Tq0.05,TINS,99.61078603692997,0.9355332539547542,ninco,127,L14xD3L|Tq0.05|TINS
openood,ninco_seed127,L14xD3L,Tq0.05,TANL,99.58942393831153,1.0546011226399048,ninco,127,L14xD3L|Tq0.05|TANL
openood,ninco_seed127,L14xD3L,Tq0.2,none,99.51031921528605,1.8370471168566085,ninco,127,L14xD3L|Tq0.2|none
openood,ninco_seed127,L14xD3L,Tq0.2,TINS,99.52374062104288,1.326756251063106,ninco,127,L14xD3L|Tq0.2|TINS
openood,ninco_seed127,L14xD3L,Tq0.2,TANL,99.49051879571356,1.632930770539207,ninco,127,L14xD3L|Tq0.2|TANL
openood,ninco_seed127,L14xD3L,Tnn,none,99.62354160760523,1.2927368600102058,ninco,127,L14xD3L|Tnn|none
openood,ninco_seed127,L14xD3L,Tnn,TINS,99.63591842906013,0.9525429494812042,ninco,127,L14xD3L|Tnn|TINS
openood,ninco_seed127,L14xD3L,Tnn,TANL,99.61799909281623,1.105630209219255,ninco,127,L14xD3L|Tnn|TANL
openood,ninco_seed127,L14xD3L,Tk20,none,99.71704106896487,0.7314169076373533,ninco,127,L14xD3L|Tk20|none
openood,ninco_seed127,L14xD3L,Tk20,TINS,99.65238003439735,0.8334750807960537,ninco,127,L14xD3L|Tk20|TINS
openood,ninco_seed127,L14xD3L,Tk20,TANL,99.64401428814423,0.884504167375404,ninco,127,L14xD3L|Tk20|TANL
openood,ninco_seed127,L14xD3L,Tlp20,none,99.44994613596415,1.7519986392243578,ninco,127,L14xD3L|Tlp20|none
openood,ninco_seed127,L14xD3L,Tlp20,TINS,98.96976507720512,2.19425072291206,ninco,127,L14xD3L|Tlp20|TINS
openood,ninco_seed127,L14xD3L,Tlp20,TANL,99.1527812742152,1.7009695526450077,ninco,127,L14xD3L|Tlp20|TANL
openood,ninco_seed127,D3B+D3L,T,none,99.69879325660072,0.9185235584283042,ninco,127,D3B+D3L|T|none
openood,ninco_seed127,D3B+D3L,T,TINS,99.69112509686076,0.6803878210580031,ninco,127,D3B+D3L|T|TINS
openood,ninco_seed127,D3B+D3L,T,TANL,99.68675001417476,0.7994556897431535,ninco,127,D3B+D3L|T|TANL
openood,ninco_seed127,D3B+D3L,Tlp,none,99.36001039481393,2.1432216363327097,ninco,127,D3B+D3L|Tlp|none
openood,ninco_seed127,D3B+D3L,Tlp,TINS,99.3124926763811,2.0581731587004595,ninco,127,D3B+D3L|Tlp|TINS
openood,ninco_seed127,D3B+D3L,Tlp,TANL,99.364149609722,1.8710665079095083,ninco,127,D3B+D3L|Tlp|TANL
openood,ninco_seed127,D3B+D3L,Tq0.05,none,99.69823779554343,0.7824459942167036,ninco,127,D3B+D3L|Tq0.05|none
openood,ninco_seed127,D3B+D3L,Tq0.05,TINS,99.68671693976675,0.6293587344786528,ninco,127,D3B+D3L|Tq0.05|TINS
openood,ninco_seed127,D3B+D3L,Tq0.05,TANL,99.68505471452062,0.6803878210580031,ninco,127,D3B+D3L|Tq0.05|TANL
openood,ninco_seed127,D3B+D3L,Tq0.2,none,99.67889720474004,1.0886205136928049,ninco,127,D3B+D3L|Tq0.2|none
openood,ninco_seed127,D3B+D3L,Tq0.2,TINS,99.6793604354482,0.8504847763225039,ninco,127,D3B+D3L|Tq0.2|TINS
openood,ninco_seed127,D3B+D3L,Tq0.2,TANL,99.66907901948557,0.9865623405341044,ninco,127,D3B+D3L|Tq0.2|TANL
openood,ninco_seed127,D3B+D3L,Tnn,none,99.74066678006464,0.7654362986902534,ninco,127,D3B+D3L|Tnn|none
openood,ninco_seed127,D3B+D3L,Tnn,TINS,99.73786320424864,0.6463684300051029,ninco,127,D3B+D3L|Tnn|TINS
openood,ninco_seed127,D3B+D3L,Tnn,TANL,99.73754153200656,0.7314169076373533,ninco,127,D3B+D3L|Tnn|TANL
openood,ninco_seed127,D3B+D3L,Tk20,none,99.66141615165088,0.9525429494812042,ninco,127,D3B+D3L|Tk20|none
openood,ninco_seed127,D3B+D3L,Tk20,TINS,99.63960726502997,0.8164653852696037,ninco,127,D3B+D3L|Tk20|TINS
openood,ninco_seed127,D3B+D3L,Tk20,TANL,99.63988716901969,0.7824459942167036,ninco,127,D3B+D3L|Tk20|TANL
openood,ninco_seed127,D3B+D3L,Tlp20,none,99.29654079491976,2.19425072291206,ninco,127,D3B+D3L|Tlp20|none
openood,ninco_seed127,D3B+D3L,Tlp20,TINS,99.18707981327134,2.024153767647559,ninco,127,D3B+D3L|Tlp20|TINS
openood,ninco_seed127,D3B+D3L,Tlp20,TANL,99.2750244750619,1.7009695526450077,ninco,127,D3B+D3L|Tlp20|TANL
openood,ninco_seed127,D3B+D3L,SL,none,98.91383719831414,4.26943357713897,ninco,127,D3B+D3L|SL|none
openood,ninco_seed127,D3B+D3L,SL,TINS,98.84290714596207,4.55859840108862,ninco,127,D3B+D3L|SL|TINS
openood,ninco_seed127,D3B+D3L,SL,TANL,98.97832700194668,4.0993366218744685,ninco,127,D3B+D3L|SL|TANL
openood,ninco_seed127,D3B+D3L,static,none,88.01214227665325,52.49192039462493,ninco,127,D3B+D3L|static|none
openood,ninco_seed127,D3B+D3L,static,TINS,90.00083234110109,45.602993706412654,ninco,127,D3B+D3L|static|TINS
openood,ninco_seed127,D3B+D3L,static,TANL,90.8098818771144,44.44633441061405,ninco,127,D3B+D3L|static|TANL
openood,ninco_seed127,L14+D3B+D3L,T,none,99.73492808678724,0.8334750807960537,ninco,127,L14+D3B+D3L|T|none
openood,ninco_seed127,L14+D3B+D3L,T,TINS,99.74090340382908,0.663378125531553,ninco,127,L14+D3B+D3L|T|TINS
openood,ninco_seed127,L14+D3B+D3L,T,TANL,99.7268654911077,0.7824459942167036,ninco,127,L14+D3B+D3L|T|TANL
openood,ninco_seed127,L14+D3B+D3L,Tlp,none,99.4797684791442,1.6669501615921074,ninco,127,L14+D3B+D3L|Tlp|none
openood,ninco_seed127,L14+D3B+D3L,Tlp,TINS,99.493394190244,1.2757271644837558,ninco,127,L14+D3B+D3L|Tlp|TINS
openood,ninco_seed127,L14+D3B+D3L,Tlp,TANL,99.48677874166052,1.3607756421160062,ninco,127,L14+D3B+D3L|Tlp|TANL
openood,ninco_seed127,L14+D3B+D3L,Tq0.05,none,99.73699986770237,0.7654362986902534,ninco,127,L14+D3B+D3L|Tq0.05|none
openood,ninco_seed127,L14+D3B+D3L,Tq0.05,TINS,99.7414832454499,0.6293587344786528,ninco,127,L14+D3B+D3L|Tq0.05|TINS
openood,ninco_seed127,L14+D3B+D3L,Tq0.05,TANL,99.72827086995142,0.7144072121109032,ninco,127,L14+D3B+D3L|Tq0.05|TANL
openood,ninco_seed127,L14+D3B+D3L,Tq0.2,none,99.70437243673338,0.901513862901854,ninco,127,L14+D3B+D3L|Tq0.2|none
openood,ninco_seed127,L14+D3B+D3L,Tq0.2,TINS,99.71825480523898,0.7484266031638034,ninco,127,L14+D3B+D3L|Tq0.2|TINS
openood,ninco_seed127,L14+D3B+D3L,Tq0.2,TANL,99.6989034416284,0.884504167375404,ninco,127,L14+D3B+D3L|Tq0.2|TANL
openood,ninco_seed127,L14+D3B+D3L,Tnn,none,99.76697170720644,0.6803878210580031,ninco,127,L14+D3B+D3L|Tnn|none
openood,ninco_seed127,L14+D3B+D3L,Tnn,TINS,99.7722832681295,0.5443102568464024,ninco,127,L14+D3B+D3L|Tnn|TINS
openood,ninco_seed127,L14+D3B+D3L,Tnn,TANL,99.76435334807506,0.6803878210580031,ninco,127,L14+D3B+D3L|Tnn|TANL
openood,ninco_seed127,L14+D3B+D3L,Tk20,none,99.72352818884542,0.5953393434257527,ninco,127,L14+D3B+D3L|Tk20|none
openood,ninco_seed127,L14+D3B+D3L,Tk20,TINS,99.72239534312337,0.4762714747406021,ninco,127,L14+D3B+D3L|Tk20|TINS
openood,ninco_seed127,L14+D3B+D3L,Tk20,TANL,99.71034624180226,0.5443102568464024,ninco,127,L14+D3B+D3L|Tk20|TANL
openood,ninco_seed127,L14+D3B+D3L,Tlp20,none,99.48540473625522,1.5138629018540568,ninco,127,L14+D3B+D3L|Tlp20|none
openood,ninco_seed127,L14+D3B+D3L,Tlp20,TINS,99.45244693919976,1.377785337642456,ninco,127,L14+D3B+D3L|Tlp20|TINS
openood,ninco_seed127,L14+D3B+D3L,Tlp20,TANL,99.46083593203682,1.2076883823779556,ninco,127,L14+D3B+D3L|Tlp20|TANL
openood,ninco_seed127,L14+D3B+D3L,SL,none,99.0589858441534,3.963259057662868,ninco,127,L14+D3B+D3L|SL|none
openood,ninco_seed127,L14+D3B+D3L,SL,TINS,99.0349409385572,3.9802687531893177,ninco,127,L14+D3B+D3L|SL|TINS
openood,ninco_seed127,L14+D3B+D3L,SL,TANL,99.0948899094706,3.7421330158190167,ninco,127,L14+D3B+D3L|SL|TANL
openood,ninco_seed127,L14+D3B+D3L,static,none,89.22185405681238,43.953053240347,ninco,127,L14+D3B+D3L|static|none
openood,ninco_seed127,L14+D3B+D3L,static,TINS,90.6666024078169,40.68719169926858,ninco,127,L14+D3B+D3L|static|TINS
openood,ninco_seed127,L14+D3B+D3L,static,TANL,91.14411445635122,41.04439530532403,ninco,127,L14+D3B+D3L|static|TANL
openood,ninco_seed127,B14+L14+D3L,T,none,99.6879932339211,1.0375914271134548,ninco,127,B14+L14+D3L|T|none
openood,ninco_seed127,B14+L14+D3L,T,TINS,99.70103796942034,0.901513862901854,ninco,127,B14+L14+D3L|T|TINS
openood,ninco_seed127,B14+L14+D3L,T,TANL,99.67768252348284,1.0035720360605545,ninco,127,B14+L14+D3L|T|TANL
openood,ninco_seed127,B14+L14+D3L,Tlp,none,99.42109391241895,1.9220955944888585,ninco,127,B14+L14+D3L|Tlp|none
openood,ninco_seed127,B14+L14+D3L,Tlp,TINS,99.44914554629472,1.598911379486307,ninco,127,B14+L14+D3L|Tlp|TINS
openood,ninco_seed127,B14+L14+D3L,Tlp,TANL,99.41850976167528,1.786018030277258,ninco,127,B14+L14+D3L|Tlp|TANL
openood,ninco_seed127,B14+L14+D3L,Tq0.05,none,99.69236963958345,0.9695526450076544,ninco,127,B14+L14+D3L|Tq0.05|none
openood,ninco_seed127,B14+L14+D3L,Tq0.05,TINS,99.70367900814576,0.8674944718489539,ninco,127,B14+L14+D3L|Tq0.05|TINS
openood,ninco_seed127,B14+L14+D3L,Tq0.05,TANL,99.68134792387217,0.9525429494812042,ninco,127,B14+L14+D3L|Tq0.05|TANL
openood,ninco_seed127,B14+L14+D3L,Tq0.2,none,99.64162839485172,1.2246980779044054,ninco,127,B14+L14+D3L|Tq0.2|none
openood,ninco_seed127,B14+L14+D3L,Tq0.2,TINS,99.66476347073387,1.139649600272155,ninco,127,B14+L14+D3L|Tq0.2|TINS
openood,ninco_seed127,B14+L14+D3L,Tq0.2,TANL,99.63491580200716,1.2246980779044054,ninco,127,B14+L14+D3L|Tq0.2|TANL
openood,ninco_seed127,B14+L14+D3L,Tnn,none,99.72317079624274,0.9185235584283042,ninco,127,B14+L14+D3L|Tnn|none
openood,ninco_seed127,B14+L14+D3L,Tnn,TINS,99.73245790100356,0.8504847763225039,ninco,127,B14+L14+D3L|Tnn|TINS
openood,ninco_seed127,B14+L14+D3L,Tnn,TANL,99.71903649524674,0.9185235584283042,ninco,127,B14+L14+D3L|Tnn|TANL
openood,ninco_seed127,B14+L14+D3L,Tk20,none,99.7024514751186,0.9185235584283042,ninco,127,B14+L14+D3L|Tk20|none
openood,ninco_seed127,B14+L14+D3L,Tk20,TINS,99.70766494679744,0.7994556897431535,ninco,127,B14+L14+D3L|Tk20|TINS
openood,ninco_seed127,B14+L14+D3L,Tk20,TANL,99.6876299824233,0.9185235584283042,ninco,127,B14+L14+D3L|Tk20|TANL
openood,ninco_seed127,B14+L14+D3L,Tlp20,none,99.47536032205024,1.7179792481714578,ninco,127,B14+L14+D3L|Tlp20|none
openood,ninco_seed127,B14+L14+D3L,Tlp20,TINS,99.45619549810058,1.581901683959857,ninco,127,B14+L14+D3L|Tlp20|TINS
openood,ninco_seed127,B14+L14+D3L,Tlp20,TANL,99.43784657254636,1.598911379486307,ninco,127,B14+L14+D3L|Tlp20|TANL
openood,ninco_seed127,B14+L14+D3L,SL,none,99.05045170191454,4.0993366218744685,ninco,127,B14+L14+D3L|SL|none
openood,ninco_seed127,B14+L14+D3L,SL,TINS,99.04107425677078,4.218404490559619,ninco,127,B14+L14+D3L|SL|TINS
openood,ninco_seed127,B14+L14+D3L,SL,TANL,99.07481544480352,3.9122299710835176,ninco,127,B14+L14+D3L|SL|TANL
openood,ninco_seed127,B14+L14+D3L,static,none,90.07970913420652,41.97992855927879,ninco,127,B14+L14+D3L|static|none
openood,ninco_seed127,B14+L14+D3L,static,TINS,91.23651603636294,38.25480523898622,ninco,127,B14+L14+D3L|static|TINS
openood,ninco_seed127,B14+L14+D3L,static,TANL,91.65251422199545,38.680047627147474,ninco,127,B14+L14+D3L|static|TANL
openood,ninco_seed127,B14+L14+D3B+D3L,T,none,99.71849010602708,0.8674944718489539,ninco,127,B14+L14+D3B+D3L|T|none
openood,ninco_seed127,B14+L14+D3B+D3L,T,TINS,99.72667649449076,0.7484266031638034,ninco,127,B14+L14+D3B+D3L|T|TINS
openood,ninco_seed127,B14+L14+D3B+D3L,T,TANL,99.71236000075598,0.8504847763225039,ninco,127,B14+L14+D3B+D3L|T|TANL
openood,ninco_seed127,B14+L14+D3B+D3L,Tlp,none,99.46970989019296,1.8540568123830583,ninco,127,B14+L14+D3B+D3L|Tlp|none
openood,ninco_seed127,B14+L14+D3B+D3L,Tlp,TINS,99.49830885827144,1.4118047286953563,ninco,127,B14+L14+D3B+D3L|Tlp|TINS
openood,ninco_seed127,B14+L14+D3B+D3L,Tlp,TANL,99.47737408100394,1.6499404660656574,ninco,127,B14+L14+D3B+D3L|Tlp|TANL
openood,ninco_seed127,B14+L14+D3B+D3L,Tq0.05,none,99.71670956889874,0.7994556897431535,ninco,127,B14+L14+D3B+D3L|Tq0.05|none
openood,ninco_seed127,B14+L14+D3B+D3L,Tq0.05,TINS,99.72398631664493,0.7484266031638034,ninco,127,B14+L14+D3B+D3L|Tq0.05|TINS
openood,ninco_seed127,B14+L14+D3B+D3L,Tq0.05,TANL,99.7100871274404,0.7654362986902534,ninco,127,B14+L14+D3B+D3L|Tq0.05|TANL
openood,ninco_seed127,B14+L14+D3B+D3L,Tq0.2,none,99.6882994084406,1.0716108181663548,ninco,127,B14+L14+D3B+D3L|Tq0.2|none
openood,ninco_seed127,B14+L14+D3B+D3L,Tq0.2,TINS,99.70218933681087,0.9525429494812042,ninco,127,B14+L14+D3B+D3L|Tq0.2|TINS
openood,ninco_seed127,B14+L14+D3B+D3L,Tq0.2,TANL,99.68378616922756,1.0886205136928049,ninco,127,B14+L14+D3B+D3L|Tq0.2|TANL
openood,ninco_seed127,B14+L14+D3B+D3L,Tnn,none,99.75559864678422,0.7654362986902534,ninco,127,B14+L14+D3B+D3L|Tnn|none
openood,ninco_seed127,B14+L14+D3B+D3L,Tnn,TINS,99.76013872351686,0.6973975165844531,ninco,127,B14+L14+D3B+D3L|Tnn|TINS
openood,ninco_seed127,B14+L14+D3B+D3L,Tnn,TANL,99.75265445748522,0.7484266031638034,ninco,127,B14+L14+D3B+D3L|Tnn|TANL
openood,ninco_seed127,B14+L14+D3B+D3L,Tk20,none,99.7003398159173,0.663378125531553,ninco,127,B14+L14+D3B+D3L|Tk20|none
openood,ninco_seed127,B14+L14+D3B+D3L,Tk20,TINS,99.70268299597438,0.663378125531553,ninco,127,B14+L14+D3B+D3L|Tk20|TINS
openood,ninco_seed127,B14+L14+D3B+D3L,Tk20,TANL,99.69058437753964,0.6803878210580031,ninco,127,B14+L14+D3B+D3L|Tk20|TANL
openood,ninco_seed127,B14+L14+D3B+D3L,Tlp20,none,99.46408081495342,1.7009695526450077,ninco,127,B14+L14+D3B+D3L|Tlp20|none
openood,ninco_seed127,B14+L14+D3B+D3L,Tlp20,TINS,99.455721116592,1.598911379486307,ninco,127,B14+L14+D3B+D3L|Tlp20|TINS
openood,ninco_seed127,B14+L14+D3B+D3L,Tlp20,TANL,99.44983802989924,1.4798435108011567,ninco,127,B14+L14+D3B+D3L|Tlp20|TANL
openood,ninco_seed127,B14+L14+D3B+D3L,SL,none,99.04697888907788,4.014288144242218,ninco,127,B14+L14+D3B+D3L|SL|none
openood,ninco_seed127,B14+L14+D3B+D3L,SL,TINS,99.034568993215,4.082326926348019,ninco,127,B14+L14+D3B+D3L|SL|TINS
openood,ninco_seed127,B14+L14+D3B+D3L,SL,TANL,99.07516660051785,3.9122299710835176,ninco,127,B14+L14+D3B+D3L|SL|TANL
openood,ninco_seed127,B14+L14+D3B+D3L,static,none,89.49064315548752,43.7149175029767,ninco,127,B14+L14+D3B+D3L|static|none
openood,ninco_seed127,B14+L14+D3B+D3L,static,TINS,90.7142734025061,40.67018200374213,ninco,127,B14+L14+D3B+D3L|static|TINS
openood,ninco_seed127,B14+L14+D3B+D3L,static,TANL,90.99419288994729,40.99336621874469,ninco,127,B14+L14+D3B+D3L|static|TANL
openood,ninco_seed127,B14+L14,T,none,99.5085245034114,1.5648919884334072,ninco,127,B14+L14|T|none
openood,ninco_seed127,B14+L14,T,TINS,99.53787681200508,1.4458241197482564,ninco,127,B14+L14|T|TINS
openood,ninco_seed127,B14+L14,T,TANL,99.49480240403696,1.5648919884334072,ninco,127,B14+L14|T|TANL
openood,ninco_seed127,B14+L14,Tlp,none,99.12643684678044,2.7215512842320124,ninco,127,B14+L14|Tlp|none
openood,ninco_seed127,B14+L14,Tlp,TINS,99.12921018313772,2.585473720020412,ninco,127,B14+L14|Tlp|TINS
openood,ninco_seed127,B14+L14,Tlp,TANL,99.10792349416946,2.500425242388161,ninco,127,B14+L14|Tlp|TANL
openood,ninco_seed127,B14+L14,Tq0.05,none,99.50220502353008,1.5308725973805068,ninco,127,B14+L14|Tq0.05|none
openood,ninco_seed127,B14+L14,Tq0.05,TINS,99.5287588592164,1.3437659465895562,ninco,127,B14+L14|Tq0.05|TINS
openood,ninco_seed127,B14+L14,Tq0.05,TANL,99.48691387424164,1.462833815274707,ninco,127,B14+L14|Tq0.05|TANL
openood,ninco_seed127,B14+L14,Tq0.2,none,99.4586246716184,1.8200374213301584,ninco,127,B14+L14|Tq0.2|none
openood,ninco_seed127,B14+L14,Tq0.2,TINS,99.50115703728903,1.6839598571185574,ninco,127,B14+L14|Tq0.2|TINS
openood,ninco_seed127,B14+L14,Tq0.2,TANL,99.45061990890363,1.8200374213301584,ninco,127,B14+L14|Tq0.2|TANL
openood,ninco_seed127,B14+L14,Tnn,none,99.58405492241688,1.5308725973805068,ninco,127,B14+L14|Tnn|none
openood,ninco_seed127,B14+L14,Tnn,TINS,99.60046530967097,1.377785337642456,ninco,127,B14+L14|Tnn|TINS
openood,ninco_seed127,B14+L14,Tnn,TANL,99.57594035266769,1.4968532063276068,ninco,127,B14+L14|Tnn|TANL
openood,ninco_seed127,B14+L14,Tk20,none,99.52232995029388,1.4968532063276068,ninco,127,B14+L14|Tk20|none
openood,ninco_seed127,B14+L14,Tk20,TINS,99.5276898943509,1.3607756421160062,ninco,127,B14+L14|Tk20|TINS
openood,ninco_seed127,B14+L14,Tk20,TANL,99.49512010735008,1.462833815274707,ninco,127,B14+L14|Tk20|TANL
openood,ninco_seed127,B14+L14,Tlp20,none,99.1714197425866,2.653512502126212,ninco,127,B14+L14|Tlp20|none
openood,ninco_seed127,B14+L14,Tlp20,TINS,99.09766173385496,2.517434937914611,ninco,127,B14+L14|Tlp20|TINS
openood,ninco_seed127,B14+L14,Tlp20,TANL,99.09189355710532,2.6024834155468617,ninco,127,B14+L14|Tlp20|TANL
openood,ninco_seed127,B14+L14,SL,none,98.63457938802895,5.766286783466576,ninco,127,B14+L14|SL|none
openood,ninco_seed127,B14+L14,SL,TINS,98.6201425034492,5.766286783466576,ninco,127,B14+L14|SL|TINS
openood,ninco_seed127,B14+L14,SL,TANL,98.67370319971272,5.443102568464025,ninco,127,B14+L14|SL|TANL
openood,ninco_seed127,B14+L14,static,none,89.24051539377444,42.30311277428135,ninco,127,B14+L14|static|none
openood,ninco_seed127,B14+L14,static,TINS,90.56529379524106,39.03725123320292,ninco,127,B14+L14|static|TINS
openood,ninco_seed127,B14+L14,static,TANL,91.22021885808245,38.52696036740942,ninco,127,B14+L14|static|TANL
openood,openimageo_seed123,L14xD3L+D3L,T,none,97.5520717541538,11.33656815174239,openimageo,123,L14xD3L+D3L|T|none
openood,openimageo_seed123,L14xD3L+D3L,T,TINS,97.83622996618143,10.353519440418426,openimageo,123,L14xD3L+D3L|T|TINS
openood,openimageo_seed123,L14xD3L+D3L,T,TANL,97.6311342869746,11.311361774528956,openimageo,123,L14xD3L+D3L|T|TANL
openood,openimageo_seed123,L14xD3L+D3L,Tlp,none,96.99095917267069,12.559077446593989,openimageo,123,L14xD3L+D3L|Tlp|none
openood,openimageo_seed123,L14xD3L+D3L,Tlp,TINS,97.59890072188264,10.719011910013233,openimageo,123,L14xD3L+D3L|Tlp|TINS
openood,openimageo_seed123,L14xD3L+D3L,Tlp,TANL,97.2138707893097,12.130569033965594,openimageo,123,L14xD3L+D3L|Tlp|TANL
openood,openimageo_seed123,L14xD3L+D3L,Tq0.05,none,97.56902486329042,11.008885247967736,openimageo,123,L14xD3L+D3L|Tq0.05|none
openood,openimageo_seed123,L14xD3L+D3L,Tq0.05,TINS,97.81456396468306,10.252693931564686,openimageo,123,L14xD3L+D3L|Tq0.05|TINS
openood,openimageo_seed123,L14xD3L+D3L,Tq0.05,TANL,97.62881102919036,11.021488436574453,openimageo,123,L14xD3L+D3L|Tq0.05|TANL
openood,openimageo_seed123,L14xD3L+D3L,Tq0.2,none,97.35248436854523,11.733568592853992,openimageo,123,L14xD3L+D3L|Tq0.2|none
openood,openimageo_seed123,L14xD3L+D3L,Tq0.2,TINS,97.70286624516,10.454344949272166,openimageo,123,L14xD3L+D3L|Tq0.2|TINS
openood,openimageo_seed123,L14xD3L+D3L,Tq0.2,TANL,97.453015592945,11.487806415023002,openimageo,123,L14xD3L+D3L|Tq0.2|TANL
openood,openimageo_seed123,L14xD3L+D3L,Tnn,none,97.89252413860709,10.492154515092318,openimageo,123,L14xD3L+D3L|Tnn|none
openood,openimageo_seed123,L14xD3L+D3L,Tnn,TINS,98.08806786116888,9.723360010082551,openimageo,123,L14xD3L+D3L|Tnn|TINS
openood,openimageo_seed123,L14xD3L+D3L,Tnn,TANL,97.93772190364162,10.517360892305753,openimageo,123,L14xD3L+D3L|Tnn|TANL
openood,openimageo_seed123,L14xD3L+D3L,Tk20,none,97.805868114633,10.139265234104228,openimageo,123,L14xD3L+D3L|Tk20|none
openood,openimageo_seed123,L14xD3L+D3L,Tk20,TINS,97.9698883217454,9.616232906925452,openimageo,123,L14xD3L+D3L|Tk20|TINS
openood,openimageo_seed123,L14xD3L+D3L,Tk20,TANL,97.83370435720238,10.145566828407588,openimageo,123,L14xD3L+D3L|Tk20|TANL
openood,openimageo_seed123,L14xD3L+D3L,Tlp20,none,97.60709832587644,10.876551767597205,openimageo,123,L14xD3L+D3L|Tlp20|none
openood,openimageo_seed123,L14xD3L+D3L,Tlp20,TINS,97.91404849426904,10.126662045497511,openimageo,123,L14xD3L+D3L|Tlp20|TINS
openood,openimageo_seed123,L14xD3L+D3L,Tlp20,TANL,97.69209759069044,10.813535824563616,openimageo,123,L14xD3L+D3L|Tlp20|TANL
openood,openimageo_seed123,L14+D3L,T,none,97.55567052464276,11.53821916944987,openimageo,123,L14+D3L|T|none
openood,openimageo_seed123,L14+D3L,T,TINS,97.82847340377116,10.403932194845297,openimageo,123,L14+D3L|T|TINS
openood,openimageo_seed123,L14+D3L,T,TANL,97.62796731573088,11.531917575146512,openimageo,123,L14+D3L|T|TANL
openood,openimageo_seed123,L14+D3L,Tlp,none,97.10777665749434,12.685109332661163,openimageo,123,L14+D3L|Tlp|none
openood,openimageo_seed123,L14+D3L,Tlp,TINS,97.6623574964466,10.700107127103156,openimageo,123,L14+D3L|Tlp|TINS
openood,openimageo_seed123,L14+D3L,Tlp,TANL,97.31404261278104,12.332220051673074,openimageo,123,L14+D3L|Tlp|TANL
openood,openimageo_seed123,L14+D3L,Tq0.05,none,97.57601354142598,11.298758585922238,openimageo,123,L14+D3L|Tq0.05|none
openood,openimageo_seed123,L14+D3L,Tq0.05,TINS,97.80587686684731,10.561472052429265,openimageo,123,L14+D3L|Tq0.05|TINS
openood,openimageo_seed123,L14+D3L,Tq0.05,TANL,97.62632820103484,11.43739366059613,openimageo,123,L14+D3L|Tq0.05|TANL
openood,openimageo_seed123,L14+D3L,Tq0.2,none,97.379697383438,12.036045119415212,openimageo,123,L14+D3L|Tq0.2|none
openood,openimageo_seed123,L14+D3L,Tq0.2,TINS,97.72201384950392,10.58037683533934,openimageo,123,L14+D3L|Tq0.2|TINS
openood,openimageo_seed123,L14+D3L,Tq0.2,TANL,97.4772300291974,11.783981347280864,openimageo,123,L14+D3L|Tq0.2|TANL
openood,openimageo_seed123,L14+D3L,Tnn,none,97.87985646368531,10.851345390383766,openimageo,123,L14+D3L|Tnn|none
openood,openimageo_seed123,L14+D3L,Tnn,TINS,98.07241372067132,9.811582330329577,openimageo,123,L14+D3L|Tnn|TINS
openood,openimageo_seed123,L14+D3L,Tnn,TANL,97.9217343387877,10.78832944735018,openimageo,123,L14+D3L|Tnn|TANL
openood,openimageo_seed123,L14+D3L,Tk20,none,97.75415681167334,10.460646543575525,openimageo,123,L14+D3L|Tk20|none
openood,openimageo_seed123,L14+D3L,Tk20,TINS,97.9295494360073,9.899804650576597,openimageo,123,L14+D3L|Tk20|TINS
openood,openimageo_seed123,L14+D3L,Tk20,TANL,97.78809208729808,10.624487995462852,openimageo,123,L14+D3L|Tk20|TANL
openood,openimageo_seed123,L14+D3L,Tlp20,none,97.6384591201574,11.034091625181173,openimageo,123,L14+D3L|Tlp20|none
openood,openimageo_seed123,L14+D3L,Tlp20,TINS,97.92991604876032,10.151868422710946,openimageo,123,L14+D3L|Tlp20|TINS
openood,openimageo_seed123,L14+D3L,Tlp20,TANL,97.72435223111448,11.071901191001324,openimageo,123,L14+D3L|Tlp20|TANL
openood,openimageo_seed123,L14+D3L,SL,none,97.7052483178244,11.122313945428193,openimageo,123,L14+D3L|SL|none
openood,openimageo_seed123,L14+D3L,SL,TINS,98.0605424972518,9.534312180981788,openimageo,123,L14+D3L|SL|TINS
openood,openimageo_seed123,L14+D3L,SL,TANL,97.80066859915556,10.863948578990485,openimageo,123,L14+D3L|SL|TANL
openood,openimageo_seed123,L14+D3L,static,none,97.13942102351896,14.380238200264667,openimageo,123,L14+D3L|static|none
openood,openimageo_seed123,L14+D3L,static,TINS,97.94056392267244,11.424790471989413,openimageo,123,L14+D3L|static|TINS
openood,openimageo_seed123,L14+D3L,static,TANL,97.60465085666674,12.823744407335056,openimageo,123,L14+D3L|static|TANL
openood,openimageo_seed123,D3L,T,none,97.45348709223434,11.853298884617807,openimageo,123,D3L|T|none
openood,openimageo_seed123,D3L,T,TINS,97.7756224924906,10.43544016636209,openimageo,123,D3L|T|TINS
openood,openimageo_seed123,D3L,T,TANL,97.547293395229,11.68315583842712,openimageo,123,D3L|T|TANL
openood,openimageo_seed123,D3L,Tlp,none,96.78892165717927,13.245951225660091,openimageo,123,D3L|Tlp|none
openood,openimageo_seed123,D3L,Tlp,TINS,97.37947038600764,12.004537147898418,openimageo,123,D3L|Tlp|TINS
openood,openimageo_seed123,D3L,Tlp,TANL,97.0439380763333,12.767030058604828,openimageo,123,D3L|Tlp|TANL
openood,openimageo_seed123,D3L,Tq0.05,none,97.46402412810444,11.298758585922238,openimageo,123,D3L|Tq0.05|none
openood,openimageo_seed123,D3L,Tq0.05,TINS,97.72927972777111,10.662297561283005,openimageo,123,D3L|Tq0.05|TINS
openood,openimageo_seed123,D3L,Tq0.05,TANL,97.529029134371,11.424790471989413,openimageo,123,D3L|Tq0.05|TANL
openood,openimageo_seed123,D3L,Tq0.2,none,97.26744498358084,12.212489759909255,openimageo,123,D3L|Tq0.2|none
openood,openimageo_seed123,D3L,Tq0.2,TINS,97.6821897340027,10.649694372676286,openimageo,123,D3L|Tq0.2|TINS
openood,openimageo_seed123,D3L,Tq0.2,TANL,97.3911681055307,11.916314827651396,openimageo,123,D3L|Tq0.2|TANL
openood,openimageo_seed123,D3L,Tnn,none,97.85088495389334,10.952170899237506,openimageo,123,D3L|Tnn|none
openood,openimageo_seed123,D3L,Tnn,TINS,98.0920958402476,9.748566387295986,openimageo,123,D3L|Tnn|TINS
openood,openimageo_seed123,D3L,Tnn,TANL,97.9057515351384,10.807234230260256,openimageo,123,D3L|Tnn|TANL
openood,openimageo_seed123,D3L,Tk20,none,97.68536706786816,10.637091184069568,openimageo,123,D3L|Tk20|none
openood,openimageo_seed123,D3L,Tk20,TINS,97.82969073175514,10.158170017014305,openimageo,123,D3L|Tk20|TINS
openood,openimageo_seed123,D3L,Tk20,TANL,97.698974450536,10.857646984687126,openimageo,123,D3L|Tk20|TANL
openood,openimageo_seed123,D3L,Tlp20,none,97.38949706275687,11.714663809943916,openimageo,123,D3L|Tlp20|none
openood,openimageo_seed123,D3L,Tlp20,TINS,97.5797567584599,12.24399773142605,openimageo,123,D3L|Tlp20|TINS
openood,openimageo_seed123,D3L,Tlp20,TANL,97.4468016608202,11.954124393471549,openimageo,123,D3L|Tlp20|TANL
openood,openimageo_seed123,D3L,SL,none,97.58697117370694,11.569727140966664,openimageo,123,D3L|SL|none
openood,openimageo_seed123,D3L,SL,TINS,97.97572905945204,10.101455668284077,openimageo,123,D3L|SL|TINS
openood,openimageo_seed123,D3L,SL,TANL,97.7042843139314,11.311361774528956,openimageo,123,D3L|SL|TANL
openood,openimageo_seed123,D3L,static,none,96.56958640536055,17.94063898166236,openimageo,123,D3L|static|none
openood,openimageo_seed123,D3L,static,TINS,97.5979878309212,13.479110214884363,openimageo,123,D3L|static|TINS
openood,openimageo_seed123,D3L,static,TANL,97.35144264498918,14.556682840758713,openimageo,123,D3L|static|TANL
openood,openimageo_seed123,L14,T,none,96.75615084616408,15.048207196420693,openimageo,123,L14|T|none
openood,openimageo_seed123,L14,T,TINS,97.36492840688696,12.79853803012162,openimageo,123,L14|T|TINS
openood,openimageo_seed123,L14,T,TANL,97.01789071635125,14.46846052051169,openimageo,123,L14|T|TANL
openood,openimageo_seed123,L14,Tlp,none,96.10629571281537,16.214002142542064,openimageo,123,L14|Tlp|none
openood,openimageo_seed123,L14,Tlp,TINS,97.09176675698951,13.926523410422837,openimageo,123,L14|Tlp|TINS
openood,openimageo_seed123,L14,Tlp,TANL,96.65516044559274,15.186842271094584,openimageo,123,L14|Tlp|TANL
openood,openimageo_seed123,L14,Tq0.05,none,96.8152415961238,14.481063709118407,openimageo,123,L14|Tq0.05|none
openood,openimageo_seed123,L14,Tq0.05,TINS,97.32932635956897,13.20814165983994,openimageo,123,L14|Tq0.05|TINS
openood,openimageo_seed123,L14,Tq0.05,TANL,97.0221171956505,14.46846052051169,openimageo,123,L14|Tq0.05|TANL
openood,openimageo_seed123,L14,Tq0.2,none,96.49812709615532,15.42000126031886,openimageo,123,L14|Tq0.2|none
openood,openimageo_seed123,L14,Tq0.2,TINS,97.27233418054767,12.685109332661163,openimageo,123,L14|Tq0.2|TINS
openood,openimageo_seed123,L14,Tq0.2,TANL,96.84049579543624,14.556682840758713,openimageo,123,L14|Tq0.2|TANL
openood,openimageo_seed123,L14,Tnn,none,97.11843412383334,14.273111097107568,openimageo,123,L14|Tnn|none
openood,openimageo_seed123,L14,Tnn,TINS,97.59618935590704,12.25029932572941,openimageo,123,L14|Tnn|TINS
openood,openimageo_seed123,L14,Tnn,TANL,97.29199704525244,13.970634570546348,openimageo,123,L14|Tnn|TANL
openood,openimageo_seed123,L14,Tk20,none,97.04996499114274,13.245951225660091,openimageo,123,L14|Tk20|none
openood,openimageo_seed123,L14,Tk20,TINS,97.51023981067208,12.04234671371857,openimageo,123,L14|Tk20|TINS
openood,openimageo_seed123,L14,Tk20,TANL,97.25237171004264,12.69771252126788,openimageo,123,L14|Tk20|TANL
openood,openimageo_seed123,L14,Tlp20,none,96.83309037186407,14.140777616737036,openimageo,123,L14|Tlp20|none
openood,openimageo_seed123,L14,Tlp20,TINS,97.39727056945408,13.283760791480246,openimageo,123,L14|Tlp20|TINS
openood,openimageo_seed123,L14,Tlp20,TANL,97.15696599239608,13.529522969311236,openimageo,123,L14|Tlp20|TANL
openood,openimageo_seed123,L14,SL,none,96.76350774746012,15.375890100195347,openimageo,123,L14|SL|none
openood,openimageo_seed123,L14,SL,TINS,97.55104795513265,12.256600920032769,openimageo,123,L14|SL|TINS
openood,openimageo_seed123,L14,SL,TANL,97.07615560736866,14.41174617178146,openimageo,123,L14|SL|TANL
openood,openimageo_seed123,L14,static,none,96.4391630782588,17.650765643707857,openimageo,123,L14|static|none
openood,openimageo_seed123,L14,static,TINS,97.40197239901694,14.273111097107568,openimageo,123,L14|static|TINS
openood,openimageo_seed123,L14,static,TANL,97.0850060565323,15.57123952359947,openimageo,123,L14|static|TANL
openood,openimageo_seed123,L14xD3L,T,none,97.27549029904566,12.319616863066356,openimageo,123,L14xD3L|T|none
openood,openimageo_seed123,L14xD3L,T,TINS,97.69460821587862,10.68120234419308,openimageo,123,L14xD3L|T|TINS
openood,openimageo_seed123,L14xD3L,T,TANL,97.42711344970276,12.04864830802193,openimageo,123,L14xD3L|T|TANL
openood,openimageo_seed123,L14xD3L,Tlp,none,96.6900728884408,13.554729346524672,openimageo,123,L14xD3L|Tlp|none
openood,openimageo_seed123,L14xD3L,Tlp,TINS,97.35743329062252,12.19358497699918,openimageo,123,L14xD3L|Tlp|TINS
openood,openimageo_seed123,L14xD3L,Tlp,TANL,97.01565225001924,13.031697019345897,openimageo,123,L14xD3L|Tlp|TANL
openood,openimageo_seed123,L14xD3L,Tq0.05,none,97.31024891297496,11.657949461213688,openimageo,123,L14xD3L|Tq0.05|none
openood,openimageo_seed123,L14xD3L,Tq0.05,TINS,97.6535888979912,11.097107568214758,openimageo,123,L14xD3L|Tq0.05|TINS
openood,openimageo_seed123,L14xD3L,Tq0.05,TANL,97.42278901562096,11.752473375764067,openimageo,123,L14xD3L|Tq0.05|TANL
openood,openimageo_seed123,L14xD3L,Tq0.2,none,97.031212426744,12.830046001638417,openimageo,123,L14xD3L|Tq0.2|none
openood,openimageo_seed123,L14xD3L,Tq0.2,TINS,97.57631706821826,11.17902829415842,openimageo,123,L14xD3L|Tq0.2|TINS
openood,openimageo_seed123,L14xD3L,Tq0.2,TANL,97.23160697656508,12.39523599470666,openimageo,123,L14xD3L|Tq0.2|TANL
openood,openimageo_seed123,L14xD3L,Tnn,none,97.67524257637184,11.783981347280864,openimageo,123,L14xD3L|Tnn|none
openood,openimageo_seed123,L14xD3L,Tnn,TINS,97.98665924478894,10.416535383452011,openimageo,123,L14xD3L|Tnn|TINS
openood,openimageo_seed123,L14xD3L,Tnn,TANL,97.76434340888244,11.576028735270024,openimageo,123,L14xD3L|Tnn|TANL
openood,openimageo_seed123,L14xD3L,Tk20,none,97.63821468831614,10.737916692923308,openimageo,123,L14xD3L|Tk20|none
openood,openimageo_seed123,L14xD3L,Tk20,TINS,97.84544345719468,10.27790030877812,openimageo,123,L14xD3L|Tk20|TINS
openood,openimageo_seed123,L14xD3L,Tk20,TANL,97.68965404247274,11.021488436574453,openimageo,123,L14xD3L|Tk20|TANL
openood,openimageo_seed123,L14xD3L,Tlp20,none,97.44355535950596,11.68315583842712,openimageo,123,L14xD3L|Tlp20|none
openood,openimageo_seed123,L14xD3L,Tlp20,TINS,97.66655001715434,11.531917575146512,openimageo,123,L14xD3L|Tlp20|TINS
openood,openimageo_seed123,L14xD3L,Tlp20,TANL,97.53767268118835,11.456298443506208,openimageo,123,L14xD3L|Tlp20|TANL
openood,openimageo_seed123,D3B+D3L,T,none,97.66668109031583,11.065599596697965,openimageo,123,D3B+D3L|T|none
openood,openimageo_seed123,D3B+D3L,T,TINS,97.82668249067017,10.630789589766213,openimageo,123,D3B+D3L|T|TINS
openood,openimageo_seed123,D3B+D3L,T,TANL,97.690766343885,11.172726699855064,openimageo,123,D3B+D3L|T|TANL
openood,openimageo_seed123,D3B+D3L,Tlp,none,97.0930571134497,12.729220492784671,openimageo,123,D3B+D3L|Tlp|none
openood,openimageo_seed123,D3B+D3L,Tlp,TINS,97.53203142395026,11.519314386539795,openimageo,123,D3B+D3L|Tlp|TINS
openood,openimageo_seed123,D3B+D3L,Tlp,TANL,97.2199850162091,12.382632806099943,openimageo,123,D3B+D3L|Tlp|TANL
openood,openimageo_seed123,D3B+D3L,Tq0.05,none,97.60832867715531,11.160123511248344,openimageo,123,D3B+D3L|Tq0.05|none
openood,openimageo_seed123,D3B+D3L,Tq0.05,TINS,97.7494516912779,10.706408721406516,openimageo,123,D3B+D3L|Tq0.05|TINS
openood,openimageo_seed123,D3B+D3L,Tq0.05,TANL,97.62241659139764,11.355472934652468,openimageo,123,D3B+D3L|Tq0.05|TANL
openood,openimageo_seed123,D3B+D3L,Tq0.2,none,97.57248842957269,11.34286974604575,openimageo,123,D3B+D3L|Tq0.2|none
openood,openimageo_seed123,D3B+D3L,Tq0.2,TINS,97.77314820649624,10.523662486609112,openimageo,123,D3B+D3L|Tq0.2|TINS
openood,openimageo_seed123,D3B+D3L,Tq0.2,TANL,97.60752284327936,11.29245699161888,openimageo,123,D3B+D3L|Tq0.2|TANL
openood,openimageo_seed123,D3B+D3L,Tnn,none,98.0587158050987,10.044741319553848,openimageo,123,D3B+D3L|Tnn|none
openood,openimageo_seed123,D3B+D3L,Tnn,TINS,98.1579732672366,9.301153191757514,openimageo,123,D3B+D3L|Tnn|TINS
openood,openimageo_seed123,D3B+D3L,Tnn,TANL,98.06627498757184,10.013233348037057,openimageo,123,D3B+D3L|Tnn|TANL
openood,openimageo_seed123,D3B+D3L,Tk20,none,97.6585253569153,11.305060180225595,openimageo,123,D3B+D3L|Tk20|none
openood,openimageo_seed123,D3B+D3L,Tk20,TINS,97.75074925956268,11.229441048585292,openimageo,123,D3B+D3L|Tk20|TINS
openood,openimageo_seed123,D3B+D3L,Tk20,TANL,97.65658719656074,11.550822358056587,openimageo,123,D3B+D3L|Tk20|TANL
openood,openimageo_seed123,D3B+D3L,Tlp20,none,97.41276983076716,12.174680194089104,openimageo,123,D3B+D3L|Tlp20|none
openood,openimageo_seed123,D3B+D3L,Tlp20,TINS,97.6560504407615,11.63904467830361,openimageo,123,D3B+D3L|Tlp20|TINS
openood,openimageo_seed123,D3B+D3L,Tlp20,TANL,97.46118322935703,12.4960615035604,openimageo,123,D3B+D3L|Tlp20|TANL
openood,openimageo_seed123,D3B+D3L,SL,none,97.75324749161538,11.462600037809564,openimageo,123,D3B+D3L|SL|none
openood,openimageo_seed123,D3B+D3L,SL,TINS,97.99813654854678,10.170773205621025,openimageo,123,D3B+D3L|SL|TINS
openood,openimageo_seed123,D3B+D3L,SL,TANL,97.8101280623998,11.210536265675216,openimageo,123,D3B+D3L|SL|TANL
openood,openimageo_seed123,D3B+D3L,static,none,96.52528675754968,19.490831180288613,openimageo,123,D3B+D3L|static|none
openood,openimageo_seed123,D3B+D3L,static,TINS,97.58064444304408,13.750078769928791,openimageo,123,D3B+D3L|static|TINS
openood,openimageo_seed123,D3B+D3L,static,TANL,97.22091296097912,15.955636776104354,openimageo,123,D3B+D3L|static|TANL
openood,openimageo_seed123,L14+D3B+D3L,T,none,97.7284006553658,10.94586930493415,openimageo,123,L14+D3B+D3L|T|none
openood,openimageo_seed123,L14+D3B+D3L,T,TINS,97.88149515827504,10.246392337261328,openimageo,123,L14+D3B+D3L|T|TINS
openood,openimageo_seed123,L14+D3B+D3L,T,TANL,97.75522388164204,10.807234230260256,openimageo,123,L14+D3B+D3L|T|TANL
openood,openimageo_seed123,L14+D3B+D3L,Tlp,none,97.30080226297252,12.162077005482388,openimageo,123,L14+D3B+D3L|Tlp|none
openood,openimageo_seed123,L14+D3B+D3L,Tlp,TINS,97.6920165801948,10.737916692923308,openimageo,123,L14+D3B+D3L|Tlp|TINS
openood,openimageo_seed123,L14+D3B+D3L,Tlp,TANL,97.41477324763166,11.84069569601109,openimageo,123,L14+D3B+D3L|Tlp|TANL
openood,openimageo_seed123,L14+D3B+D3L,Tq0.05,none,97.69152456571514,11.071901191001324,openimageo,123,L14+D3B+D3L|Tq0.05|none
openood,openimageo_seed123,L14+D3B+D3L,Tq0.05,TINS,97.82687293885354,10.763123070136745,openimageo,123,L14+D3B+D3L|Tq0.05|TINS
openood,openimageo_seed123,L14+D3B+D3L,Tq0.05,TANL,97.7086355647979,11.23574264288865,openimageo,123,L14+D3B+D3L|Tq0.05|TANL
openood,openimageo_seed123,L14+D3B+D3L,Tq0.2,none,97.6218952394956,11.223139454281933,openimageo,123,L14+D3B+D3L|Tq0.2|none
openood,openimageo_seed123,L14+D3B+D3L,Tq0.2,TINS,97.81054802865124,10.265297120171404,openimageo,123,L14+D3B+D3L|Tq0.2|TINS
openood,openimageo_seed123,L14+D3B+D3L,Tq0.2,TANL,97.66033153387808,11.14121872833827,openimageo,123,L14+D3B+D3L|Tq0.2|TANL
openood,openimageo_seed123,L14+D3B+D3L,Tnn,none,98.0704230470309,9.912407839183317,openimageo,123,L14+D3B+D3L|Tnn|none
openood,openimageo_seed123,L14+D3B+D3L,Tnn,TINS,98.1667214205194,9.37677232339782,openimageo,123,L14+D3B+D3L|Tnn|TINS
openood,openimageo_seed123,L14+D3B+D3L,Tnn,TANL,98.08187990561612,9.899804650576597,openimageo,123,L14+D3B+D3L|Tnn|TANL
openood,openimageo_seed123,L14+D3B+D3L,Tk20,none,97.7846452552496,10.731615098619953,openimageo,123,L14+D3B+D3L|Tk20|none
openood,openimageo_seed123,L14+D3B+D3L,Tk20,TINS,97.88535299430757,10.403932194845297,openimageo,123,L14+D3B+D3L|Tk20|TINS
openood,openimageo_seed123,L14+D3B+D3L,Tk20,TANL,97.7926736964452,10.813535824563616,openimageo,123,L14+D3B+D3L|Tk20|TANL
openood,openimageo_seed123,L14+D3B+D3L,Tlp20,none,97.6720106987068,11.134917134034913,openimageo,123,L14+D3B+D3L|Tlp20|none
openood,openimageo_seed123,L14+D3B+D3L,Tlp20,TINS,97.89887201461973,10.416535383452011,openimageo,123,L14+D3B+D3L|Tlp20|TINS
openood,openimageo_seed123,L14+D3B+D3L,Tlp20,TANL,97.71963275708754,11.122313945428193,openimageo,123,L14+D3B+D3L|Tlp20|TANL
openood,openimageo_seed123,L14+D3B+D3L,SL,none,97.86388528297658,10.964774087844225,openimageo,123,L14+D3B+D3L|SL|none
openood,openimageo_seed123,L14+D3B+D3L,SL,TINS,98.08566443310158,9.836788707543008,openimageo,123,L14+D3B+D3L|SL|TINS
openood,openimageo_seed123,L14+D3B+D3L,SL,TANL,97.91244466850114,10.649694372676286,openimageo,123,L14+D3B+D3L|SL|TANL
openood,openimageo_seed123,L14+D3B+D3L,static,none,97.10467368244164,15.268762997038252,openimageo,123,L14+D3B+D3L|static|none
openood,openimageo_seed123,L14+D3B+D3L,static,TINS,97.8526846892264,11.79658453588758,openimageo,123,L14+D3B+D3L|static|TINS
openood,openimageo_seed123,L14+D3B+D3L,static,TANL,97.52143228236744,13.699666015501922,openimageo,123,L14+D3B+D3L|static|TANL
openood,openimageo_seed123,B14+L14+D3L,T,none,97.6363564181738,11.386980906169262,openimageo,123,B14+L14+D3L|T|none
openood,openimageo_seed123,B14+L14+D3L,T,TINS,97.81854923295596,10.655995966979646,openimageo,123,B14+L14+D3L|T|TINS
openood,openimageo_seed123,B14+L14+D3L,T,TANL,97.6767102877028,11.229441048585292,openimageo,123,B14+L14+D3L|T|TANL
openood,openimageo_seed123,B14+L14+D3L,Tlp,none,97.22502209058892,12.44564874913353,openimageo,123,B14+L14+D3L|Tlp|none
openood,openimageo_seed123,B14+L14+D3L,Tlp,TINS,97.66513243850694,10.794631041653538,openimageo,123,B14+L14+D3L|Tlp|TINS
openood,openimageo_seed123,B14+L14+D3L,Tlp,TANL,97.3686587406614,12.19358497699918,openimageo,123,B14+L14+D3L|Tlp|TANL
openood,openimageo_seed123,B14+L14+D3L,Tq0.05,none,97.62321101238616,11.487806415023002,openimageo,123,B14+L14+D3L|Tq0.05|none
openood,openimageo_seed123,B14+L14+D3L,Tq0.05,TINS,97.78103388157204,11.027790030877812,openimageo,123,B14+L14+D3L|Tq0.05|TINS
openood,openimageo_seed123,B14+L14+D3L,Tq0.05,TANL,97.65104137346748,11.58233032957338,openimageo,123,B14+L14+D3L|Tq0.05|TANL
openood,openimageo_seed123,B14+L14+D3L,Tq0.2,none,97.48721161453848,11.758774970067428,openimageo,123,B14+L14+D3L|Tq0.2|none
openood,openimageo_seed123,B14+L14+D3L,Tq0.2,TINS,97.71655120745548,10.971075682147584,openimageo,123,B14+L14+D3L|Tq0.2|TINS
openood,openimageo_seed123,B14+L14+D3L,Tq0.2,TANL,97.54354352651222,11.607536706786815,openimageo,123,B14+L14+D3L|Tq0.2|TANL
openood,openimageo_seed123,B14+L14+D3L,Tnn,none,97.95440936556948,10.517360892305753,openimageo,123,B14+L14+D3L|Tnn|none
openood,openimageo_seed123,B14+L14+D3L,Tnn,TINS,98.07488282535482,9.887201461969878,openimageo,123,B14+L14+D3L|Tnn|TINS
openood,openimageo_seed123,B14+L14+D3L,Tnn,TANL,97.97530244151773,10.523662486609112,openimageo,123,B14+L14+D3L|Tnn|TANL
openood,openimageo_seed123,B14+L14+D3L,Tk20,none,97.74183831509372,10.851345390383766,openimageo,123,B14+L14+D3L|Tk20|none
openood,openimageo_seed123,B14+L14+D3L,Tk20,TINS,97.86625272193864,10.605583212552776,openimageo,123,B14+L14+D3L|Tk20|TINS
openood,openimageo_seed123,B14+L14+D3L,Tk20,TANL,97.7605947304668,11.021488436574453,openimageo,123,B14+L14+D3L|Tk20|TANL
openood,openimageo_seed123,B14+L14+D3L,Tlp20,none,97.65386973904396,11.267250614405445,openimageo,123,B14+L14+D3L|Tlp20|none
openood,openimageo_seed123,B14+L14+D3L,Tlp20,TINS,97.9125088047276,10.359821034721785,openimageo,123,B14+L14+D3L|Tlp20|TINS
openood,openimageo_seed123,B14+L14+D3L,Tlp20,TANL,97.7203780956582,11.160123511248344,openimageo,123,B14+L14+D3L|Tlp20|TANL
openood,openimageo_seed123,B14+L14+D3L,SL,none,97.7877827490355,11.210536265675216,openimageo,123,B14+L14+D3L|SL|none
openood,openimageo_seed123,B14+L14+D3L,SL,TINS,98.0444238592364,10.051042913857206,openimageo,123,B14+L14+D3L|SL|TINS
openood,openimageo_seed123,B14+L14+D3L,SL,TANL,97.8493816735634,11.052996408091246,openimageo,123,B14+L14+D3L|SL|TANL
openood,openimageo_seed123,B14+L14+D3L,static,none,97.2468109031585,14.31092066292772,openimageo,123,B14+L14+D3L|static|none
openood,openimageo_seed123,B14+L14+D3L,static,TINS,97.90315121725796,11.475203226416284,openimageo,123,B14+L14+D3L|static|TINS
openood,openimageo_seed123,B14+L14+D3L,static,TANL,97.58581140028426,13.05060180225597,openimageo,123,B14+L14+D3L|static|TANL
openood,openimageo_seed123,B14+L14+D3B+D3L,T,none,97.71327507859488,11.24204423719201,openimageo,123,B14+L14+D3B+D3L|T|none
openood,openimageo_seed123,B14+L14+D3B+D3L,T,TINS,97.83817687875032,10.756821475833386,openimageo,123,B14+L14+D3B+D3L|T|TINS
openood,openimageo_seed123,B14+L14+D3B+D3L,T,TANL,97.73435713235448,11.19163148276514,openimageo,123,B14+L14+D3B+D3L|T|TANL
openood,openimageo_seed123,B14+L14+D3B+D3L,Tlp,none,97.30732392295252,12.275505702942844,openimageo,123,B14+L14+D3B+D3L|Tlp|none
openood,openimageo_seed123,B14+L14+D3B+D3L,Tlp,TINS,97.65468915635655,10.914361333417355,openimageo,123,B14+L14+D3B+D3L|Tlp|TINS
openood,openimageo_seed123,B14+L14+D3B+D3L,Tlp,TANL,97.40549008899252,12.067553090932003,openimageo,123,B14+L14+D3B+D3L|Tlp|TANL
openood,openimageo_seed123,B14+L14+D3B+D3L,Tq0.05,none,97.66592454891088,11.550822358056587,openimageo,123,B14+L14+D3B+D3L|Tq0.05|none
openood,openimageo_seed123,B14+L14+D3B+D3L,Tq0.05,TINS,97.77846185084826,11.204234671371855,openimageo,123,B14+L14+D3B+D3L|Tq0.05|TINS
openood,openimageo_seed123,B14+L14+D3B+D3L,Tq0.05,TANL,97.68041660540116,11.74617178146071,openimageo,123,B14+L14+D3B+D3L|Tq0.05|TANL
openood,openimageo_seed123,B14+L14+D3B+D3L,Tq0.2,none,97.60815636355998,11.49410800932636,openimageo,123,B14+L14+D3B+D3L|Tq0.2|none
openood,openimageo_seed123,B14+L14+D3B+D3L,Tq0.2,TINS,97.7631968688078,10.813535824563616,openimageo,123,B14+L14+D3B+D3L|Tq0.2|TINS
openood,openimageo_seed123,B14+L14+D3B+D3L,Tq0.2,TANL,97.6391109150615,11.449996849202847,openimageo,123,B14+L14+D3B+D3L|Tq0.2|TANL
openood,openimageo_seed123,B14+L14+D3B+D3L,Tnn,none,98.05160207532504,10.189677988531098,openimageo,123,B14+L14+D3B+D3L|Tnn|none
openood,openimageo_seed123,B14+L14+D3B+D3L,Tnn,TINS,98.12777574726404,9.887201461969878,openimageo,123,B14+L14+D3B+D3L|Tnn|TINS
openood,openimageo_seed123,B14+L14+D3B+D3L,Tnn,TANL,98.06037697537478,10.246392337261328,openimageo,123,B14+L14+D3B+D3L|Tnn|TANL
openood,openimageo_seed123,B14+L14+D3B+D3L,Tk20,none,97.73089356607224,11.027790030877812,openimageo,123,B14+L14+D3B+D3L|Tk20|none
openood,openimageo_seed123,B14+L14+D3B+D3L,Tk20,TINS,97.81908500850716,10.74421828722667,openimageo,123,B14+L14+D3B+D3L|Tk20|TINS
openood,openimageo_seed123,B14+L14+D3B+D3L,Tk20,TANL,97.73952261922268,11.052996408091246,openimageo,123,B14+L14+D3B+D3L|Tk20|TANL
openood,openimageo_seed123,B14+L14+D3B+D3L,Tlp20,none,97.64446292912106,11.330266557439032,openimageo,123,B14+L14+D3B+D3L|Tlp20|none
openood,openimageo_seed123,B14+L14+D3B+D3L,Tlp20,TINS,97.8614828351573,10.592980023946058,openimageo,123,B14+L14+D3B+D3L|Tlp20|TINS
openood,openimageo_seed123,B14+L14+D3B+D3L,Tlp20,TANL,97.69174729206487,11.374377717562544,openimageo,123,B14+L14+D3B+D3L|Tlp20|TANL
openood,openimageo_seed123,B14+L14+D3B+D3L,SL,none,97.86789260682951,10.977377276450945,openimageo,123,B14+L14+D3B+D3L|SL|none
openood,openimageo_seed123,B14+L14+D3B+D3L,SL,TINS,98.05286869578002,10.000630159430337,openimageo,123,B14+L14+D3B+D3L|SL|TINS
openood,openimageo_seed123,B14+L14+D3B+D3L,SL,TANL,97.90771784261418,10.807234230260256,openimageo,123,B14+L14+D3B+D3L|SL|TANL
openood,openimageo_seed123,B14+L14+D3B+D3L,static,none,97.17475140210472,14.96628647047703,openimageo,123,B14+L14+D3B+D3L|static|none
openood,openimageo_seed123,B14+L14+D3B+D3L,static,TINS,97.80182214100168,12.054949902325289,openimageo,123,B14+L14+D3B+D3L|static|TINS
openood,openimageo_seed123,B14+L14+D3B+D3L,static,TANL,97.49610183376394,13.529522969311236,openimageo,123,B14+L14+D3B+D3L|static|TANL
openood,openimageo_seed123,B14+L14,T,none,97.24068491328308,13.151427311109712,openimageo,123,B14+L14|T|none
openood,openimageo_seed123,B14+L14,T,TINS,97.53281562235246,12.14317222257231,openimageo,123,B14+L14|T|TINS
openood,openimageo_seed123,B14+L14,T,TANL,97.3255450528984,13.170332094019788,openimageo,123,B14+L14|T|TANL
openood,openimageo_seed123,B14+L14,Tlp,none,96.7108765517676,14.531476463545276,openimageo,123,B14+L14|Tlp|none
openood,openimageo_seed123,B14+L14,Tlp,TINS,97.3499066663866,12.64729976684101,openimageo,123,B14+L14|Tlp|TINS
openood,openimageo_seed123,B14+L14,Tlp,TANL,96.96223825627884,14.014745730669858,openimageo,123,B14+L14|Tlp|TANL
openood,openimageo_seed123,B14+L14,Tq0.05,none,97.21443905308044,13.523221375007877,openimageo,123,B14+L14|Tq0.05|none
openood,openimageo_seed123,B14+L14,Tq0.05,TINS,97.47508307601824,12.678807738357806,openimageo,123,B14+L14|Tq0.05|TINS
openood,openimageo_seed123,B14+L14,Tq0.05,TANL,97.28196308666092,13.693364421198565,openimageo,123,B14+L14|Tq0.05|TANL
openood,openimageo_seed123,B14+L14,Tq0.2,none,97.07414777938816,13.649253261075051,openimageo,123,B14+L14|Tq0.2|none
openood,openimageo_seed123,B14+L14,Tq0.2,TINS,97.44412488359556,12.168378599785743,openimageo,123,B14+L14|Tq0.2|TINS
openood,openimageo_seed123,B14+L14,Tq0.2,TANL,97.1882082466864,13.30896716869368,openimageo,123,B14+L14|Tq0.2|TANL
openood,openimageo_seed123,B14+L14,Tnn,none,97.58781285665272,12.60949020102086,openimageo,123,B14+L14|Tnn|none
openood,openimageo_seed123,B14+L14,Tnn,TINS,97.79295439746257,11.613838301090176,openimageo,123,B14+L14|Tnn|TINS
openood,openimageo_seed123,B14+L14,Tnn,TANL,97.63704665280316,12.489759909257042,openimageo,123,B14+L14|Tnn|TANL
openood,openimageo_seed123,B14+L14,Tk20,none,97.35174043032887,12.420442371920096,openimageo,123,B14+L14|Tk20|none
openood,openimageo_seed123,B14+L14,Tk20,TINS,97.57342827735418,11.891108450437962,openimageo,123,B14+L14|Tk20|TINS
openood,openimageo_seed123,B14+L14,Tk20,TANL,97.40998991744912,12.34482324027979,openimageo,123,B14+L14|Tk20|TANL
openood,openimageo_seed123,B14+L14,Tlp20,none,97.20404177256844,12.70401411557124,openimageo,123,B14+L14|Tlp20|none
openood,openimageo_seed123,B14+L14,Tlp20,TINS,97.60258393373525,12.010838742201775,openimageo,123,B14+L14|Tlp20|TINS
openood,openimageo_seed123,B14+L14,Tlp20,TANL,97.34688673234328,12.640998172537651,openimageo,123,B14+L14|Tlp20|TANL
openood,openimageo_seed123,B14+L14,SL,none,97.32850001050268,13.2144432541433,openimageo,123,B14+L14|SL|none
openood,openimageo_seed123,B14+L14,SL,TINS,97.75333193297904,11.588631923876742,openimageo,123,B14+L14|SL|TINS
openood,openimageo_seed123,B14+L14,SL,TANL,97.4544370925844,12.993887453525744,openimageo,123,B14+L14|SL|TANL
openood,openimageo_seed123,B14+L14,static,none,96.84351656969211,16.648812149473816,openimageo,123,B14+L14|static|none
openood,openimageo_seed123,B14+L14,static,TINS,97.63428039293942,13.195538471233222,openimageo,123,B14+L14|static|TINS
openood,openimageo_seed123,B14+L14,static,TANL,97.27437764754482,15.230953431218095,openimageo,123,B14+L14|static|TANL
openood,openimageo_seed124,L14xD3L+D3L,T,none,97.55206755309094,11.33656815174239,openimageo,124,L14xD3L+D3L|T|none
openood,openimageo_seed124,L14xD3L+D3L,T,TINS,97.82935310633592,10.315709874598271,openimageo,124,L14xD3L+D3L|T|TINS
openood,openimageo_seed124,L14xD3L+D3L,T,TANL,97.62805672835228,11.273552208708804,openimageo,124,L14xD3L+D3L|T|TANL
openood,openimageo_seed124,L14xD3L+D3L,Tlp,none,96.99095343121807,12.559077446593989,openimageo,124,L14xD3L+D3L|Tlp|none
openood,openimageo_seed124,L14xD3L+D3L,Tlp,TINS,97.58917148038452,10.876551767597205,openimageo,124,L14xD3L+D3L|Tlp|TINS
openood,openimageo_seed124,L14xD3L+D3L,Tlp,TANL,97.20773282640508,12.136870628268952,openimageo,124,L14xD3L+D3L|Tlp|TANL
openood,openimageo_seed124,L14xD3L+D3L,Tq0.05,none,97.5690219225464,11.008885247967736,openimageo,124,L14xD3L+D3L|Tq0.05|none
openood,openimageo_seed124,L14xD3L+D3L,Tq0.05,TINS,97.80767898278263,10.252693931564686,openimageo,124,L14xD3L+D3L|Tq0.05|TINS
openood,openimageo_seed124,L14xD3L+D3L,Tq0.05,TANL,97.62581448106371,11.021488436574453,openimageo,124,L14xD3L+D3L|Tq0.05|TANL
openood,openimageo_seed124,L14xD3L+D3L,Tq0.2,none,97.35248142780122,11.733568592853992,openimageo,124,L14xD3L+D3L|Tq0.2|none
openood,openimageo_seed124,L14xD3L+D3L,Tq0.2,TINS,97.69568858921306,10.548868863822548,openimageo,124,L14xD3L+D3L|Tq0.2|TINS
openood,openimageo_seed124,L14xD3L+D3L,Tq0.2,TANL,97.44983762892012,11.531917575146512,openimageo,124,L14xD3L+D3L|Tq0.2|TANL
openood,openimageo_seed124,L14xD3L+D3L,Tnn,none,97.89252231814648,10.492154515092318,openimageo,124,L14xD3L+D3L|Tnn|none
openood,openimageo_seed124,L14xD3L+D3L,Tnn,TINS,98.08294480503564,9.553216963891863,openimageo,124,L14xD3L+D3L|Tnn|TINS
openood,openimageo_seed124,L14xD3L+D3L,Tnn,TANL,97.93630915621652,10.492154515092318,openimageo,124,L14xD3L+D3L|Tnn|TANL
openood,openimageo_seed124,L14xD3L+D3L,Tk20,none,97.805867134385,10.139265234104228,openimageo,124,L14xD3L+D3L|Tk20|none
openood,openimageo_seed124,L14xD3L+D3L,Tk20,TINS,97.966129770832,9.641439284138889,openimageo,124,L14xD3L+D3L|Tk20|TINS
openood,openimageo_seed124,L14xD3L+D3L,Tk20,TANL,97.8304434221858,10.158170017014305,openimageo,124,L14xD3L+D3L|Tk20|TANL
openood,openimageo_seed124,L14xD3L+D3L,Tlp20,none,97.60709482499072,10.876551767597205,openimageo,124,L14xD3L+D3L|Tlp20|none
openood,openimageo_seed124,L14xD3L+D3L,Tlp20,TINS,97.91263287611766,10.120360451194152,openimageo,124,L14xD3L+D3L|Tlp20|TINS
openood,openimageo_seed124,L14xD3L+D3L,Tlp20,TANL,97.68349136331491,10.756821475833386,openimageo,124,L14xD3L+D3L|Tlp20|TANL
openood,openimageo_seed124,L14+D3L,T,none,97.55566856414671,11.53821916944987,openimageo,124,L14+D3L|T|none
openood,openimageo_seed124,L14+D3L,T,TINS,97.82343632939131,10.529964080912473,openimageo,124,L14+D3L|T|TINS
openood,openimageo_seed124,L14+D3L,T,TANL,97.6250310528564,11.462600037809564,openimageo,124,L14+D3L|T|TANL
openood,openimageo_seed124,L14+D3L,Tlp,none,97.1077760273349,12.685109332661163,openimageo,124,L14+D3L|Tlp|none
openood,openimageo_seed124,L14+D3L,Tlp,TINS,97.65489584864972,10.920662927720713,openimageo,124,L14+D3L|Tlp|TINS
openood,openimageo_seed124,L14+D3L,Tlp,TANL,97.30733911679654,12.262902514336126,openimageo,124,L14+D3L|Tlp|TANL
openood,openimageo_seed124,L14+D3L,Tq0.05,none,97.57601200103628,11.298758585922238,openimageo,124,L14+D3L|Tq0.05|none
openood,openimageo_seed124,L14+D3L,Tq0.05,TINS,97.8017178146071,10.637091184069568,openimageo,124,L14+D3L|Tq0.05|TINS
openood,openimageo_seed124,L14+D3L,Tq0.05,TANL,97.62321031220898,11.399584094775978,openimageo,124,L14+D3L|Tq0.05|TANL
openood,openimageo_seed124,L14+D3L,Tq0.2,none,97.3796950028357,12.036045119415212,openimageo,124,L14+D3L|Tq0.2|none
openood,openimageo_seed124,L14+D3L,Tq0.2,TINS,97.71693882552285,10.68120234419308,openimageo,124,L14+D3L|Tq0.2|TINS
openood,openimageo_seed124,L14+D3L,Tq0.2,TANL,97.47383241960216,11.752473375764067,openimageo,124,L14+D3L|Tq0.2|TANL
openood,openimageo_seed124,L14+D3L,Tnn,none,97.87985548343732,10.851345390383766,openimageo,124,L14+D3L|Tnn|none
openood,openimageo_seed124,L14+D3L,Tnn,TINS,98.06831866462214,9.723360010082551,openimageo,124,L14+D3L|Tnn|TINS
openood,openimageo_seed124,L14+D3L,Tnn,TANL,97.92044678303613,10.763123070136745,openimageo,124,L14+D3L|Tnn|TANL
openood,openimageo_seed124,L14+D3L,Tk20,none,97.75415443107109,10.460646543575525,openimageo,124,L14+D3L|Tk20|none
openood,openimageo_seed124,L14+D3L,Tk20,TINS,97.92654861680006,9.893503056273238,openimageo,124,L14+D3L|Tk20|TINS
openood,openimageo_seed124,L14+D3L,Tk20,TANL,97.78545942123355,10.561472052429265,openimageo,124,L14+D3L|Tk20|TANL
openood,openimageo_seed124,L14+D3L,Tlp20,none,97.63845778982082,11.034091625181173,openimageo,124,L14+D3L|Tlp20|none
openood,openimageo_seed124,L14+D3L,Tlp20,TINS,97.9285182151084,10.258995525868045,openimageo,124,L14+D3L|Tlp20|TINS
openood,openimageo_seed124,L14+D3L,Tlp20,TANL,97.71617563243504,10.914361333417355,openimageo,124,L14+D3L|Tlp20|TANL
openood,openimageo_seed124,L14+D3L,SL,none,97.65604203863576,11.462600037809564,openimageo,124,L14+D3L|SL|none
openood,openimageo_seed124,L14+D3L,SL,TINS,98.0149804300488,9.855693490453085,openimageo,124,L14+D3L|SL|TINS
openood,openimageo_seed124,L14+D3L,SL,TANL,97.75048711323964,11.071901191001324,openimageo,124,L14+D3L|SL|TANL
openood,openimageo_seed124,L14+D3L,static,none,97.13942102351896,14.380238200264667,openimageo,124,L14+D3L|static|none
openood,openimageo_seed124,L14+D3L,static,TINS,97.9371260528914,11.349171340349107,openimageo,124,L14+D3L|static|TINS
openood,openimageo_seed124,L14+D3L,static,TANL,97.60546621295188,12.84895078454849,openimageo,124,L14+D3L|static|TANL
openood,openimageo_seed124,D3L,T,none,97.45348233102976,11.853298884617807,openimageo,124,D3L|T|none
openood,openimageo_seed124,D3L,T,TINS,97.76935058569818,10.403932194845297,openimageo,124,D3L|T|TINS
openood,openimageo_seed124,D3L,T,TANL,97.5416821755904,11.708362215640555,openimageo,124,D3L|T|TANL
openood,openimageo_seed124,D3L,Tlp,none,96.78892200726784,13.245951225660091,openimageo,124,D3L|Tlp|none
openood,openimageo_seed124,D3L,Tlp,TINS,97.36501438864032,12.269204108639483,openimageo,124,D3L|Tlp|TINS
openood,openimageo_seed124,D3L,Tlp,TANL,97.03361725516557,12.836347595941774,openimageo,124,D3L|Tlp|TANL
openood,openimageo_seed124,D3L,Tq0.05,none,97.4640198570238,11.298758585922238,openimageo,124,D3L|Tq0.05|none
openood,openimageo_seed124,D3L,Tq0.05,TINS,97.72271738749905,10.618186401159493,openimageo,124,D3L|Tq0.05|TINS
openood,openimageo_seed124,D3L,Tq0.05,TANL,97.52308435034062,11.49410800932636,openimageo,124,D3L|Tq0.05|TANL
openood,openimageo_seed124,D3L,Tq0.2,none,97.2674418327837,12.212489759909255,openimageo,124,D3L|Tq0.2|none
openood,openimageo_seed124,D3L,Tq0.2,TINS,97.6747411095007,10.649694372676286,openimageo,124,D3L|Tq0.2|TINS
openood,openimageo_seed124,D3L,Tq0.2,TANL,97.38440558461288,11.84699729031445,openimageo,124,D3L|Tq0.2|TANL
openood,openimageo_seed124,D3L,Tnn,none,97.85088117293677,10.952170899237506,openimageo,124,D3L|Tnn|none
openood,openimageo_seed124,D3L,Tnn,TINS,98.0868751794204,9.622534501228811,openimageo,124,D3L|Tnn|TINS
openood,openimageo_seed124,D3L,Tnn,TANL,97.90290412474356,10.819837418866973,openimageo,124,D3L|Tnn|TANL
openood,openimageo_seed124,D3L,Tk20,none,97.6853648273013,10.637091184069568,openimageo,124,D3L|Tk20|none
openood,openimageo_seed124,D3L,Tk20,TINS,97.82593442140862,10.17707479992438,openimageo,124,D3L|Tk20|TINS
openood,openimageo_seed124,D3L,Tk20,TANL,97.69384999404848,10.851345390383766,openimageo,124,D3L|Tk20|TANL
openood,openimageo_seed124,D3L,Tlp20,none,97.389494332066,11.714663809943916,openimageo,124,D3L|Tlp20|none
openood,openimageo_seed124,D3L,Tlp20,TINS,97.5738934750492,12.262902514336126,openimageo,124,D3L|Tlp20|TINS
openood,openimageo_seed124,D3L,Tlp20,TANL,97.4313238949454,12.029743525111854,openimageo,124,D3L|Tlp20|TANL
openood,openimageo_seed124,D3L,SL,none,97.5387531245405,11.758774970067428,openimageo,124,D3L|SL|none
openood,openimageo_seed124,D3L,SL,TINS,97.9323280189888,10.095154073980716,openimageo,124,D3L|SL|TINS
openood,openimageo_seed124,D3L,SL,TANL,97.6544297407244,11.670552649820404,openimageo,124,D3L|SL|TANL
openood,openimageo_seed124,D3L,static,none,96.56958640536055,17.94063898166236,openimageo,124,D3L|static|none
openood,openimageo_seed124,D3L,static,TINS,97.583869739044,13.5043165920978,openimageo,124,D3L|static|TINS
openood,openimageo_seed124,D3L,static,TANL,97.3471696039098,14.67011153821917,openimageo,124,D3L|static|TANL
openood,openimageo_seed124,L14,T,none,96.75615196644752,15.048207196420693,openimageo,124,L14|T|none
openood,openimageo_seed124,L14,T,TINS,97.36395894161222,12.710315709874598,openimageo,124,L14|T|TINS
openood,openimageo_seed124,L14,T,TANL,97.01189229875158,14.493666897725124,openimageo,124,L14|T|TANL
openood,openimageo_seed124,L14,Tlp,none,96.10629739324048,16.214002142542064,openimageo,124,L14|Tlp|none
openood,openimageo_seed124,L14,Tlp,TINS,97.09139230225249,14.165983993950473,openimageo,124,L14|Tlp|TINS
openood,openimageo_seed124,L14,Tlp,TANL,96.64549099922282,15.111223139454284,openimageo,124,L14|Tlp|TANL
openood,openimageo_seed124,L14,Tq0.05,none,96.81524229630098,14.481063709118407,openimageo,124,L14|Tq0.05|none
openood,openimageo_seed124,L14,Tq0.05,TINS,97.3301359043838,13.22074484844666,openimageo,124,L14|Tq0.05|TINS
openood,openimageo_seed124,L14,Tq0.05,TANL,97.01483150237009,14.455857331904973,openimageo,124,L14|Tq0.05|TANL
openood,openimageo_seed124,L14,Tq0.2,none,96.49812723619074,15.42000126031886,openimageo,124,L14|Tq0.2|none
openood,openimageo_seed124,L14,Tq0.2,TINS,97.27045490509096,12.69771252126788,openimageo,124,L14|Tq0.2|TINS
openood,openimageo_seed124,L14,Tq0.2,TANL,96.83594233341036,14.46846052051169,openimageo,124,L14|Tq0.2|TANL
openood,openimageo_seed124,L14,Tnn,none,97.1184349640459,14.273111097107568,openimageo,124,L14|Tnn|none
openood,openimageo_seed124,L14,Tnn,TINS,97.59024639233724,12.269204108639483,openimageo,124,L14|Tnn|TINS
openood,openimageo_seed124,L14,Tnn,TANL,97.2906304395012,13.882412250299325,openimageo,124,L14|Tnn|TANL
openood,openimageo_seed124,L14,Tk20,none,97.04996555128449,13.245951225660091,openimageo,124,L14|Tk20|none
openood,openimageo_seed124,L14,Tk20,TINS,97.50947563733624,11.9919339592917,openimageo,124,L14|Tk20|TINS
openood,openimageo_seed124,L14,Tk20,TANL,97.24981074211776,12.716617304177957,openimageo,124,L14|Tk20|TANL
openood,openimageo_seed124,L14,Tlp20,none,96.83308911154522,14.140777616737036,openimageo,124,L14|Tlp20|none
openood,openimageo_seed124,L14,Tlp20,TINS,97.39678310612584,13.41609427185078,openimageo,124,L14|Tlp20|TINS
openood,openimageo_seed124,L14,Tlp20,TANL,97.14812044447244,13.472808620581006,openimageo,124,L14|Tlp20|TANL
openood,openimageo_seed124,L14,SL,none,96.70926285350193,16.03125590774466,openimageo,124,L14|SL|none
openood,openimageo_seed124,L14,SL,TINS,97.50908017728489,12.231394542819334,openimageo,124,L14|SL|TINS
openood,openimageo_seed124,L14,SL,TANL,97.02777420687434,14.878064150230008,openimageo,124,L14|SL|TANL
openood,openimageo_seed124,L14,static,none,96.4391630782588,17.650765643707857,openimageo,124,L14|static|none
openood,openimageo_seed124,L14,static,TINS,97.39630572534853,14.607095595185582,openimageo,124,L14|static|TINS
openood,openimageo_seed124,L14,static,TANL,97.08245958227432,15.577541117902827,openimageo,124,L14|static|TANL
openood,openimageo_seed124,L14xD3L,T,none,97.27548784842564,12.319616863066356,openimageo,124,L14xD3L|T|none
openood,openimageo_seed124,L14xD3L,T,TINS,97.68603356649233,10.78832944735018,openimageo,124,L14xD3L|T|TINS
openood,openimageo_seed124,L14xD3L,T,TANL,97.4217676672198,12.067553090932003,openimageo,124,L14xD3L|T|TANL
openood,openimageo_seed124,L14xD3L,Tlp,none,96.69007127803332,13.554729346524672,openimageo,124,L14xD3L|Tlp|none
openood,openimageo_seed124,L14xD3L,Tlp,TINS,97.3455281786292,12.640998172537651,openimageo,124,L14xD3L|Tlp|TINS
openood,openimageo_seed124,L14xD3L,Tlp,TANL,97.00573284040864,13.1073161509862,openimageo,124,L14xD3L|Tlp|TANL
openood,openimageo_seed124,L14xD3L,Tq0.05,none,97.31024688246126,11.657949461213688,openimageo,124,L14xD3L|Tq0.05|none
openood,openimageo_seed124,L14xD3L,Tq0.05,TINS,97.64584941990324,11.040393219484528,openimageo,124,L14xD3L|Tq0.05|TINS
openood,openimageo_seed124,L14xD3L,Tq0.05,TANL,97.41657802424012,11.733568592853992,openimageo,124,L14xD3L|Tq0.05|TANL
openood,openimageo_seed124,L14xD3L,Tq0.2,none,97.0312112364428,12.830046001638417,openimageo,124,L14xD3L|Tq0.2|none
openood,openimageo_seed124,L14xD3L,Tq0.2,TINS,97.567652656122,11.078202785304684,openimageo,124,L14xD3L|Tq0.2|TINS
openood,openimageo_seed124,L14xD3L,Tq0.2,TANL,97.2274610876552,12.433045560526814,openimageo,124,L14xD3L|Tq0.2|TANL
openood,openimageo_seed124,L14xD3L,Tnn,none,97.6752396356278,11.783981347280864,openimageo,124,L14xD3L|Tnn|none
openood,openimageo_seed124,L14xD3L,Tnn,TINS,97.97940092843488,10.322011468901632,openimageo,124,L14xD3L|Tnn|TINS
openood,openimageo_seed124,L14xD3L,Tnn,TANL,97.7619803810364,11.531917575146512,openimageo,124,L14xD3L|Tnn|TANL
openood,openimageo_seed124,L14xD3L,Tk20,none,97.63821524845784,10.737916692923308,openimageo,124,L14xD3L|Tk20|none
openood,openimageo_seed124,L14xD3L,Tk20,TINS,97.84408189271883,10.328313063204993,openimageo,124,L14xD3L|Tk20|TINS
openood,openimageo_seed124,L14xD3L,Tk20,TANL,97.68477450795052,10.908059739113996,openimageo,124,L14xD3L|Tk20|TANL
openood,openimageo_seed124,L14xD3L,Tlp20,none,97.44355437925796,11.68315583842712,openimageo,124,L14xD3L|Tlp20|none
openood,openimageo_seed124,L14xD3L,Tlp20,TINS,97.66667492875698,11.74617178146071,openimageo,124,L14xD3L|Tlp20|TINS
openood,openimageo_seed124,L14xD3L,Tlp20,TANL,97.52691852038566,11.468901632112924,openimageo,124,L14xD3L|Tlp20|TANL
openood,openimageo_seed124,D3B+D3L,T,none,97.66668025010328,11.065599596697965,openimageo,124,D3B+D3L|T|none
openood,openimageo_seed124,D3B+D3L,T,TINS,97.82256502895234,10.466948137878882,openimageo,124,D3B+D3L|T|TINS
openood,openimageo_seed124,D3B+D3L,T,TANL,97.68794343969024,11.122313945428193,openimageo,124,D3B+D3L|T|TANL
openood,openimageo_seed124,D3B+D3L,Tlp,none,97.09305809369772,12.729220492784671,openimageo,124,D3B+D3L|Tlp|none
openood,openimageo_seed124,D3B+D3L,Tlp,TINS,97.52312783134133,11.519314386539795,openimageo,124,D3B+D3L|Tlp|TINS
openood,openimageo_seed124,D3B+D3L,Tlp,TANL,97.21302945645247,12.489759909257042,openimageo,124,D3B+D3L|Tlp|TANL
openood,openimageo_seed124,D3B+D3L,Tq0.05,none,97.608325316305,11.160123511248344,openimageo,124,D3B+D3L|Tq0.05|none
openood,openimageo_seed124,D3B+D3L,Tq0.05,TINS,97.7450307727855,10.800932635956896,openimageo,124,D3B+D3L|Tq0.05|TINS
openood,openimageo_seed124,D3B+D3L,Tq0.05,TANL,97.61943586727442,11.3806793118659,openimageo,124,D3B+D3L|Tq0.05|TANL
openood,openimageo_seed124,D3B+D3L,Tq0.2,none,97.57248639905896,11.34286974604575,openimageo,124,D3B+D3L|Tq0.2|none
openood,openimageo_seed124,D3B+D3L,Tq0.2,TINS,97.76800456515498,10.492154515092318,openimageo,124,D3B+D3L|Tq0.2|TINS
openood,openimageo_seed124,D3B+D3L,Tq0.2,TANL,97.60436567451566,11.330266557439032,openimageo,124,D3B+D3L|Tq0.2|TANL
openood,openimageo_seed124,D3B+D3L,Tnn,none,98.0587135645318,10.044741319553848,openimageo,124,D3B+D3L|Tnn|none
openood,openimageo_seed124,D3B+D3L,Tnn,TINS,98.15596809992928,9.345264351881026,openimageo,124,D3B+D3L|Tnn|TINS
openood,openimageo_seed124,D3B+D3L,Tnn,TANL,98.0653812814642,10.025836536643771,openimageo,124,D3B+D3L|Tnn|TANL
openood,openimageo_seed124,D3B+D3L,Tk20,none,97.65852465673817,11.305060180225595,openimageo,124,D3B+D3L|Tk20|none
openood,openimageo_seed124,D3B+D3L,Tk20,TINS,97.74797249704174,11.260949020102084,openimageo,124,D3B+D3L|Tk20|TINS
openood,openimageo_seed124,D3B+D3L,Tk20,TANL,97.65436315387794,11.525615980843153,openimageo,124,D3B+D3L|Tk20|TANL
openood,openimageo_seed124,D3B+D3L,Tlp20,none,97.41276660995231,12.174680194089104,openimageo,124,D3B+D3L|Tlp20|none
openood,openimageo_seed124,D3B+D3L,Tlp20,TINS,97.65016237107989,11.872203667527884,openimageo,124,D3B+D3L|Tlp20|TINS
openood,openimageo_seed124,D3B+D3L,Tlp20,TANL,97.45366591747712,12.376331211796584,openimageo,124,D3B+D3L|Tlp20|TANL
openood,openimageo_seed124,D3B+D3L,SL,none,97.72115480216496,11.670552649820404,openimageo,124,D3B+D3L|SL|none
openood,openimageo_seed124,D3B+D3L,SL,TINS,97.96187661478352,10.28420190308148,openimageo,124,D3B+D3L|SL|TINS
openood,openimageo_seed124,D3B+D3L,SL,TANL,97.77382947885816,11.298758585922238,openimageo,124,D3B+D3L|SL|TANL
openood,openimageo_seed124,D3B+D3L,static,none,96.52528675754968,19.490831180288613,openimageo,124,D3B+D3L|static|none
openood,openimageo_seed124,D3B+D3L,static,TINS,97.57355640977168,13.724872392715357,openimageo,124,D3B+D3L|static|TINS
openood,openimageo_seed124,D3B+D3L,static,TANL,97.22159472346505,15.779192135610309,openimageo,124,D3B+D3L|static|TANL
openood,openimageo_seed124,L14+D3B+D3L,T,none,97.72840079540124,10.94586930493415,openimageo,124,L14+D3B+D3L|T|none
openood,openimageo_seed124,L14+D3B+D3L,T,TINS,97.87779262153325,10.246392337261328,openimageo,124,L14+D3B+D3L|T|TINS
openood,openimageo_seed124,L14+D3B+D3L,T,TANL,97.75370162651151,10.819837418866973,openimageo,124,L14+D3B+D3L|T|TANL
openood,openimageo_seed124,L14+D3B+D3L,Tlp,none,97.3007997423348,12.162077005482388,openimageo,124,L14+D3B+D3L|Tlp|none
openood,openimageo_seed124,L14+D3B+D3L,Tlp,TINS,97.68726769872778,10.668599155586362,openimageo,124,L14+D3B+D3L|Tlp|TINS
openood,openimageo_seed124,L14+D3B+D3L,Tlp,TANL,97.41073672639178,11.783981347280864,openimageo,124,L14+D3B+D3L|Tlp|TANL
openood,openimageo_seed124,L14+D3B+D3L,Tq0.05,none,97.69152526589228,11.071901191001324,openimageo,124,L14+D3B+D3L|Tq0.05|none
openood,openimageo_seed124,L14+D3B+D3L,Tq0.05,TINS,97.82324406074736,10.706408721406516,openimageo,124,L14+D3B+D3L|Tq0.05|TINS
openood,openimageo_seed124,L14+D3B+D3L,Tq0.05,TANL,97.70712787335196,11.197933077068498,openimageo,124,L14+D3B+D3L|Tq0.05|TANL
openood,openimageo_seed124,L14+D3B+D3L,Tq0.2,none,97.6218938391413,11.223139454281933,openimageo,124,L14+D3B+D3L|Tq0.2|none
openood,openimageo_seed124,L14+D3B+D3L,Tq0.2,TINS,97.80697208393724,10.309408280294914,openimageo,124,L14+D3B+D3L|Tq0.2|TINS
openood,openimageo_seed124,L14+D3B+D3L,Tq0.2,TANL,97.6583744687406,11.097107568214758,openimageo,124,L14+D3B+D3L|Tq0.2|TANL
openood,openimageo_seed124,L14+D3B+D3L,Tnn,none,98.07042178671205,9.912407839183317,openimageo,124,L14+D3B+D3L|Tnn|none
openood,openimageo_seed124,L14+D3B+D3L,Tnn,TINS,98.164999264814,9.257042031634004,openimageo,124,L14+D3B+D3L|Tnn|TINS
openood,openimageo_seed124,L14+D3B+D3L,Tnn,TANL,98.08141638834624,9.906106244879954,openimageo,124,L14+D3B+D3L|Tnn|TANL
openood,openimageo_seed124,L14+D3B+D3L,Tk20,none,97.78464553532044,10.731615098619953,openimageo,124,L14+D3B+D3L|Tk20|none
openood,openimageo_seed124,L14+D3B+D3L,Tk20,TINS,97.88234741389572,10.454344949272166,openimageo,124,L14+D3B+D3L|Tk20|TINS
openood,openimageo_seed124,L14+D3B+D3L,Tk20,TANL,97.7917183747488,10.876551767597205,openimageo,124,L14+D3B+D3L|Tk20|TANL
openood,openimageo_seed124,L14+D3B+D3L,Tlp20,none,97.67200873821076,11.134917134034913,openimageo,124,L14+D3B+D3L|Tlp20|none
openood,openimageo_seed124,L14+D3B+D3L,Tlp20,TINS,97.89675902003206,10.422836977755372,openimageo,124,L14+D3B+D3L|Tlp20|TINS
openood,openimageo_seed124,L14+D3B+D3L,Tlp20,TANL,97.71553763102064,11.122313945428193,openimageo,124,L14+D3B+D3L|Tlp20|TANL
openood,openimageo_seed124,L14+D3B+D3L,SL,none,97.82434817008703,11.19163148276514,openimageo,124,L14+D3B+D3L|SL|none
openood,openimageo_seed124,L14+D3B+D3L,SL,TINS,98.0468438114843,9.92501102779003,openimageo,124,L14+D3B+D3L|SL|TINS
openood,openimageo_seed124,L14+D3B+D3L,SL,TANL,97.87129581784193,11.027790030877812,openimageo,124,L14+D3B+D3L|SL|TANL
openood,openimageo_seed124,L14+D3B+D3L,static,none,97.10467368244164,15.268762997038252,openimageo,124,L14+D3B+D3L|static|none
openood,openimageo_seed124,L14+D3B+D3L,static,TINS,97.84924429880758,11.960425987774908,openimageo,124,L14+D3B+D3L|static|TINS
openood,openimageo_seed124,L14+D3B+D3L,static,TANL,97.52306845631944,13.592538912344825,openimageo,124,L14+D3B+D3L|static|TANL
openood,openimageo_seed124,B14+L14+D3L,T,none,97.63635487778409,11.386980906169262,openimageo,124,B14+L14+D3L|T|none
openood,openimageo_seed124,B14+L14+D3L,T,TINS,97.8135265822253,10.68120234419308,openimageo,124,B14+L14+D3L|T|TINS
openood,openimageo_seed124,B14+L14+D3L,T,TANL,97.675192023582,11.204234671371855,openimageo,124,B14+L14+D3L|T|TANL
openood,openimageo_seed124,B14+L14+D3L,Tlp,none,97.22502699182893,12.44564874913353,openimageo,124,B14+L14+D3L|Tlp|none
openood,openimageo_seed124,B14+L14+D3L,Tlp,TINS,97.65832853711989,10.983678870754302,openimageo,124,B14+L14+D3L|Tlp|TINS
openood,openimageo_seed124,B14+L14+D3L,Tlp,TANL,97.3647879513517,12.130569033965594,openimageo,124,B14+L14+D3L|Tlp|TANL
openood,openimageo_seed124,B14+L14+D3L,Tq0.05,none,97.62320905189014,11.487806415023002,openimageo,124,B14+L14+D3L|Tq0.05|none
openood,openimageo_seed124,B14+L14+D3L,Tq0.05,TINS,97.7773596319869,11.052996408091246,openimageo,124,B14+L14+D3L|Tq0.05|TINS
openood,openimageo_seed124,B14+L14+D3L,Tq0.05,TANL,97.64939889792116,11.49410800932636,openimageo,124,B14+L14+D3L|Tq0.05|TANL
openood,openimageo_seed124,B14+L14+D3L,Tq0.2,none,97.48721147450306,11.758774970067428,openimageo,124,B14+L14+D3L|Tq0.2|none
openood,openimageo_seed124,B14+L14+D3L,Tq0.2,TINS,97.7112102561948,10.78202785304682,openimageo,124,B14+L14+D3L|Tq0.2|TINS
openood,openimageo_seed124,B14+L14+D3L,Tq0.2,TANL,97.54175660442093,11.607536706786815,openimageo,124,B14+L14+D3L|Tq0.2|TANL
openood,openimageo_seed124,B14+L14+D3L,Tnn,none,97.95440908549864,10.517360892305753,openimageo,124,B14+L14+D3L|Tnn|none
openood,openimageo_seed124,B14+L14+D3L,Tnn,TINS,98.07196574733406,9.887201461969878,openimageo,124,B14+L14+D3L|Tnn|TINS
openood,openimageo_seed124,B14+L14+D3L,Tnn,TANL,97.97513796990638,10.43544016636209,openimageo,124,B14+L14+D3L|Tnn|TANL
openood,openimageo_seed124,B14+L14+D3L,Tk20,none,97.741837754952,10.851345390383766,openimageo,124,B14+L14+D3L|Tk20|none
openood,openimageo_seed124,B14+L14+D3L,Tk20,TINS,97.8640071137998,10.555170458125907,openimageo,124,B14+L14+D3L|Tk20|TINS
openood,openimageo_seed124,B14+L14+D3L,Tk20,TANL,97.75943061594585,10.983678870754302,openimageo,124,B14+L14+D3L|Tk20|TANL
openood,openimageo_seed124,B14+L14+D3L,Tlp20,none,97.65386917890228,11.267250614405445,openimageo,124,B14+L14+D3L|Tlp20|none
openood,openimageo_seed124,B14+L14+D3L,Tlp20,TINS,97.91188662731672,10.44174176066545,openimageo,124,B14+L14+D3L|Tlp20|TINS
openood,openimageo_seed124,B14+L14+D3L,Tlp20,TANL,97.7157811526316,11.172726699855064,openimageo,124,B14+L14+D3L|Tlp20|TANL
openood,openimageo_seed124,B14+L14+D3L,SL,none,97.74577163022244,11.374377717562544,openimageo,124,B14+L14+D3L|SL|none
openood,openimageo_seed124,B14+L14+D3L,SL,TINS,98.00424923505648,10.195979582834456,openimageo,124,B14+L14+D3L|SL|TINS
openood,openimageo_seed124,B14+L14+D3L,SL,TANL,97.8050370043621,11.084504379608042,openimageo,124,B14+L14+D3L|SL|TANL
openood,openimageo_seed124,B14+L14+D3L,static,none,97.2468109031585,14.31092066292772,openimageo,124,B14+L14+D3L|static|none
openood,openimageo_seed124,B14+L14+D3L,static,TINS,97.90327752921488,11.49410800932636,openimageo,124,B14+L14+D3L|static|TINS
openood,openimageo_seed124,B14+L14+D3L,static,TANL,97.58719095931272,13.05690339655933,openimageo,124,B14+L14+D3L|static|TANL
openood,openimageo_seed124,B14+L14+D3B+D3L,T,none,97.71327633891376,11.24204423719201,openimageo,124,B14+L14+D3B+D3L|T|none
openood,openimageo_seed124,B14+L14+D3B+D3L,T,TINS,97.83451061118464,10.737916692923308,openimageo,124,B14+L14+D3B+D3L|T|TINS
openood,openimageo_seed124,B14+L14+D3B+D3L,T,TANL,97.7335831565386,11.204234671371855,openimageo,124,B14+L14+D3B+D3L|T|TANL
openood,openimageo_seed124,B14+L14+D3B+D3L,Tlp,none,97.30732168238563,12.275505702942844,openimageo,124,B14+L14+D3B+D3L|Tlp|none
openood,openimageo_seed124,B14+L14+D3B+D3L,Tlp,TINS,97.64972307993922,11.128615539731552,openimageo,124,B14+L14+D3B+D3L|Tlp|TINS
openood,openimageo_seed124,B14+L14+D3B+D3L,Tlp,TANL,97.40280736026212,12.036045119415212,openimageo,124,B14+L14+D3B+D3L|Tlp|TANL
openood,openimageo_seed124,B14+L14+D3B+D3L,Tq0.05,none,97.66592552915888,11.550822358056587,openimageo,124,B14+L14+D3B+D3L|Tq0.05|none
openood,openimageo_seed124,B14+L14+D3B+D3L,Tq0.05,TINS,97.77536692783274,11.210536265675216,openimageo,124,B14+L14+D3B+D3L|Tq0.05|TINS
openood,openimageo_seed124,B14+L14+D3B+D3L,Tq0.05,TANL,97.67952703033868,11.670552649820404,openimageo,124,B14+L14+D3B+D3L|Tq0.05|TANL
openood,openimageo_seed124,B14+L14+D3B+D3L,Tq0.2,none,97.60815538331198,11.49410800932636,openimageo,124,B14+L14+D3B+D3L|Tq0.2|none
openood,openimageo_seed124,B14+L14+D3B+D3L,Tq0.2,TINS,97.7588918996506,10.88285336190056,openimageo,124,B14+L14+D3B+D3L|Tq0.2|TINS
openood,openimageo_seed124,B14+L14+D3B+D3L,Tq0.2,TANL,97.63792551515536,11.361774528955824,openimageo,124,B14+L14+D3B+D3L|Tq0.2|TANL
openood,openimageo_seed124,B14+L14+D3B+D3L,Tnn,none,98.05160151518334,10.189677988531098,openimageo,124,B14+L14+D3B+D3L|Tnn|none
openood,openimageo_seed124,B14+L14+D3B+D3L,Tnn,TINS,98.1261083454114,9.817883924632932,openimageo,124,B14+L14+D3B+D3L|Tnn|TINS
openood,openimageo_seed124,B14+L14+D3B+D3L,Tnn,TANL,98.06028959326709,10.170773205621025,openimageo,124,B14+L14+D3B+D3L|Tnn|TANL
openood,openimageo_seed124,B14+L14+D3B+D3L,Tk20,none,97.7308945463202,11.027790030877812,openimageo,124,B14+L14+D3B+D3L|Tk20|none
openood,openimageo_seed124,B14+L14+D3B+D3L,Tk20,TINS,97.81658243535614,10.78202785304682,openimageo,124,B14+L14+D3B+D3L|Tk20|TINS
openood,openimageo_seed124,B14+L14+D3B+D3L,Tk20,TANL,97.73887656577114,11.034091625181173,openimageo,124,B14+L14+D3B+D3L|Tk20|TANL
openood,openimageo_seed124,B14+L14+D3B+D3L,Tlp20,none,97.64446334922734,11.330266557439032,openimageo,124,B14+L14+D3B+D3L|Tlp20|none
openood,openimageo_seed124,B14+L14+D3B+D3L,Tlp20,TINS,97.86004033020356,10.605583212552776,openimageo,124,B14+L14+D3B+D3L|Tlp20|TINS
openood,openimageo_seed124,B14+L14+D3B+D3L,Tlp20,TANL,97.68916398848908,11.305060180225595,openimageo,124,B14+L14+D3B+D3L|Tlp20|TANL
openood,openimageo_seed124,B14+L14+D3B+D3L,SL,none,97.82783624256936,11.3806793118659,openimageo,124,B14+L14+D3B+D3L|SL|none
openood,openimageo_seed124,B14+L14+D3B+D3L,SL,TINS,98.01392218231211,10.27790030877812,openimageo,124,B14+L14+D3B+D3L|SL|TINS
openood,openimageo_seed124,B14+L14+D3B+D3L,SL,TANL,97.86619180652706,11.153821916944986,openimageo,124,B14+L14+D3B+D3L|SL|TANL
openood,openimageo_seed124,B14+L14+D3B+D3L,static,none,97.17475140210472,14.96628647047703,openimageo,124,B14+L14+D3B+D3L|static|none
openood,openimageo_seed124,B14+L14+D3B+D3L,static,TINS,97.80032852311636,12.382632806099943,openimageo,124,B14+L14+D3B+D3L|static|TINS
openood,openimageo_seed124,B14+L14+D3B+D3L,static,TANL,97.498058268742,13.548427752221311,openimageo,124,B14+L14+D3B+D3L|static|TANL
openood,openimageo_seed124,B14+L14,T,none,97.24068435314136,13.151427311109712,openimageo,124,B14+L14|T|none
openood,openimageo_seed124,B14+L14,T,TINS,97.52735270023317,12.086457873842082,openimageo,124,B14+L14|T|TINS
openood,openimageo_seed124,B14+L14,T,TANL,97.32500535635516,13.10101455668284,openimageo,124,B14+L14|T|TANL
openood,openimageo_seed124,B14+L14,Tlp,none,96.71087739198016,14.531476463545276,openimageo,124,B14+L14|Tlp|none
openood,openimageo_seed124,B14+L14,Tlp,TINS,97.34057302497531,12.710315709874598,openimageo,124,B14+L14|Tlp|TINS
openood,openimageo_seed124,B14+L14,Tlp,TANL,96.95962162427094,14.07776167370345,openimageo,124,B14+L14|Tlp|TANL
openood,openimageo_seed124,B14+L14,Tq0.05,none,97.21444143368272,13.523221375007877,openimageo,124,B14+L14|Tq0.05|none
openood,openimageo_seed124,B14+L14,Tq0.05,TINS,97.47192177620938,12.672506144054449,openimageo,124,B14+L14|Tq0.05|TINS
openood,openimageo_seed124,B14+L14,Tq0.05,TANL,97.2810361921566,13.65555485537841,openimageo,124,B14+L14|Tq0.05|TANL
openood,openimageo_seed124,B14+L14,Tq0.2,none,97.0741449786796,13.649253261075051,openimageo,124,B14+L14|Tq0.2|none
openood,openimageo_seed124,B14+L14,Tq0.2,TINS,97.43675411879204,12.080156279538723,openimageo,124,B14+L14|Tq0.2|TINS
openood,openimageo_seed124,B14+L14,Tq0.2,TANL,97.18779143123211,13.353078328817192,openimageo,124,B14+L14|Tq0.2|TANL
openood,openimageo_seed124,B14+L14,Tnn,none,97.5878136968653,12.60949020102086,openimageo,124,B14+L14|Tnn|none
openood,openimageo_seed124,B14+L14,Tnn,TINS,97.7891157462838,11.69575902703384,openimageo,124,B14+L14|Tnn|TINS
openood,openimageo_seed124,B14+L14,Tnn,TANL,97.63783995350823,12.433045560526814,openimageo,124,B14+L14|Tnn|TANL
openood,openimageo_seed124,B14+L14,Tk20,none,97.35174071039974,12.420442371920096,openimageo,124,B14+L14|Tk20|none
openood,openimageo_seed124,B14+L14,Tk20,TINS,97.57170024016077,11.771378158674144,openimageo,124,B14+L14|Tk20|TINS
openood,openimageo_seed124,B14+L14,Tk20,TANL,97.40987676882251,12.407839183313378,openimageo,124,B14+L14|Tk20|TANL
openood,openimageo_seed124,B14+L14,Tlp20,none,97.20404261278104,12.70401411557124,openimageo,124,B14+L14|Tlp20|none
openood,openimageo_seed124,B14+L14,Tlp20,TINS,97.60028483206251,12.023441930808492,openimageo,124,B14+L14|Tlp20|TINS
openood,openimageo_seed124,B14+L14,Tlp20,TANL,97.34397770635972,12.710315709874598,openimageo,124,B14+L14|Tlp20|TANL
openood,openimageo_seed124,B14+L14,SL,none,97.28393205480988,13.642951666771694,openimageo,124,B14+L14|SL|none
openood,openimageo_seed124,B14+L14,SL,TINS,97.71243892704857,11.809187724494295,openimageo,124,B14+L14|SL|TINS
openood,openimageo_seed124,B14+L14,SL,TANL,97.40615980843154,13.233348037053377,openimageo,124,B14+L14|SL|TANL
openood,openimageo_seed124,B14+L14,static,none,96.84351656969211,16.648812149473816,openimageo,124,B14+L14|static|none
openood,openimageo_seed124,B14+L14,static,TINS,97.63397707620028,13.271157602873526,openimageo,124,B14+L14|static|TINS
openood,openimageo_seed124,B14+L14,static,TANL,97.27779899314528,15.060810385027413,openimageo,124,B14+L14|static|TANL
openood,openimageo_seed125,L14xD3L+D3L,T,none,97.55206685291378,11.33656815174239,openimageo,125,L14xD3L+D3L|T|none
openood,openimageo_seed125,L14xD3L+D3L,T,TINS,97.84490796171433,10.347217846115068,openimageo,125,L14xD3L+D3L|T|TINS
openood,openimageo_seed125,L14xD3L+D3L,T,TANL,97.63287786810062,11.273552208708804,openimageo,125,L14xD3L+D3L|T|TANL
openood,openimageo_seed125,L14xD3L+D3L,Tlp,none,96.9909557418027,12.559077446593989,openimageo,125,L14xD3L+D3L|Tlp|none
openood,openimageo_seed125,L14xD3L+D3L,Tlp,TINS,97.62521169855974,10.668599155586362,openimageo,125,L14xD3L+D3L|Tlp|TINS
openood,openimageo_seed125,L14xD3L+D3L,Tlp,TANL,97.2123342505654,12.174680194089104,openimageo,125,L14xD3L+D3L|Tlp|TANL
openood,openimageo_seed125,L14xD3L+D3L,Tq0.05,none,97.56901940190868,11.008885247967736,openimageo,125,L14xD3L+D3L|Tq0.05|none
openood,openimageo_seed125,L14xD3L+D3L,Tq0.05,TINS,97.82217194950324,10.107757262587434,openimageo,125,L14xD3L+D3L|Tq0.05|TINS
openood,openimageo_seed125,L14xD3L+D3L,Tq0.05,TANL,97.6302122236926,11.021488436574453,openimageo,125,L14xD3L+D3L|Tq0.05|TANL
openood,openimageo_seed125,L14xD3L+D3L,Tq0.2,none,97.35247988741152,11.733568592853992,openimageo,125,L14xD3L+D3L|Tq0.2|none
openood,openimageo_seed125,L14xD3L+D3L,Tq0.2,TINS,97.71260080800442,10.473249732182245,openimageo,125,L14xD3L+D3L|Tq0.2|TINS
openood,openimageo_seed125,L14xD3L+D3L,Tq0.2,TANL,97.4543500605653,11.49410800932636,openimageo,125,L14xD3L+D3L|Tq0.2|TANL
openood,openimageo_seed125,L14xD3L+D3L,Tnn,none,97.89252119786308,10.492154515092318,openimageo,125,L14xD3L+D3L|Tnn|none
openood,openimageo_seed125,L14xD3L+D3L,Tnn,TINS,98.09346678709714,9.609931312622091,openimageo,125,L14xD3L+D3L|Tnn|TINS
openood,openimageo_seed125,L14xD3L+D3L,Tnn,TANL,97.93939651731888,10.529964080912473,openimageo,125,L14xD3L+D3L|Tnn|TANL
openood,openimageo_seed125,L14xD3L+D3L,Tk20,none,97.8058679745976,10.139265234104228,openimageo,125,L14xD3L+D3L|Tk20|none
openood,openimageo_seed125,L14xD3L+D3L,Tk20,TINS,97.98074106749009,9.603629718318734,openimageo,125,L14xD3L+D3L|Tk20|TINS
openood,openimageo_seed125,L14xD3L+D3L,Tk20,TANL,97.83539017371396,10.189677988531098,openimageo,125,L14xD3L+D3L|Tk20|TANL
openood,openimageo_seed125,L14xD3L+D3L,Tlp20,none,97.60709594527415,10.876551767597205,openimageo,125,L14xD3L+D3L|Tlp20|none
openood,openimageo_seed125,L14xD3L+D3L,Tlp20,TINS,97.93937236120738,10.03213813094713,openimageo,125,L14xD3L+D3L|Tlp20|TINS
openood,openimageo_seed125,L14xD3L+D3L,Tlp20,TANL,97.6914524474692,10.807234230260256,openimageo,125,L14xD3L+D3L|Tlp20|TANL
openood,openimageo_seed125,L14+D3L,T,none,97.5556639429776,11.53821916944987,openimageo,125,L14+D3L|T|none
openood,openimageo_seed125,L14+D3L,T,TINS,97.83873351958046,10.410233789148654,openimageo,125,L14+D3L|T|TINS
openood,openimageo_seed125,L14+D3L,T,TANL,97.629593897256,11.43739366059613,openimageo,125,L14+D3L|T|TANL
openood,openimageo_seed125,L14+D3L,Tlp,none,97.10776979575832,12.685109332661163,openimageo,125,L14+D3L|Tlp|none
openood,openimageo_seed125,L14+D3L,Tlp,TINS,97.69097219596556,10.863948578990485,openimageo,125,L14+D3L|Tlp|TINS
openood,openimageo_seed125,L14+D3L,Tlp,TANL,97.3111869402959,12.25029932572941,openimageo,125,L14+D3L|Tlp|TANL
openood,openimageo_seed125,L14+D3L,Tq0.05,none,97.5760073798671,11.298758585922238,openimageo,125,L14+D3L|Tq0.05|none
openood,openimageo_seed125,L14+D3L,Tq0.05,TINS,97.81602775502203,10.611884806856136,openimageo,125,L14+D3L|Tq0.05|TINS
openood,openimageo_seed125,L14+D3L,Tq0.05,TANL,97.6273672639178,11.468901632112924,openimageo,125,L14+D3L|Tq0.05|TANL
openood,openimageo_seed125,L14+D3L,Tq0.2,none,97.3796891213477,12.036045119415212,openimageo,125,L14+D3L|Tq0.2|none
openood,openimageo_seed125,L14+D3L,Tq0.2,TINS,97.73341371366956,10.637091184069568,openimageo,125,L14+D3L|Tq0.2|TINS
openood,openimageo_seed125,L14+D3L,Tq0.2,TANL,97.4782893972175,11.73987018715735,openimageo,125,L14+D3L|Tq0.2|TANL
openood,openimageo_seed125,L14+D3L,Tnn,none,97.87985422311844,10.851345390383766,openimageo,125,L14+D3L|Tnn|none
openood,openimageo_seed125,L14+D3L,Tnn,TINS,98.07856827777428,9.843090301846368,openimageo,125,L14+D3L|Tnn|TINS
openood,openimageo_seed125,L14+D3L,Tnn,TANL,97.92351404905442,10.74421828722667,openimageo,125,L14+D3L|Tnn|TANL
openood,openimageo_seed125,L14+D3L,Tk20,none,97.75415583142534,10.460646543575525,openimageo,125,L14+D3L|Tk20|none
openood,openimageo_seed125,L14+D3L,Tk20,TINS,97.94012897263008,9.937614216396748,openimageo,125,L14+D3L|Tk20|TINS
openood,openimageo_seed125,L14+D3L,Tk20,TANL,97.79038180659708,10.605583212552776,openimageo,125,L14+D3L|Tk20|TANL
openood,openimageo_seed125,L14+D3L,Tlp20,none,97.63845771980311,11.034091625181173,openimageo,125,L14+D3L|Tlp20|none
openood,openimageo_seed125,L14+D3L,Tlp20,TINS,97.95387190959312,10.107757262587434,openimageo,125,L14+D3L|Tlp20|TINS
openood,openimageo_seed125,L14+D3L,Tlp20,TANL,97.72384348240104,11.021488436574453,openimageo,125,L14+D3L|Tlp20|TANL
openood,openimageo_seed125,L14+D3L,SL,none,97.67846822246028,11.54452076375323,openimageo,125,L14+D3L|SL|none
openood,openimageo_seed125,L14+D3L,SL,TINS,98.05108296398988,9.87459827336316,openimageo,125,L14+D3L|SL|TINS
openood,openimageo_seed125,L14+D3L,SL,TANL,97.7750259415632,11.134917134034913,openimageo,125,L14+D3L|SL|TANL
openood,openimageo_seed125,L14+D3L,static,none,97.13942102351896,14.380238200264667,openimageo,125,L14+D3L|static|none
openood,openimageo_seed125,L14+D3L,static,TINS,97.96207574516352,11.17902829415842,openimageo,125,L14+D3L|static|TINS
openood,openimageo_seed125,L14+D3L,static,TANL,97.60260388878386,12.880458756065286,openimageo,125,L14+D3L|static|TANL
openood,openimageo_seed125,D3L,T,none,97.45347504918746,11.853298884617807,openimageo,125,D3L|T|none
openood,openimageo_seed125,D3L,T,TINS,97.7900769494682,10.422836977755372,openimageo,125,D3L|T|TINS
openood,openimageo_seed125,D3L,T,TANL,97.54815363286912,11.657949461213688,openimageo,125,D3L|T|TANL
openood,openimageo_seed125,D3L,Tlp,none,96.7889146554078,13.245951225660091,openimageo,125,D3L|Tlp|none
openood,openimageo_seed125,D3L,Tlp,TINS,97.41300607053584,12.105362656752158,openimageo,125,D3L|Tlp|TINS
openood,openimageo_seed125,D3L,Tlp,TANL,97.03875431484168,12.874157161761929,openimageo,125,D3L|Tlp|TANL
openood,openimageo_seed125,D3L,Tq0.05,none,97.46401264519923,11.298758585922238,openimageo,125,D3L|Tq0.05|none
openood,openimageo_seed125,D3L,Tq0.05,TINS,97.740561822141,10.693805532799798,openimageo,125,D3L|Tq0.05|TINS
openood,openimageo_seed125,D3L,Tq0.05,TANL,97.52976397028448,11.487806415023002,openimageo,125,D3L|Tq0.05|TANL
openood,openimageo_seed125,D3L,Tq0.2,none,97.26743301055166,12.212489759909255,openimageo,125,D3L|Tq0.2|none
openood,openimageo_seed125,D3L,Tq0.2,TINS,97.69706737804664,10.74421828722667,openimageo,125,D3L|Tq0.2|TINS
openood,openimageo_seed125,D3L,Tq0.2,TANL,97.38989196266655,12.004537147898418,openimageo,125,D3L|Tq0.2|TANL
openood,openimageo_seed125,D3L,Tnn,none,97.85087809215732,10.952170899237506,openimageo,125,D3L|Tnn|none
openood,openimageo_seed125,D3L,Tnn,TINS,98.10198640255985,9.635137689835528,openimageo,125,D3L|Tnn|TINS
openood,openimageo_seed125,D3L,Tnn,TANL,97.9073650233509,10.876551767597205,openimageo,125,D3L|Tnn|TANL
openood,openimageo_seed125,D3L,Tk20,none,97.6853658075493,10.637091184069568,openimageo,125,D3L|Tk20|none
openood,openimageo_seed125,D3L,Tk20,TINS,97.84590949510226,10.158170017014305,openimageo,125,D3L|Tk20|TINS
openood,openimageo_seed125,D3L,Tk20,TANL,97.70196805791866,10.926964522024072,openimageo,125,D3L|Tk20|TANL
openood,openimageo_seed125,D3L,Tlp20,none,97.38949363188888,11.714663809943916,openimageo,125,D3L|Tlp20|none
openood,openimageo_seed125,D3L,Tlp20,TINS,97.61096953529244,12.080156279538723,openimageo,125,D3L|Tlp20|TINS
openood,openimageo_seed125,D3L,Tlp20,TANL,97.44293108156364,11.922616421954752,openimageo,125,D3L|Tlp20|TANL
openood,openimageo_seed125,D3L,SL,none,97.55201735038966,11.64534627260697,openimageo,125,D3L|SL|none
openood,openimageo_seed125,D3L,SL,TINS,97.96660028987334,10.258995525868045,openimageo,125,D3L|SL|TINS
openood,openimageo_seed125,D3L,SL,TANL,97.67176199578496,11.305060180225595,openimageo,125,D3L|SL|TANL
openood,openimageo_seed125,D3L,static,none,96.56958640536055,17.94063898166236,openimageo,125,D3L|static|none
openood,openimageo_seed125,D3L,static,TINS,97.61682651710882,13.579935723738108,openimageo,125,D3L|static|TINS
openood,openimageo_seed125,D3L,static,TANL,97.34625279195636,14.619698783792298,openimageo,125,D3L|static|TANL
openood,openimageo_seed125,L14,T,none,96.75615168637664,15.048207196420693,openimageo,125,L14|T|none
openood,openimageo_seed125,L14,T,TINS,97.38865797046653,12.672506144054449,openimageo,125,L14|T|TINS
openood,openimageo_seed125,L14,T,TANL,97.01890807374268,14.487365303421765,openimageo,125,L14|T|TANL
openood,openimageo_seed125,L14,Tlp,none,96.10629382233708,16.214002142542064,openimageo,125,L14|Tlp|none
openood,openimageo_seed125,L14,Tlp,TINS,97.13995427843244,13.65555485537841,openimageo,125,L14|Tlp|TINS
openood,openimageo_seed125,L14,Tlp,TANL,96.6493168371598,15.16793748818451,openimageo,125,L14|Tlp|TANL
openood,openimageo_seed125,L14,Tq0.05,none,96.81524068589351,14.481063709118407,openimageo,125,L14|Tq0.05|none
openood,openimageo_seed125,L14,Tq0.05,TINS,97.35550276219884,13.2144432541433,openimageo,125,L14|Tq0.05|TINS
openood,openimageo_seed125,L14,Tq0.05,TANL,97.02168602656472,14.474762114815048,openimageo,125,L14|Tq0.05|TANL
openood,openimageo_seed125,L14,Tq0.2,none,96.49812429544676,15.42000126031886,openimageo,125,L14|Tq0.2|none
openood,openimageo_seed125,L14,Tq0.2,TINS,97.29760119310188,12.685109332661163,openimageo,125,L14|Tq0.2|TINS
openood,openimageo_seed125,L14,Tq0.2,TANL,96.84253037018368,14.474762114815048,openimageo,125,L14|Tq0.2|TANL
openood,openimageo_seed125,L14,Tnn,none,97.11843328362076,14.273111097107568,openimageo,125,L14|Tnn|none
openood,openimageo_seed125,L14,Tnn,TINS,97.6098853810014,12.35112483458315,openimageo,125,L14|Tnn|TINS
openood,openimageo_seed125,L14,Tnn,TANL,97.2955664083013,13.90761862751276,openimageo,125,L14|Tnn|TANL
openood,openimageo_seed125,L14,Tk20,none,97.04996527121362,13.245951225660091,openimageo,125,L14|Tk20|none
openood,openimageo_seed125,L14,Tk20,TINS,97.53147828400584,11.94152120486483,openimageo,125,L14|Tk20|TINS
openood,openimageo_seed125,L14,Tk20,TANL,97.25743637140198,12.785934841514903,openimageo,125,L14|Tk20|TANL
openood,openimageo_seed125,L14,Tlp20,none,96.8330894616338,14.140777616737036,openimageo,125,L14|Tlp20|none
openood,openimageo_seed125,L14,Tlp20,TINS,97.43658425581673,13.082109773772766,openimageo,125,L14|Tlp20|TINS
openood,openimageo_seed125,L14,Tlp20,TANL,97.15589787216165,13.485411809187726,openimageo,125,L14|Tlp20|TANL
openood,openimageo_seed125,L14,SL,none,96.75924849987048,15.917827210284202,openimageo,125,L14|SL|none
openood,openimageo_seed125,L14,SL,TINS,97.57601627211685,12.237696137122692,openimageo,125,L14|SL|TINS
openood,openimageo_seed125,L14,SL,TANL,97.07203198409198,14.76463545276955,openimageo,125,L14|SL|TANL
openood,openimageo_seed125,L14,static,none,96.4391630782588,17.650765643707857,openimageo,125,L14|static|none
openood,openimageo_seed125,L14,static,TINS,97.44491692398176,14.039952107883297,openimageo,125,L14|static|TINS
openood,openimageo_seed125,L14,static,TANL,97.0763502566149,15.684668221059928,openimageo,125,L14|static|TANL
openood,openimageo_seed125,L14xD3L,T,none,97.27548973890394,12.319616863066356,openimageo,125,L14xD3L|T|none
openood,openimageo_seed125,L14xD3L,T,TINS,97.70951722785864,10.5866784296427,openimageo,125,L14xD3L|T|TINS
openood,openimageo_seed125,L14xD3L,T,TANL,97.42872812821643,12.174680194089104,openimageo,125,L14xD3L|T|TANL
openood,openimageo_seed125,L14xD3L,Tlp,none,96.69007239831676,13.554729346524672,openimageo,125,L14xD3L|Tlp|none
openood,openimageo_seed125,L14xD3L,Tlp,TINS,97.39458426982026,12.370029617493229,openimageo,125,L14xD3L|Tlp|TINS
openood,openimageo_seed125,L14xD3L,Tlp,TANL,97.01136898635356,13.037998613649254,openimageo,125,L14xD3L|Tlp|TANL
openood,openimageo_seed125,L14xD3L,Tq0.05,none,97.31024870292184,11.657949461213688,openimageo,125,L14xD3L|Tq0.05|none
openood,openimageo_seed125,L14xD3L,Tq0.05,TINS,97.66968919136542,10.870250173293844,openimageo,125,L14xD3L|Tq0.05|TINS
openood,openimageo_seed125,L14xD3L,Tq0.05,TANL,97.422605079085,11.777679752977503,openimageo,125,L14xD3L|Tq0.05|TANL
openood,openimageo_seed125,L14xD3L,Tq0.2,none,97.03121284685028,12.830046001638417,openimageo,125,L14xD3L|Tq0.2|none
openood,openimageo_seed125,L14xD3L,Tq0.2,TINS,97.5942092549415,11.015186842271095,openimageo,125,L14xD3L|Tq0.2|TINS
openood,openimageo_seed125,L14xD3L,Tq0.2,TANL,97.23312629095162,12.489759909257042,openimageo,125,L14xD3L|Tq0.2|TANL
openood,openimageo_seed125,L14xD3L,Tnn,none,97.67524229630096,11.783981347280864,openimageo,125,L14xD3L|Tnn|none
openood,openimageo_seed125,L14xD3L,Tnn,TINS,97.99639968912132,10.410233789148654,openimageo,125,L14xD3L|Tnn|TINS
openood,openimageo_seed125,L14xD3L,Tnn,TANL,97.76666379594036,11.563425546663304,openimageo,125,L14xD3L|Tnn|TANL
openood,openimageo_seed125,L14xD3L,Tk20,none,97.63821419819214,10.737916692923308,openimageo,125,L14xD3L|Tk20|none
openood,openimageo_seed125,L14xD3L,Tk20,TINS,97.86531084364344,10.164471611317664,openimageo,125,L14xD3L|Tk20|TINS
openood,openimageo_seed125,L14xD3L,Tk20,TANL,97.69198640255983,10.920662927720713,openimageo,125,L14xD3L|Tk20|TANL
openood,openimageo_seed125,L14xD3L,Tlp20,none,97.44355241876193,11.68315583842712,openimageo,125,L14xD3L|Tlp20|none
openood,openimageo_seed125,L14xD3L,Tlp20,TINS,97.70495305312244,11.34286974604575,openimageo,125,L14xD3L|Tlp20|TINS
openood,openimageo_seed125,L14xD3L,Tlp20,TANL,97.53528773779767,11.550822358056587,openimageo,125,L14xD3L|Tlp20|TANL
openood,openimageo_seed125,D3B+D3L,T,none,97.66667625909356,11.065599596697965,openimageo,125,D3B+D3L|T|none
openood,openimageo_seed125,D3B+D3L,T,TINS,97.83683814004942,10.48585292078896,openimageo,125,D3B+D3L|T|TINS
openood,openimageo_seed125,D3B+D3L,T,TANL,97.69112238396312,11.034091625181173,openimageo,125,D3B+D3L|T|TANL
openood,openimageo_seed125,D3B+D3L,Tlp,none,97.09305641327256,12.729220492784671,openimageo,125,D3B+D3L|Tlp|none
openood,openimageo_seed125,D3B+D3L,Tlp,TINS,97.55641985422314,11.330266557439032,openimageo,125,D3B+D3L|Tlp|TINS
openood,openimageo_seed125,D3B+D3L,Tlp,TANL,97.21772344403132,12.514966286470475,openimageo,125,D3B+D3L|Tlp|TANL
openood,openimageo_seed125,D3B+D3L,Tq0.05,none,97.60832363587988,11.160123511248344,openimageo,125,D3B+D3L|Tq0.05|none
openood,openimageo_seed125,D3B+D3L,Tq0.05,TINS,97.75783813304764,10.851345390383766,openimageo,125,D3B+D3L|Tq0.05|TINS
openood,openimageo_seed125,D3B+D3L,Tq0.05,TANL,97.62260493904958,11.3806793118659,openimageo,125,D3B+D3L|Tq0.05|TANL
openood,openimageo_seed125,D3B+D3L,Tq0.2,none,97.5724855588464,11.34286974604575,openimageo,125,D3B+D3L|Tq0.2|none
openood,openimageo_seed125,D3B+D3L,Tq0.2,TINS,97.78374160662646,10.54256726951919,openimageo,125,D3B+D3L|Tq0.2|TINS
openood,openimageo_seed125,D3B+D3L,Tq0.2,TANL,97.60822260031787,11.260949020102084,openimageo,125,D3B+D3L|Tq0.2|TANL
openood,openimageo_seed125,D3B+D3L,Tnn,none,98.05871258428382,10.044741319553848,openimageo,125,D3B+D3L|Tnn|none
openood,openimageo_seed125,D3B+D3L,Tnn,TINS,98.16486833168791,9.370470729094462,openimageo,125,D3B+D3L|Tnn|TINS
openood,openimageo_seed125,D3B+D3L,Tnn,TANL,98.06714068659372,9.9754237822169,openimageo,125,D3B+D3L|Tnn|TANL
openood,openimageo_seed125,D3B+D3L,Tk20,none,97.6585253569153,11.305060180225595,openimageo,125,D3B+D3L|Tk20|none
openood,openimageo_seed125,D3B+D3L,Tk20,TINS,97.76120668529136,11.084504379608042,openimageo,125,D3B+D3L|Tk20|TINS
openood,openimageo_seed125,D3B+D3L,Tk20,TANL,97.65818514084064,11.525615980843153,openimageo,125,D3B+D3L|Tk20|TANL
openood,openimageo_seed125,D3B+D3L,Tlp20,none,97.41276759020032,12.174680194089104,openimageo,125,D3B+D3L|Tlp20|none
openood,openimageo_seed125,D3B+D3L,Tlp20,TINS,97.67881319973957,11.613838301090176,openimageo,125,D3B+D3L|Tlp20|TINS
openood,openimageo_seed125,D3B+D3L,Tlp20,TANL,97.46191155362308,12.407839183313378,openimageo,125,D3B+D3L|Tlp20|TANL
openood,openimageo_seed125,D3B+D3L,SL,none,97.72075927209582,11.84699729031445,openimageo,125,D3B+D3L|SL|none
openood,openimageo_seed125,D3B+D3L,SL,TINS,97.98309674347612,10.68750393849644,openimageo,125,D3B+D3L|SL|TINS
openood,openimageo_seed125,D3B+D3L,SL,TANL,97.77787188158604,11.588631923876742,openimageo,125,D3B+D3L|SL|TANL
openood,openimageo_seed125,D3B+D3L,static,none,96.52528675754968,19.490831180288613,openimageo,125,D3B+D3L|static|none
openood,openimageo_seed125,D3B+D3L,static,TINS,97.6055301391252,13.441300649064214,openimageo,125,D3B+D3L|static|TINS
openood,openimageo_seed125,D3B+D3L,static,TANL,97.21900273769263,15.848509672947255,openimageo,125,D3B+D3L|static|TANL
openood,openimageo_seed125,L14+D3B+D3L,T,none,97.72839897494066,10.94586930493415,openimageo,125,L14+D3B+D3L|T|none
openood,openimageo_seed125,L14+D3B+D3L,T,TINS,97.88920494885204,10.164471611317664,openimageo,125,L14+D3B+D3L|T|TINS
openood,openimageo_seed125,L14+D3B+D3L,T,TANL,97.7560681552433,10.838742201777048,openimageo,125,L14+D3B+D3L|T|TANL
openood,openimageo_seed125,L14+D3B+D3L,Tlp,none,97.3007997423348,12.162077005482388,openimageo,125,L14+D3B+D3L|Tlp|none
openood,openimageo_seed125,L14+D3B+D3L,Tlp,TINS,97.71431288115892,10.504757703699036,openimageo,125,L14+D3B+D3L|Tlp|TINS
openood,openimageo_seed125,L14+D3B+D3L,Tlp,TANL,97.41362495711417,11.865902073224524,openimageo,125,L14+D3B+D3L|Tlp|TANL
openood,openimageo_seed125,L14+D3B+D3L,Tq0.05,none,97.69152232514826,11.071901191001324,openimageo,125,L14+D3B+D3L|Tq0.05|none
openood,openimageo_seed125,L14+D3B+D3L,Tq0.05,TINS,97.8337818668123,10.662297561283005,openimageo,125,L14+D3B+D3L|Tq0.05|TINS
openood,openimageo_seed125,L14+D3B+D3L,Tq0.05,TANL,97.70938853529944,11.254647425798726,openimageo,125,L14+D3B+D3L|Tq0.05|TANL
openood,openimageo_seed125,L14+D3B+D3L,Tq0.2,none,97.62189425924758,11.223139454281933,openimageo,125,L14+D3B+D3L|Tq0.2|none
openood,openimageo_seed125,L14+D3B+D3L,Tq0.2,TINS,97.81907534606256,10.303106685991557,openimageo,125,L14+D3B+D3L|Tq0.2|TINS
openood,openimageo_seed125,L14+D3B+D3L,Tq0.2,TANL,97.66099880269708,11.084504379608042,openimageo,125,L14+D3B+D3L|Tq0.2|TANL
openood,openimageo_seed125,L14+D3B+D3L,Tnn,none,98.0704226269246,9.912407839183317,openimageo,125,L14+D3B+D3L|Tnn|none
openood,openimageo_seed125,L14+D3B+D3L,Tnn,TINS,98.17189923050532,9.3641691347911,openimageo,125,L14+D3B+D3L|Tnn|TINS
openood,openimageo_seed125,L14+D3B+D3L,Tnn,TANL,98.0827540767814,9.88089986766652,openimageo,125,L14+D3B+D3L|Tnn|TANL
openood,openimageo_seed125,L14+D3B+D3L,Tk20,none,97.78464525524956,10.731615098619953,openimageo,125,L14+D3B+D3L|Tk20|none
openood,openimageo_seed125,L14+D3B+D3L,Tk20,TINS,97.8925842838238,10.403932194845297,openimageo,125,L14+D3B+D3L|Tk20|TINS
openood,openimageo_seed125,L14+D3B+D3L,Tk20,TANL,97.79437974807624,10.832440607473693,openimageo,125,L14+D3B+D3L|Tk20|TANL
openood,openimageo_seed125,L14+D3B+D3L,Tlp20,none,97.67200915831704,11.134917134034913,openimageo,125,L14+D3B+D3L|Tlp20|none
openood,openimageo_seed125,L14+D3B+D3L,Tlp20,TINS,97.91773884792852,10.391329006238578,openimageo,125,L14+D3B+D3L|Tlp20|TINS
openood,openimageo_seed125,L14+D3B+D3L,Tlp20,TANL,97.72040183166342,11.160123511248344,openimageo,125,L14+D3B+D3L|Tlp20|TANL
openood,openimageo_seed125,L14+D3B+D3L,SL,none,97.8294575727659,11.405885689079335,openimageo,125,L14+D3B+D3L|SL|none
openood,openimageo_seed125,L14+D3B+D3L,SL,TINS,98.06554302238466,10.246392337261328,openimageo,125,L14+D3B+D3L|SL|TINS
openood,openimageo_seed125,L14+D3B+D3L,SL,TANL,97.8783498925228,11.185329888461782,openimageo,125,L14+D3B+D3L|SL|TANL
openood,openimageo_seed125,L14+D3B+D3L,static,none,97.10467368244164,15.268762997038252,openimageo,125,L14+D3B+D3L|static|none
openood,openimageo_seed125,L14+D3B+D3L,static,TINS,97.87313994440592,11.834394101707732,openimageo,125,L14+D3B+D3L|static|TINS
openood,openimageo_seed125,L14+D3B+D3L,static,TANL,97.52001071271032,13.579935723738108,openimageo,125,L14+D3B+D3L|static|TANL
openood,openimageo_seed125,B14+L14+D3L,T,none,97.63635347742978,11.386980906169262,openimageo,125,B14+L14+D3L|T|none
openood,openimageo_seed125,B14+L14+D3L,T,TINS,97.8254836473628,10.655995966979646,openimageo,125,B14+L14+D3L|T|TINS
openood,openimageo_seed125,B14+L14+D3L,T,TANL,97.67786866077115,11.223139454281933,openimageo,125,B14+L14+D3L|T|TANL
openood,openimageo_seed125,B14+L14+D3L,Tlp,none,97.22502461122664,12.44564874913353,openimageo,125,B14+L14+D3L|Tlp|none
openood,openimageo_seed125,B14+L14+D3L,Tlp,TINS,97.68690360661247,10.88285336190056,openimageo,125,B14+L14+D3L|Tlp|TINS
openood,openimageo_seed125,B14+L14+D3L,Tlp,TANL,97.3674853838021,12.206188165605898,openimageo,125,B14+L14+D3L|Tlp|TANL
openood,openimageo_seed125,B14+L14+D3L,Tq0.05,none,97.62320639121698,11.487806415023002,openimageo,125,B14+L14+D3L|Tq0.05|none
openood,openimageo_seed125,B14+L14+D3L,Tq0.05,TINS,97.7880632399997,11.046694813787887,openimageo,125,B14+L14+D3L|Tq0.05|TINS
openood,openimageo_seed125,B14+L14+D3L,Tq0.05,TANL,97.65196672758206,11.563425546663304,openimageo,125,B14+L14+D3L|Tq0.05|TANL
openood,openimageo_seed125,B14+L14+D3L,Tq0.2,none,97.48720713340477,11.758774970067428,openimageo,125,B14+L14+D3L|Tq0.2|none
openood,openimageo_seed125,B14+L14+D3L,Tq0.2,TINS,97.72386427766226,10.895456550507278,openimageo,125,B14+L14+D3L|Tq0.2|TINS
openood,openimageo_seed125,B14+L14+D3L,Tq0.2,TANL,97.5446960881103,11.657949461213688,openimageo,125,B14+L14+D3L|Tq0.2|TANL
openood,openimageo_seed125,B14+L14+D3L,Tnn,none,97.95440642482548,10.517360892305753,openimageo,125,B14+L14+D3L|Tnn|none
openood,openimageo_seed125,B14+L14+D3L,Tnn,TINS,98.079597818248,9.912407839183317,openimageo,125,B14+L14+D3L|Tnn|TINS
openood,openimageo_seed125,B14+L14+D3L,Tnn,TANL,97.97660176024536,10.498456109395676,openimageo,125,B14+L14+D3L|Tnn|TANL
openood,openimageo_seed125,B14+L14+D3L,Tk20,none,97.74183957541256,10.851345390383766,openimageo,125,B14+L14+D3L|Tk20|none
openood,openimageo_seed125,B14+L14+D3L,Tk20,TINS,97.87375848089566,10.498456109395676,openimageo,125,B14+L14+D3L|Tk20|TINS
openood,openimageo_seed125,B14+L14+D3L,Tk20,TANL,97.7623023224876,10.952170899237506,openimageo,125,B14+L14+D3L|Tk20|TANL
openood,openimageo_seed125,B14+L14+D3L,Tlp20,none,97.65387043922114,11.267250614405445,openimageo,125,B14+L14+D3L|Tlp20|none
openood,openimageo_seed125,B14+L14+D3L,Tlp20,TINS,97.93200341686446,10.309408280294914,openimageo,125,B14+L14+D3L|Tlp20|TINS
openood,openimageo_seed125,B14+L14+D3L,Tlp20,TANL,97.72059326009482,11.128615539731552,openimageo,125,B14+L14+D3L|Tlp20|TANL
openood,openimageo_seed125,B14+L14+D3L,SL,none,97.75654189509946,11.386980906169262,openimageo,125,B14+L14+D3L|SL|none
openood,openimageo_seed125,B14+L14+D3L,SL,TINS,98.0280259905756,10.03213813094713,openimageo,125,B14+L14+D3L|SL|TINS
openood,openimageo_seed125,B14+L14+D3L,SL,TANL,97.81791095147074,11.267250614405445,openimageo,125,B14+L14+D3L|SL|TANL
openood,openimageo_seed125,B14+L14+D3L,static,none,97.2468109031585,14.31092066292772,openimageo,125,B14+L14+D3L|static|none
openood,openimageo_seed125,B14+L14+D3L,static,TINS,97.92810188977812,11.374377717562544,openimageo,125,B14+L14+D3L|static|TINS
openood,openimageo_seed125,B14+L14+D3L,static,TANL,97.5835463272208,12.937173104795512,openimageo,125,B14+L14+D3L|static|TANL
openood,openimageo_seed125,B14+L14+D3B+D3L,T,none,97.71327325813432,11.24204423719201,openimageo,125,B14+L14+D3B+D3L|T|none
openood,openimageo_seed125,B14+L14+D3B+D3L,T,TINS,97.8438476134462,10.750519881530026,openimageo,125,B14+L14+D3B+D3L|T|TINS
openood,openimageo_seed125,B14+L14+D3B+D3L,T,TANL,97.73521814018947,11.172726699855064,openimageo,125,B14+L14+D3B+D3L|T|TANL
openood,openimageo_seed125,B14+L14+D3B+D3L,Tlp,none,97.30732028203136,12.275505702942844,openimageo,125,B14+L14+D3B+D3L|Tlp|none
openood,openimageo_seed125,B14+L14+D3B+D3L,Tlp,TINS,97.6729202288179,10.901758144810636,openimageo,125,B14+L14+D3B+D3L|Tlp|TINS
openood,openimageo_seed125,B14+L14+D3B+D3L,Tlp,TANL,97.40518670223568,12.004537147898418,openimageo,125,B14+L14+D3B+D3L|Tlp|TANL
openood,openimageo_seed125,B14+L14+D3B+D3L,Tq0.05,none,97.66592398876917,11.54452076375323,openimageo,125,B14+L14+D3B+D3L|Tq0.05|none
openood,openimageo_seed125,B14+L14+D3B+D3L,Tq0.05,TINS,97.78426183824509,11.147520322641627,openimageo,125,B14+L14+D3B+D3L|Tq0.05|TINS
openood,openimageo_seed125,B14+L14+D3B+D3L,Tq0.05,TANL,97.68111118112884,11.69575902703384,openimageo,125,B14+L14+D3B+D3L|Tq0.05|TANL
openood,openimageo_seed125,B14+L14+D3B+D3L,Tq0.2,none,97.60815608348912,11.49410800932636,openimageo,125,B14+L14+D3B+D3L|Tq0.2|none
openood,openimageo_seed125,B14+L14+D3B+D3L,Tq0.2,TINS,97.7693448442456,10.84504379608041,openimageo,125,B14+L14+D3B+D3L|Tq0.2|TINS
openood,openimageo_seed125,B14+L14+D3B+D3L,Tq0.2,TANL,97.63981907422576,11.405885689079335,openimageo,125,B14+L14+D3B+D3L|Tq0.2|TANL
openood,openimageo_seed125,B14+L14+D3B+D3L,Tnn,none,98.05160249543134,10.189677988531098,openimageo,125,B14+L14+D3B+D3L|Tnn|none
openood,openimageo_seed125,B14+L14+D3B+D3L,Tnn,TINS,98.13166243059491,9.78007435881278,openimageo,125,B14+L14+D3B+D3L|Tnn|TINS
openood,openimageo_seed125,B14+L14+D3B+D3L,Tnn,TANL,98.06118862072104,10.17707479992438,openimageo,125,B14+L14+D3B+D3L|Tnn|TANL
openood,openimageo_seed125,B14+L14+D3B+D3L,Tk20,none,97.73089454632024,11.027790030877812,openimageo,125,B14+L14+D3B+D3L|Tk20|none
openood,openimageo_seed125,B14+L14+D3B+D3L,Tk20,TINS,97.82495319315784,10.630789589766213,openimageo,125,B14+L14+D3B+D3L|Tk20|TINS
openood,openimageo_seed125,B14+L14+D3B+D3L,Tk20,TANL,97.7408229181983,11.027790030877812,openimageo,125,B14+L14+D3B+D3L|Tk20|TANL
openood,openimageo_seed125,B14+L14+D3B+D3L,Tlp20,none,97.6444630691565,11.330266557439032,openimageo,125,B14+L14+D3B+D3L|Tlp20|none
openood,openimageo_seed125,B14+L14+D3B+D3L,Tlp20,TINS,97.87752473375764,10.592980023946058,openimageo,125,B14+L14+D3B+D3L|Tlp20|TINS
openood,openimageo_seed125,B14+L14+D3B+D3L,Tlp20,TANL,97.69283599750736,11.305060180225595,openimageo,125,B14+L14+D3B+D3L|Tlp20|TANL
openood,openimageo_seed125,B14+L14+D3B+D3L,SL,none,97.829946786537,11.374377717562544,openimageo,125,B14+L14+D3B+D3L|SL|none
openood,openimageo_seed125,B14+L14+D3B+D3L,SL,TINS,98.0276913059004,10.328313063204993,openimageo,125,B14+L14+D3B+D3L|SL|TINS
openood,openimageo_seed125,B14+L14+D3B+D3L,SL,TANL,97.86957198171136,11.204234671371855,openimageo,125,B14+L14+D3B+D3L|SL|TANL
openood,openimageo_seed125,B14+L14+D3B+D3L,static,none,97.17475140210472,14.96628647047703,openimageo,125,B14+L14+D3B+D3L|static|none
openood,openimageo_seed125,B14+L14+D3B+D3L,static,TINS,97.8238543351468,12.080156279538723,openimageo,125,B14+L14+D3B+D3L|static|TINS
openood,openimageo_seed125,B14+L14+D3B+D3L,static,TANL,97.49427437141598,13.434999054760857,openimageo,125,B14+L14+D3B+D3L|static|TANL
openood,openimageo_seed125,B14+L14,T,none,97.24068603356648,13.151427311109712,openimageo,125,B14+L14|T|none
openood,openimageo_seed125,B14+L14,T,TINS,97.54542903354547,12.180981788392463,openimageo,125,B14+L14|T|TINS
openood,openimageo_seed125,B14+L14,T,TANL,97.32866994349573,13.164030499716429,openimageo,125,B14+L14|T|TANL
openood,openimageo_seed125,B14+L14,Tlp,none,96.71087242072244,14.531476463545276,openimageo,125,B14+L14|Tlp|none
openood,openimageo_seed125,B14+L14,Tlp,TINS,97.379279517718,12.540172663683911,openimageo,125,B14+L14|Tlp|TINS
openood,openimageo_seed125,B14+L14,Tlp,TANL,96.96166131031153,13.970634570546348,openimageo,125,B14+L14|Tlp|TANL
openood,openimageo_seed125,B14+L14,Tq0.05,none,97.21443877300958,13.523221375007877,openimageo,125,B14+L14|Tq0.05|none
openood,openimageo_seed125,B14+L14,Tq0.05,TINS,97.48858263140572,12.50236309786376,openimageo,125,B14+L14|Tq0.05|TINS
openood,openimageo_seed125,B14+L14,Tq0.05,TANL,97.28384607305648,13.680761232591845,openimageo,125,B14+L14|Tq0.05|TANL
openood,openimageo_seed125,B14+L14,Tq0.2,none,97.07414665910476,13.649253261075051,openimageo,125,B14+L14|Tq0.2|none
openood,openimageo_seed125,B14+L14,Tq0.2,TINS,97.45643483801403,12.180981788392463,openimageo,125,B14+L14|Tq0.2|TINS
openood,openimageo_seed125,B14+L14,Tq0.2,TANL,97.19137031669013,13.2900623857836,openimageo,125,B14+L14|Tq0.2|TANL
openood,openimageo_seed125,B14+L14,Tnn,none,97.58781145629844,12.60949020102086,openimageo,125,B14+L14|Tnn|none
openood,openimageo_seed125,B14+L14,Tnn,TINS,97.8017493225786,11.758774970067428,openimageo,125,B14+L14|Tnn|TINS
openood,openimageo_seed125,B14+L14,Tnn,TANL,97.6398879016391,12.458251937740249,openimageo,125,B14+L14|Tnn|TANL
openood,openimageo_seed125,B14+L14,Tk20,none,97.3517419707186,12.420442371920096,openimageo,125,B14+L14|Tk20|none
openood,openimageo_seed125,B14+L14,Tk20,TINS,97.58510387127944,11.859600478921168,openimageo,125,B14+L14|Tk20|TINS
openood,openimageo_seed125,B14+L14,Tk20,TANL,97.41335132788596,12.458251937740249,openimageo,125,B14+L14|Tk20|TANL
openood,openimageo_seed125,B14+L14,Tlp20,none,97.20404457327705,12.70401411557124,openimageo,125,B14+L14|Tlp20|none
openood,openimageo_seed125,B14+L14,Tlp20,TINS,97.62925368118134,11.884806856134604,openimageo,125,B14+L14|Tlp20|TINS
openood,openimageo_seed125,B14+L14,Tlp20,TANL,97.34790044881352,12.710315709874598,openimageo,125,B14+L14|Tlp20|TANL
openood,openimageo_seed125,B14+L14,SL,none,97.3059284699029,13.65555485537841,openimageo,125,B14+L14|SL|none
openood,openimageo_seed125,B14+L14,SL,TINS,97.75359730011692,11.588631923876742,openimageo,125,B14+L14|SL|TINS
openood,openimageo_seed125,B14+L14,SL,TANL,97.43161236792908,13.189236876929863,openimageo,125,B14+L14|SL|TANL
openood,openimageo_seed125,B14+L14,static,none,96.84351656969211,16.648812149473816,openimageo,125,B14+L14|static|none
openood,openimageo_seed125,B14+L14,static,TINS,97.67451131136175,12.949776293402232,openimageo,125,B14+L14|static|TINS
openood,openimageo_seed125,B14+L14,static,TANL,97.26937474180968,15.104921545150924,openimageo,125,B14+L14|static|TANL
openood,openimageo_seed126,L14xD3L+D3L,T,none,97.5520669229315,11.33656815174239,openimageo,126,L14xD3L+D3L|T|none
openood,openimageo_seed126,L14xD3L+D3L,T,TINS,97.8473374363714,10.17707479992438,openimageo,126,L14xD3L+D3L|T|TINS
openood,openimageo_seed126,L14xD3L+D3L,T,TANL,97.6288797165683,11.185329888461782,openimageo,126,L14xD3L+D3L|T|TANL
openood,openimageo_seed126,L14xD3L+D3L,Tlp,none,96.99095616190895,12.559077446593989,openimageo,126,L14xD3L+D3L|Tlp|none
openood,openimageo_seed126,L14xD3L+D3L,Tlp,TINS,97.62687125842838,10.599281618249416,openimageo,126,L14xD3L+D3L|Tlp|TINS
openood,openimageo_seed126,L14xD3L+D3L,Tlp,TANL,97.20585250068268,12.174680194089104,openimageo,126,L14xD3L+D3L|Tlp|TANL
openood,openimageo_seed126,L14xD3L+D3L,Tq0.05,none,97.56902262272357,11.008885247967736,openimageo,126,L14xD3L+D3L|Tq0.05|none
openood,openimageo_seed126,L14xD3L+D3L,Tq0.05,TINS,97.82817512830746,9.98172537652026,openimageo,126,L14xD3L+D3L|Tq0.05|TINS
openood,openimageo_seed126,L14xD3L+D3L,Tq0.05,TANL,97.6272493540866,10.983678870754302,openimageo,126,L14xD3L+D3L|Tq0.05|TANL
openood,openimageo_seed126,L14xD3L+D3L,Tq0.2,none,97.35248142780122,11.733568592853992,openimageo,126,L14xD3L+D3L|Tq0.2|none
openood,openimageo_seed126,L14xD3L+D3L,Tq0.2,TINS,97.71343695955078,10.403932194845297,openimageo,126,L14xD3L+D3L|Tq0.2|TINS
openood,openimageo_seed126,L14xD3L+D3L,Tq0.2,TANL,97.44959662794686,11.449996849202847,openimageo,126,L14xD3L+D3L|Tq0.2|TANL
openood,openimageo_seed126,L14xD3L+D3L,Tnn,none,97.89252266823506,10.492154515092318,openimageo,126,L14xD3L+D3L|Tnn|none
openood,openimageo_seed126,L14xD3L+D3L,Tnn,TINS,98.09598476414531,9.47759783225156,openimageo,126,L14xD3L+D3L|Tnn|TINS
openood,openimageo_seed126,L14xD3L+D3L,Tnn,TANL,97.93628121914846,10.504757703699036,openimageo,126,L14xD3L+D3L|Tnn|TANL
openood,openimageo_seed126,L14xD3L+D3L,Tk20,none,97.8058679745976,10.139265234104228,openimageo,126,L14xD3L+D3L|Tk20|none
openood,openimageo_seed126,L14xD3L+D3L,Tk20,TINS,97.98467018155594,9.471296237948202,openimageo,126,L14xD3L+D3L|Tk20|TINS
openood,openimageo_seed126,L14xD3L+D3L,Tk20,TANL,97.8325388423271,10.158170017014305,openimageo,126,L14xD3L+D3L|Tk20|TANL
openood,openimageo_seed126,L14xD3L+D3L,Tlp20,none,97.60709580523871,10.876551767597205,openimageo,126,L14xD3L+D3L|Tlp20|none
openood,openimageo_seed126,L14xD3L+D3L,Tlp20,TINS,97.94858319154746,9.83048711323965,openimageo,126,L14xD3L+D3L|Tlp20|TINS
openood,openimageo_seed126,L14xD3L+D3L,Tlp20,TANL,97.68408175268344,10.838742201777048,openimageo,126,L14xD3L+D3L|Tlp20|TANL
openood,openimageo_seed126,L14+D3L,T,none,97.555668004005,11.53821916944987,openimageo,126,L14+D3L|T|none
openood,openimageo_seed126,L14+D3L,T,TINS,97.84106062833897,10.290503497384838,openimageo,126,L14+D3L|T|TINS
openood,openimageo_seed126,L14+D3L,T,TANL,97.62598091317103,11.49410800932636,openimageo,126,L14+D3L|T|TANL
openood,openimageo_seed126,L14+D3L,Tlp,none,97.10777294655549,12.685109332661163,openimageo,126,L14+D3L|Tlp|none
openood,openimageo_seed126,L14+D3L,Tlp,TINS,97.69173622926598,10.5866784296427,openimageo,126,L14+D3L|Tlp|TINS
openood,openimageo_seed126,L14+D3L,Tlp,TANL,97.30622156405568,12.281807297246203,openimageo,126,L14+D3L|Tlp|TANL
openood,openimageo_seed126,L14+D3L,Tq0.05,none,97.5760121410717,11.298758585922238,openimageo,126,L14+D3L|Tq0.05|none
openood,openimageo_seed126,L14+D3L,Tq0.05,TINS,97.82150482071964,10.574075241035985,openimageo,126,L14+D3L|Tq0.05|TINS
openood,openimageo_seed126,L14+D3L,Tq0.05,TANL,97.62488324546112,11.424790471989413,openimageo,126,L14+D3L|Tq0.05|TANL
openood,openimageo_seed126,L14+D3L,Tq0.2,none,97.37969206209168,12.036045119415212,openimageo,126,L14+D3L|Tq0.2|none
openood,openimageo_seed126,L14+D3L,Tq0.2,TINS,97.73370218665322,10.429138572058733,openimageo,126,L14+D3L|Tq0.2|TINS
openood,openimageo_seed126,L14+D3L,Tq0.2,TANL,97.473823387317,11.664251055517044,openimageo,126,L14+D3L|Tq0.2|TANL
openood,openimageo_seed126,L14+D3L,Tnn,none,97.87985436315388,10.851345390383766,openimageo,126,L14+D3L|Tnn|none
openood,openimageo_seed126,L14+D3L,Tnn,TINS,98.0810294004383,9.748566387295986,openimageo,126,L14+D3L|Tnn|TINS
openood,openimageo_seed126,L14+D3L,Tnn,TANL,97.92063891164466,10.719011910013233,openimageo,126,L14+D3L|Tnn|TANL
openood,openimageo_seed126,L14+D3L,Tk20,none,97.75415527128364,10.460646543575525,openimageo,126,L14+D3L|Tk20|none
openood,openimageo_seed126,L14+D3L,Tk20,TINS,97.94553392008176,9.855693490453085,openimageo,126,L14+D3L|Tk20|TINS
openood,openimageo_seed126,L14+D3L,Tk20,TANL,97.78698958836586,10.58037683533934,openimageo,126,L14+D3L|Tk20|TANL
openood,openimageo_seed126,L14+D3L,Tlp20,none,97.6384576497854,11.034091625181173,openimageo,126,L14+D3L|Tlp20|none
openood,openimageo_seed126,L14+D3L,Tlp20,TINS,97.96479607340656,9.9754237822169,openimageo,126,L14+D3L|Tlp20|TINS
openood,openimageo_seed126,L14+D3L,Tlp20,TANL,97.71602495431344,10.926964522024072,openimageo,126,L14+D3L|Tlp20|TANL
openood,openimageo_seed126,L14+D3L,SL,none,97.678770418916,11.078202785304684,openimageo,126,L14+D3L|SL|none
openood,openimageo_seed126,L14+D3L,SL,TINS,98.04800778596984,9.238137248723929,openimageo,126,L14+D3L|SL|TINS
openood,openimageo_seed126,L14+D3L,SL,TANL,97.76464105418673,10.851345390383766,openimageo,126,L14+D3L|SL|TANL
openood,openimageo_seed126,L14+D3L,static,none,97.13942102351896,14.380238200264667,openimageo,126,L14+D3L|static|none
openood,openimageo_seed126,L14+D3L,static,TINS,97.9850649414302,11.128615539731552,openimageo,126,L14+D3L|static|TINS
openood,openimageo_seed126,L14+D3L,static,TANL,97.5938688288137,12.861553973155209,openimageo,126,L14+D3L|static|TANL
openood,openimageo_seed126,D3L,T,none,97.45348023049831,11.853298884617807,openimageo,126,D3L|T|none
openood,openimageo_seed126,D3L,T,TINS,97.79966601550193,10.208582771441174,openimageo,126,D3L|T|TINS
openood,openimageo_seed126,D3L,T,TANL,97.5422476386526,11.58233032957338,openimageo,126,D3L|T|TANL
openood,openimageo_seed126,D3L,Tlp,none,96.78891675593924,13.245951225660091,openimageo,126,D3L|Tlp|none
openood,openimageo_seed126,D3L,Tlp,TINS,97.42851779500216,11.708362215640555,openimageo,126,D3L|Tlp|TINS
openood,openimageo_seed126,D3L,Tlp,TANL,97.03111867302428,12.911966727582078,openimageo,126,D3L|Tlp|TANL
openood,openimageo_seed126,D3L,Tq0.05,none,97.46401999705924,11.298758585922238,openimageo,126,D3L|Tq0.05|none
openood,openimageo_seed126,D3L,Tq0.05,TINS,97.7552173699946,10.54256726951919,openimageo,126,D3L|Tq0.05|TINS
openood,openimageo_seed126,D3L,Tq0.05,TANL,97.52432793496756,11.449996849202847,openimageo,126,D3L|Tq0.05|TANL
openood,openimageo_seed126,D3L,Tq0.2,none,97.26743910209284,12.212489759909255,openimageo,126,D3L|Tq0.2|none
openood,openimageo_seed126,D3L,Tq0.2,TINS,97.70433577695157,10.58037683533934,openimageo,126,D3L|Tq0.2|TINS
openood,openimageo_seed126,D3L,Tq0.2,TANL,97.38451362194635,11.928918016258114,openimageo,126,D3L|Tq0.2|TANL
openood,openimageo_seed126,D3L,Tnn,none,97.85088173307848,10.952170899237506,openimageo,126,D3L|Tnn|none
openood,openimageo_seed126,D3L,Tnn,TINS,98.10794196931822,9.521708992375071,openimageo,126,D3L|Tnn|TINS
openood,openimageo_seed126,D3L,Tnn,TANL,97.90282528479706,10.851345390383766,openimageo,126,D3L|Tnn|TANL
openood,openimageo_seed126,D3L,Tk20,none,97.68536468726585,10.637091184069568,openimageo,126,D3L|Tk20|none
openood,openimageo_seed126,D3L,Tk20,TINS,97.85823317299275,10.044741319553848,openimageo,126,D3L|Tk20|TINS
openood,openimageo_seed126,D3L,Tk20,TANL,97.69740668389105,10.857646984687126,openimageo,126,D3L|Tk20|TANL
openood,openimageo_seed126,D3L,Tlp20,none,97.38949461213686,11.714663809943916,openimageo,126,D3L|Tlp20|none
openood,openimageo_seed126,D3L,Tlp20,TINS,97.6345568228762,11.550822358056587,openimageo,126,D3L|Tlp20|TINS
openood,openimageo_seed126,D3L,Tlp20,TANL,97.43358707753062,12.080156279538723,openimageo,126,D3L|Tlp20|TANL
openood,openimageo_seed126,D3L,SL,none,97.51879842600178,11.626441489696894,openimageo,126,D3L|SL|none
openood,openimageo_seed126,D3L,SL,TINS,97.95081913724172,9.918709433486672,openimageo,126,D3L|SL|TINS
openood,openimageo_seed126,D3L,SL,TANL,97.63031872063634,11.3806793118659,openimageo,126,D3L|SL|TANL
openood,openimageo_seed126,D3L,static,none,96.56958640536055,17.94063898166236,openimageo,126,D3L|static|none
openood,openimageo_seed126,D3L,static,TINS,97.65823597370134,13.164030499716429,openimageo,126,D3L|static|TINS
openood,openimageo_seed126,D3L,static,TANL,97.33071817169744,14.808746612893062,openimageo,126,D3L|static|TANL
openood,openimageo_seed126,L14,T,none,96.75615252658922,15.048207196420693,openimageo,126,L14|T|none
openood,openimageo_seed126,L14,T,TINS,97.38884463769334,12.571680635200703,openimageo,126,L14|T|TINS
openood,openimageo_seed126,L14,T,TANL,97.01557929156075,14.5125716806352,openimageo,126,L14|T|TANL
openood,openimageo_seed126,L14,Tlp,none,96.10629711316965,16.214002142542064,openimageo,126,L14|Tlp|none
openood,openimageo_seed126,L14,Tlp,TINS,97.14619656773164,13.699666015501922,openimageo,126,L14|Tlp|TINS
openood,openimageo_seed126,L14,Tlp,TANL,96.64803719340992,15.312874157161763,openimageo,126,L14|Tlp|TANL
openood,openimageo_seed126,L14,Tq0.05,none,96.8152414560884,14.481063709118407,openimageo,126,L14|Tq0.05|none
openood,openimageo_seed126,L14,Tq0.05,TINS,97.35847165332828,12.930871510492151,openimageo,126,L14|Tq0.05|TINS
openood,openimageo_seed126,L14,Tq0.05,TANL,97.02095119065125,14.537778057848636,openimageo,126,L14|Tq0.05|TANL
openood,openimageo_seed126,L14,Tq0.2,none,96.4981255557656,15.42000126031886,openimageo,126,L14|Tq0.2|none
openood,openimageo_seed126,L14,Tq0.2,TINS,97.2955141050686,12.433045560526814,openimageo,126,L14|Tq0.2|TINS
openood,openimageo_seed126,L14,Tq0.2,TANL,96.83615252658925,14.607095595185582,openimageo,126,L14|Tq0.2|TANL
openood,openimageo_seed126,L14,Tnn,none,97.11843398379791,14.273111097107568,openimageo,126,L14|Tnn|none
openood,openimageo_seed126,L14,Tnn,TINS,97.6127423838231,12.288108891549562,openimageo,126,L14|Tnn|TINS
openood,openimageo_seed126,L14,Tnn,TANL,97.29220114689016,14.0084441363665,openimageo,126,L14|Tnn|TANL
openood,openimageo_seed126,L14,Tk20,none,97.04996443100106,13.245951225660091,openimageo,126,L14|Tk20|none
openood,openimageo_seed126,L14,Tk20,TINS,97.53861378928868,11.922616421954752,openimageo,126,L14|Tk20|TINS
openood,openimageo_seed126,L14,Tk20,TANL,97.25203009361368,12.842649190245131,openimageo,126,L14|Tk20|TANL
openood,openimageo_seed126,L14,Tlp20,none,96.83308995175778,14.140777616737036,openimageo,126,L14|Tlp20|none
openood,openimageo_seed126,L14,Tlp20,TINS,97.45543806583063,12.874157161761929,openimageo,126,L14|Tlp20|TINS
openood,openimageo_seed126,L14,Tlp20,TANL,97.1495629494262,13.542126157917952,openimageo,126,L14|Tlp20|TANL
openood,openimageo_seed126,L14,SL,none,96.78914529375932,15.798096918520384,openimageo,126,L14|SL|none
openood,openimageo_seed126,L14,SL,TINS,97.58922427374128,11.733568592853992,openimageo,126,L14|SL|TINS
openood,openimageo_seed126,L14,SL,TANL,97.08314281513223,14.556682840758713,openimageo,126,L14|SL|TANL
openood,openimageo_seed126,L14,static,none,96.4391630782588,17.650765643707857,openimageo,126,L14|static|none
openood,openimageo_seed126,L14,static,TINS,97.482860363672,14.084063268006805,openimageo,126,L14|static|TINS
openood,openimageo_seed126,L14,static,TANL,97.06785654770655,15.854811267250616,openimageo,126,L14|static|TANL
openood,openimageo_seed126,L14xD3L,T,none,97.2754900189748,12.319616863066356,openimageo,126,L14xD3L|T|none
openood,openimageo_seed126,L14xD3L,T,TINS,97.71051806106944,10.448043354968808,openimageo,126,L14xD3L|T|TINS
openood,openimageo_seed126,L14xD3L,T,TANL,97.42348373138404,12.09275946814544,openimageo,126,L14xD3L|T|TANL
openood,openimageo_seed126,L14xD3L,Tlp,none,96.6900720482282,13.554729346524672,openimageo,126,L14xD3L|Tlp|none
openood,openimageo_seed126,L14xD3L,Tlp,TINS,97.40143200229656,11.916314827651396,openimageo,126,L14xD3L|Tlp|TINS
openood,openimageo_seed126,L14xD3L,Tlp,TANL,97.0052105082586,13.145125716806351,openimageo,126,L14xD3L|Tlp|TANL
openood,openimageo_seed126,L14xD3L,Tq0.05,none,97.31024912302811,11.657949461213688,openimageo,126,L14xD3L|Tq0.05|none
openood,openimageo_seed126,L14xD3L,Tq0.05,TINS,97.67438289887342,10.649694372676286,openimageo,126,L14xD3L|Tq0.05|TINS
openood,openimageo_seed126,L14xD3L,Tq0.05,TANL,97.4202166348086,11.670552649820404,openimageo,126,L14xD3L|Tq0.05|TANL
openood,openimageo_seed126,L14xD3L,Tq0.2,none,97.03121284685024,12.830046001638417,openimageo,126,L14xD3L|Tq0.2|none
openood,openimageo_seed126,L14xD3L,Tq0.2,TINS,97.59208855840528,10.78202785304682,openimageo,126,L14xD3L|Tq0.2|TINS
openood,openimageo_seed126,L14xD3L,Tq0.2,TANL,97.22575587623668,12.540172663683911,openimageo,126,L14xD3L|Tq0.2|TANL
openood,openimageo_seed126,L14xD3L,Tnn,none,97.67524271640724,11.783981347280864,openimageo,126,L14xD3L|Tnn|none
openood,openimageo_seed126,L14xD3L,Tnn,TINS,97.9991712703314,10.145566828407588,openimageo,126,L14xD3L|Tnn|TINS
openood,openimageo_seed126,L14xD3L,Tnn,TANL,97.76227312510063,11.613838301090176,openimageo,126,L14xD3L|Tnn|TANL
openood,openimageo_seed126,L14xD3L,Tk20,none,97.63821412817444,10.737916692923308,openimageo,126,L14xD3L|Tk20|none
openood,openimageo_seed126,L14xD3L,Tk20,TINS,97.86917890226226,10.051042913857206,openimageo,126,L14xD3L|Tk20|TINS
openood,openimageo_seed126,L14xD3L,Tk20,TANL,97.68854307139708,11.040393219484528,openimageo,126,L14xD3L|Tk20|TANL
openood,openimageo_seed126,L14xD3L,Tlp20,none,97.4435555695591,11.68315583842712,openimageo,126,L14xD3L|Tlp20|none
openood,openimageo_seed126,L14xD3L,Tlp20,TINS,97.71925361116364,11.078202785304684,openimageo,126,L14xD3L|Tlp20|TINS
openood,openimageo_seed126,L14xD3L,Tlp20,TANL,97.5284822960209,11.670552649820404,openimageo,126,L14xD3L|Tlp20|TANL
openood,openimageo_seed126,D3B+D3L,T,none,97.66667674921756,11.065599596697965,openimageo,126,D3B+D3L|T|none
openood,openimageo_seed126,D3B+D3L,T,TINS,97.8425721707592,10.322011468901632,openimageo,126,D3B+D3L|T|TINS
openood,openimageo_seed126,D3B+D3L,T,TANL,97.68929352126088,11.103409162518115,openimageo,126,D3B+D3L|T|TANL
openood,openimageo_seed126,D3B+D3L,Tlp,none,97.09306089440626,12.729220492784671,openimageo,126,D3B+D3L|Tlp|none
openood,openimageo_seed126,D3B+D3L,Tlp,TINS,97.57131290216424,11.273552208708804,openimageo,126,D3B+D3L|Tlp|TINS
openood,openimageo_seed126,D3B+D3L,Tlp,TANL,97.21116628507012,12.527569475077192,openimageo,126,D3B+D3L|Tlp|TANL
openood,openimageo_seed126,D3B+D3L,Tq0.05,none,97.60832685669476,11.160123511248344,openimageo,126,D3B+D3L|Tq0.05|none
openood,openimageo_seed126,D3B+D3L,Tq0.05,TINS,97.7677624438983,10.700107127103156,openimageo,126,D3B+D3L|Tq0.05|TINS
openood,openimageo_seed126,D3B+D3L,Tq0.05,TANL,97.62069394556822,11.330266557439032,openimageo,126,D3B+D3L|Tq0.05|TANL
openood,openimageo_seed126,D3B+D3L,Tq0.2,none,97.57248485866926,11.34286974604575,openimageo,126,D3B+D3L|Tq0.2|none
openood,openimageo_seed126,D3B+D3L,Tq0.2,TINS,97.78693203380456,10.37872581763186,openimageo,126,D3B+D3L|Tq0.2|TINS
openood,openimageo_seed126,D3B+D3L,Tq0.2,TANL,97.60521807017174,11.286155397315522,openimageo,126,D3B+D3L|Tq0.2|TANL
openood,openimageo_seed126,D3B+D3L,Tnn,none,98.05871496488612,10.044741319553848,openimageo,126,D3B+D3L|Tnn|none
openood,openimageo_seed126,D3B+D3L,Tnn,TINS,98.16832118525988,9.294851597454157,openimageo,126,D3B+D3L|Tnn|TINS
openood,openimageo_seed126,D3B+D3L,Tnn,TANL,98.06566968443016,9.98172537652026,openimageo,126,D3B+D3L|Tnn|TANL
openood,openimageo_seed126,D3B+D3L,Tk20,none,97.65852535691528,11.305060180225595,openimageo,126,D3B+D3L|Tk20|none
openood,openimageo_seed126,D3B+D3L,Tk20,TINS,97.7703302735592,10.971075682147584,openimageo,126,D3B+D3L|Tk20|TINS
openood,openimageo_seed126,D3B+D3L,Tk20,TANL,97.6562955027622,11.506711197933075,openimageo,126,D3B+D3L|Tk20|TANL
openood,openimageo_seed126,D3B+D3L,Tlp20,none,97.41276836039518,12.174680194089104,openimageo,126,D3B+D3L|Tlp20|none
openood,openimageo_seed126,D3B+D3L,Tlp20,TINS,97.70009158317056,11.424790471989413,openimageo,126,D3B+D3L|Tlp20|TINS
openood,openimageo_seed126,D3B+D3L,Tlp20,TANL,97.45426589927251,12.439347154830172,openimageo,126,D3B+D3L|Tlp20|TANL
openood,openimageo_seed126,D3B+D3L,SL,none,97.7201928988034,11.557123952359948,openimageo,126,D3B+D3L|SL|none
openood,openimageo_seed126,D3B+D3L,SL,TINS,97.98047415996244,10.303106685991557,openimageo,126,D3B+D3L|SL|TINS
openood,openimageo_seed126,D3B+D3L,SL,TANL,97.77071348051058,11.27985380301216,openimageo,126,D3B+D3L|SL|TANL
openood,openimageo_seed126,D3B+D3L,static,none,96.52528675754968,19.490831180288613,openimageo,126,D3B+D3L|static|none
openood,openimageo_seed126,D3B+D3L,static,TINS,97.627089853733,13.65555485537841,openimageo,126,D3B+D3L|static|TINS
openood,openimageo_seed126,D3B+D3L,static,TANL,97.20875200425706,15.968239964711072,openimageo,126,D3B+D3L|static|TANL
openood,openimageo_seed126,L14+D3B+D3L,T,none,97.72839939504694,10.94586930493415,openimageo,126,L14+D3B+D3L|T|none
openood,openimageo_seed126,L14+D3B+D3L,T,TINS,97.89246399339034,10.095154073980716,openimageo,126,L14+D3B+D3L|T|TINS
openood,openimageo_seed126,L14+D3B+D3L,T,TANL,97.75449625755316,10.826139013170334,openimageo,126,L14+D3B+D3L|T|TANL
openood,openimageo_seed126,L14+D3B+D3L,Tlp,none,97.30079687160853,12.162077005482388,openimageo,126,L14+D3B+D3L|Tlp|none
openood,openimageo_seed126,L14+D3B+D3L,Tlp,TINS,97.72004677183328,10.473249732182245,openimageo,126,L14+D3B+D3L|Tlp|TINS
openood,openimageo_seed126,L14+D3B+D3L,Tlp,TANL,97.40986689632476,11.815489318797656,openimageo,126,L14+D3B+D3L|Tlp|TANL
openood,openimageo_seed126,L14+D3B+D3L,Tq0.05,none,97.69152512585684,11.071901191001324,openimageo,126,L14+D3B+D3L|Tq0.05|none
openood,openimageo_seed126,L14+D3B+D3L,Tq0.05,TINS,97.84021047324973,10.624487995462852,openimageo,126,L14+D3B+D3L|Tq0.05|TINS
openood,openimageo_seed126,L14+D3B+D3L,Tq0.05,TANL,97.70829926971524,11.166425105551705,openimageo,126,L14+D3B+D3L|Tq0.05|TANL
openood,openimageo_seed126,L14+D3B+D3L,Tq0.2,none,97.62189313896415,11.223139454281933,openimageo,126,L14+D3B+D3L|Tq0.2|none
openood,openimageo_seed126,L14+D3B+D3L,Tq0.2,TINS,97.82035611009589,10.271598714474765,openimageo,126,L14+D3B+D3L|Tq0.2|TINS
openood,openimageo_seed126,L14+D3B+D3L,Tq0.2,TANL,97.65885479026193,11.078202785304684,openimageo,126,L14+D3B+D3L|Tq0.2|TANL
openood,openimageo_seed126,L14+D3B+D3L,Tnn,none,98.07042052639316,9.912407839183317,openimageo,126,L14+D3B+D3L|Tnn|none
openood,openimageo_seed126,L14+D3B+D3L,Tnn,TINS,98.17378970879632,9.27594681454408,openimageo,126,L14+D3B+D3L|Tnn|TINS
openood,openimageo_seed126,L14+D3B+D3L,Tnn,TANL,98.08170073028477,9.861995084756444,openimageo,126,L14+D3B+D3L|Tnn|TANL
openood,openimageo_seed126,L14+D3B+D3L,Tk20,none,97.784645395285,10.731615098619953,openimageo,126,L14+D3B+D3L|Tk20|none
openood,openimageo_seed126,L14+D3B+D3L,Tk20,TINS,97.89863185385904,10.322011468901632,openimageo,126,L14+D3B+D3L|Tk20|TINS
openood,openimageo_seed126,L14+D3B+D3L,Tk20,TANL,97.79272221872132,10.838742201777048,openimageo,126,L14+D3B+D3L|Tk20|TANL
openood,openimageo_seed126,L14+D3B+D3L,Tlp20,none,97.67200957842334,11.134917134034913,openimageo,126,L14+D3B+D3L|Tlp20|none
openood,openimageo_seed126,L14+D3B+D3L,Tlp20,TINS,97.92975178720216,10.353519440418426,openimageo,126,L14+D3B+D3L|Tlp20|TINS
openood,openimageo_seed126,L14+D3B+D3L,Tlp20,TANL,97.71542840338606,11.109710756821476,openimageo,126,L14+D3B+D3L|Tlp20|TANL
openood,openimageo_seed126,L14+D3B+D3L,SL,none,97.84147331274812,10.870250173293844,openimageo,126,L14+D3B+D3L|SL|none
openood,openimageo_seed126,L14+D3B+D3L,SL,TINS,98.0736624165914,9.616232906925452,openimageo,126,L14+D3B+D3L|SL|TINS
openood,openimageo_seed126,L14+D3B+D3L,SL,TANL,97.88490187017317,10.700107127103156,openimageo,126,L14+D3B+D3L|SL|TANL
openood,openimageo_seed126,L14+D3B+D3L,static,none,97.10467368244164,15.268762997038252,openimageo,126,L14+D3B+D3L|static|none
openood,openimageo_seed126,L14+D3B+D3L,static,TINS,97.88979057701596,11.64534627260697,openimageo,126,L14+D3B+D3L|static|TINS
openood,openimageo_seed126,L14+D3B+D3L,static,TANL,97.51361368426213,13.649253261075051,openimageo,126,L14+D3B+D3L|static|TANL
openood,openimageo_seed126,B14+L14+D3L,T,none,97.63635487778409,11.386980906169262,openimageo,126,B14+L14+D3L|T|none
openood,openimageo_seed126,B14+L14+D3L,T,TINS,97.82866833308827,10.58037683533934,openimageo,126,B14+L14+D3L|T|TINS
openood,openimageo_seed126,B14+L14+D3L,T,TANL,97.67627358721757,11.185329888461782,openimageo,126,B14+L14+D3L|T|TANL
openood,openimageo_seed126,B14+L14+D3L,Tlp,none,97.22502083027008,12.44564874913353,openimageo,126,B14+L14+D3L|Tlp|none
openood,openimageo_seed126,B14+L14+D3L,Tlp,TINS,97.68976018932788,10.794631041653538,openimageo,126,B14+L14+D3L|Tlp|TINS
openood,openimageo_seed126,B14+L14+D3L,Tlp,TANL,97.36356880290712,12.25029932572941,openimageo,126,B14+L14+D3L|Tlp|TANL
openood,openimageo_seed126,B14+L14+D3L,Tq0.05,none,97.62320793160669,11.487806415023002,openimageo,126,B14+L14+D3L|Tq0.05|none
openood,openimageo_seed126,B14+L14+D3L,Tq0.05,TINS,97.79397917673172,10.977377276450945,openimageo,126,B14+L14+D3L|Tq0.05|TINS
openood,openimageo_seed126,B14+L14+D3L,Tq0.05,TANL,97.65106671988012,11.53821916944987,openimageo,126,B14+L14+D3L|Tq0.05|TANL
openood,openimageo_seed126,B14+L14+D3L,Tq0.2,none,97.48720699336934,11.758774970067428,openimageo,126,B14+L14+D3L|Tq0.2|none
openood,openimageo_seed126,B14+L14+D3L,Tq0.2,TINS,97.72536993859448,10.807234230260256,openimageo,126,B14+L14+D3L|Tq0.2|TINS
openood,openimageo_seed126,B14+L14+D3L,Tq0.2,TANL,97.54255256579916,11.58233032957338,openimageo,126,B14+L14+D3L|Tq0.2|TANL
openood,openimageo_seed126,B14+L14+D3L,Tnn,none,97.95440684493175,10.517360892305753,openimageo,126,B14+L14+D3L|Tnn|none
openood,openimageo_seed126,B14+L14+D3L,Tnn,TINS,98.0817203352448,9.817883924632932,openimageo,126,B14+L14+D3L|Tnn|TINS
openood,openimageo_seed126,B14+L14+D3L,Tnn,TANL,97.97507817477822,10.473249732182245,openimageo,126,B14+L14+D3L|Tnn|TANL
openood,openimageo_seed126,B14+L14+D3L,Tk20,none,97.7418387352,10.851345390383766,openimageo,126,B14+L14+D3L|Tk20|none
openood,openimageo_seed126,B14+L14+D3L,Tk20,TINS,97.87943061594584,10.466948137878882,openimageo,126,B14+L14+D3L|Tk20|TINS
openood,openimageo_seed126,B14+L14+D3L,Tk20,TANL,97.76064619348696,10.952170899237506,openimageo,126,B14+L14+D3L|Tk20|TANL
openood,openimageo_seed126,B14+L14+D3L,Tlp20,none,97.65387155950457,11.267250614405445,openimageo,126,B14+L14+D3L|Tlp20|none
openood,openimageo_seed126,B14+L14+D3L,Tlp20,TINS,97.941533668018,10.189677988531098,openimageo,126,B14+L14+D3L|Tlp20|TINS
openood,openimageo_seed126,B14+L14+D3L,Tlp20,TANL,97.71607081591642,11.172726699855064,openimageo,126,B14+L14+D3L|Tlp20|TANL
openood,openimageo_seed126,B14+L14+D3L,SL,none,97.7575283746788,11.254647425798726,openimageo,126,B14+L14+D3L|SL|none
openood,openimageo_seed126,B14+L14+D3L,SL,TINS,98.0256176612683,9.761169575902704,openimageo,126,B14+L14+D3L|SL|TINS
openood,openimageo_seed126,B14+L14+D3L,SL,TANL,97.81208351712984,11.052996408091246,openimageo,126,B14+L14+D3L|SL|TANL
openood,openimageo_seed126,B14+L14+D3L,static,none,97.2468109031585,14.31092066292772,openimageo,126,B14+L14+D3L|static|none
openood,openimageo_seed126,B14+L14+D3L,static,TINS,97.94189888041672,11.456298443506208,openimageo,126,B14+L14+D3L|static|TINS
openood,openimageo_seed126,B14+L14+D3L,static,TANL,97.57804111440194,13.075808179469403,openimageo,126,B14+L14+D3L|static|TANL
openood,openimageo_seed126,B14+L14+D3B+D3L,T,none,97.71327605884292,11.24204423719201,openimageo,126,B14+L14+D3B+D3L|T|none
openood,openimageo_seed126,B14+L14+D3B+D3L,T,TINS,97.84725509553918,10.719011910013233,openimageo,126,B14+L14+D3B+D3L|T|TINS
openood,openimageo_seed126,B14+L14+D3B+D3L,T,TANL,97.73418572898942,11.24204423719201,openimageo,126,B14+L14+D3B+D3L|T|TANL
openood,openimageo_seed126,B14+L14+D3B+D3L,Tlp,none,97.30732098220852,12.275505702942844,openimageo,126,B14+L14+D3B+D3L|Tlp|none
openood,openimageo_seed126,B14+L14+D3B+D3L,Tlp,TINS,97.67795282206396,10.88285336190056,openimageo,126,B14+L14+D3B+D3L|Tlp|TINS
openood,openimageo_seed126,B14+L14+D3B+D3L,Tlp,TANL,97.40184657718405,12.010838742201775,openimageo,126,B14+L14+D3B+D3L|Tlp|TANL
openood,openimageo_seed126,B14+L14+D3B+D3L,Tq0.05,none,97.66592440887544,11.550822358056587,openimageo,126,B14+L14+D3B+D3L|Tq0.05|none
openood,openimageo_seed126,B14+L14+D3B+D3L,Tq0.05,TINS,97.7899729031445,11.116012351124835,openimageo,126,B14+L14+D3B+D3L|Tq0.05|TINS
openood,openimageo_seed126,B14+L14+D3B+D3L,Tq0.05,TANL,97.68029659503856,11.689457432730482,openimageo,126,B14+L14+D3B+D3L|Tq0.05|TANL
openood,openimageo_seed126,B14+L14+D3B+D3L,Tq0.2,none,97.60815146231997,11.49410800932636,openimageo,126,B14+L14+D3B+D3L|Tq0.2|none
openood,openimageo_seed126,B14+L14+D3B+D3L,Tq0.2,TINS,97.77064605345154,10.706408721406516,openimageo,126,B14+L14+D3B+D3L|Tq0.2|TINS
openood,openimageo_seed126,B14+L14+D3B+D3L,Tq0.2,TANL,97.63847851506432,11.405885689079335,openimageo,126,B14+L14+D3B+D3L|Tq0.2|TANL
openood,openimageo_seed126,B14+L14+D3B+D3L,Tnn,none,98.05160095504164,10.189677988531098,openimageo,126,B14+L14+D3B+D3L|Tnn|none
openood,openimageo_seed126,B14+L14+D3B+D3L,Tnn,TINS,98.13354422668937,9.78007435881278,openimageo,126,B14+L14+D3B+D3L|Tnn|TINS
openood,openimageo_seed126,B14+L14+D3B+D3L,Tnn,TANL,98.06041898600348,10.195979582834456,openimageo,126,B14+L14+D3B+D3L|Tnn|TANL
openood,openimageo_seed126,B14+L14+D3B+D3L,Tk20,none,97.73089566660364,11.027790030877812,openimageo,126,B14+L14+D3B+D3L|Tk20|none
openood,openimageo_seed126,B14+L14+D3B+D3L,Tk20,TINS,97.83024723254982,10.693805532799798,openimageo,126,B14+L14+D3B+D3L|Tk20|TINS
openood,openimageo_seed126,B14+L14+D3B+D3L,Tk20,TANL,97.73973463286212,11.078202785304684,openimageo,126,B14+L14+D3B+D3L|Tk20|TANL
openood,openimageo_seed126,B14+L14+D3B+D3L,Tlp20,none,97.64446446951078,11.330266557439032,openimageo,126,B14+L14+D3B+D3L|Tlp20|none
openood,openimageo_seed126,B14+L14+D3B+D3L,Tlp20,TINS,97.88792068393302,10.517360892305753,openimageo,126,B14+L14+D3B+D3L|Tlp20|TINS
openood,openimageo_seed126,B14+L14+D3B+D3L,Tlp20,TANL,97.6891856939806,11.361774528955824,openimageo,126,B14+L14+D3B+D3L|Tlp20|TANL
openood,openimageo_seed126,B14+L14+D3B+D3L,SL,none,97.83939567710632,11.027790030877812,openimageo,126,B14+L14+D3B+D3L|SL|none
openood,openimageo_seed126,B14+L14+D3B+D3L,SL,TINS,98.0329768031312,10.095154073980716,openimageo,126,B14+L14+D3B+D3L|SL|TINS
openood,openimageo_seed126,B14+L14+D3B+D3L,SL,TANL,97.87451075122006,10.939567710630788,openimageo,126,B14+L14+D3B+D3L|SL|TANL
openood,openimageo_seed126,B14+L14+D3B+D3L,static,none,97.17475140210472,14.96628647047703,openimageo,126,B14+L14+D3B+D3L|static|none
openood,openimageo_seed126,B14+L14+D3B+D3L,static,TINS,97.83468005405366,12.04234671371857,openimageo,126,B14+L14+D3B+D3L|static|TINS
openood,openimageo_seed126,B14+L14+D3B+D3L,static,TANL,97.48950294424488,13.548427752221311,openimageo,126,B14+L14+D3B+D3L|static|TANL
openood,openimageo_seed126,B14+L14,T,none,97.24068379299965,13.151427311109712,openimageo,126,B14+L14|T|none
openood,openimageo_seed126,B14+L14,T,TINS,97.54939749756689,12.105362656752158,openimageo,126,B14+L14|T|TINS
openood,openimageo_seed126,B14+L14,T,TANL,97.32742663893966,13.138824122502992,openimageo,126,B14+L14|T|TANL
openood,openimageo_seed126,B14+L14,Tlp,none,96.71087165052758,14.531476463545276,openimageo,126,B14+L14|Tlp|none
openood,openimageo_seed126,B14+L14,Tlp,TINS,97.3868636965152,12.50236309786376,openimageo,126,B14+L14|Tlp|TINS
openood,openimageo_seed126,B14+L14,Tlp,TANL,96.95735746143774,14.05885689079337,openimageo,126,B14+L14|Tlp|TANL
openood,openimageo_seed126,B14+L14,Tq0.05,none,97.21443807283242,13.523221375007877,openimageo,126,B14+L14|Tq0.05|none
openood,openimageo_seed126,B14+L14,Tq0.05,TINS,97.49542560267749,12.439347154830172,openimageo,126,B14+L14|Tq0.05|TINS
openood,openimageo_seed126,B14+L14,Tq0.05,TANL,97.2842494451096,13.687062826895206,openimageo,126,B14+L14|Tq0.05|TANL
openood,openimageo_seed126,B14+L14,Tq0.2,none,97.07414259807732,13.649253261075051,openimageo,126,B14+L14|Tq0.2|none
openood,openimageo_seed126,B14+L14,Tq0.2,TINS,97.4583029106364,12.117965845358876,openimageo,126,B14+L14|Tq0.2|TINS
openood,openimageo_seed126,B14+L14,Tq0.2,TANL,97.18967231709624,13.340475140210472,openimageo,126,B14+L14|Tq0.2|TANL
openood,openimageo_seed126,B14+L14,Tnn,none,97.58781033601502,12.60949020102086,openimageo,126,B14+L14|Tnn|none
openood,openimageo_seed126,B14+L14,Tnn,TINS,97.80478669103285,11.657949461213688,openimageo,126,B14+L14|Tnn|TINS
openood,openimageo_seed126,B14+L14,Tnn,TANL,97.63850946289412,12.489759909257042,openimageo,126,B14+L14|Tnn|TANL
openood,openimageo_seed126,B14+L14,Tk20,none,97.35174169064776,12.420442371920096,openimageo,126,B14+L14|Tk20|none
openood,openimageo_seed126,B14+L14,Tk20,TINS,97.5945205537001,11.651647866910327,openimageo,126,B14+L14|Tk20|TINS
openood,openimageo_seed126,B14+L14,Tk20,TANL,97.41155124246433,12.313315268762995,openimageo,126,B14+L14|Tk20|TANL
openood,openimageo_seed126,B14+L14,Tlp20,none,97.20404471331246,12.70401411557124,openimageo,126,B14+L14|Tlp20|none
openood,openimageo_seed126,B14+L14,Tlp20,TINS,97.6436575853691,11.664251055517044,openimageo,126,B14+L14|Tlp20|TINS
openood,openimageo_seed126,B14+L14,Tlp20,TANL,97.34281933329132,12.722918898481318,openimageo,126,B14+L14|Tlp20|TANL
openood,openimageo_seed126,B14+L14,SL,none,97.30578619390704,13.434999054760857,openimageo,126,B14+L14|SL|none
openood,openimageo_seed126,B14+L14,SL,TINS,97.7457313700366,11.525615980843153,openimageo,126,B14+L14|SL|TINS
openood,openimageo_seed126,B14+L14,SL,TANL,97.42079169029763,13.138824122502992,openimageo,126,B14+L14|SL|TANL
openood,openimageo_seed126,B14+L14,static,none,96.84351656969211,16.648812149473816,openimageo,126,B14+L14|static|none
openood,openimageo_seed126,B14+L14,static,TINS,97.6920060775376,13.069506585166046,openimageo,126,B14+L14|static|TINS
openood,openimageo_seed126,B14+L14,static,TANL,97.26402195755526,15.186842271094584,openimageo,126,B14+L14|static|TANL
openood,openimageo_seed127,L14xD3L+D3L,T,none,97.55206664286064,11.33656815174239,openimageo,127,L14xD3L+D3L|T|none
openood,openimageo_seed127,L14xD3L+D3L,T,TINS,97.83108380420246,10.397630600541936,openimageo,127,L14xD3L+D3L|T|TINS
openood,openimageo_seed127,L14xD3L+D3L,T,TANL,97.63245005986514,11.29245699161888,openimageo,127,L14xD3L+D3L|T|TANL
openood,openimageo_seed127,L14xD3L+D3L,Tlp,none,96.99095413139524,12.559077446593989,openimageo,127,L14xD3L+D3L|Tlp|none
openood,openimageo_seed127,L14xD3L+D3L,Tlp,TINS,97.59420701437465,10.813535824563616,openimageo,127,L14xD3L+D3L|Tlp|TINS
openood,openimageo_seed127,L14xD3L+D3L,Tlp,TANL,97.21294235441566,12.0990610624488,openimageo,127,L14xD3L+D3L|Tlp|TANL
openood,openimageo_seed127,L14xD3L+D3L,Tq0.05,none,97.56902066222754,11.008885247967736,openimageo,127,L14xD3L+D3L|Tq0.05|none
openood,openimageo_seed127,L14xD3L+D3L,Tq0.05,TINS,97.80886256222824,10.27790030877812,openimageo,127,L14xD3L+D3L|Tq0.05|TINS
openood,openimageo_seed127,L14xD3L+D3L,Tq0.05,TANL,97.63004285084126,10.939567710630788,openimageo,127,L14xD3L+D3L|Tq0.05|TANL
openood,openimageo_seed127,L14xD3L+D3L,Tq0.2,none,97.35247876712808,11.733568592853992,openimageo,127,L14xD3L+D3L|Tq0.2|none
openood,openimageo_seed127,L14xD3L+D3L,Tq0.2,TINS,97.69772456431475,10.529964080912473,openimageo,127,L14xD3L+D3L|Tq0.2|TINS
openood,openimageo_seed127,L14xD3L+D3L,Tq0.2,TANL,97.45435153093732,11.49410800932636,openimageo,127,L14xD3L+D3L|Tq0.2|TANL
openood,openimageo_seed127,L14xD3L+D3L,Tnn,none,97.8925214079162,10.492154515092318,openimageo,127,L14xD3L+D3L|Tnn|none
openood,openimageo_seed127,L14xD3L+D3L,Tnn,TINS,98.08465785843818,9.553216963891863,openimageo,127,L14xD3L+D3L|Tnn|TINS
openood,openimageo_seed127,L14xD3L+D3L,Tnn,TANL,97.93884519783506,10.504757703699036,openimageo,127,L14xD3L+D3L|Tnn|TANL
openood,openimageo_seed127,L14xD3L+D3L,Tk20,none,97.80586741445588,10.139265234104228,openimageo,127,L14xD3L+D3L|Tk20|none
openood,openimageo_seed127,L14xD3L+D3L,Tk20,TINS,97.9678513663957,9.691852038565758,openimageo,127,L14xD3L+D3L|Tk20|TINS
openood,openimageo_seed127,L14xD3L+D3L,Tk20,TANL,97.83501648917176,10.151868422710946,openimageo,127,L14xD3L+D3L|Tk20|TANL
openood,openimageo_seed127,L14xD3L+D3L,Tlp20,none,97.60709706555758,10.876551767597205,openimageo,127,L14xD3L+D3L|Tlp20|none
openood,openimageo_seed127,L14xD3L+D3L,Tlp20,TINS,97.9147271059578,10.07624929107064,openimageo,127,L14xD3L+D3L|Tlp20|TINS
openood,openimageo_seed127,L14xD3L+D3L,Tlp20,TANL,97.69027832041508,10.769424664440104,openimageo,127,L14xD3L+D3L|Tlp20|TANL
openood,openimageo_seed127,L14+D3L,T,none,97.55566632357986,11.53821916944987,openimageo,127,L14+D3L|T|none
openood,openimageo_seed127,L14+D3L,T,TINS,97.82291847837504,10.529964080912473,openimageo,127,L14+D3L|T|TINS
openood,openimageo_seed127,L14+D3L,T,TANL,97.62934414406844,11.456298443506208,openimageo,127,L14+D3L|T|TANL
openood,openimageo_seed127,L14+D3L,Tlp,none,97.1077760273349,12.685109332661163,openimageo,127,L14+D3L|Tlp|none
openood,openimageo_seed127,L14+D3L,Tlp,TINS,97.65486896184734,10.901758144810636,openimageo,127,L14+D3L|Tlp|TINS
openood,openimageo_seed127,L14+D3L,Tlp,TANL,97.31396230246251,12.269204108639483,openimageo,127,L14+D3L|Tlp|TANL
openood,openimageo_seed127,L14+D3L,Tq0.05,none,97.57601284124884,11.298758585922238,openimageo,127,L14+D3L|Tq0.05|none
openood,openimageo_seed127,L14+D3L,Tq0.05,TINS,97.80087732196246,10.668599155586362,openimageo,127,L14+D3L|Tq0.05|TINS
openood,openimageo_seed127,L14+D3L,Tq0.05,TANL,97.62735494080005,11.3806793118659,openimageo,127,L14+D3L|Tq0.05|TANL
openood,openimageo_seed127,L14+D3L,Tq0.2,none,97.37968940141856,12.036045119415212,openimageo,127,L14+D3L|Tq0.2|none
openood,openimageo_seed127,L14+D3L,Tq0.2,TINS,97.71592314855658,10.567773646732622,openimageo,127,L14+D3L|Tq0.2|TINS
openood,openimageo_seed127,L14+D3L,Tq0.2,TANL,97.47835500381596,11.752473375764067,openimageo,127,L14+D3L|Tq0.2|TANL
openood,openimageo_seed127,L14+D3L,Tnn,none,97.87985478326016,10.851345390383766,openimageo,127,L14+D3L|Tnn|none
openood,openimageo_seed127,L14+D3L,Tnn,TINS,98.06906071236024,9.855693490453085,openimageo,127,L14+D3L|Tnn|TINS
openood,openimageo_seed127,L14+D3L,Tnn,TANL,97.92344137066678,10.74421828722667,openimageo,127,L14+D3L|Tnn|TANL
openood,openimageo_seed127,L14+D3L,Tk20,none,97.7541551312482,10.460646543575525,openimageo,127,L14+D3L|Tk20|none
openood,openimageo_seed127,L14+D3L,Tk20,TINS,97.92771007064786,9.937614216396748,openimageo,127,L14+D3L|Tk20|TINS
openood,openimageo_seed127,L14+D3L,Tk20,TANL,97.78979211740572,10.567773646732622,openimageo,127,L14+D3L|Tk20|TANL
openood,openimageo_seed127,L14+D3L,Tlp20,none,97.63845792985624,11.034091625181173,openimageo,127,L14+D3L|Tlp20|none
openood,openimageo_seed127,L14+D3L,Tlp20,TINS,97.92862016090072,10.189677988531098,openimageo,127,L14+D3L|Tlp20|TINS
openood,openimageo_seed127,L14+D3L,Tlp20,TANL,97.7239109794778,11.015186842271095,openimageo,127,L14+D3L|Tlp20|TANL
openood,openimageo_seed127,L14+D3L,SL,none,97.65598672464134,11.5949335181801,openimageo,127,L14+D3L|SL|none
openood,openimageo_seed127,L14+D3L,SL,TINS,98.01378634794602,9.723360010082551,openimageo,127,L14+D3L|SL|TINS
openood,openimageo_seed127,L14+D3L,SL,TANL,97.749541664041,11.128615539731552,openimageo,127,L14+D3L|SL|TANL
openood,openimageo_seed127,L14+D3L,static,none,97.13942102351896,14.380238200264667,openimageo,127,L14+D3L|static|none
openood,openimageo_seed127,L14+D3L,static,TINS,97.9433930584438,11.197933077068498,openimageo,127,L14+D3L|static|TINS
openood,openimageo_seed127,L14+D3L,static,TANL,97.60096904516844,12.823744407335056,openimageo,127,L14+D3L|static|TANL
openood,openimageo_seed127,D3L,T,none,97.4534802304983,11.853298884617807,openimageo,127,D3L|T|none
openood,openimageo_seed127,D3L,T,TINS,97.76489885941142,10.353519440418426,openimageo,127,D3L|T|TINS
openood,openimageo_seed127,D3L,T,TANL,97.54687503938496,11.689457432730482,openimageo,127,D3L|T|TANL
openood,openimageo_seed127,D3L,Tlp,none,96.78892116705524,13.245951225660091,openimageo,127,D3L|Tlp|none
openood,openimageo_seed127,D3L,Tlp,TINS,97.3673534004103,12.04864830802193,openimageo,127,D3L|Tlp|TINS
openood,openimageo_seed127,D3L,Tlp,TANL,97.0394231240504,12.880458756065286,openimageo,127,D3L|Tlp|TANL
openood,openimageo_seed127,D3L,Tq0.05,none,97.46402027713012,11.298758585922238,openimageo,127,D3L|Tq0.05|none
openood,openimageo_seed127,D3L,Tq0.05,TINS,97.71758424881494,10.731615098619953,openimageo,127,D3L|Tq0.05|TINS
openood,openimageo_seed127,D3L,Tq0.05,TANL,97.528111972329,11.449996849202847,openimageo,127,D3L|Tq0.05|TANL
openood,openimageo_seed127,D3L,Tq0.2,none,97.2674384719334,12.212489759909255,openimageo,127,D3L|Tq0.2|none
openood,openimageo_seed127,D3L,Tq0.2,TINS,97.67259674697696,10.68750393849644,openimageo,127,D3L|Tq0.2|TINS
openood,openimageo_seed127,D3L,Tq0.2,TANL,97.3907329454352,11.910013233348035,openimageo,127,D3L|Tq0.2|TANL
openood,openimageo_seed127,D3L,Tnn,none,97.85088103290131,10.952170899237506,openimageo,127,D3L|Tnn|none
openood,openimageo_seed127,D3L,Tnn,TINS,98.08574803425266,9.641439284138889,openimageo,127,D3L|Tnn|TINS
openood,openimageo_seed127,D3L,Tnn,TANL,97.9071372557257,10.863948578990485,openimageo,127,D3L|Tnn|TANL
openood,openimageo_seed127,D3L,Tk20,none,97.685365387443,10.637091184069568,openimageo,127,D3L|Tk20|none
openood,openimageo_seed127,D3L,Tk20,TINS,97.82373236428816,10.151868422710946,openimageo,127,D3L|Tk20|TINS
openood,openimageo_seed127,D3L,Tk20,TANL,97.69877623038629,10.901758144810636,openimageo,127,D3L|Tk20|TANL
openood,openimageo_seed127,D3L,Tlp20,none,97.38949454211917,11.714663809943916,openimageo,127,D3L|Tlp20|none
openood,openimageo_seed127,D3L,Tlp20,TINS,97.57501403855176,12.212489759909255,openimageo,127,D3L|Tlp20|TINS
openood,openimageo_seed127,D3L,Tlp20,TANL,97.4387510940268,11.966727582078263,openimageo,127,D3L|Tlp20|TANL
openood,openimageo_seed127,D3L,SL,none,97.51343352868274,11.676854244123763,openimageo,127,D3L|SL|none
openood,openimageo_seed127,D3L,SL,TINS,97.91279097611697,10.34091625181171,openimageo,127,D3L|SL|TINS
openood,openimageo_seed127,D3L,SL,TANL,97.63031844056546,11.49410800932636,openimageo,127,D3L|SL|TANL
openood,openimageo_seed127,D3L,static,none,96.56958640536055,17.94063898166236,openimageo,127,D3L|static|none
openood,openimageo_seed127,D3L,static,TINS,97.58971985912436,13.472808620581006,openimageo,127,D3L|static|TINS
openood,openimageo_seed127,D3L,static,TANL,97.34080604392912,14.71422269834268,openimageo,127,D3L|static|TANL
openood,openimageo_seed127,L14,T,none,96.7561523865538,15.048207196420693,openimageo,127,L14|T|none
openood,openimageo_seed127,L14,T,TINS,97.35850204101637,12.75442686999811,openimageo,127,L14|T|TINS
openood,openimageo_seed127,L14,T,TANL,97.02079456102392,14.556682840758713,openimageo,127,L14|T|TANL
openood,openimageo_seed127,L14,Tlp,none,96.10629662304562,16.214002142542064,openimageo,127,L14|Tlp|none
openood,openimageo_seed127,L14,Tlp,TINS,97.08771777259648,14.254206314197493,openimageo,127,L14|Tlp|TINS
openood,openimageo_seed127,L14,Tlp,TANL,96.65765160585627,15.174239082487867,openimageo,127,L14|Tlp|TANL
openood,openimageo_seed127,L14,Tq0.05,none,96.81524278642496,14.481063709118407,openimageo,127,L14|Tq0.05|none
openood,openimageo_seed127,L14,Tq0.05,TINS,97.32639471786362,13.277459197176883,openimageo,127,L14|Tq0.05|TINS
openood,openimageo_seed127,L14,Tq0.05,TANL,97.0244669201308,14.51887327493856,openimageo,127,L14|Tq0.05|TANL
openood,openimageo_seed127,L14,Tq0.2,none,96.4981240853936,15.42000126031886,openimageo,127,L14|Tq0.2|none
openood,openimageo_seed127,L14,Tq0.2,TINS,97.26495207287442,12.722918898481318,openimageo,127,L14|Tq0.2|TINS
openood,openimageo_seed127,L14,Tq0.2,TANL,96.84406711898107,14.531476463545276,openimageo,127,L14|Tq0.2|TANL
openood,openimageo_seed127,L14,Tnn,none,97.11843398379789,14.273111097107568,openimageo,127,L14|Tnn|none
openood,openimageo_seed127,L14,Tnn,TINS,97.59069884680824,12.382632806099943,openimageo,127,L14|Tnn|TINS
openood,openimageo_seed127,L14,Tnn,TANL,97.2959971572808,13.932825004726196,openimageo,127,L14|Tnn|TANL
openood,openimageo_seed127,L14,Tk20,none,97.04996513117818,13.245951225660091,openimageo,127,L14|Tk20|none
openood,openimageo_seed127,L14,Tk20,TINS,97.50972504043524,12.010838742201775,openimageo,127,L14|Tk20|TINS
openood,openimageo_seed127,L14,Tk20,TANL,97.25807647334776,12.767030058604828,openimageo,127,L14|Tk20|TANL
openood,openimageo_seed127,L14,Tlp20,none,96.83308911154522,14.140777616737036,openimageo,127,L14|Tlp20|none
openood,openimageo_seed127,L14,Tlp20,TINS,97.39791263189586,13.485411809187726,openimageo,127,L14|Tlp20|TINS
openood,openimageo_seed127,L14,Tlp20,TANL,97.15933882272212,13.65555485537841,openimageo,127,L14|Tlp20|TANL
openood,openimageo_seed127,L14,SL,none,96.72901919185554,15.728779381183438,openimageo,127,L14|SL|none
openood,openimageo_seed127,L14,SL,TINS,97.5259551466521,12.180981788392463,openimageo,127,L14|SL|TINS
openood,openimageo_seed127,L14,SL,TANL,97.04720993411333,14.739429075556115,openimageo,127,L14|SL|TANL
openood,openimageo_seed127,L14,static,none,96.4391630782588,17.650765643707857,openimageo,127,L14|static|none
openood,openimageo_seed127,L14,static,TINS,97.41101742740916,14.26050790850085,openimageo,127,L14|static|TINS
openood,openimageo_seed127,L14,static,TANL,97.07511542420232,15.791795324217023,openimageo,127,L14|static|TANL
openood,openimageo_seed127,L14xD3L,T,none,97.27548588792963,12.319616863066356,openimageo,127,L14xD3L|T|none
openood,openimageo_seed127,L14xD3L,T,TINS,97.68710861848044,10.68750393849644,openimageo,127,L14xD3L|T|TINS
openood,openimageo_seed127,L14xD3L,T,TANL,97.42893096953529,12.124267439662232,openimageo,127,L14xD3L|T|TANL
openood,openimageo_seed127,L14xD3L,Tlp,none,96.69006511647449,13.554729346524672,openimageo,127,L14xD3L|Tlp|none
openood,openimageo_seed127,L14xD3L,Tlp,TINS,97.35005314344528,12.414140777616735,openimageo,127,L14xD3L|Tlp|TINS
openood,openimageo_seed127,L14xD3L,Tlp,TANL,97.0150185897032,13.05690339655933,openimageo,127,L14xD3L|Tlp|TANL
openood,openimageo_seed127,L14xD3L,Tq0.05,none,97.31024667240813,11.657949461213688,openimageo,127,L14xD3L|Tq0.05|none
openood,openimageo_seed127,L14xD3L,Tq0.05,TINS,97.64607725754615,11.122313945428193,openimageo,127,L14xD3L|Tq0.05|TINS
openood,openimageo_seed127,L14xD3L,Tq0.05,TANL,97.42356677239344,11.733568592853992,openimageo,127,L14xD3L|Tq0.05|TANL
openood,openimageo_seed127,L14xD3L,Tq0.2,none,97.03121081633653,12.830046001638417,openimageo,127,L14xD3L|Tq0.2|none
openood,openimageo_seed127,L14xD3L,Tq0.2,TINS,97.56904866931336,11.122313945428193,openimageo,127,L14xD3L|Tq0.2|TINS
openood,openimageo_seed127,L14xD3L,Tq0.2,TANL,97.23420526393176,12.426743966223452,openimageo,127,L14xD3L|Tq0.2|TANL
openood,openimageo_seed127,L14xD3L,Tnn,none,97.67523893545066,11.783981347280864,openimageo,127,L14xD3L|Tnn|none
openood,openimageo_seed127,L14xD3L,Tnn,TINS,97.98088334348589,10.372424223328505,openimageo,127,L14xD3L|Tnn|TINS
openood,openimageo_seed127,L14xD3L,Tnn,TANL,97.7663018043565,11.613838301090176,openimageo,127,L14xD3L|Tnn|TANL
openood,openimageo_seed127,L14xD3L,Tk20,none,97.6382141281744,10.737916692923308,openimageo,127,L14xD3L|Tk20|none
openood,openimageo_seed127,L14xD3L,Tk20,TINS,97.8423933455164,10.359821034721785,openimageo,127,L14xD3L|Tk20|TINS
openood,openimageo_seed127,L14xD3L,Tk20,TANL,97.69330567633612,11.021488436574453,openimageo,127,L14xD3L|Tk20|TANL
openood,openimageo_seed127,L14xD3L,Tlp20,none,97.44355549954138,11.68315583842712,openimageo,127,L14xD3L|Tlp20|none
openood,openimageo_seed127,L14xD3L,Tlp20,TINS,97.66570630369482,11.601235112483458,openimageo,127,L14xD3L|Tlp20|TINS
openood,openimageo_seed127,L14xD3L,Tlp20,TANL,97.53712402237768,11.613838301090176,openimageo,127,L14xD3L|Tlp20|TANL
openood,openimageo_seed127,D3B+D3L,T,none,97.66667898978444,11.065599596697965,openimageo,127,D3B+D3L|T|none
openood,openimageo_seed127,D3B+D3L,T,TINS,97.82126059893152,10.561472052429265,openimageo,127,D3B+D3L|T|TINS
openood,openimageo_seed127,D3B+D3L,T,TANL,97.69168553644072,11.172726699855064,openimageo,127,D3B+D3L|T|TANL
openood,openimageo_seed127,D3B+D3L,Tlp,none,97.09305753355598,12.729220492784671,openimageo,127,D3B+D3L|Tlp|none
openood,openimageo_seed127,D3B+D3L,Tlp,TINS,97.52712836347597,11.424790471989413,openimageo,127,D3B+D3L|Tlp|TINS
openood,openimageo_seed127,D3B+D3L,Tlp,TANL,97.21705288437974,12.433045560526814,openimageo,127,D3B+D3L|Tlp|TANL
openood,openimageo_seed127,D3B+D3L,Tq0.05,none,97.60832433605702,11.160123511248344,openimageo,127,D3B+D3L|Tq0.05|none
openood,openimageo_seed127,D3B+D3L,Tq0.05,TINS,97.74369021362403,10.813535824563616,openimageo,127,D3B+D3L|Tq0.05|TINS
openood,openimageo_seed127,D3B+D3L,Tq0.05,TANL,97.62280546978384,11.368076123259184,openimageo,127,D3B+D3L|Tq0.05|TANL
openood,openimageo_seed127,D3B+D3L,Tq0.2,none,97.57248401845668,11.34286974604575,openimageo,127,D3B+D3L|Tq0.2|none
openood,openimageo_seed127,D3B+D3L,Tq0.2,TINS,97.76857366913828,10.460646543575525,openimageo,127,D3B+D3L|Tq0.2|TINS
openood,openimageo_seed127,D3B+D3L,Tq0.2,TANL,97.6087704889337,11.355472934652468,openimageo,127,D3B+D3L|Tq0.2|TANL
openood,openimageo_seed127,D3B+D3L,Tnn,none,98.05871300439011,10.044741319553848,openimageo,127,D3B+D3L|Tnn|none
openood,openimageo_seed127,D3B+D3L,Tnn,TINS,98.15599582694422,9.38307391770118,openimageo,127,D3B+D3L|Tnn|TINS
openood,openimageo_seed127,D3B+D3L,Tnn,TANL,98.0675462992137,10.000630159430337,openimageo,127,D3B+D3L|Tnn|TANL
openood,openimageo_seed127,D3B+D3L,Tk20,none,97.65852507684444,11.305060180225595,openimageo,127,D3B+D3L|Tk20|none
openood,openimageo_seed127,D3B+D3L,Tk20,TINS,97.74843083300075,11.109710756821476,openimageo,127,D3B+D3L|Tk20|TINS
openood,openimageo_seed127,D3B+D3L,Tk20,TANL,97.65751696179134,11.487806415023002,openimageo,127,D3B+D3L|Tk20|TANL
openood,openimageo_seed127,D3B+D3L,Tlp20,none,97.41276892053688,12.174680194089104,openimageo,127,D3B+D3L|Tlp20|none
openood,openimageo_seed127,D3B+D3L,Tlp20,TINS,97.6557516051561,11.601235112483458,openimageo,127,D3B+D3L|Tlp20|TINS
openood,openimageo_seed127,D3B+D3L,Tlp20,TANL,97.45868723787116,12.508664692167118,openimageo,127,D3B+D3L|Tlp20|TANL
openood,openimageo_seed127,D3B+D3L,SL,none,97.7111410086752,11.305060180225595,openimageo,127,D3B+D3L|SL|none
openood,openimageo_seed127,D3B+D3L,SL,TINS,97.95228054697836,10.397630600541936,openimageo,127,D3B+D3L|SL|TINS
openood,openimageo_seed127,D3B+D3L,SL,TANL,97.76270569454071,11.24204423719201,openimageo,127,D3B+D3L|SL|TANL
openood,openimageo_seed127,D3B+D3L,static,none,96.52528675754968,19.490831180288613,openimageo,127,D3B+D3L|static|none
openood,openimageo_seed127,D3B+D3L,static,TINS,97.5825132158436,13.6114436952549,openimageo,127,D3B+D3L|static|TINS
openood,openimageo_seed127,D3B+D3L,static,TANL,97.21171508391622,15.861112861553972,openimageo,127,D3B+D3L|static|TANL
openood,openimageo_seed127,L14+D3B+D3L,T,none,97.72839799469266,10.94586930493415,openimageo,127,L14+D3B+D3L|T|none
openood,openimageo_seed127,L14+D3B+D3L,T,TINS,97.87817701878576,10.252693931564686,openimageo,127,L14+D3B+D3L|T|TINS
openood,openimageo_seed127,L14+D3B+D3L,T,TANL,97.75655764908524,10.838742201777048,openimageo,127,L14+D3B+D3L|T|TANL
openood,openimageo_seed127,L14+D3B+D3L,Tlp,none,97.30080380336226,12.162077005482388,openimageo,127,L14+D3B+D3L|Tlp|none
openood,openimageo_seed127,L14+D3B+D3L,Tlp,TINS,97.6898709573522,10.78832944735018,openimageo,127,L14+D3B+D3L|Tlp|TINS
openood,openimageo_seed127,L14+D3B+D3L,Tlp,TANL,97.41533401950694,11.859600478921168,openimageo,127,L14+D3B+D3L|Tlp|TANL
openood,openimageo_seed127,L14+D3B+D3L,Tq0.05,none,97.69152442567967,11.071901191001324,openimageo,127,L14+D3B+D3L|Tq0.05|none
openood,openimageo_seed127,L14+D3B+D3L,Tq0.05,TINS,97.82403806162958,10.68120234419308,openimageo,127,L14+D3B+D3L|Tq0.05|TINS
openood,openimageo_seed127,L14+D3B+D3L,Tq0.05,TANL,97.71000413104515,11.185329888461782,openimageo,127,L14+D3B+D3L|Tq0.05|TANL
openood,openimageo_seed127,L14+D3B+D3L,Tq0.2,none,97.62189173860986,11.223139454281933,openimageo,127,L14+D3B+D3L|Tq0.2|none
openood,openimageo_seed127,L14+D3B+D3L,Tq0.2,TINS,97.80766974044433,10.328313063204993,openimageo,127,L14+D3B+D3L|Tq0.2|TINS
openood,openimageo_seed127,L14+D3B+D3L,Tq0.2,TANL,97.66162413090512,11.122313945428193,openimageo,127,L14+D3B+D3L|Tq0.2|TANL
openood,openimageo_seed127,L14+D3B+D3L,Tnn,none,98.07042094649948,9.912407839183317,openimageo,127,L14+D3B+D3L|Tnn|none
openood,openimageo_seed127,L14+D3B+D3L,Tnn,TINS,98.16593092052288,9.395677106307897,openimageo,127,L14+D3B+D3L|Tnn|TINS
openood,openimageo_seed127,L14+D3B+D3L,Tnn,TANL,98.08316171991513,9.82418551893629,openimageo,127,L14+D3B+D3L|Tnn|TANL
openood,openimageo_seed127,L14+D3B+D3L,Tk20,none,97.7846462354976,10.731615098619953,openimageo,127,L14+D3B+D3L|Tk20|none
openood,openimageo_seed127,L14+D3B+D3L,Tk20,TINS,97.8844025738512,10.403932194845297,openimageo,127,L14+D3B+D3L|Tk20|TINS
openood,openimageo_seed127,L14+D3B+D3L,Tk20,TANL,97.79440341406377,10.870250173293844,openimageo,127,L14+D3B+D3L|Tk20|TANL
openood,openimageo_seed127,L14+D3B+D3L,Tlp20,none,97.6720098584942,11.134917134034913,openimageo,127,L14+D3B+D3L|Tlp20|none
openood,openimageo_seed127,L14+D3B+D3L,Tlp20,TINS,97.90014549681068,10.397630600541936,openimageo,127,L14+D3B+D3L|Tlp20|TINS
openood,openimageo_seed127,L14+D3B+D3L,Tlp20,TANL,97.72054515792496,11.084504379608042,openimageo,127,L14+D3B+D3L|Tlp20|TANL
openood,openimageo_seed127,L14+D3B+D3L,SL,none,97.82283984848168,10.977377276450945,openimageo,127,L14+D3B+D3L|SL|none
openood,openimageo_seed127,L14+D3B+D3L,SL,TINS,98.04358434683974,9.950217405003466,openimageo,127,L14+D3B+D3L|SL|TINS
openood,openimageo_seed127,L14+D3B+D3L,SL,TANL,97.86868506732202,10.826139013170334,openimageo,127,L14+D3B+D3L|SL|TANL
openood,openimageo_seed127,L14+D3B+D3L,static,none,97.10467368244164,15.268762997038252,openimageo,127,L14+D3B+D3L|static|none
openood,openimageo_seed127,L14+D3B+D3L,static,TINS,97.85899608600974,11.777679752977503,openimageo,127,L14+D3B+D3L|static|TINS
openood,openimageo_seed127,L14+D3B+D3L,static,TANL,97.5164375687049,13.630348478164974,openimageo,127,L14+D3B+D3L|static|TANL
openood,openimageo_seed127,B14+L14+D3L,T,none,97.63635655820924,11.386980906169262,openimageo,127,B14+L14+D3L|T|none
openood,openimageo_seed127,B14+L14+D3L,T,TINS,97.814441853789,10.592980023946058,openimageo,127,B14+L14+D3L|T|TINS
openood,openimageo_seed127,B14+L14+D3L,T,TANL,97.67869585005006,11.223139454281933,openimageo,127,B14+L14+D3L|T|TANL
openood,openimageo_seed127,B14+L14+D3L,Tlp,none,97.22502825214778,12.44564874913353,openimageo,127,B14+L14+D3L|Tlp|none
openood,openimageo_seed127,B14+L14+D3L,Tlp,TINS,97.66096092311356,10.857646984687126,openimageo,127,B14+L14+D3L|Tlp|TINS
openood,openimageo_seed127,B14+L14+D3L,Tlp,TANL,97.37089489640876,12.19988657130254,openimageo,127,B14+L14+D3L|Tlp|TANL
openood,openimageo_seed127,B14+L14+D3L,Tq0.05,none,97.62321017217356,11.487806415023002,openimageo,127,B14+L14+D3L|Tq0.05|none
openood,openimageo_seed127,B14+L14+D3L,Tq0.05,TINS,97.77809901905182,11.052996408091246,openimageo,127,B14+L14+D3L|Tq0.05|TINS
openood,openimageo_seed127,B14+L14+D3L,Tq0.05,TANL,97.65316354037572,11.525615980843153,openimageo,127,B14+L14+D3L|Tq0.05|TANL
openood,openimageo_seed127,B14+L14+D3L,Tq0.2,none,97.48720713340474,11.758774970067428,openimageo,127,B14+L14+D3L|Tq0.2|none
openood,openimageo_seed127,B14+L14+D3L,Tq0.2,TINS,97.7123749308575,10.939567710630788,openimageo,127,B14+L14+D3L|Tq0.2|TINS
openood,openimageo_seed127,B14+L14+D3L,Tq0.2,TANL,97.54573732154236,11.620139895393535,openimageo,127,B14+L14+D3L|Tq0.2|TANL
openood,openimageo_seed127,B14+L14+D3L,Tnn,none,97.95440922553404,10.517360892305753,openimageo,127,B14+L14+D3L|Tnn|none
openood,openimageo_seed127,B14+L14+D3L,Tnn,TINS,98.0732409099502,9.92501102779003,openimageo,127,B14+L14+D3L|Tnn|TINS
openood,openimageo_seed127,B14+L14+D3L,Tnn,TANL,97.97706058632834,10.48585292078896,openimageo,127,B14+L14+D3L|Tnn|TANL
openood,openimageo_seed127,B14+L14+D3L,Tk20,none,97.7418392953417,10.851345390383766,openimageo,127,B14+L14+D3L|Tk20|none
openood,openimageo_seed127,B14+L14+D3L,Tk20,TINS,97.8662447399192,10.637091184069568,openimageo,127,B14+L14+D3L|Tk20|TINS
openood,openimageo_seed127,B14+L14+D3L,Tk20,TANL,97.76316221003914,10.983678870754302,openimageo,127,B14+L14+D3L|Tk20|TANL
openood,openimageo_seed127,B14+L14+D3L,Tlp20,none,97.65387113939828,11.267250614405445,openimageo,127,B14+L14+D3L|Tlp20|none
openood,openimageo_seed127,B14+L14+D3L,Tlp20,TINS,97.91501025759516,10.410233789148654,openimageo,127,B14+L14+D3L|Tlp20|TINS
openood,openimageo_seed127,B14+L14+D3L,Tlp20,TANL,97.72242310304507,11.172726699855064,openimageo,127,B14+L14+D3L|Tlp20|TANL
openood,openimageo_seed127,B14+L14+D3L,SL,none,97.75590851485426,11.34286974604575,openimageo,127,B14+L14+D3L|SL|none
openood,openimageo_seed127,B14+L14+D3L,SL,TINS,98.01041205424973,10.088852479677358,openimageo,127,B14+L14+D3L|SL|TINS
openood,openimageo_seed127,B14+L14+D3L,SL,TANL,97.8146313217244,11.197933077068498,openimageo,127,B14+L14+D3L|SL|TANL
openood,openimageo_seed127,B14+L14+D3L,static,none,97.2468109031585,14.31092066292772,openimageo,127,B14+L14+D3L|static|none
openood,openimageo_seed127,B14+L14+D3L,static,TINS,97.9100903928694,11.44369525489949,openimageo,127,B14+L14+D3L|static|TINS
openood,openimageo_seed127,B14+L14+D3L,static,TANL,97.58250138284986,13.05690339655933,openimageo,127,B14+L14+D3L|static|TANL
openood,openimageo_seed127,B14+L14+D3B+D3L,T,none,97.71327647894918,11.24204423719201,openimageo,127,B14+L14+D3B+D3L|T|none
openood,openimageo_seed127,B14+L14+D3B+D3L,T,TINS,97.83562361277404,10.813535824563616,openimageo,127,B14+L14+D3B+D3L|T|TINS
openood,openimageo_seed127,B14+L14+D3B+D3L,T,TANL,97.73608930059304,11.210536265675216,openimageo,127,B14+L14+D3B+D3L|T|TANL
openood,openimageo_seed127,B14+L14+D3B+D3L,Tlp,none,97.30732112224392,12.275505702942844,openimageo,127,B14+L14+D3B+D3L|Tlp|none
openood,openimageo_seed127,B14+L14+D3B+D3L,Tlp,TINS,97.65322606619476,11.116012351124835,openimageo,127,B14+L14+D3B+D3L|Tlp|TINS
openood,openimageo_seed127,B14+L14+D3B+D3L,Tlp,TANL,97.407248513874,12.061251496628648,openimageo,127,B14+L14+D3B+D3L|Tlp|TANL
openood,openimageo_seed127,B14+L14+D3B+D3L,Tq0.05,none,97.66592524908802,11.54452076375323,openimageo,127,B14+L14+D3B+D3L|Tq0.05|none
openood,openimageo_seed127,B14+L14+D3B+D3L,Tq0.05,TINS,97.77672863234396,11.097107568214758,openimageo,127,B14+L14+D3B+D3L|Tq0.05|TINS
openood,openimageo_seed127,B14+L14+D3B+D3L,Tq0.05,TANL,97.68207546509268,11.733568592853992,openimageo,127,B14+L14+D3B+D3L|Tq0.05|TANL
openood,openimageo_seed127,B14+L14+D3B+D3L,Tq0.2,none,97.608155383312,11.49410800932636,openimageo,127,B14+L14+D3B+D3L|Tq0.2|none
openood,openimageo_seed127,B14+L14+D3B+D3L,Tq0.2,TINS,97.7606329601389,10.763123070136745,openimageo,127,B14+L14+D3B+D3L|Tq0.2|TINS
openood,openimageo_seed127,B14+L14+D3B+D3L,Tq0.2,TANL,97.64077495606388,11.456298443506208,openimageo,127,B14+L14+D3B+D3L|Tq0.2|TANL
openood,openimageo_seed127,B14+L14+D3B+D3L,Tnn,none,98.05160137514792,10.189677988531098,openimageo,127,B14+L14+D3B+D3L|Tnn|none
openood,openimageo_seed127,B14+L14+D3B+D3L,Tnn,TINS,98.12721630572536,9.836788707543008,openimageo,127,B14+L14+D3B+D3L|Tnn|TINS
openood,openimageo_seed127,B14+L14+D3B+D3L,Tnn,TANL,98.061730837902,10.17707479992438,openimageo,127,B14+L14+D3B+D3L|Tnn|TANL
openood,openimageo_seed127,B14+L14+D3B+D3L,Tk20,none,97.73089608670996,11.027790030877812,openimageo,127,B14+L14+D3B+D3L|Tk20|none
openood,openimageo_seed127,B14+L14+D3B+D3L,Tk20,TINS,97.8192172019521,10.712710315709876,openimageo,127,B14+L14+D3B+D3L|Tk20|TINS
openood,openimageo_seed127,B14+L14+D3B+D3L,Tk20,TANL,97.74145314764635,11.027790030877812,openimageo,127,B14+L14+D3B+D3L|Tk20|TANL
openood,openimageo_seed127,B14+L14+D3B+D3L,Tlp20,none,97.64446432947535,11.330266557439032,openimageo,127,B14+L14+D3B+D3L|Tlp20|none
openood,openimageo_seed127,B14+L14+D3B+D3L,Tlp20,TINS,97.86438548952884,10.4795513264856,openimageo,127,B14+L14+D3B+D3L|Tlp20|TINS
openood,openimageo_seed127,B14+L14+D3B+D3L,Tlp20,TANL,97.69387260977028,11.355472934652468,openimageo,127,B14+L14+D3B+D3L|Tlp20|TANL
openood,openimageo_seed127,B14+L14+D3B+D3L,SL,none,97.83354002562648,11.122313945428193,openimageo,127,B14+L14+D3B+D3L|SL|none
openood,openimageo_seed127,B14+L14+D3B+D3L,SL,TINS,98.01620560001682,10.095154073980716,openimageo,127,B14+L14+D3B+D3L|SL|TINS
openood,openimageo_seed127,B14+L14+D3B+D3L,SL,TANL,97.8706826026985,10.964774087844225,openimageo,127,B14+L14+D3B+D3L|SL|TANL
openood,openimageo_seed127,B14+L14+D3B+D3L,static,none,97.17475140210472,14.96628647047703,openimageo,127,B14+L14+D3B+D3L|static|none
openood,openimageo_seed127,B14+L14+D3B+D3L,static,TINS,97.80926992529108,12.206188165605898,openimageo,127,B14+L14+D3B+D3L|static|TINS
openood,openimageo_seed127,B14+L14+D3B+D3L,static,TANL,97.49181520924792,13.51061818640116,openimageo,127,B14+L14+D3B+D3L|static|TANL
openood,openimageo_seed127,B14+L14,T,none,97.24068533338934,13.151427311109712,openimageo,127,B14+L14|T|none
openood,openimageo_seed127,B14+L14,T,TINS,97.52959676798228,12.168378599785743,openimageo,127,B14+L14|T|TINS
openood,openimageo_seed127,B14+L14,T,TANL,97.33035127887358,13.145125716806351,openimageo,127,B14+L14|T|TANL
openood,openimageo_seed127,B14+L14,Tlp,none,96.71087536146644,14.531476463545276,openimageo,127,B14+L14|Tlp|none
openood,openimageo_seed127,B14+L14,Tlp,TINS,97.3463113967834,12.59688701241414,openimageo,127,B14+L14|Tlp|TINS
openood,openimageo_seed127,B14+L14,Tlp,TANL,96.96881649057212,14.021047324973216,openimageo,127,B14+L14|Tlp|TANL
openood,openimageo_seed127,B14+L14,Tq0.05,none,97.21444059347016,13.523221375007877,openimageo,127,B14+L14|Tq0.05|none
openood,openimageo_seed127,B14+L14,Tq0.05,TINS,97.47476211481506,12.634696578234294,openimageo,127,B14+L14|Tq0.05|TINS
openood,openimageo_seed127,B14+L14,Tq0.05,TANL,97.28662689660484,13.674459638288486,openimageo,127,B14+L14|Tq0.05|TANL
openood,openimageo_seed127,B14+L14,Tq0.2,none,97.07414560883905,13.649253261075051,openimageo,127,B14+L14|Tq0.2|none
openood,openimageo_seed127,B14+L14,Tq0.2,TINS,97.43900700877325,12.180981788392463,openimageo,127,B14+L14|Tq0.2|TINS
openood,openimageo_seed127,B14+L14,Tq0.2,TANL,97.19368111132115,13.334173545907111,openimageo,127,B14+L14|Tq0.2|TANL
openood,openimageo_seed127,B14+L14,Tnn,none,97.58781229651102,12.60949020102086,openimageo,127,B14+L14|Tnn|none
openood,openimageo_seed127,B14+L14,Tnn,TINS,97.79190693245393,11.758774970067428,openimageo,127,B14+L14|Tnn|TINS
openood,openimageo_seed127,B14+L14,Tnn,TANL,97.64083090021776,12.45195034343689,openimageo,127,B14+L14|Tnn|TANL
openood,openimageo_seed127,B14+L14,Tk20,none,97.35174169064776,12.420442371920096,openimageo,127,B14+L14|Tk20|none
openood,openimageo_seed127,B14+L14,Tk20,TINS,97.57618557495049,11.853298884617807,openimageo,127,B14+L14|Tk20|TINS
openood,openimageo_seed127,B14+L14,Tk20,TANL,97.41518635214707,12.45195034343689,openimageo,127,B14+L14|Tk20|TANL
openood,openimageo_seed127,B14+L14,Tlp20,none,97.2040442932062,12.70401411557124,openimageo,127,B14+L14|Tlp20|none
openood,openimageo_seed127,B14+L14,Tlp20,TINS,97.60667184797754,12.067553090932003,openimageo,127,B14+L14|Tlp20|TINS
openood,openimageo_seed127,B14+L14,Tlp20,TANL,97.35198444206384,12.64729976684101,openimageo,127,B14+L14|Tlp20|TANL
openood,openimageo_seed127,B14+L14,SL,none,97.3069685130338,13.390887894637345,openimageo,127,B14+L14|SL|none
openood,openimageo_seed127,B14+L14,SL,TINS,97.72651668872226,11.519314386539795,openimageo,127,B14+L14|SL|TINS
openood,openimageo_seed127,B14+L14,SL,TANL,97.42918331337827,12.937173104795512,openimageo,127,B14+L14|SL|TANL
openood,openimageo_seed127,B14+L14,static,none,96.84351656969211,16.648812149473816,openimageo,127,B14+L14|static|none
openood,openimageo_seed127,B14+L14,static,TINS,97.6470695485958,13.271157602873526,openimageo,127,B14+L14|static|TINS
openood,openimageo_seed127,B14+L14,static,TANL,97.27035597006044,15.136429516667718,openimageo,127,B14+L14|static|TANL
openood,ssb_hard_seed123,L14xD3L+D3L,T,none,96.22043253968252,20.959183673469383,ssb_hard,123,L14xD3L+D3L|T|none
openood,ssb_hard_seed123,L14xD3L+D3L,T,TINS,96.43125115646258,19.56326530612245,ssb_hard,123,L14xD3L+D3L|T|TINS
openood,ssb_hard_seed123,L14xD3L+D3L,T,TANL,96.27385664399092,20.44489795918367,ssb_hard,123,L14xD3L+D3L|T|TANL
openood,ssb_hard_seed123,L14xD3L+D3L,Tlp,none,95.4363836281179,23.56938775510204,ssb_hard,123,L14xD3L+D3L|Tlp|none
openood,ssb_hard_seed123,L14xD3L+D3L,Tlp,TINS,95.56903310657596,23.26326530612245,ssb_hard,123,L14xD3L+D3L|Tlp|TINS
openood,ssb_hard_seed123,L14xD3L+D3L,Tlp,TANL,95.46424349206347,23.846938775510203,ssb_hard,123,L14xD3L+D3L|Tlp|TANL
openood,ssb_hard_seed123,L14xD3L+D3L,Tq0.05,none,95.93828038548752,21.51836734693877,ssb_hard,123,L14xD3L+D3L|Tq0.05|none
openood,ssb_hard_seed123,L14xD3L+D3L,Tq0.05,TINS,96.09889700680272,20.410204081632653,ssb_hard,123,L14xD3L+D3L|Tq0.05|TINS
openood,ssb_hard_seed123,L14xD3L+D3L,Tq0.05,TANL,95.96483342403629,21.31020408163265,ssb_hard,123,L14xD3L+D3L|Tq0.05|TANL
openood,ssb_hard_seed123,L14xD3L+D3L,Tq0.2,none,96.12800351473922,22.16122448979592,ssb_hard,123,L14xD3L+D3L|Tq0.2|none
openood,ssb_hard_seed123,L14xD3L+D3L,Tq0.2,TINS,96.45559809523807,20.26530612244898,ssb_hard,123,L14xD3L+D3L|Tq0.2|TINS
openood,ssb_hard_seed123,L14xD3L+D3L,Tq0.2,TANL,96.23640630385488,21.226530612244897,ssb_hard,123,L14xD3L+D3L|Tq0.2|TANL
openood,ssb_hard_seed123,L14xD3L+D3L,Tnn,none,96.28682848072562,21.10612244897959,ssb_hard,123,L14xD3L+D3L|Tnn|none
openood,ssb_hard_seed123,L14xD3L+D3L,Tnn,TINS,96.45043278911564,19.90816326530612,ssb_hard,123,L14xD3L+D3L|Tnn|TINS
openood,ssb_hard_seed123,L14xD3L+D3L,Tnn,TANL,96.32786358276644,20.695918367346938,ssb_hard,123,L14xD3L+D3L|Tnn|TANL
openood,ssb_hard_seed123,L14xD3L+D3L,Tk20,none,95.9358553287982,22.80612244897959,ssb_hard,123,L14xD3L+D3L|Tk20|none
openood,ssb_hard_seed123,L14xD3L+D3L,Tk20,TINS,96.16098231292516,21.175510204081636,ssb_hard,123,L14xD3L+D3L|Tk20|TINS
openood,ssb_hard_seed123,L14xD3L+D3L,Tk20,TANL,95.97807197278912,22.259183673469387,ssb_hard,123,L14xD3L+D3L|Tk20|TANL
openood,ssb_hard_seed123,L14xD3L+D3L,Tlp20,none,95.43741609977326,25.47142857142857,ssb_hard,123,L14xD3L+D3L|Tlp20|none
openood,ssb_hard_seed123,L14xD3L+D3L,Tlp20,TINS,95.50219306122447,24.777551020408165,ssb_hard,123,L14xD3L+D3L|Tlp20|TINS
openood,ssb_hard_seed123,L14xD3L+D3L,Tlp20,TANL,95.40428814058956,25.47551020408163,ssb_hard,123,L14xD3L+D3L|Tlp20|TANL
openood,ssb_hard_seed123,L14+D3L,T,none,96.16437517006804,21.387755102040817,ssb_hard,123,L14+D3L|T|none
openood,ssb_hard_seed123,L14+D3L,T,TINS,96.37577718820862,20.085714285714285,ssb_hard,123,L14+D3L|T|TINS
openood,ssb_hard_seed123,L14+D3L,T,TANL,96.21293174603174,20.842857142857145,ssb_hard,123,L14+D3L|T|TANL
openood,ssb_hard_seed123,L14+D3L,Tlp,none,95.5675522675737,23.34489795918368,ssb_hard,123,L14+D3L|Tlp|none
openood,ssb_hard_seed123,L14+D3L,Tlp,TINS,95.6444344671202,23.31020408163265,ssb_hard,123,L14+D3L|Tlp|TINS
openood,ssb_hard_seed123,L14+D3L,Tlp,TANL,95.55872968253968,23.52448979591837,ssb_hard,123,L14+D3L|Tlp|TANL
openood,ssb_hard_seed123,L14+D3L,Tq0.05,none,95.87329623582768,22.006122448979596,ssb_hard,123,L14+D3L|Tq0.05|none
openood,ssb_hard_seed123,L14+D3L,Tq0.05,TINS,96.0336177324263,20.66122448979592,ssb_hard,123,L14+D3L|Tq0.05|TINS
openood,ssb_hard_seed123,L14+D3L,Tq0.05,TANL,95.8952781632653,21.548979591836734,ssb_hard,123,L14+D3L|Tq0.05|TANL
openood,ssb_hard_seed123,L14+D3L,Tq0.2,none,96.1240580498866,22.508163265306123,ssb_hard,123,L14+D3L|Tq0.2|none
openood,ssb_hard_seed123,L14+D3L,Tq0.2,TINS,96.43767188208616,20.43673469387755,ssb_hard,123,L14+D3L|Tq0.2|TINS
openood,ssb_hard_seed123,L14+D3L,Tq0.2,TANL,96.22010170068027,21.744897959183675,ssb_hard,123,L14+D3L|Tq0.2|TANL
openood,ssb_hard_seed123,L14+D3L,Tnn,none,96.26451875283448,21.420408163265307,ssb_hard,123,L14+D3L|Tnn|none
openood,ssb_hard_seed123,L14+D3L,Tnn,TINS,96.42541478458048,20.279591836734696,ssb_hard,123,L14+D3L|Tnn|TINS
openood,ssb_hard_seed123,L14+D3L,Tnn,TANL,96.29920058956915,21.208163265306123,ssb_hard,123,L14+D3L|Tnn|TANL
openood,ssb_hard_seed123,L14+D3L,Tk20,none,95.82172961451248,23.755102040816325,ssb_hard,123,L14+D3L|Tk20|none
openood,ssb_hard_seed123,L14+D3L,Tk20,TINS,96.05995741496598,21.879591836734694,ssb_hard,123,L14+D3L|Tk20|TINS
openood,ssb_hard_seed123,L14+D3L,Tk20,TANL,95.87007204081634,23.220408163265304,ssb_hard,123,L14+D3L|Tk20|TANL
openood,ssb_hard_seed123,L14+D3L,Tlp20,none,95.50808698412698,25.47959183673469,ssb_hard,123,L14+D3L|Tlp20|none
openood,ssb_hard_seed123,L14+D3L,Tlp20,TINS,95.54145029478458,24.520408163265305,ssb_hard,123,L14+D3L|Tlp20|TINS
openood,ssb_hard_seed123,L14+D3L,Tlp20,TANL,95.4583748979592,25.218367346938773,ssb_hard,123,L14+D3L|Tlp20|TANL
openood,ssb_hard_seed123,L14+D3L,SL,none,94.1355552834467,27.185714285714287,ssb_hard,123,L14+D3L|SL|none
openood,ssb_hard_seed123,L14+D3L,SL,TINS,94.4297123356009,25.563265306122453,ssb_hard,123,L14+D3L|SL|TINS
openood,ssb_hard_seed123,L14+D3L,SL,TANL,94.2757258956916,26.593877551020405,ssb_hard,123,L14+D3L|SL|TANL
openood,ssb_hard_seed123,L14+D3L,static,none,76.57661188208617,63.953061224489794,ssb_hard,123,L14+D3L|static|none
openood,ssb_hard_seed123,L14+D3L,static,TINS,82.50391981859411,53.64081632653062,ssb_hard,123,L14+D3L|static|TINS
openood,ssb_hard_seed123,L14+D3L,static,TANL,81.18293900226759,56.92448979591836,ssb_hard,123,L14+D3L|static|TANL
openood,ssb_hard_seed123,D3L,T,none,96.09435970521542,21.867346938775512,ssb_hard,123,D3L|T|none
openood,ssb_hard_seed123,D3L,T,TINS,96.16143868480724,20.92857142857143,ssb_hard,123,D3L|T|TINS
openood,ssb_hard_seed123,D3L,T,TANL,96.0821901360544,21.402040816326533,ssb_hard,123,D3L|T|TANL
openood,ssb_hard_seed123,D3L,Tlp,none,95.18743854875284,24.94081632653061,ssb_hard,123,D3L|Tlp|none
openood,ssb_hard_seed123,D3L,Tlp,TINS,94.72239133786849,28.58775510204082,ssb_hard,123,D3L|Tlp|TINS
openood,ssb_hard_seed123,D3L,Tlp,TANL,94.93622750566894,27.23877551020408,ssb_hard,123,D3L|Tlp|TANL
openood,ssb_hard_seed123,D3L,Tq0.05,none,95.77801984126984,22.6,ssb_hard,123,D3L|Tq0.05|none
openood,ssb_hard_seed123,D3L,Tq0.05,TINS,95.79995428571428,21.80204081632653,ssb_hard,123,D3L|Tq0.05|TINS
openood,ssb_hard_seed123,D3L,Tq0.05,TANL,95.73234657596372,22.73673469387755,ssb_hard,123,D3L|Tq0.05|TANL
openood,ssb_hard_seed123,D3L,Tq0.2,none,96.0656394557823,22.57755102040816,ssb_hard,123,D3L|Tq0.2|none
openood,ssb_hard_seed123,D3L,Tq0.2,TINS,96.23758743764172,21.283673469387757,ssb_hard,123,D3L|Tq0.2|TINS
openood,ssb_hard_seed123,D3L,Tq0.2,TANL,96.1081820861678,22.106122448979598,ssb_hard,123,D3L|Tq0.2|TANL
openood,ssb_hard_seed123,D3L,Tnn,none,96.18555394557823,21.8734693877551,ssb_hard,123,D3L|Tnn|none
openood,ssb_hard_seed123,D3L,Tnn,TINS,96.29085070294784,20.755102040816325,ssb_hard,123,D3L|Tnn|TINS
openood,ssb_hard_seed123,D3L,Tnn,TANL,96.1950341043084,21.55510204081633,ssb_hard,123,D3L|Tnn|TANL
openood,ssb_hard_seed123,D3L,Tk20,none,95.76193217687074,24.042857142857144,ssb_hard,123,D3L|Tk20|none
openood,ssb_hard_seed123,D3L,Tk20,TINS,95.83981936507936,22.287755102040816,ssb_hard,123,D3L|Tk20|TINS
openood,ssb_hard_seed123,D3L,Tk20,TANL,95.7263328798186,23.31836734693877,ssb_hard,123,D3L|Tk20|TANL
openood,ssb_hard_seed123,D3L,Tlp20,none,95.14174108843538,26.76938775510204,ssb_hard,123,D3L|Tlp20|none
openood,ssb_hard_seed123,D3L,Tlp20,TINS,94.58752009070297,29.59591836734694,ssb_hard,123,D3L|Tlp20|TINS
openood,ssb_hard_seed123,D3L,Tlp20,TANL,94.80992770975055,28.455102040816328,ssb_hard,123,D3L|Tlp20|TANL
openood,ssb_hard_seed123,D3L,SL,none,93.7280579818594,28.177551020408163,ssb_hard,123,D3L|SL|none
openood,ssb_hard_seed123,D3L,SL,TINS,93.95619972789116,27.15918367346939,ssb_hard,123,D3L|SL|TINS
openood,ssb_hard_seed123,D3L,SL,TANL,93.89401925170068,27.73265306122449,ssb_hard,123,D3L|SL|TANL
openood,ssb_hard_seed123,D3L,static,none,75.0115787755102,70.60408163265306,ssb_hard,123,D3L|static|none
openood,ssb_hard_seed123,D3L,static,TINS,83.1377820861678,54.43061224489796,ssb_hard,123,D3L|static|TINS
openood,ssb_hard_seed123,D3L,static,TANL,82.02298947845804,55.942857142857136,ssb_hard,123,D3L|static|TANL
openood,ssb_hard_seed123,L14,T,none,95.57596659863944,24.43673469387755,ssb_hard,123,L14|T|none
openood,ssb_hard_seed123,L14,T,TINS,95.77115954648526,23.34081632653061,ssb_hard,123,L14|T|TINS
openood,ssb_hard_seed123,L14,T,TANL,95.6458258730159,24.29795918367347,ssb_hard,123,L14|T|TANL
openood,ssb_hard_seed123,L14,Tlp,none,94.97750092970522,25.875510204081632,ssb_hard,123,L14|Tlp|none
openood,ssb_hard_seed123,L14,Tlp,TINS,94.60889115646258,28.944897959183677,ssb_hard,123,L14|Tlp|TINS
openood,ssb_hard_seed123,L14,Tlp,TANL,94.8133814739229,27.093877551020405,ssb_hard,123,L14|Tlp|TANL
openood,ssb_hard_seed123,L14,Tq0.05,none,95.30357848072562,24.95714285714286,ssb_hard,123,L14|Tq0.05|none
openood,ssb_hard_seed123,L14,Tq0.05,TINS,95.42211015873016,23.565306122448977,ssb_hard,123,L14|Tq0.05|TINS
openood,ssb_hard_seed123,L14,Tq0.05,TANL,95.32470451247164,24.889795918367348,ssb_hard,123,L14|Tq0.05|TANL
openood,ssb_hard_seed123,L14,Tq0.2,none,95.4588383446712,25.76734693877551,ssb_hard,123,L14|Tq0.2|none
openood,ssb_hard_seed123,L14,Tq0.2,TINS,95.77187519274376,23.93265306122449,ssb_hard,123,L14|Tq0.2|TINS
openood,ssb_hard_seed123,L14,Tq0.2,TANL,95.60639628117914,25.097959183673467,ssb_hard,123,L14|Tq0.2|TANL
openood,ssb_hard_seed123,L14,Tnn,none,95.61967496598638,24.857142857142858,ssb_hard,123,L14|Tnn|none
openood,ssb_hard_seed123,L14,Tnn,TINS,95.87881736961452,23.23877551020408,ssb_hard,123,L14|Tnn|TINS
openood,ssb_hard_seed123,L14,Tnn,TANL,95.71160888888888,24.32244897959184,ssb_hard,123,L14|Tnn|TANL
openood,ssb_hard_seed123,L14,Tk20,none,95.32247335600908,26.777551020408165,ssb_hard,123,L14|Tk20|none
openood,ssb_hard_seed123,L14,Tk20,TINS,95.54174544217686,24.39183673469388,ssb_hard,123,L14|Tk20|TINS
openood,ssb_hard_seed123,L14,Tk20,TANL,95.39479517006804,26.0530612244898,ssb_hard,123,L14|Tk20|TANL
openood,ssb_hard_seed123,L14,Tlp20,none,95.08510392290248,26.918367346938776,ssb_hard,123,L14|Tlp20|none
openood,ssb_hard_seed123,L14,Tlp20,TINS,94.57936408163263,29.81428571428572,ssb_hard,123,L14|Tlp20|TINS
openood,ssb_hard_seed123,L14,Tlp20,TANL,94.82119421768708,28.59795918367347,ssb_hard,123,L14|Tlp20|TANL
openood,ssb_hard_seed123,L14,SL,none,93.17408430839002,31.516326530612243,ssb_hard,123,L14|SL|none
openood,ssb_hard_seed123,L14,SL,TINS,93.57566267573696,29.114285714285717,ssb_hard,123,L14|SL|TINS
openood,ssb_hard_seed123,L14,SL,TANL,93.46301791383222,29.67755102040816,ssb_hard,123,L14|SL|TANL
openood,ssb_hard_seed123,L14,static,none,75.77040120181405,61.93877551020408,ssb_hard,123,L14|static|none
openood,ssb_hard_seed123,L14,static,TINS,83.43982875283446,50.0,ssb_hard,123,L14|static|TINS
openood,ssb_hard_seed123,L14,static,TANL,82.10338925170069,51.593877551020405,ssb_hard,123,L14|static|TANL
openood,ssb_hard_seed123,L14xD3L,T,none,96.08228099773244,21.60204081632653,ssb_hard,123,L14xD3L|T|none
openood,ssb_hard_seed123,L14xD3L,T,TINS,96.1768333786848,20.92244897959184,ssb_hard,123,L14xD3L|T|TINS
openood,ssb_hard_seed123,L14xD3L,T,TANL,96.0898458276644,21.14081632653061,ssb_hard,123,L14xD3L|T|TANL
openood,ssb_hard_seed123,L14xD3L,Tlp,none,95.31132138321996,23.912244897959184,ssb_hard,123,L14xD3L|Tlp|none
openood,ssb_hard_seed123,L14xD3L,Tlp,TINS,94.84816551020408,27.726530612244897,ssb_hard,123,L14xD3L|Tlp|TINS
openood,ssb_hard_seed123,L14xD3L,Tlp,TANL,95.0706066213152,25.748979591836736,ssb_hard,123,L14xD3L|Tlp|TANL
openood,ssb_hard_seed123,L14xD3L,Tq0.05,none,95.83022176870747,21.951020408163263,ssb_hard,123,L14xD3L|Tq0.05|none
openood,ssb_hard_seed123,L14xD3L,Tq0.05,TINS,95.86388784580498,21.23469387755102,ssb_hard,123,L14xD3L|Tq0.05|TINS
openood,ssb_hard_seed123,L14xD3L,Tq0.05,TANL,95.79430222222224,21.84081632653061,ssb_hard,123,L14xD3L|Tq0.05|TANL
openood,ssb_hard_seed123,L14xD3L,Tq0.2,none,95.911052154195,22.62857142857143,ssb_hard,123,L14xD3L|Tq0.2|none
openood,ssb_hard_seed123,L14xD3L,Tq0.2,TINS,96.15980603174602,21.9,ssb_hard,123,L14xD3L|Tq0.2|TINS
openood,ssb_hard_seed123,L14xD3L,Tq0.2,TANL,96.0122984580499,22.76326530612245,ssb_hard,123,L14xD3L|Tq0.2|TANL
openood,ssb_hard_seed123,L14xD3L,Tnn,none,96.1588551473923,21.64897959183673,ssb_hard,123,L14xD3L|Tnn|none
openood,ssb_hard_seed123,L14xD3L,Tnn,TINS,96.32262829931972,20.72244897959184,ssb_hard,123,L14xD3L|Tnn|TINS
openood,ssb_hard_seed123,L14xD3L,Tnn,TANL,96.19876378684808,21.34897959183673,ssb_hard,123,L14xD3L|Tnn|TANL
openood,ssb_hard_seed123,L14xD3L,Tk20,none,95.8722807936508,23.43673469387755,ssb_hard,123,L14xD3L|Tk20|none
openood,ssb_hard_seed123,L14xD3L,Tk20,TINS,95.96735256235829,22.18775510204081,ssb_hard,123,L14xD3L|Tk20|TINS
openood,ssb_hard_seed123,L14xD3L,Tk20,TANL,95.8563765079365,22.99591836734694,ssb_hard,123,L14xD3L|Tk20|TANL
openood,ssb_hard_seed123,L14xD3L,Tlp20,none,95.42611335600908,24.963265306122448,ssb_hard,123,L14xD3L|Tlp20|none
openood,ssb_hard_seed123,L14xD3L,Tlp20,TINS,94.81078253968252,28.70408163265306,ssb_hard,123,L14xD3L|Tlp20|TINS
openood,ssb_hard_seed123,L14xD3L,Tlp20,TANL,95.06635725623585,27.21632653061225,ssb_hard,123,L14xD3L|Tlp20|TANL
openood,ssb_hard_seed123,D3B+D3L,T,none,95.94382401360544,22.96734693877551,ssb_hard,123,D3B+D3L|T|none
openood,ssb_hard_seed123,D3B+D3L,T,TINS,96.13378775510203,21.416326530612245,ssb_hard,123,D3B+D3L|T|TINS
openood,ssb_hard_seed123,D3B+D3L,T,TANL,95.97851458049888,22.540816326530614,ssb_hard,123,D3B+D3L|T|TANL
openood,ssb_hard_seed123,D3B+D3L,Tlp,none,95.14177605442175,25.83877551020408,ssb_hard,123,D3B+D3L|Tlp|none
openood,ssb_hard_seed123,D3B+D3L,Tlp,TINS,95.23817219954648,25.53265306122449,ssb_hard,123,D3B+D3L|Tlp|TINS
openood,ssb_hard_seed123,D3B+D3L,Tlp,TANL,95.1410550340136,26.240816326530613,ssb_hard,123,D3B+D3L|Tlp|TANL
openood,ssb_hard_seed123,D3B+D3L,Tq0.05,none,95.49109707482997,24.10408163265306,ssb_hard,123,D3B+D3L|Tq0.05|none
openood,ssb_hard_seed123,D3B+D3L,Tq0.05,TINS,95.66850145124717,22.76938775510204,ssb_hard,123,D3B+D3L|Tq0.05|TINS
openood,ssb_hard_seed123,D3B+D3L,Tq0.05,TANL,95.51268911564624,23.80612244897959,ssb_hard,123,D3B+D3L|Tq0.05|TANL
openood,ssb_hard_seed123,D3B+D3L,Tq0.2,none,96.05161265306124,23.242857142857144,ssb_hard,123,D3B+D3L|Tq0.2|none
openood,ssb_hard_seed123,D3B+D3L,Tq0.2,TINS,96.31869746031748,21.16734693877551,ssb_hard,123,D3B+D3L|Tq0.2|TINS
openood,ssb_hard_seed123,D3B+D3L,Tq0.2,TANL,96.1206913378685,22.422448979591834,ssb_hard,123,D3B+D3L|Tq0.2|TANL
openood,ssb_hard_seed123,D3B+D3L,Tnn,none,96.14278015873016,21.57551020408163,ssb_hard,123,D3B+D3L|Tnn|none
openood,ssb_hard_seed123,D3B+D3L,Tnn,TINS,96.27011414965986,20.357142857142858,ssb_hard,123,D3B+D3L|Tnn|TINS
openood,ssb_hard_seed123,D3B+D3L,Tnn,TANL,96.16087376417234,21.32244897959184,ssb_hard,123,D3B+D3L|Tnn|TANL
openood,ssb_hard_seed123,D3B+D3L,Tk20,none,95.31554886621312,26.710204081632654,ssb_hard,123,D3B+D3L|Tk20|none
openood,ssb_hard_seed123,D3B+D3L,Tk20,TINS,95.56765061224488,24.646938775510204,ssb_hard,123,D3B+D3L|Tk20|TINS
openood,ssb_hard_seed123,D3B+D3L,Tk20,TANL,95.36336274376418,26.059183673469388,ssb_hard,123,D3B+D3L|Tk20|TANL
openood,ssb_hard_seed123,D3B+D3L,Tlp20,none,94.82752746031748,29.181632653061225,ssb_hard,123,D3B+D3L|Tlp20|none
openood,ssb_hard_seed123,D3B+D3L,Tlp20,TINS,94.92548512471654,27.834693877551015,ssb_hard,123,D3B+D3L|Tlp20|TINS
openood,ssb_hard_seed123,D3B+D3L,Tlp20,TANL,94.80821995464852,28.944897959183677,ssb_hard,123,D3B+D3L|Tlp20|TANL
openood,ssb_hard_seed123,D3B+D3L,SL,none,93.80148723356008,28.138775510204084,ssb_hard,123,D3B+D3L|SL|none
openood,ssb_hard_seed123,D3B+D3L,SL,TINS,94.07827342403628,26.981632653061222,ssb_hard,123,D3B+D3L|SL|TINS
openood,ssb_hard_seed123,D3B+D3L,SL,TANL,93.95532213151924,27.802040816326528,ssb_hard,123,D3B+D3L|SL|TANL
openood,ssb_hard_seed123,D3B+D3L,static,none,73.05490176870748,74.73061224489796,ssb_hard,123,D3B+D3L|static|none
openood,ssb_hard_seed123,D3B+D3L,static,TINS,80.44525192743764,60.52244897959184,ssb_hard,123,D3B+D3L|static|TINS
openood,ssb_hard_seed123,D3B+D3L,static,TANL,79.11025006802721,65.37346938775511,ssb_hard,123,D3B+D3L|static|TANL
openood,ssb_hard_seed123,L14+D3B+D3L,T,none,96.10303947845806,22.057142857142857,ssb_hard,123,L14+D3B+D3L|T|none
openood,ssb_hard_seed123,L14+D3B+D3L,T,TINS,96.28863133786848,20.62244897959184,ssb_hard,123,L14+D3B+D3L|T|TINS
openood,ssb_hard_seed123,L14+D3B+D3L,T,TANL,96.1412347165533,21.64081632653061,ssb_hard,123,L14+D3B+D3L|T|TANL
openood,ssb_hard_seed123,L14+D3B+D3L,Tlp,none,95.50578346938777,24.06734693877551,ssb_hard,123,L14+D3B+D3L|Tlp|none
openood,ssb_hard_seed123,L14+D3B+D3L,Tlp,TINS,95.69369523809524,23.216326530612243,ssb_hard,123,L14+D3B+D3L|Tlp|TINS
openood,ssb_hard_seed123,L14+D3B+D3L,Tlp,TANL,95.54008235827666,23.844897959183672,ssb_hard,123,L14+D3B+D3L|Tlp|TANL
openood,ssb_hard_seed123,L14+D3B+D3L,Tq0.05,none,95.73814133786848,23.03469387755102,ssb_hard,123,L14+D3B+D3L|Tq0.05|none
openood,ssb_hard_seed123,L14+D3B+D3L,Tq0.05,TINS,95.89489814058958,21.953061224489797,ssb_hard,123,L14+D3B+D3L|Tq0.05|TINS
openood,ssb_hard_seed123,L14+D3B+D3L,Tq0.05,TANL,95.7607220861678,22.53673469387755,ssb_hard,123,L14+D3B+D3L|Tq0.05|TANL
openood,ssb_hard_seed123,L14+D3B+D3L,Tq0.2,none,96.15186922902494,22.50408163265306,ssb_hard,123,L14+D3B+D3L|Tq0.2|none
openood,ssb_hard_seed123,L14+D3B+D3L,Tq0.2,TINS,96.41282485260771,20.81020408163265,ssb_hard,123,L14+D3B+D3L|Tq0.2|TINS
openood,ssb_hard_seed123,L14+D3B+D3L,Tq0.2,TANL,96.22180358276644,21.967346938775517,ssb_hard,123,L14+D3B+D3L|Tq0.2|TANL
openood,ssb_hard_seed123,L14+D3B+D3L,Tnn,none,96.27049,21.255102040816325,ssb_hard,123,L14+D3B+D3L|Tnn|none
openood,ssb_hard_seed123,L14+D3B+D3L,Tnn,TINS,96.39012734693875,20.35918367346939,ssb_hard,123,L14+D3B+D3L|Tnn|TINS
openood,ssb_hard_seed123,L14+D3B+D3L,Tnn,TANL,96.29070811791384,20.92857142857143,ssb_hard,123,L14+D3B+D3L|Tnn|TANL
openood,ssb_hard_seed123,L14+D3B+D3L,Tk20,none,95.60434861678006,24.914285714285715,ssb_hard,123,L14+D3B+D3L|Tk20|none
openood,ssb_hard_seed123,L14+D3B+D3L,Tk20,TINS,95.8270409977324,23.33469387755102,ssb_hard,123,L14+D3B+D3L|Tk20|TINS
openood,ssb_hard_seed123,L14+D3B+D3L,Tk20,TANL,95.64861482993196,24.56326530612245,ssb_hard,123,L14+D3B+D3L|Tk20|TANL
openood,ssb_hard_seed123,L14+D3B+D3L,Tlp20,none,95.2965576190476,26.76530612244898,ssb_hard,123,L14+D3B+D3L|Tlp20|none
openood,ssb_hard_seed123,L14+D3B+D3L,Tlp20,TINS,95.47931247165532,25.057142857142857,ssb_hard,123,L14+D3B+D3L|Tlp20|TINS
openood,ssb_hard_seed123,L14+D3B+D3L,Tlp20,TANL,95.312240430839,26.38571428571429,ssb_hard,123,L14+D3B+D3L|Tlp20|TANL
openood,ssb_hard_seed123,L14+D3B+D3L,SL,none,94.1753961904762,27.030612244897963,ssb_hard,123,L14+D3B+D3L|SL|none
openood,ssb_hard_seed123,L14+D3B+D3L,SL,TINS,94.4157525170068,25.712244897959184,ssb_hard,123,L14+D3B+D3L|SL|TINS
openood,ssb_hard_seed123,L14+D3B+D3L,SL,TANL,94.2843114739229,26.67142857142857,ssb_hard,123,L14+D3B+D3L|SL|TANL
openood,ssb_hard_seed123,L14+D3B+D3L,static,none,75.31146031746032,67.2673469387755,ssb_hard,123,L14+D3B+D3L|static|none
openood,ssb_hard_seed123,L14+D3B+D3L,static,TINS,80.66557029478459,58.76326530612245,ssb_hard,123,L14+D3B+D3L|static|TINS
openood,ssb_hard_seed123,L14+D3B+D3L,static,TANL,79.37465990929707,62.12244897959184,ssb_hard,123,L14+D3B+D3L|static|TANL
openood,ssb_hard_seed123,B14+L14+D3L,T,none,96.05066990929704,22.097959183673467,ssb_hard,123,B14+L14+D3L|T|none
openood,ssb_hard_seed123,B14+L14+D3L,T,TINS,96.25963034013606,20.718367346938777,ssb_hard,123,B14+L14+D3L|T|TINS
openood,ssb_hard_seed123,B14+L14+D3L,T,TANL,96.0982800680272,21.836734693877556,ssb_hard,123,B14+L14+D3L|T|TANL
openood,ssb_hard_seed123,B14+L14+D3L,Tlp,none,95.55530419501132,23.73877551020408,ssb_hard,123,B14+L14+D3L|Tlp|none
openood,ssb_hard_seed123,B14+L14+D3L,Tlp,TINS,95.75489138321996,22.73877551020408,ssb_hard,123,B14+L14+D3L|Tlp|TINS
openood,ssb_hard_seed123,B14+L14+D3L,Tlp,TANL,95.59008521541948,23.420408163265304,ssb_hard,123,B14+L14+D3L|Tlp|TANL
openood,ssb_hard_seed123,B14+L14+D3L,Tq0.05,none,95.72484564625852,22.895918367346937,ssb_hard,123,B14+L14+D3L|Tq0.05|none
openood,ssb_hard_seed123,B14+L14+D3L,Tq0.05,TINS,95.8943086621315,21.69183673469388,ssb_hard,123,B14+L14+D3L|Tq0.05|TINS
openood,ssb_hard_seed123,B14+L14+D3L,Tq0.05,TANL,95.75311360544218,22.516326530612247,ssb_hard,123,B14+L14+D3L|Tq0.05|TANL
openood,ssb_hard_seed123,B14+L14+D3L,Tq0.2,none,96.02547365079364,23.226530612244897,ssb_hard,123,B14+L14+D3L|Tq0.2|none
openood,ssb_hard_seed123,B14+L14+D3L,Tq0.2,TINS,96.32238630385488,21.10612244897959,ssb_hard,123,B14+L14+D3L|Tq0.2|TINS
openood,ssb_hard_seed123,B14+L14+D3L,Tq0.2,TANL,96.11037199546485,22.712244897959184,ssb_hard,123,B14+L14+D3L|Tq0.2|TANL
openood,ssb_hard_seed123,B14+L14+D3L,Tnn,none,96.20416376417236,21.516326530612247,ssb_hard,123,B14+L14+D3L|Tnn|none
openood,ssb_hard_seed123,B14+L14+D3L,Tnn,TINS,96.3423106122449,20.544897959183672,ssb_hard,123,B14+L14+D3L|Tnn|TINS
openood,ssb_hard_seed123,B14+L14+D3L,Tnn,TANL,96.23212616780046,21.40816326530612,ssb_hard,123,B14+L14+D3L|Tnn|TANL
openood,ssb_hard_seed123,B14+L14+D3L,Tk20,none,95.636540861678,25.01020408163265,ssb_hard,123,B14+L14+D3L|Tk20|none
openood,ssb_hard_seed123,B14+L14+D3L,Tk20,TINS,95.87729814058956,23.073469387755104,ssb_hard,123,B14+L14+D3L|Tk20|TINS
openood,ssb_hard_seed123,B14+L14+D3L,Tk20,TANL,95.68897058956917,24.416326530612245,ssb_hard,123,B14+L14+D3L|Tk20|TANL
openood,ssb_hard_seed123,B14+L14+D3L,Tlp20,none,95.43717605442176,25.787755102040816,ssb_hard,123,B14+L14+D3L|Tlp20|none
openood,ssb_hard_seed123,B14+L14+D3L,Tlp20,TINS,95.62218131519276,24.220408163265304,ssb_hard,123,B14+L14+D3L|Tlp20|TINS
openood,ssb_hard_seed123,B14+L14+D3L,Tlp20,TANL,95.4496417687075,25.68775510204081,ssb_hard,123,B14+L14+D3L|Tlp20|TANL
openood,ssb_hard_seed123,B14+L14+D3L,SL,none,94.1842961904762,26.983673469387757,ssb_hard,123,B14+L14+D3L|SL|none
openood,ssb_hard_seed123,B14+L14+D3L,SL,TINS,94.4491768707483,25.72244897959184,ssb_hard,123,B14+L14+D3L|SL|TINS
openood,ssb_hard_seed123,B14+L14+D3L,SL,TANL,94.29957074829932,26.514285714285712,ssb_hard,123,B14+L14+D3L|SL|TANL
openood,ssb_hard_seed123,B14+L14+D3L,static,none,76.42966204081632,64.78571428571429,ssb_hard,123,B14+L14+D3L|static|none
openood,ssb_hard_seed123,B14+L14+D3L,static,TINS,81.41048725623583,56.71836734693878,ssb_hard,123,B14+L14+D3L|static|TINS
openood,ssb_hard_seed123,B14+L14+D3L,static,TANL,80.14591131519275,59.75714285714285,ssb_hard,123,B14+L14+D3L|static|TANL
openood,ssb_hard_seed123,B14+L14+D3B+D3L,T,none,96.01235727891157,22.40204081632653,ssb_hard,123,B14+L14+D3B+D3L|T|none
openood,ssb_hard_seed123,B14+L14+D3B+D3L,T,TINS,96.18899936507935,21.31836734693878,ssb_hard,123,B14+L14+D3B+D3L|T|TINS
openood,ssb_hard_seed123,B14+L14+D3B+D3L,T,TANL,96.05065147392293,22.13877551020408,ssb_hard,123,B14+L14+D3B+D3L|T|TANL
openood,ssb_hard_seed123,B14+L14+D3B+D3L,Tlp,none,95.49836848072562,24.275510204081638,ssb_hard,123,B14+L14+D3B+D3L|Tlp|none
openood,ssb_hard_seed123,B14+L14+D3B+D3L,Tlp,TINS,95.72384975056688,22.891836734693875,ssb_hard,123,B14+L14+D3B+D3L|Tlp|TINS
openood,ssb_hard_seed123,B14+L14+D3B+D3L,Tlp,TANL,95.54641653061223,23.836734693877556,ssb_hard,123,B14+L14+D3B+D3L|Tlp|TANL
openood,ssb_hard_seed123,B14+L14+D3B+D3L,Tq0.05,none,95.63454528344673,23.47959183673469,ssb_hard,123,B14+L14+D3B+D3L|Tq0.05|none
openood,ssb_hard_seed123,B14+L14+D3B+D3L,Tq0.05,TINS,95.7864646712018,22.33469387755102,ssb_hard,123,B14+L14+D3B+D3L|Tq0.05|TINS
openood,ssb_hard_seed123,B14+L14+D3B+D3L,Tq0.05,TANL,95.65941485260772,23.146938775510204,ssb_hard,123,B14+L14+D3B+D3L|Tq0.05|TANL
openood,ssb_hard_seed123,B14+L14+D3B+D3L,Tq0.2,none,96.05297569160996,22.977551020408164,ssb_hard,123,B14+L14+D3B+D3L|Tq0.2|none
openood,ssb_hard_seed123,B14+L14+D3B+D3L,Tq0.2,TINS,96.29798199546484,21.3265306122449,ssb_hard,123,B14+L14+D3B+D3L|Tq0.2|TINS
openood,ssb_hard_seed123,B14+L14+D3B+D3L,Tq0.2,TANL,96.1184459637188,22.632653061224488,ssb_hard,123,B14+L14+D3B+D3L|Tq0.2|TANL
openood,ssb_hard_seed123,B14+L14+D3B+D3L,Tnn,none,96.20725641723358,21.53877551020408,ssb_hard,123,B14+L14+D3B+D3L|Tnn|none
openood,ssb_hard_seed123,B14+L14+D3B+D3L,Tnn,TINS,96.31495569160997,20.84081632653061,ssb_hard,123,B14+L14+D3B+D3L|Tnn|TINS
openood,ssb_hard_seed123,B14+L14+D3B+D3L,Tnn,TANL,96.2267951473923,21.53877551020408,ssb_hard,123,B14+L14+D3B+D3L|Tnn|TANL
openood,ssb_hard_seed123,B14+L14+D3B+D3L,Tk20,none,95.49299188208616,25.795918367346932,ssb_hard,123,B14+L14+D3B+D3L|Tk20|none
openood,ssb_hard_seed123,B14+L14+D3B+D3L,Tk20,TINS,95.70363560090703,24.09795918367347,ssb_hard,123,B14+L14+D3B+D3L|Tk20|TINS
openood,ssb_hard_seed123,B14+L14+D3B+D3L,Tk20,TANL,95.5380565079365,25.426530612244896,ssb_hard,123,B14+L14+D3B+D3L|Tk20|TANL
openood,ssb_hard_seed123,B14+L14+D3B+D3L,Tlp20,none,95.28084380952382,26.875510204081632,ssb_hard,123,B14+L14+D3B+D3L|Tlp20|none
openood,ssb_hard_seed123,B14+L14+D3B+D3L,Tlp20,TINS,95.51048680272108,24.953061224489797,ssb_hard,123,B14+L14+D3B+D3L|Tlp20|TINS
openood,ssb_hard_seed123,B14+L14+D3B+D3L,Tlp20,TANL,95.31719174603175,26.32857142857143,ssb_hard,123,B14+L14+D3B+D3L|Tlp20|TANL
openood,ssb_hard_seed123,B14+L14+D3B+D3L,SL,none,94.1979924489796,27.04285714285714,ssb_hard,123,B14+L14+D3B+D3L|SL|none
openood,ssb_hard_seed123,B14+L14+D3B+D3L,SL,TINS,94.41603505668937,25.951020408163263,ssb_hard,123,B14+L14+D3B+D3L|SL|TINS
openood,ssb_hard_seed123,B14+L14+D3B+D3L,SL,TANL,94.2909412244898,26.593877551020405,ssb_hard,123,B14+L14+D3B+D3L|SL|TANL
openood,ssb_hard_seed123,B14+L14+D3B+D3L,static,none,75.478011723356,67.06530612244897,ssb_hard,123,B14+L14+D3B+D3L|static|none
openood,ssb_hard_seed123,B14+L14+D3B+D3L,static,TINS,79.9969523356009,60.42040816326531,ssb_hard,123,B14+L14+D3B+D3L|static|TINS
openood,ssb_hard_seed123,B14+L14+D3B+D3L,static,TANL,78.79351136054422,63.45918367346939,ssb_hard,123,B14+L14+D3B+D3L|static|TANL
openood,ssb_hard_seed123,B14+L14,T,none,95.64765244897958,24.26938775510204,ssb_hard,123,B14+L14|T|none
openood,ssb_hard_seed123,B14+L14,T,TINS,95.92562195011335,22.589795918367347,ssb_hard,123,B14+L14|T|TINS
openood,ssb_hard_seed123,B14+L14,T,TANL,95.72407777777777,23.973469387755102,ssb_hard,123,B14+L14|T|TANL
openood,ssb_hard_seed123,B14+L14,Tlp,none,95.18844764172336,25.46530612244898,ssb_hard,123,B14+L14|Tlp|none
openood,ssb_hard_seed123,B14+L14,Tlp,TINS,95.32570199546484,24.8,ssb_hard,123,B14+L14|Tlp|TINS
openood,ssb_hard_seed123,B14+L14,Tlp,TANL,95.20741596371882,25.69387755102041,ssb_hard,123,B14+L14|Tlp|TANL
openood,ssb_hard_seed123,B14+L14,Tq0.05,none,95.31523283446712,25.067346938775508,ssb_hard,123,B14+L14|Tq0.05|none
openood,ssb_hard_seed123,B14+L14,Tq0.05,TINS,95.53780190476188,23.544897959183672,ssb_hard,123,B14+L14|Tq0.05|TINS
openood,ssb_hard_seed123,B14+L14,Tq0.05,TANL,95.3605870521542,24.857142857142858,ssb_hard,123,B14+L14|Tq0.05|TANL
openood,ssb_hard_seed123,B14+L14,Tq0.2,none,95.5851758956916,25.50612244897959,ssb_hard,123,B14+L14|Tq0.2|none
openood,ssb_hard_seed123,B14+L14,Tq0.2,TINS,95.96970226757368,23.07142857142857,ssb_hard,123,B14+L14|Tq0.2|TINS
openood,ssb_hard_seed123,B14+L14,Tq0.2,TANL,95.71450011337868,24.79795918367347,ssb_hard,123,B14+L14|Tq0.2|TANL
openood,ssb_hard_seed123,B14+L14,Tnn,none,95.80253435374148,23.63673469387755,ssb_hard,123,B14+L14|Tnn|none
openood,ssb_hard_seed123,B14+L14,Tnn,TINS,96.012469569161,22.346938775510203,ssb_hard,123,B14+L14|Tnn|TINS
openood,ssb_hard_seed123,B14+L14,Tnn,TANL,95.8561289569161,23.43061224489796,ssb_hard,123,B14+L14|Tnn|TANL
openood,ssb_hard_seed123,B14+L14,Tk20,none,95.2585310430839,27.424489795918365,ssb_hard,123,B14+L14|Tk20|none
openood,ssb_hard_seed123,B14+L14,Tk20,TINS,95.57687346938776,24.710204081632654,ssb_hard,123,B14+L14|Tk20|TINS
openood,ssb_hard_seed123,B14+L14,Tk20,TANL,95.34404517006804,26.69183673469388,ssb_hard,123,B14+L14|Tk20|TANL
openood,ssb_hard_seed123,B14+L14,Tlp20,none,95.13840405895692,27.036734693877552,ssb_hard,123,B14+L14|Tlp20|none
openood,ssb_hard_seed123,B14+L14,Tlp20,TINS,95.23592666666669,26.059183673469388,ssb_hard,123,B14+L14|Tlp20|TINS
openood,ssb_hard_seed123,B14+L14,Tlp20,TANL,95.11992691609976,26.875510204081632,ssb_hard,123,B14+L14|Tlp20|TANL
openood,ssb_hard_seed123,B14+L14,SL,none,93.65063027210884,29.23265306122449,ssb_hard,123,B14+L14|SL|none
openood,ssb_hard_seed123,B14+L14,SL,TINS,94.02405455782312,27.51224489795918,ssb_hard,123,B14+L14|SL|TINS
openood,ssb_hard_seed123,B14+L14,SL,TANL,93.84677231292515,28.608163265306125,ssb_hard,123,B14+L14|SL|TANL
openood,ssb_hard_seed123,B14+L14,static,none,75.96754249433107,64.15102040816326,ssb_hard,123,B14+L14|static|none
openood,ssb_hard_seed123,B14+L14,static,TINS,82.08822299319729,53.93265306122449,ssb_hard,123,B14+L14|static|TINS
openood,ssb_hard_seed123,B14+L14,static,TANL,80.74038013605443,57.29795918367348,ssb_hard,123,B14+L14|static|TANL
openood,ssb_hard_seed124,L14xD3L+D3L,T,none,96.2204358276644,20.959183673469383,ssb_hard,124,L14xD3L+D3L|T|none
openood,ssb_hard_seed124,L14xD3L+D3L,T,TINS,96.42017274376416,19.453061224489797,ssb_hard,124,L14xD3L+D3L|T|TINS
openood,ssb_hard_seed124,L14xD3L+D3L,T,TANL,96.27573045351474,20.43673469387755,ssb_hard,124,L14xD3L+D3L|T|TANL
openood,ssb_hard_seed124,L14xD3L+D3L,Tlp,none,95.43639845804988,23.57142857142857,ssb_hard,124,L14xD3L+D3L|Tlp|none
openood,ssb_hard_seed124,L14xD3L+D3L,Tlp,TINS,95.5409844897959,23.508163265306123,ssb_hard,124,L14xD3L+D3L|Tlp|TINS
openood,ssb_hard_seed124,L14xD3L+D3L,Tlp,TANL,95.47118131519277,23.712244897959184,ssb_hard,124,L14xD3L+D3L|Tlp|TANL
openood,ssb_hard_seed124,L14xD3L+D3L,Tq0.05,none,95.9382345351474,21.51836734693877,ssb_hard,124,L14xD3L+D3L|Tq0.05|none
openood,ssb_hard_seed124,L14xD3L+D3L,Tq0.05,TINS,96.08684421768707,20.43877551020408,ssb_hard,124,L14xD3L+D3L|Tq0.05|TINS
openood,ssb_hard_seed124,L14xD3L+D3L,Tq0.05,TANL,95.96955689342404,21.455102040816325,ssb_hard,124,L14xD3L+D3L|Tq0.05|TANL
openood,ssb_hard_seed124,L14xD3L+D3L,Tq0.2,none,96.12803333333332,22.16122448979592,ssb_hard,124,L14xD3L+D3L|Tq0.2|none
openood,ssb_hard_seed124,L14xD3L+D3L,Tq0.2,TINS,96.44474426303856,20.23061224489796,ssb_hard,124,L14xD3L+D3L|Tq0.2|TINS
openood,ssb_hard_seed124,L14xD3L+D3L,Tq0.2,TANL,96.23436009070294,21.26530612244898,ssb_hard,124,L14xD3L+D3L|Tq0.2|TANL
openood,ssb_hard_seed124,L14xD3L+D3L,Tnn,none,96.28684061224487,21.10612244897959,ssb_hard,124,L14xD3L+D3L|Tnn|none
openood,ssb_hard_seed124,L14xD3L+D3L,Tnn,TINS,96.43899265306123,20.046938775510203,ssb_hard,124,L14xD3L+D3L|Tnn|TINS
openood,ssb_hard_seed124,L14xD3L+D3L,Tnn,TANL,96.32753324263038,20.7,ssb_hard,124,L14xD3L+D3L|Tnn|TANL
openood,ssb_hard_seed124,L14xD3L+D3L,Tk20,none,95.93585523809524,22.80612244897959,ssb_hard,124,L14xD3L+D3L|Tk20|none
openood,ssb_hard_seed124,L14xD3L+D3L,Tk20,TINS,96.14904077097503,21.071428571428573,ssb_hard,124,L14xD3L+D3L|Tk20|TINS
openood,ssb_hard_seed124,L14xD3L+D3L,Tk20,TANL,95.97869698412696,22.3734693877551,ssb_hard,124,L14xD3L+D3L|Tk20|TANL
openood,ssb_hard_seed124,L14xD3L+D3L,Tlp20,none,95.4374165079365,25.47142857142857,ssb_hard,124,L14xD3L+D3L|Tlp20|none
openood,ssb_hard_seed124,L14xD3L+D3L,Tlp20,TINS,95.48160231292518,24.714285714285715,ssb_hard,124,L14xD3L+D3L|Tlp20|TINS
openood,ssb_hard_seed124,L14xD3L+D3L,Tlp20,TANL,95.40717142857144,25.30816326530612,ssb_hard,124,L14xD3L+D3L|Tlp20|TANL
openood,ssb_hard_seed124,L14+D3L,T,none,96.16436970521542,21.38571428571429,ssb_hard,124,L14+D3L|T|none
openood,ssb_hard_seed124,L14+D3L,T,TINS,96.36098231292516,19.918367346938776,ssb_hard,124,L14+D3L|T|TINS
openood,ssb_hard_seed124,L14+D3L,T,TANL,96.21555843537416,20.96734693877551,ssb_hard,124,L14+D3L|T|TANL
openood,ssb_hard_seed124,L14+D3L,Tlp,none,95.5675639229025,23.34897959183673,ssb_hard,124,L14+D3L|Tlp|none
openood,ssb_hard_seed124,L14+D3L,Tlp,TINS,95.61545138321996,23.3,ssb_hard,124,L14+D3L|Tlp|TINS
openood,ssb_hard_seed124,L14+D3L,Tlp,TANL,95.56514752834468,23.51020408163265,ssb_hard,124,L14+D3L|Tlp|TANL
openood,ssb_hard_seed124,L14+D3L,Tq0.05,none,95.87332276643993,22.00204081632653,ssb_hard,124,L14+D3L|Tq0.05|none
openood,ssb_hard_seed124,L14+D3L,Tq0.05,TINS,96.01848698412698,20.748979591836736,ssb_hard,124,L14+D3L|Tq0.05|TINS
openood,ssb_hard_seed124,L14+D3L,Tq0.05,TANL,95.9015000680272,21.59183673469388,ssb_hard,124,L14+D3L|Tq0.05|TANL
openood,ssb_hard_seed124,L14+D3L,Tq0.2,none,96.12408882086169,22.508163265306123,ssb_hard,124,L14+D3L|Tq0.2|none
openood,ssb_hard_seed124,L14+D3L,Tq0.2,TINS,96.42453378684807,20.39795918367347,ssb_hard,124,L14+D3L|Tq0.2|TINS
openood,ssb_hard_seed124,L14+D3L,Tq0.2,TANL,96.21940358276645,21.67142857142857,ssb_hard,124,L14+D3L|Tq0.2|TANL
openood,ssb_hard_seed124,L14+D3L,Tnn,none,96.26452233560092,21.42244897959184,ssb_hard,124,L14+D3L|Tnn|none
openood,ssb_hard_seed124,L14+D3L,Tnn,TINS,96.41157709750568,20.312244897959182,ssb_hard,124,L14+D3L|Tnn|TINS
openood,ssb_hard_seed124,L14+D3L,Tnn,TANL,96.2999474829932,21.242857142857144,ssb_hard,124,L14+D3L|Tnn|TANL
openood,ssb_hard_seed124,L14+D3L,Tk20,none,95.82173088435373,23.755102040816325,ssb_hard,124,L14+D3L|Tk20|none
openood,ssb_hard_seed124,L14+D3L,Tk20,TINS,96.04538,21.777551020408165,ssb_hard,124,L14+D3L|Tk20|TINS
openood,ssb_hard_seed124,L14+D3L,Tk20,TANL,95.87176977324263,23.26938775510204,ssb_hard,124,L14+D3L|Tk20|TANL
openood,ssb_hard_seed124,L14+D3L,Tlp20,none,95.50808752834467,25.47959183673469,ssb_hard,124,L14+D3L|Tlp20|none
openood,ssb_hard_seed124,L14+D3L,Tlp20,TINS,95.51836866213152,24.70204081632653,ssb_hard,124,L14+D3L|Tlp20|TINS
openood,ssb_hard_seed124,L14+D3L,Tlp20,TANL,95.46148789115648,25.24489795918367,ssb_hard,124,L14+D3L|Tlp20|TANL
openood,ssb_hard_seed124,L14+D3L,SL,none,94.07937390022676,27.538775510204083,ssb_hard,124,L14+D3L|SL|none
openood,ssb_hard_seed124,L14+D3L,SL,TINS,94.36071682539684,25.84897959183673,ssb_hard,124,L14+D3L|SL|TINS
openood,ssb_hard_seed124,L14+D3L,SL,TANL,94.2373831292517,27.03469387755102,ssb_hard,124,L14+D3L|SL|TANL
openood,ssb_hard_seed124,L14+D3L,static,none,76.57661188208617,63.953061224489794,ssb_hard,124,L14+D3L|static|none
openood,ssb_hard_seed124,L14+D3L,static,TINS,82.18352725623585,54.23673469387755,ssb_hard,124,L14+D3L|static|TINS
openood,ssb_hard_seed124,L14+D3L,static,TANL,80.9512994557823,57.00612244897959,ssb_hard,124,L14+D3L|static|TANL
openood,ssb_hard_seed124,D3L,T,none,96.0943552834467,21.867346938775512,ssb_hard,124,D3L|T|none
openood,ssb_hard_seed124,D3L,T,TINS,96.1497515192744,20.78367346938776,ssb_hard,124,D3L|T|TINS
openood,ssb_hard_seed124,D3L,T,TANL,96.0795544671202,21.475510204081637,ssb_hard,124,D3L|T|TANL
openood,ssb_hard_seed124,D3L,Tlp,none,95.18747124716552,24.94081632653061,ssb_hard,124,D3L|Tlp|none
openood,ssb_hard_seed124,D3L,Tlp,TINS,94.69993426303854,28.338775510204083,ssb_hard,124,D3L|Tlp|TINS
openood,ssb_hard_seed124,D3L,Tlp,TANL,94.9284549659864,27.13061224489796,ssb_hard,124,D3L|Tlp|TANL
openood,ssb_hard_seed124,D3L,Tq0.05,none,95.77802353741497,22.6,ssb_hard,124,D3L|Tq0.05|none
openood,ssb_hard_seed124,D3L,Tq0.05,TINS,95.78597664399094,21.753061224489795,ssb_hard,124,D3L|Tq0.05|TINS
openood,ssb_hard_seed124,D3L,Tq0.05,TANL,95.73497253968252,22.79795918367347,ssb_hard,124,D3L|Tq0.05|TANL
openood,ssb_hard_seed124,D3L,Tq0.2,none,96.0656941043084,22.575510204081635,ssb_hard,124,D3L|Tq0.2|none
openood,ssb_hard_seed124,D3L,Tq0.2,TINS,96.22693619047618,21.29591836734694,ssb_hard,124,D3L|Tq0.2|TINS
openood,ssb_hard_seed124,D3L,Tq0.2,TANL,96.1001767573696,22.15918367346939,ssb_hard,124,D3L|Tq0.2|TANL
openood,ssb_hard_seed124,D3L,Tnn,none,96.18556351473924,21.883673469387755,ssb_hard,124,D3L|Tnn|none
openood,ssb_hard_seed124,D3L,Tnn,TINS,96.27592217687076,20.446938775510205,ssb_hard,124,D3L|Tnn|TINS
openood,ssb_hard_seed124,D3L,Tnn,TANL,96.19150342403628,21.55510204081633,ssb_hard,124,D3L|Tnn|TANL
openood,ssb_hard_seed124,D3L,Tk20,none,95.76193310657597,24.042857142857144,ssb_hard,124,D3L|Tk20|none
openood,ssb_hard_seed124,D3L,Tk20,TINS,95.82585936507937,22.257142857142856,ssb_hard,124,D3L|Tk20|TINS
openood,ssb_hard_seed124,D3L,Tk20,TANL,95.72200995464851,23.33673469387755,ssb_hard,124,D3L|Tk20|TANL
openood,ssb_hard_seed124,D3L,Tlp20,none,95.14174204081633,26.76938775510204,ssb_hard,124,D3L|Tlp20|none
openood,ssb_hard_seed124,D3L,Tlp20,TINS,94.57310430839,29.575510204081635,ssb_hard,124,D3L|Tlp20|TINS
openood,ssb_hard_seed124,D3L,Tlp20,TANL,94.80037761904762,28.69591836734694,ssb_hard,124,D3L|Tlp20|TANL
openood,ssb_hard_seed124,D3L,SL,none,93.67911959183677,28.418367346938776,ssb_hard,124,D3L|SL|none
openood,ssb_hard_seed124,D3L,SL,TINS,93.89211333333331,27.70204081632653,ssb_hard,124,D3L|SL|TINS
openood,ssb_hard_seed124,D3L,SL,TANL,93.87314573696143,28.11020408163265,ssb_hard,124,D3L|SL|TANL
openood,ssb_hard_seed124,D3L,static,none,75.0115787755102,70.60408163265306,ssb_hard,124,D3L|static|none
openood,ssb_hard_seed124,D3L,static,TINS,82.71360390022676,54.53469387755102,ssb_hard,124,D3L|static|TINS
openood,ssb_hard_seed124,D3L,static,TANL,81.67998070294786,56.165306122448975,ssb_hard,124,D3L|static|TANL
openood,ssb_hard_seed124,L14,T,none,95.5759597505669,24.43673469387755,ssb_hard,124,L14|T|none
openood,ssb_hard_seed124,L14,T,TINS,95.74198675736962,22.955102040816328,ssb_hard,124,L14|T|TINS
openood,ssb_hard_seed124,L14,T,TANL,95.65047117913832,24.09387755102041,ssb_hard,124,L14|T|TANL
openood,ssb_hard_seed124,L14,Tlp,none,94.97748074829931,25.873469387755105,ssb_hard,124,L14|Tlp|none
openood,ssb_hard_seed124,L14,Tlp,TINS,94.56965589569162,28.467346938775517,ssb_hard,124,L14|Tlp|TINS
openood,ssb_hard_seed124,L14,Tlp,TANL,94.81353698412698,27.13469387755102,ssb_hard,124,L14|Tlp|TANL
openood,ssb_hard_seed124,L14,Tq0.05,none,95.30366580498864,24.951020408163263,ssb_hard,124,L14|Tq0.05|none
openood,ssb_hard_seed124,L14,Tq0.05,TINS,95.39424743764172,23.793877551020408,ssb_hard,124,L14|Tq0.05|TINS
openood,ssb_hard_seed124,L14,Tq0.05,TANL,95.33444045351472,24.76938775510204,ssb_hard,124,L14|Tq0.05|TANL
openood,ssb_hard_seed124,L14,Tq0.2,none,95.45885768707484,25.76938775510204,ssb_hard,124,L14|Tq0.2|none
openood,ssb_hard_seed124,L14,Tq0.2,TINS,95.75081088435375,23.718367346938777,ssb_hard,124,L14|Tq0.2|TINS
openood,ssb_hard_seed124,L14,Tq0.2,TANL,95.6062212244898,24.89387755102041,ssb_hard,124,L14|Tq0.2|TANL
openood,ssb_hard_seed124,L14,Tnn,none,95.6196661904762,24.86122448979592,ssb_hard,124,L14|Tnn|none
openood,ssb_hard_seed124,L14,Tnn,TINS,95.85192063492065,22.90204081632653,ssb_hard,124,L14|Tnn|TINS
openood,ssb_hard_seed124,L14,Tnn,TANL,95.71410546485262,24.218367346938777,ssb_hard,124,L14|Tnn|TANL
openood,ssb_hard_seed124,L14,Tk20,none,95.32247401360544,26.777551020408165,ssb_hard,124,L14|Tk20|none
openood,ssb_hard_seed124,L14,Tk20,TINS,95.51941333333332,24.19183673469388,ssb_hard,124,L14|Tk20|TINS
openood,ssb_hard_seed124,L14,Tk20,TANL,95.39683911564624,25.88367346938775,ssb_hard,124,L14|Tk20|TANL
openood,ssb_hard_seed124,L14,Tlp20,none,95.08510387755102,26.918367346938776,ssb_hard,124,L14|Tlp20|none
openood,ssb_hard_seed124,L14,Tlp20,TINS,94.55179024943313,29.551020408163264,ssb_hard,124,L14|Tlp20|TINS
openood,ssb_hard_seed124,L14,Tlp20,TANL,94.8163141723356,28.585714285714285,ssb_hard,124,L14|Tlp20|TANL
openood,ssb_hard_seed124,L14,SL,none,93.07903276643992,32.251020408163264,ssb_hard,124,L14|SL|none
openood,ssb_hard_seed124,L14,SL,TINS,93.46712190476192,29.23265306122449,ssb_hard,124,L14|SL|TINS
openood,ssb_hard_seed124,L14,SL,TANL,93.39232124716553,30.748979591836733,ssb_hard,124,L14|SL|TANL
openood,ssb_hard_seed124,L14,static,none,75.77040120181405,61.93877551020408,ssb_hard,124,L14|static|none
openood,ssb_hard_seed124,L14,static,TINS,83.0912984580499,50.43469387755102,ssb_hard,124,L14|static|TINS
openood,ssb_hard_seed124,L14,static,TANL,81.84181301587302,51.71428571428572,ssb_hard,124,L14|static|TANL
openood,ssb_hard_seed124,L14xD3L,T,none,96.08229378684808,21.60204081632653,ssb_hard,124,L14xD3L|T|none
openood,ssb_hard_seed124,L14xD3L,T,TINS,96.15813346938776,20.63673469387755,ssb_hard,124,L14xD3L|T|TINS
openood,ssb_hard_seed124,L14xD3L,T,TANL,96.09215206349208,21.177551020408163,ssb_hard,124,L14xD3L|T|TANL
openood,ssb_hard_seed124,L14xD3L,Tlp,none,95.31134873015874,23.90816326530612,ssb_hard,124,L14xD3L|Tlp|none
openood,ssb_hard_seed124,L14xD3L,Tlp,TINS,94.81785891156464,27.453061224489797,ssb_hard,124,L14xD3L|Tlp|TINS
openood,ssb_hard_seed124,L14xD3L,Tlp,TANL,95.07056746031746,25.708163265306123,ssb_hard,124,L14xD3L|Tlp|TANL
openood,ssb_hard_seed124,L14xD3L,Tq0.05,none,95.83013585034014,21.951020408163263,ssb_hard,124,L14xD3L|Tq0.05|none
openood,ssb_hard_seed124,L14xD3L,Tq0.05,TINS,95.8420953287982,21.240816326530613,ssb_hard,124,L14xD3L|Tq0.05|TINS
openood,ssb_hard_seed124,L14xD3L,Tq0.05,TANL,95.80015954648526,21.8265306122449,ssb_hard,124,L14xD3L|Tq0.05|TANL
openood,ssb_hard_seed124,L14xD3L,Tq0.2,none,95.91105321995464,22.63061224489796,ssb_hard,124,L14xD3L|Tq0.2|none
openood,ssb_hard_seed124,L14xD3L,Tq0.2,TINS,96.14555360544216,21.67142857142857,ssb_hard,124,L14xD3L|Tq0.2|TINS
openood,ssb_hard_seed124,L14xD3L,Tq0.2,TANL,96.00825290249432,22.70204081632653,ssb_hard,124,L14xD3L|Tq0.2|TANL
openood,ssb_hard_seed124,L14xD3L,Tnn,none,96.15886349206347,21.64897959183673,ssb_hard,124,L14xD3L|Tnn|none
openood,ssb_hard_seed124,L14xD3L,Tnn,TINS,96.30318040816326,20.559183673469388,ssb_hard,124,L14xD3L|Tnn|TINS
openood,ssb_hard_seed124,L14xD3L,Tnn,TANL,96.1981385260771,21.365306122448978,ssb_hard,124,L14xD3L|Tnn|TANL
openood,ssb_hard_seed124,L14xD3L,Tk20,none,95.87228049886622,23.43673469387755,ssb_hard,124,L14xD3L|Tk20|none
openood,ssb_hard_seed124,L14xD3L,Tk20,TINS,95.95128009070292,21.8734693877551,ssb_hard,124,L14xD3L|Tk20|TINS
openood,ssb_hard_seed124,L14xD3L,Tk20,TANL,95.85470927437642,23.083673469387755,ssb_hard,124,L14xD3L|Tk20|TANL
openood,ssb_hard_seed124,L14xD3L,Tlp20,none,95.42611469387758,24.963265306122448,ssb_hard,124,L14xD3L|Tlp20|none
openood,ssb_hard_seed124,L14xD3L,Tlp20,TINS,94.79289034013604,28.316326530612244,ssb_hard,124,L14xD3L|Tlp20|TINS
openood,ssb_hard_seed124,L14xD3L,Tlp20,TANL,95.05930353741496,27.02244897959184,ssb_hard,124,L14xD3L|Tlp20|TANL
openood,ssb_hard_seed124,D3B+D3L,T,none,95.94388739229024,22.951020408163263,ssb_hard,124,D3B+D3L|T|none
openood,ssb_hard_seed124,D3B+D3L,T,TINS,96.12652358276644,21.455102040816325,ssb_hard,124,D3B+D3L|T|TINS
openood,ssb_hard_seed124,D3B+D3L,T,TANL,95.97768394557824,22.740816326530613,ssb_hard,124,D3B+D3L|T|TANL
openood,ssb_hard_seed124,D3B+D3L,Tlp,none,95.1417687755102,25.84081632653061,ssb_hard,124,D3B+D3L|Tlp|none
openood,ssb_hard_seed124,D3B+D3L,Tlp,TINS,95.21748870748296,25.65714285714285,ssb_hard,124,D3B+D3L|Tlp|TINS
openood,ssb_hard_seed124,D3B+D3L,Tlp,TANL,95.14336755102042,26.22244897959184,ssb_hard,124,D3B+D3L|Tlp|TANL
openood,ssb_hard_seed124,D3B+D3L,Tq0.05,none,95.4910661904762,24.10204081632653,ssb_hard,124,D3B+D3L|Tq0.05|none
openood,ssb_hard_seed124,D3B+D3L,Tq0.05,TINS,95.65716807256234,22.84489795918368,ssb_hard,124,D3B+D3L|Tq0.05|TINS
openood,ssb_hard_seed124,D3B+D3L,Tq0.05,TANL,95.51575455782312,23.83265306122449,ssb_hard,124,D3B+D3L|Tq0.05|TANL
openood,ssb_hard_seed124,D3B+D3L,Tq0.2,none,96.05159902494331,23.242857142857144,ssb_hard,124,D3B+D3L|Tq0.2|none
openood,ssb_hard_seed124,D3B+D3L,Tq0.2,TINS,96.31159034013604,21.13061224489796,ssb_hard,124,D3B+D3L|Tq0.2|TINS
openood,ssb_hard_seed124,D3B+D3L,Tq0.2,TANL,96.11593088435374,22.455102040816328,ssb_hard,124,D3B+D3L|Tq0.2|TANL
openood,ssb_hard_seed124,D3B+D3L,Tnn,none,96.14283804988662,21.57551020408163,ssb_hard,124,D3B+D3L|Tnn|none
openood,ssb_hard_seed124,D3B+D3L,Tnn,TINS,96.26136861678005,20.43265306122449,ssb_hard,124,D3B+D3L|Tnn|TINS
openood,ssb_hard_seed124,D3B+D3L,Tnn,TANL,96.15909074829932,21.39591836734694,ssb_hard,124,D3B+D3L|Tnn|TANL
openood,ssb_hard_seed124,D3B+D3L,Tk20,none,95.31555004535149,26.710204081632654,ssb_hard,124,D3B+D3L|Tk20|none
openood,ssb_hard_seed124,D3B+D3L,Tk20,TINS,95.557331292517,24.777551020408165,ssb_hard,124,D3B+D3L|Tk20|TINS
openood,ssb_hard_seed124,D3B+D3L,Tk20,TANL,95.36194759637188,26.026530612244898,ssb_hard,124,D3B+D3L|Tk20|TANL
openood,ssb_hard_seed124,D3B+D3L,Tlp20,none,94.82752882086167,29.181632653061225,ssb_hard,124,D3B+D3L|Tlp20|none
openood,ssb_hard_seed124,D3B+D3L,Tlp20,TINS,94.90880272108843,27.697959183673472,ssb_hard,124,D3B+D3L|Tlp20|TINS
openood,ssb_hard_seed124,D3B+D3L,Tlp20,TANL,94.8082673696145,28.93469387755102,ssb_hard,124,D3B+D3L|Tlp20|TANL
openood,ssb_hard_seed124,D3B+D3L,SL,none,93.78726390022676,28.20204081632653,ssb_hard,124,D3B+D3L|SL|none
openood,ssb_hard_seed124,D3B+D3L,SL,TINS,94.04559188208616,26.98979591836735,ssb_hard,124,D3B+D3L|SL|TINS
openood,ssb_hard_seed124,D3B+D3L,SL,TANL,93.95150131519276,27.779591836734696,ssb_hard,124,D3B+D3L|SL|TANL
openood,ssb_hard_seed124,D3B+D3L,static,none,73.05490176870748,74.73061224489796,ssb_hard,124,D3B+D3L|static|none
openood,ssb_hard_seed124,D3B+D3L,static,TINS,80.04762090702948,61.17959183673469,ssb_hard,124,D3B+D3L|static|TINS
openood,ssb_hard_seed124,D3B+D3L,static,TANL,78.80359818594104,65.09795918367347,ssb_hard,124,D3B+D3L|static|TANL
openood,ssb_hard_seed124,L14+D3B+D3L,T,none,96.10306766439908,22.057142857142857,ssb_hard,124,L14+D3B+D3L|T|none
openood,ssb_hard_seed124,L14+D3B+D3L,T,TINS,96.27949800453514,20.559183673469388,ssb_hard,124,L14+D3B+D3L|T|TINS
openood,ssb_hard_seed124,L14+D3B+D3L,T,TANL,96.14233820861678,21.73673469387755,ssb_hard,124,L14+D3B+D3L|T|TANL
openood,ssb_hard_seed124,L14+D3B+D3L,Tlp,none,95.505781292517,24.06938775510204,ssb_hard,124,L14+D3B+D3L|Tlp|none
openood,ssb_hard_seed124,L14+D3B+D3L,Tlp,TINS,95.6709158276644,23.120408163265303,ssb_hard,124,L14+D3B+D3L|Tlp|TINS
openood,ssb_hard_seed124,L14+D3B+D3L,Tlp,TANL,95.5464139229025,23.84897959183673,ssb_hard,124,L14+D3B+D3L|Tlp|TANL
openood,ssb_hard_seed124,L14+D3B+D3L,Tq0.05,none,95.73815378684807,23.03265306122449,ssb_hard,124,L14+D3B+D3L|Tq0.05|none
openood,ssb_hard_seed124,L14+D3B+D3L,Tq0.05,TINS,95.8836614058957,21.863265306122447,ssb_hard,124,L14+D3B+D3L|Tq0.05|TINS
openood,ssb_hard_seed124,L14+D3B+D3L,Tq0.05,TANL,95.76467222222225,22.589795918367347,ssb_hard,124,L14+D3B+D3L|Tq0.05|TANL
openood,ssb_hard_seed124,L14+D3B+D3L,Tq0.2,none,96.15186070294784,22.50204081632653,ssb_hard,124,L14+D3B+D3L|Tq0.2|none
openood,ssb_hard_seed124,L14+D3B+D3L,Tq0.2,TINS,96.40462131519271,20.66530612244898,ssb_hard,124,L14+D3B+D3L|Tq0.2|TINS
openood,ssb_hard_seed124,L14+D3B+D3L,Tq0.2,TANL,96.22031251700682,21.910204081632653,ssb_hard,124,L14+D3B+D3L|Tq0.2|TANL
openood,ssb_hard_seed124,L14+D3B+D3L,Tnn,none,96.2705301814059,21.2530612244898,ssb_hard,124,L14+D3B+D3L|Tnn|none
openood,ssb_hard_seed124,L14+D3B+D3L,Tnn,TINS,96.38171419501134,20.187755102040818,ssb_hard,124,L14+D3B+D3L|Tnn|TINS
openood,ssb_hard_seed124,L14+D3B+D3L,Tnn,TANL,96.29068031746031,20.92244897959184,ssb_hard,124,L14+D3B+D3L|Tnn|TANL
openood,ssb_hard_seed124,L14+D3B+D3L,Tk20,none,95.60434925170068,24.914285714285715,ssb_hard,124,L14+D3B+D3L|Tk20|none
openood,ssb_hard_seed124,L14+D3B+D3L,Tk20,TINS,95.81743401360544,23.27142857142857,ssb_hard,124,L14+D3B+D3L|Tk20|TINS
openood,ssb_hard_seed124,L14+D3B+D3L,Tk20,TANL,95.64945655328798,24.70408163265306,ssb_hard,124,L14+D3B+D3L|Tk20|TANL
openood,ssb_hard_seed124,L14+D3B+D3L,Tlp20,none,95.2965574829932,26.76530612244898,ssb_hard,124,L14+D3B+D3L|Tlp20|none
openood,ssb_hard_seed124,L14+D3B+D3L,Tlp20,TINS,95.4602467573696,25.232653061224493,ssb_hard,124,L14+D3B+D3L|Tlp20|TINS
openood,ssb_hard_seed124,L14+D3B+D3L,Tlp20,TANL,95.31619283446712,26.33265306122449,ssb_hard,124,L14+D3B+D3L|Tlp20|TANL
openood,ssb_hard_seed124,L14+D3B+D3L,SL,none,94.16133571428573,27.087755102040816,ssb_hard,124,L14+D3B+D3L|SL|none
openood,ssb_hard_seed124,L14+D3B+D3L,SL,TINS,94.3859658956916,25.79795918367347,ssb_hard,124,L14+D3B+D3L|SL|TINS
openood,ssb_hard_seed124,L14+D3B+D3L,SL,TANL,94.27746653061224,26.920408163265307,ssb_hard,124,L14+D3B+D3L|SL|TANL
openood,ssb_hard_seed124,L14+D3B+D3L,static,none,75.31146031746032,67.2673469387755,ssb_hard,124,L14+D3B+D3L|static|none
openood,ssb_hard_seed124,L14+D3B+D3L,static,TINS,80.36852494331065,59.23877551020408,ssb_hard,124,L14+D3B+D3L|static|TINS
openood,ssb_hard_seed124,L14+D3B+D3L,static,TANL,79.16513641723355,62.269387755102045,ssb_hard,124,L14+D3B+D3L|static|TANL
openood,ssb_hard_seed124,B14+L14+D3L,T,none,96.05065378684807,22.097959183673467,ssb_hard,124,B14+L14+D3L|T|none
openood,ssb_hard_seed124,B14+L14+D3L,T,TINS,96.24792689342404,20.689795918367345,ssb_hard,124,B14+L14+D3L|T|TINS
openood,ssb_hard_seed124,B14+L14+D3L,T,TANL,96.10058351473924,21.86938775510204,ssb_hard,124,B14+L14+D3L|T|TANL
openood,ssb_hard_seed124,B14+L14+D3L,Tlp,none,95.55529464852609,23.73877551020408,ssb_hard,124,B14+L14+D3L|Tlp|none
openood,ssb_hard_seed124,B14+L14+D3L,Tlp,TINS,95.72987365079364,22.81836734693877,ssb_hard,124,B14+L14+D3L|Tlp|TINS
openood,ssb_hard_seed124,B14+L14+D3L,Tlp,TANL,95.59797947845806,23.308163265306124,ssb_hard,124,B14+L14+D3L|Tlp|TANL
openood,ssb_hard_seed124,B14+L14+D3L,Tq0.05,none,95.7248472335601,22.895918367346937,ssb_hard,124,B14+L14+D3L|Tq0.05|none
openood,ssb_hard_seed124,B14+L14+D3L,Tq0.05,TINS,95.88212575963718,21.712244897959184,ssb_hard,124,B14+L14+D3L|Tq0.05|TINS
openood,ssb_hard_seed124,B14+L14+D3L,Tq0.05,TANL,95.757952154195,22.587755102040816,ssb_hard,124,B14+L14+D3L|Tq0.05|TANL
openood,ssb_hard_seed124,B14+L14+D3L,Tq0.2,none,96.0254507482993,23.226530612244897,ssb_hard,124,B14+L14+D3L|Tq0.2|none
openood,ssb_hard_seed124,B14+L14+D3L,Tq0.2,TINS,96.31138031746032,21.1265306122449,ssb_hard,124,B14+L14+D3L|Tq0.2|TINS
openood,ssb_hard_seed124,B14+L14+D3L,Tq0.2,TANL,96.110676553288,22.6,ssb_hard,124,B14+L14+D3L|Tq0.2|TANL
openood,ssb_hard_seed124,B14+L14+D3L,Tnn,none,96.20416054421769,21.516326530612247,ssb_hard,124,B14+L14+D3L|Tnn|none
openood,ssb_hard_seed124,B14+L14+D3L,Tnn,TINS,96.3318563718821,20.589795918367347,ssb_hard,124,B14+L14+D3L|Tnn|TINS
openood,ssb_hard_seed124,B14+L14+D3L,Tnn,TANL,96.23316843537415,21.308163265306124,ssb_hard,124,B14+L14+D3L|Tnn|TANL
openood,ssb_hard_seed124,B14+L14+D3L,Tk20,none,95.63654648526078,25.00612244897959,ssb_hard,124,B14+L14+D3L|Tk20|none
openood,ssb_hard_seed124,B14+L14+D3L,Tk20,TINS,95.86548657596371,22.920408163265307,ssb_hard,124,B14+L14+D3L|Tk20|TINS
openood,ssb_hard_seed124,B14+L14+D3L,Tk20,TANL,95.6908199546485,24.53877551020408,ssb_hard,124,B14+L14+D3L|Tk20|TANL
openood,ssb_hard_seed124,B14+L14+D3L,Tlp20,none,95.43718489795918,25.787755102040816,ssb_hard,124,B14+L14+D3L|Tlp20|none
openood,ssb_hard_seed124,B14+L14+D3L,Tlp20,TINS,95.6019714739229,24.489795918367346,ssb_hard,124,B14+L14+D3L|Tlp20|TINS
openood,ssb_hard_seed124,B14+L14+D3L,Tlp20,TANL,95.4552885941043,25.534693877551017,ssb_hard,124,B14+L14+D3L|Tlp20|TANL
openood,ssb_hard_seed124,B14+L14+D3L,SL,none,94.11291641723358,27.48979591836735,ssb_hard,124,B14+L14+D3L|SL|none
openood,ssb_hard_seed124,B14+L14+D3L,SL,TINS,94.36570843537416,25.985714285714284,ssb_hard,124,B14+L14+D3L|SL|TINS
openood,ssb_hard_seed124,B14+L14+D3L,SL,TANL,94.2398855782313,27.091836734693874,ssb_hard,124,B14+L14+D3L|SL|TANL
openood,ssb_hard_seed124,B14+L14+D3L,static,none,76.42966204081632,64.78571428571429,ssb_hard,124,B14+L14+D3L|static|none
openood,ssb_hard_seed124,B14+L14+D3L,static,TINS,81.13673115646259,57.1469387755102,ssb_hard,124,B14+L14+D3L|static|TINS
openood,ssb_hard_seed124,B14+L14+D3L,static,TANL,79.96468412698412,59.71224489795919,ssb_hard,124,B14+L14+D3L|static|TANL
openood,ssb_hard_seed124,B14+L14+D3B+D3L,T,none,96.012371292517,22.40408163265306,ssb_hard,124,B14+L14+D3B+D3L|T|none
openood,ssb_hard_seed124,B14+L14+D3B+D3L,T,TINS,96.18104526077096,21.23469387755102,ssb_hard,124,B14+L14+D3B+D3L|T|TINS
openood,ssb_hard_seed124,B14+L14+D3B+D3L,T,TANL,96.05198934240364,22.142857142857142,ssb_hard,124,B14+L14+D3B+D3L|T|TANL
openood,ssb_hard_seed124,B14+L14+D3B+D3L,Tlp,none,95.49835351473924,24.27142857142857,ssb_hard,124,B14+L14+D3B+D3L|Tlp|none
openood,ssb_hard_seed124,B14+L14+D3B+D3L,Tlp,TINS,95.7033876643991,23.073469387755104,ssb_hard,124,B14+L14+D3B+D3L|Tlp|TINS
openood,ssb_hard_seed124,B14+L14+D3B+D3L,Tlp,TANL,95.5531771201814,23.785714285714285,ssb_hard,124,B14+L14+D3B+D3L|Tlp|TANL
openood,ssb_hard_seed124,B14+L14+D3B+D3L,Tq0.05,none,95.63453022675738,23.48367346938776,ssb_hard,124,B14+L14+D3B+D3L|Tq0.05|none
openood,ssb_hard_seed124,B14+L14+D3B+D3L,Tq0.05,TINS,95.7770346031746,22.304081632653062,ssb_hard,124,B14+L14+D3B+D3L|Tq0.05|TINS
openood,ssb_hard_seed124,B14+L14+D3B+D3L,Tq0.05,TANL,95.66300058956917,23.13061224489796,ssb_hard,124,B14+L14+D3B+D3L|Tq0.05|TANL
openood,ssb_hard_seed124,B14+L14+D3B+D3L,Tq0.2,none,96.0529222675737,22.977551020408164,ssb_hard,124,B14+L14+D3B+D3L|Tq0.2|none
openood,ssb_hard_seed124,B14+L14+D3B+D3L,Tq0.2,TINS,96.29045283446712,21.2530612244898,ssb_hard,124,B14+L14+D3B+D3L|Tq0.2|TINS
openood,ssb_hard_seed124,B14+L14+D3B+D3L,Tq0.2,TANL,96.11801732426304,22.68979591836735,ssb_hard,124,B14+L14+D3B+D3L|Tq0.2|TANL
openood,ssb_hard_seed124,B14+L14+D3B+D3L,Tnn,none,96.20729002267574,21.53877551020408,ssb_hard,124,B14+L14+D3B+D3L|Tnn|none
openood,ssb_hard_seed124,B14+L14+D3B+D3L,Tnn,TINS,96.3077897052154,20.73061224489796,ssb_hard,124,B14+L14+D3B+D3L|Tnn|TINS
openood,ssb_hard_seed124,B14+L14+D3B+D3L,Tnn,TANL,96.22705650793652,21.45714285714286,ssb_hard,124,B14+L14+D3B+D3L|Tnn|TANL
openood,ssb_hard_seed124,B14+L14+D3B+D3L,Tk20,none,95.49299523809523,25.795918367346932,ssb_hard,124,B14+L14+D3B+D3L|Tk20|none
openood,ssb_hard_seed124,B14+L14+D3B+D3L,Tk20,TINS,95.69516131519272,24.07551020408163,ssb_hard,124,B14+L14+D3B+D3L|Tk20|TINS
openood,ssb_hard_seed124,B14+L14+D3B+D3L,Tk20,TANL,95.53916376417236,25.36938775510204,ssb_hard,124,B14+L14+D3B+D3L|Tk20|TANL
openood,ssb_hard_seed124,B14+L14+D3B+D3L,Tlp20,none,95.28085074829932,26.877551020408163,ssb_hard,124,B14+L14+D3B+D3L|Tlp20|none
openood,ssb_hard_seed124,B14+L14+D3B+D3L,Tlp20,TINS,95.49385074829934,24.942857142857143,ssb_hard,124,B14+L14+D3B+D3L|Tlp20|TINS
openood,ssb_hard_seed124,B14+L14+D3B+D3L,Tlp20,TANL,95.32222863945576,26.27755102040816,ssb_hard,124,B14+L14+D3B+D3L|Tlp20|TANL
openood,ssb_hard_seed124,B14+L14+D3B+D3L,SL,none,94.16257281179138,27.36122448979592,ssb_hard,124,B14+L14+D3B+D3L|SL|none
openood,ssb_hard_seed124,B14+L14+D3B+D3L,SL,TINS,94.36830494331066,26.163265306122447,ssb_hard,124,B14+L14+D3B+D3L|SL|TINS
openood,ssb_hard_seed124,B14+L14+D3B+D3L,SL,TANL,94.26160696145122,27.12857142857143,ssb_hard,124,B14+L14+D3B+D3L|SL|TANL
openood,ssb_hard_seed124,B14+L14+D3B+D3L,static,none,75.478011723356,67.06530612244897,ssb_hard,124,B14+L14+D3B+D3L|static|none
openood,ssb_hard_seed124,B14+L14+D3B+D3L,static,TINS,79.74354598639457,60.77142857142858,ssb_hard,124,B14+L14+D3B+D3L|static|TINS
openood,ssb_hard_seed124,B14+L14+D3B+D3L,static,TANL,78.62913049886623,63.33469387755102,ssb_hard,124,B14+L14+D3B+D3L|static|TANL
openood,ssb_hard_seed124,B14+L14,T,none,95.64762630385488,24.26938775510204,ssb_hard,124,B14+L14|T|none
openood,ssb_hard_seed124,B14+L14,T,TINS,95.90673609977324,22.59387755102041,ssb_hard,124,B14+L14|T|TINS
openood,ssb_hard_seed124,B14+L14,T,TANL,95.72769176870749,23.94081632653061,ssb_hard,124,B14+L14|T|TANL
openood,ssb_hard_seed124,B14+L14,Tlp,none,95.18844242630384,25.46734693877551,ssb_hard,124,B14+L14|Tlp|none
openood,ssb_hard_seed124,B14+L14,Tlp,TINS,95.2951387755102,24.8,ssb_hard,124,B14+L14|Tlp|TINS
openood,ssb_hard_seed124,B14+L14,Tlp,TANL,95.2156253968254,25.42244897959184,ssb_hard,124,B14+L14|Tlp|TANL
openood,ssb_hard_seed124,B14+L14,Tq0.05,none,95.31523990929703,25.06938775510204,ssb_hard,124,B14+L14|Tq0.05|none
openood,ssb_hard_seed124,B14+L14,Tq0.05,TINS,95.51952308390022,23.616326530612245,ssb_hard,124,B14+L14|Tq0.05|TINS
openood,ssb_hard_seed124,B14+L14,Tq0.05,TANL,95.36752219954649,24.753061224489795,ssb_hard,124,B14+L14|Tq0.05|TANL
openood,ssb_hard_seed124,B14+L14,Tq0.2,none,95.58513648526076,25.504081632653065,ssb_hard,124,B14+L14|Tq0.2|none
openood,ssb_hard_seed124,B14+L14,Tq0.2,TINS,95.9532754648526,22.96122448979592,ssb_hard,124,B14+L14|Tq0.2|TINS
openood,ssb_hard_seed124,B14+L14,Tq0.2,TANL,95.71588639455784,24.83877551020408,ssb_hard,124,B14+L14|Tq0.2|TANL
openood,ssb_hard_seed124,B14+L14,Tnn,none,95.8025252834467,23.63265306122449,ssb_hard,124,B14+L14|Tnn|none
openood,ssb_hard_seed124,B14+L14,Tnn,TINS,95.99577637188207,22.332653061224487,ssb_hard,124,B14+L14|Tnn|TINS
openood,ssb_hard_seed124,B14+L14,Tnn,TANL,95.85808253968251,23.448979591836736,ssb_hard,124,B14+L14|Tnn|TANL
openood,ssb_hard_seed124,B14+L14,Tk20,none,95.25854052154196,27.424489795918365,ssb_hard,124,B14+L14|Tk20|none
openood,ssb_hard_seed124,B14+L14,Tk20,TINS,95.56160321995463,24.56122448979592,ssb_hard,124,B14+L14|Tk20|TINS
openood,ssb_hard_seed124,B14+L14,Tk20,TANL,95.34653038548753,26.700000000000003,ssb_hard,124,B14+L14|Tk20|TANL
openood,ssb_hard_seed124,B14+L14,Tlp20,none,95.13841854875282,27.036734693877552,ssb_hard,124,B14+L14|Tlp20|none
openood,ssb_hard_seed124,B14+L14,Tlp20,TINS,95.21443197278911,26.10612244897959,ssb_hard,124,B14+L14|Tlp20|TINS
openood,ssb_hard_seed124,B14+L14,Tlp20,TANL,95.12493897959185,26.65918367346939,ssb_hard,124,B14+L14|Tlp20|TANL
openood,ssb_hard_seed124,B14+L14,SL,none,93.55514392290247,30.151020408163262,ssb_hard,124,B14+L14|SL|none
openood,ssb_hard_seed124,B14+L14,SL,TINS,93.90937473922904,28.048979591836737,ssb_hard,124,B14+L14|SL|TINS
openood,ssb_hard_seed124,B14+L14,SL,TANL,93.761326122449,29.455102040816328,ssb_hard,124,B14+L14|SL|TANL
openood,ssb_hard_seed124,B14+L14,static,none,75.96754249433107,64.15102040816326,ssb_hard,124,B14+L14|static|none
openood,ssb_hard_seed124,B14+L14,static,TINS,81.78214997732425,54.35918367346939,ssb_hard,124,B14+L14|static|TINS
openood,ssb_hard_seed124,B14+L14,static,TANL,80.52765573696145,57.27959183673469,ssb_hard,124,B14+L14|static|TANL
openood,ssb_hard_seed125,L14xD3L+D3L,T,none,96.22044832199546,20.95714285714286,ssb_hard,125,L14xD3L+D3L|T|none
openood,ssb_hard_seed125,L14xD3L+D3L,T,TINS,96.42137011337869,19.846938775510203,ssb_hard,125,L14xD3L+D3L|T|TINS
openood,ssb_hard_seed125,L14xD3L+D3L,T,TANL,96.27805993197278,20.289795918367343,ssb_hard,125,L14xD3L+D3L|T|TANL
openood,ssb_hard_seed125,L14xD3L+D3L,Tlp,none,95.4364059637188,23.57142857142857,ssb_hard,125,L14xD3L+D3L|Tlp|none
openood,ssb_hard_seed125,L14xD3L+D3L,Tlp,TINS,95.53264390022676,23.512244897959185,ssb_hard,125,L14xD3L+D3L|Tlp|TINS
openood,ssb_hard_seed125,L14xD3L+D3L,Tlp,TANL,95.4667690249433,23.493877551020407,ssb_hard,125,L14xD3L+D3L|Tlp|TANL
openood,ssb_hard_seed125,L14xD3L+D3L,Tq0.05,none,95.93819721088435,21.52244897959184,ssb_hard,125,L14xD3L+D3L|Tq0.05|none
openood,ssb_hard_seed125,L14xD3L+D3L,Tq0.05,TINS,96.08881455782311,20.59795918367347,ssb_hard,125,L14xD3L+D3L|Tq0.05|TINS
openood,ssb_hard_seed125,L14xD3L+D3L,Tq0.05,TANL,95.96834605442176,21.30408163265306,ssb_hard,125,L14xD3L+D3L|Tq0.05|TANL
openood,ssb_hard_seed125,L14xD3L+D3L,Tq0.2,none,96.12802297052154,22.16122448979592,ssb_hard,125,L14xD3L+D3L|Tq0.2|none
openood,ssb_hard_seed125,L14xD3L+D3L,Tq0.2,TINS,96.44317551020409,20.40612244897959,ssb_hard,125,L14xD3L+D3L|Tq0.2|TINS
openood,ssb_hard_seed125,L14xD3L+D3L,Tq0.2,TANL,96.24298045351472,21.31020408163265,ssb_hard,125,L14xD3L+D3L|Tq0.2|TANL
openood,ssb_hard_seed125,L14xD3L+D3L,Tnn,none,96.28684174603175,21.10612244897959,ssb_hard,125,L14xD3L+D3L|Tnn|none
openood,ssb_hard_seed125,L14xD3L+D3L,Tnn,TINS,96.44116621315192,20.03469387755102,ssb_hard,125,L14xD3L+D3L|Tnn|TINS
openood,ssb_hard_seed125,L14xD3L+D3L,Tnn,TANL,96.3306706802721,20.746938775510205,ssb_hard,125,L14xD3L+D3L|Tnn|TANL
openood,ssb_hard_seed125,L14xD3L+D3L,Tk20,none,95.93585564625847,22.80612244897959,ssb_hard,125,L14xD3L+D3L|Tk20|none
openood,ssb_hard_seed125,L14xD3L+D3L,Tk20,TINS,96.14831133786848,21.4265306122449,ssb_hard,125,L14xD3L+D3L|Tk20|TINS
openood,ssb_hard_seed125,L14xD3L+D3L,Tk20,TANL,95.98541904761905,22.26326530612245,ssb_hard,125,L14xD3L+D3L|Tk20|TANL
openood,ssb_hard_seed125,L14xD3L+D3L,Tlp20,none,95.43741691609978,25.47142857142857,ssb_hard,125,L14xD3L+D3L|Tlp20|none
openood,ssb_hard_seed125,L14xD3L+D3L,Tlp20,TINS,95.46560911564626,24.897959183673468,ssb_hard,125,L14xD3L+D3L|Tlp20|TINS
openood,ssb_hard_seed125,L14xD3L+D3L,Tlp20,TANL,95.41339997732426,25.240816326530613,ssb_hard,125,L14xD3L+D3L|Tlp20|TANL
openood,ssb_hard_seed125,L14+D3L,T,none,96.1643971882086,21.38571428571429,ssb_hard,125,L14+D3L|T|none
openood,ssb_hard_seed125,L14+D3L,T,TINS,96.36528072562358,20.34285714285714,ssb_hard,125,L14+D3L|T|TINS
openood,ssb_hard_seed125,L14+D3L,T,TANL,96.21742739229026,20.851020408163265,ssb_hard,125,L14+D3L|T|TANL
openood,ssb_hard_seed125,L14+D3L,Tlp,none,95.56757936507935,23.34489795918368,ssb_hard,125,L14+D3L|Tlp|none
openood,ssb_hard_seed125,L14+D3L,Tlp,TINS,95.61078068027209,23.455102040816325,ssb_hard,125,L14+D3L|Tlp|TINS
openood,ssb_hard_seed125,L14+D3L,Tlp,TANL,95.56488709750568,23.34489795918368,ssb_hard,125,L14+D3L|Tlp|TANL
openood,ssb_hard_seed125,L14+D3L,Tq0.05,none,95.87328727891156,22.00408163265306,ssb_hard,125,L14+D3L|Tq0.05|none
openood,ssb_hard_seed125,L14+D3L,Tq0.05,TINS,96.0225657596372,20.877551020408163,ssb_hard,125,L14+D3L|Tq0.05|TINS
openood,ssb_hard_seed125,L14+D3L,Tq0.05,TANL,95.89972988662132,21.428571428571427,ssb_hard,125,L14+D3L|Tq0.05|TANL
openood,ssb_hard_seed125,L14+D3L,Tq0.2,none,96.12404412698412,22.53469387755102,ssb_hard,125,L14+D3L|Tq0.2|none
openood,ssb_hard_seed125,L14+D3L,Tq0.2,TINS,96.4253201360544,20.742857142857144,ssb_hard,125,L14+D3L|Tq0.2|TINS
openood,ssb_hard_seed125,L14+D3L,Tq0.2,TANL,96.22860124716551,21.72244897959184,ssb_hard,125,L14+D3L|Tq0.2|TANL
openood,ssb_hard_seed125,L14+D3L,Tnn,none,96.26454235827664,21.42244897959184,ssb_hard,125,L14+D3L|Tnn|none
openood,ssb_hard_seed125,L14+D3L,Tnn,TINS,96.41674004535147,20.36122448979592,ssb_hard,125,L14+D3L|Tnn|TINS
openood,ssb_hard_seed125,L14+D3L,Tnn,TANL,96.30226857142856,21.114285714285717,ssb_hard,125,L14+D3L|Tnn|TANL
openood,ssb_hard_seed125,L14+D3L,Tk20,none,95.82172997732428,23.755102040816325,ssb_hard,125,L14+D3L|Tk20|none
openood,ssb_hard_seed125,L14+D3L,Tk20,TINS,96.0468349659864,22.097959183673467,ssb_hard,125,L14+D3L|Tk20|TINS
openood,ssb_hard_seed125,L14+D3L,Tk20,TANL,95.87660845804989,23.079591836734696,ssb_hard,125,L14+D3L|Tk20|TANL
openood,ssb_hard_seed125,L14+D3L,Tlp20,none,95.50808780045352,25.47959183673469,ssb_hard,125,L14+D3L|Tlp20|none
openood,ssb_hard_seed125,L14+D3L,Tlp20,TINS,95.50492267573696,25.026530612244898,ssb_hard,125,L14+D3L|Tlp20|TINS
openood,ssb_hard_seed125,L14+D3L,Tlp20,TANL,95.46837707482992,25.120408163265303,ssb_hard,125,L14+D3L|Tlp20|TANL
openood,ssb_hard_seed125,L14+D3L,SL,none,94.07996925170067,27.42857142857143,ssb_hard,125,L14+D3L|SL|none
openood,ssb_hard_seed125,L14+D3L,SL,TINS,94.34091188208616,25.946938775510205,ssb_hard,125,L14+D3L|SL|TINS
openood,ssb_hard_seed125,L14+D3L,SL,TANL,94.217520861678,27.059183673469388,ssb_hard,125,L14+D3L|SL|TANL
openood,ssb_hard_seed125,L14+D3L,static,none,76.57661188208617,63.953061224489794,ssb_hard,125,L14+D3L|static|none
openood,ssb_hard_seed125,L14+D3L,static,TINS,82.11581591836735,54.3795918367347,ssb_hard,125,L14+D3L|static|TINS
openood,ssb_hard_seed125,L14+D3L,static,TANL,81.14717505668933,57.20816326530612,ssb_hard,125,L14+D3L|static|TANL
openood,ssb_hard_seed125,D3L,T,none,96.09437453514738,21.86530612244898,ssb_hard,125,D3L|T|none
openood,ssb_hard_seed125,D3L,T,TINS,96.13719428571429,21.21428571428571,ssb_hard,125,D3L|T|TINS
openood,ssb_hard_seed125,D3L,T,TANL,96.09466702947846,21.27959183673469,ssb_hard,125,D3L|T|TANL
openood,ssb_hard_seed125,D3L,Tlp,none,95.18749693877552,24.94081632653061,ssb_hard,125,D3L|Tlp|none
openood,ssb_hard_seed125,D3L,Tlp,TINS,94.66479804988664,28.98775510204082,ssb_hard,125,D3L|Tlp|TINS
openood,ssb_hard_seed125,D3L,Tlp,TANL,94.95080886621317,26.946938775510205,ssb_hard,125,D3L|Tlp|TANL
openood,ssb_hard_seed125,D3L,Tq0.05,none,95.7779613605442,22.6,ssb_hard,125,D3L|Tq0.05|none
openood,ssb_hard_seed125,D3L,Tq0.05,TINS,95.7753855782313,22.071428571428573,ssb_hard,125,D3L|Tq0.05|TINS
openood,ssb_hard_seed125,D3L,Tq0.05,TANL,95.74199430839003,22.6530612244898,ssb_hard,125,D3L|Tq0.05|TANL
openood,ssb_hard_seed125,D3L,Tq0.2,none,96.06568385487527,22.57755102040816,ssb_hard,125,D3L|Tq0.2|none
openood,ssb_hard_seed125,D3L,Tq0.2,TINS,96.207994739229,21.412244897959184,ssb_hard,125,D3L|Tq0.2|TINS
openood,ssb_hard_seed125,D3L,Tq0.2,TANL,96.12848596371884,21.85918367346939,ssb_hard,125,D3L|Tq0.2|TANL
openood,ssb_hard_seed125,D3L,Tnn,none,96.18557603174604,21.8734693877551,ssb_hard,125,D3L|Tnn|none
openood,ssb_hard_seed125,D3L,Tnn,TINS,96.27254961451249,20.60204081632653,ssb_hard,125,D3L|Tnn|TINS
openood,ssb_hard_seed125,D3L,Tnn,TANL,96.20287240362812,21.43265306122449,ssb_hard,125,D3L|Tnn|TANL
openood,ssb_hard_seed125,D3L,Tk20,none,95.76193315192744,24.042857142857144,ssb_hard,125,D3L|Tk20|none
openood,ssb_hard_seed125,D3L,Tk20,TINS,95.80507396825396,22.81020408163265,ssb_hard,125,D3L|Tk20|TINS
openood,ssb_hard_seed125,D3L,Tk20,TANL,95.7443216553288,23.09795918367347,ssb_hard,125,D3L|Tk20|TANL
openood,ssb_hard_seed125,D3L,Tlp20,none,95.14174242630384,26.76938775510204,ssb_hard,125,D3L|Tlp20|none
openood,ssb_hard_seed125,D3L,Tlp20,TINS,94.52985632653062,29.99183673469388,ssb_hard,125,D3L|Tlp20|TINS
openood,ssb_hard_seed125,D3L,Tlp20,TANL,94.82993517006804,28.36530612244898,ssb_hard,125,D3L|Tlp20|TANL
openood,ssb_hard_seed125,D3L,SL,none,93.71280965986394,28.687755102040818,ssb_hard,125,D3L|SL|none
openood,ssb_hard_seed125,D3L,SL,TINS,93.8920855782313,27.65714285714286,ssb_hard,125,D3L|SL|TINS
openood,ssb_hard_seed125,D3L,SL,TANL,93.88235009070294,28.06326530612245,ssb_hard,125,D3L|SL|TANL
openood,ssb_hard_seed125,D3L,static,none,75.0115787755102,70.60408163265306,ssb_hard,125,D3L|static|none
openood,ssb_hard_seed125,D3L,static,TINS,82.58231836734693,54.69795918367348,ssb_hard,125,D3L|static|TINS
openood,ssb_hard_seed125,D3L,static,TANL,82.02336321995466,56.2,ssb_hard,125,D3L|static|TANL
openood,ssb_hard_seed125,L14,T,none,95.57599272108844,24.43673469387755,ssb_hard,125,L14|T|none
openood,ssb_hard_seed125,L14,T,TINS,95.73958072562358,23.708163265306123,ssb_hard,125,L14|T|TINS
openood,ssb_hard_seed125,L14,T,TANL,95.65842396825396,24.26734693877551,ssb_hard,125,L14|T|TANL
openood,ssb_hard_seed125,L14,Tlp,none,94.97750437641724,25.871428571428574,ssb_hard,125,L14|Tlp|none
openood,ssb_hard_seed125,L14,Tlp,TINS,94.55088054421768,29.306122448979597,ssb_hard,125,L14|Tlp|TINS
openood,ssb_hard_seed125,L14,Tlp,TANL,94.8282061904762,26.88571428571429,ssb_hard,125,L14|Tlp|TANL
openood,ssb_hard_seed125,L14,Tq0.05,none,95.30366297052156,24.951020408163263,ssb_hard,125,L14|Tq0.05|none
openood,ssb_hard_seed125,L14,Tq0.05,TINS,95.3973462585034,23.914285714285715,ssb_hard,125,L14|Tq0.05|TINS
openood,ssb_hard_seed125,L14,Tq0.05,TANL,95.33499426303852,24.677551020408163,ssb_hard,125,L14|Tq0.05|TANL
openood,ssb_hard_seed125,L14,Tq0.2,none,95.45877224489796,25.76938775510204,ssb_hard,125,L14|Tq0.2|none
openood,ssb_hard_seed125,L14,Tq0.2,TINS,95.73773083900224,24.26326530612245,ssb_hard,125,L14|Tq0.2|TINS
openood,ssb_hard_seed125,L14,Tq0.2,TANL,95.62846428571429,24.981632653061222,ssb_hard,125,L14|Tq0.2|TANL
openood,ssb_hard_seed125,L14,Tnn,none,95.61969609977324,24.85918367346939,ssb_hard,125,L14|Tnn|none
openood,ssb_hard_seed125,L14,Tnn,TINS,95.85486167800454,23.53265306122449,ssb_hard,125,L14|Tnn|TINS
openood,ssb_hard_seed125,L14,Tnn,TANL,95.718159138322,24.22857142857143,ssb_hard,125,L14|Tnn|TANL
openood,ssb_hard_seed125,L14,Tk20,none,95.32247299319728,26.777551020408165,ssb_hard,125,L14|Tk20|none
openood,ssb_hard_seed125,L14,Tk20,TINS,95.51075673469389,24.79591836734694,ssb_hard,125,L14|Tk20|TINS
openood,ssb_hard_seed125,L14,Tk20,TANL,95.40882873015872,25.90816326530612,ssb_hard,125,L14|Tk20|TANL
openood,ssb_hard_seed125,L14,Tlp20,none,95.08510267573696,26.918367346938776,ssb_hard,125,L14|Tlp20|none
openood,ssb_hard_seed125,L14,Tlp20,TINS,94.5202427664399,30.2530612244898,ssb_hard,125,L14|Tlp20|TINS
openood,ssb_hard_seed125,L14,Tlp20,TANL,94.83925056689344,28.26530612244898,ssb_hard,125,L14|Tlp20|TANL
openood,ssb_hard_seed125,L14,SL,none,93.0450594331066,31.708163265306123,ssb_hard,125,L14|SL|none
openood,ssb_hard_seed125,L14,SL,TINS,93.3779533786848,29.53877551020408,ssb_hard,125,L14|SL|TINS
openood,ssb_hard_seed125,L14,SL,TANL,93.32021022675735,30.289795918367343,ssb_hard,125,L14|SL|TANL
openood,ssb_hard_seed125,L14,static,none,75.77040120181405,61.93877551020408,ssb_hard,125,L14|static|none
openood,ssb_hard_seed125,L14,static,TINS,82.99471281179139,50.68367346938776,ssb_hard,125,L14|static|TINS
openood,ssb_hard_seed125,L14,static,TANL,82.01844337868481,52.03673469387755,ssb_hard,125,L14|static|TANL
openood,ssb_hard_seed125,L14xD3L,T,none,96.0822857596372,21.60408163265306,ssb_hard,125,L14xD3L|T|none
openood,ssb_hard_seed125,L14xD3L,T,TINS,96.14762462585034,21.1530612244898,ssb_hard,125,L14xD3L|T|TINS
openood,ssb_hard_seed125,L14xD3L,T,TANL,96.1006205668934,21.16938775510204,ssb_hard,125,L14xD3L|T|TANL
openood,ssb_hard_seed125,L14xD3L,Tlp,none,95.3113314058957,23.90612244897959,ssb_hard,125,L14xD3L|Tlp|none
openood,ssb_hard_seed125,L14xD3L,Tlp,TINS,94.79031464852606,28.116326530612245,ssb_hard,125,L14xD3L|Tlp|TINS
openood,ssb_hard_seed125,L14xD3L,Tlp,TANL,95.08141551020408,25.473469387755102,ssb_hard,125,L14xD3L|Tlp|TANL
openood,ssb_hard_seed125,L14xD3L,Tq0.05,none,95.8301259637188,21.946938775510205,ssb_hard,125,L14xD3L|Tq0.05|none
openood,ssb_hard_seed125,L14xD3L,Tq0.05,TINS,95.83984730158733,21.618367346938776,ssb_hard,125,L14xD3L|Tq0.05|TINS
openood,ssb_hard_seed125,L14xD3L,Tq0.05,TANL,95.80148997732428,21.744897959183675,ssb_hard,125,L14xD3L|Tq0.05|TANL
openood,ssb_hard_seed125,L14xD3L,Tq0.2,none,95.91104900226756,22.62857142857143,ssb_hard,125,L14xD3L|Tq0.2|none
openood,ssb_hard_seed125,L14xD3L,Tq0.2,TINS,96.12683233560092,22.06938775510204,ssb_hard,125,L14xD3L|Tq0.2|TINS
openood,ssb_hard_seed125,L14xD3L,Tq0.2,TANL,96.0279238095238,22.51020408163265,ssb_hard,125,L14xD3L|Tq0.2|TANL
openood,ssb_hard_seed125,L14xD3L,Tnn,none,96.1588610430839,21.64897959183673,ssb_hard,125,L14xD3L|Tnn|none
openood,ssb_hard_seed125,L14xD3L,Tnn,TINS,96.30144526077098,20.842857142857145,ssb_hard,125,L14xD3L|Tnn|TINS
openood,ssb_hard_seed125,L14xD3L,Tnn,TANL,96.20623068027211,21.177551020408163,ssb_hard,125,L14xD3L|Tnn|TANL
openood,ssb_hard_seed125,L14xD3L,Tk20,none,95.87228049886622,23.43673469387755,ssb_hard,125,L14xD3L|Tk20|none
openood,ssb_hard_seed125,L14xD3L,Tk20,TINS,95.93857628117914,22.473469387755102,ssb_hard,125,L14xD3L|Tk20|TINS
openood,ssb_hard_seed125,L14xD3L,Tk20,TANL,95.87347528344672,22.820408163265306,ssb_hard,125,L14xD3L|Tk20|TANL
openood,ssb_hard_seed125,L14xD3L,Tlp20,none,95.42611526077098,24.963265306122448,ssb_hard,125,L14xD3L|Tlp20|none
openood,ssb_hard_seed125,L14xD3L,Tlp20,TINS,94.75694707482994,28.722448979591835,ssb_hard,125,L14xD3L|Tlp20|TINS
openood,ssb_hard_seed125,L14xD3L,Tlp20,TANL,95.08600476190476,26.91428571428571,ssb_hard,125,L14xD3L|Tlp20|TANL
openood,ssb_hard_seed125,D3B+D3L,T,none,95.94387469387756,22.951020408163263,ssb_hard,125,D3B+D3L|T|none
openood,ssb_hard_seed125,D3B+D3L,T,TINS,96.1234972335601,21.646938775510204,ssb_hard,125,D3B+D3L|T|TINS
openood,ssb_hard_seed125,D3B+D3L,T,TANL,95.98876321995463,22.410204081632653,ssb_hard,125,D3B+D3L|T|TANL
openood,ssb_hard_seed125,D3B+D3L,Tlp,none,95.14177383219952,25.834693877551015,ssb_hard,125,D3B+D3L|Tlp|none
openood,ssb_hard_seed125,D3B+D3L,Tlp,TINS,95.20077918367348,25.755102040816325,ssb_hard,125,D3B+D3L|Tlp|TINS
openood,ssb_hard_seed125,D3B+D3L,Tlp,TANL,95.15392306122448,25.789795918367343,ssb_hard,125,D3B+D3L|Tlp|TANL
openood,ssb_hard_seed125,D3B+D3L,Tq0.05,none,95.49103154195012,24.10612244897959,ssb_hard,125,D3B+D3L|Tq0.05|none
openood,ssb_hard_seed125,D3B+D3L,Tq0.05,TINS,95.65365351473925,22.757142857142856,ssb_hard,125,D3B+D3L|Tq0.05|TINS
openood,ssb_hard_seed125,D3B+D3L,Tq0.05,TANL,95.52022342403627,23.70204081632653,ssb_hard,125,D3B+D3L|Tq0.05|TANL
openood,ssb_hard_seed125,D3B+D3L,Tq0.2,none,96.0515980952381,23.242857142857144,ssb_hard,125,D3B+D3L|Tq0.2|none
openood,ssb_hard_seed125,D3B+D3L,Tq0.2,TINS,96.30717301587303,21.33061224489796,ssb_hard,125,D3B+D3L|Tq0.2|TINS
openood,ssb_hard_seed125,D3B+D3L,Tq0.2,TANL,96.13478523809523,22.34897959183673,ssb_hard,125,D3B+D3L|Tq0.2|TANL
openood,ssb_hard_seed125,D3B+D3L,Tnn,none,96.1428237414966,21.57551020408163,ssb_hard,125,D3B+D3L|Tnn|none
openood,ssb_hard_seed125,D3B+D3L,Tnn,TINS,96.26174480725622,20.49591836734694,ssb_hard,125,D3B+D3L|Tnn|TINS
openood,ssb_hard_seed125,D3B+D3L,Tnn,TANL,96.16624639455782,21.33061224489796,ssb_hard,125,D3B+D3L|Tnn|TANL
openood,ssb_hard_seed125,D3B+D3L,Tk20,none,95.31554954648529,26.710204081632654,ssb_hard,125,D3B+D3L|Tk20|none
openood,ssb_hard_seed125,D3B+D3L,Tk20,TINS,95.5511966893424,24.7734693877551,ssb_hard,125,D3B+D3L|Tk20|TINS
openood,ssb_hard_seed125,D3B+D3L,Tk20,TANL,95.37697517006804,25.857142857142858,ssb_hard,125,D3B+D3L|Tk20|TANL
openood,ssb_hard_seed125,D3B+D3L,Tlp20,none,94.82752922902496,29.181632653061225,ssb_hard,125,D3B+D3L|Tlp20|none
openood,ssb_hard_seed125,D3B+D3L,Tlp20,TINS,94.88569011337869,27.86530612244898,ssb_hard,125,D3B+D3L|Tlp20|TINS
openood,ssb_hard_seed125,D3B+D3L,Tlp20,TANL,94.82917512471654,28.506122448979596,ssb_hard,125,D3B+D3L|Tlp20|TANL
openood,ssb_hard_seed125,D3B+D3L,SL,none,93.74409077097506,28.463265306122448,ssb_hard,125,D3B+D3L|SL|none
openood,ssb_hard_seed125,D3B+D3L,SL,TINS,93.99318875283444,27.26734693877551,ssb_hard,125,D3B+D3L|SL|TINS
openood,ssb_hard_seed125,D3B+D3L,SL,TANL,93.89469070294784,27.977551020408164,ssb_hard,125,D3B+D3L|SL|TANL
openood,ssb_hard_seed125,D3B+D3L,static,none,73.05490176870748,74.73061224489796,ssb_hard,125,D3B+D3L|static|none
openood,ssb_hard_seed125,D3B+D3L,static,TINS,79.9517859410431,61.05102040816327,ssb_hard,125,D3B+D3L|static|TINS
openood,ssb_hard_seed125,D3B+D3L,static,TANL,79.07220637188209,65.57142857142857,ssb_hard,125,D3B+D3L|static|TANL
openood,ssb_hard_seed125,L14+D3B+D3L,T,none,96.10307108843536,22.057142857142857,ssb_hard,125,L14+D3B+D3L|T|none
openood,ssb_hard_seed125,L14+D3B+D3L,T,TINS,96.2831396371882,20.76530612244898,ssb_hard,125,L14+D3B+D3L|T|TINS
openood,ssb_hard_seed125,L14+D3B+D3L,T,TANL,96.14634852607708,21.653061224489797,ssb_hard,125,L14+D3B+D3L|T|TANL
openood,ssb_hard_seed125,L14+D3B+D3L,Tlp,none,95.50578163265304,24.06938775510204,ssb_hard,125,L14+D3B+D3L|Tlp|none
openood,ssb_hard_seed125,L14+D3B+D3L,Tlp,TINS,95.669298276644,23.56326530612245,ssb_hard,125,L14+D3B+D3L|Tlp|TINS
openood,ssb_hard_seed125,L14+D3B+D3L,Tlp,TANL,95.54594598639456,23.69795918367347,ssb_hard,125,L14+D3B+D3L|Tlp|TANL
openood,ssb_hard_seed125,L14+D3B+D3L,Tq0.05,none,95.73812671201811,23.03469387755102,ssb_hard,125,L14+D3B+D3L|Tq0.05|none
openood,ssb_hard_seed125,L14+D3B+D3L,Tq0.05,TINS,95.88693482993196,21.863265306122447,ssb_hard,125,L14+D3B+D3L|Tq0.05|TINS
openood,ssb_hard_seed125,L14+D3B+D3L,Tq0.05,TANL,95.76463571428572,22.559183673469388,ssb_hard,125,L14+D3B+D3L|Tq0.05|TANL
openood,ssb_hard_seed125,L14+D3B+D3L,Tq0.2,none,96.15182192743764,22.50408163265306,ssb_hard,125,L14+D3B+D3L|Tq0.2|none
openood,ssb_hard_seed125,L14+D3B+D3L,Tq0.2,TINS,96.4068523356009,20.73061224489796,ssb_hard,125,L14+D3B+D3L|Tq0.2|TINS
openood,ssb_hard_seed125,L14+D3B+D3L,Tq0.2,TANL,96.2292020861678,21.948979591836736,ssb_hard,125,L14+D3B+D3L|Tq0.2|TANL
openood,ssb_hard_seed125,L14+D3B+D3L,Tnn,none,96.27052777777776,21.255102040816325,ssb_hard,125,L14+D3B+D3L|Tnn|none
openood,ssb_hard_seed125,L14+D3B+D3L,Tnn,TINS,96.38533977324263,20.30204081632653,ssb_hard,125,L14+D3B+D3L|Tnn|TINS
openood,ssb_hard_seed125,L14+D3B+D3L,Tnn,TANL,96.29363269841272,20.918367346938776,ssb_hard,125,L14+D3B+D3L|Tnn|TANL
openood,ssb_hard_seed125,L14+D3B+D3L,Tk20,none,95.60434870748298,24.914285714285715,ssb_hard,125,L14+D3B+D3L|Tk20|none
openood,ssb_hard_seed125,L14+D3B+D3L,Tk20,TINS,95.81961428571428,23.33265306122449,ssb_hard,125,L14+D3B+D3L|Tk20|TINS
openood,ssb_hard_seed125,L14+D3B+D3L,Tk20,TANL,95.65557188208616,24.589795918367347,ssb_hard,125,L14+D3B+D3L|Tk20|TANL
openood,ssb_hard_seed125,L14+D3B+D3L,Tlp20,none,95.29655793650792,26.76530612244898,ssb_hard,125,L14+D3B+D3L|Tlp20|none
openood,ssb_hard_seed125,L14+D3B+D3L,Tlp20,TINS,95.45334018140588,25.28367346938776,ssb_hard,125,L14+D3B+D3L|Tlp20|TINS
openood,ssb_hard_seed125,L14+D3B+D3L,Tlp20,TANL,95.3230646712018,26.279591836734696,ssb_hard,125,L14+D3B+D3L|Tlp20|TANL
openood,ssb_hard_seed125,L14+D3B+D3L,SL,none,94.11979489795918,27.379591836734697,ssb_hard,125,L14+D3B+D3L|SL|none
openood,ssb_hard_seed125,L14+D3B+D3L,SL,TINS,94.33612566893424,25.86122448979592,ssb_hard,125,L14+D3B+D3L|SL|TINS
openood,ssb_hard_seed125,L14+D3B+D3L,SL,TANL,94.22344081632652,26.977551020408164,ssb_hard,125,L14+D3B+D3L|SL|TANL
openood,ssb_hard_seed125,L14+D3B+D3L,static,none,75.31146031746032,67.2673469387755,ssb_hard,125,L14+D3B+D3L|static|none
openood,ssb_hard_seed125,L14+D3B+D3L,static,TINS,80.31001804988662,59.2530612244898,ssb_hard,125,L14+D3B+D3L|static|TINS
openood,ssb_hard_seed125,L14+D3B+D3L,static,TANL,79.33082544217686,62.47755102040816,ssb_hard,125,L14+D3B+D3L|static|TANL
openood,ssb_hard_seed125,B14+L14+D3L,T,none,96.05070997732426,22.097959183673467,ssb_hard,125,B14+L14+D3L|T|none
openood,ssb_hard_seed125,B14+L14+D3L,T,TINS,96.25305034013606,20.873469387755105,ssb_hard,125,B14+L14+D3L|T|TINS
openood,ssb_hard_seed125,B14+L14+D3L,T,TANL,96.1028010430839,21.789795918367343,ssb_hard,125,B14+L14+D3L|T|TANL
openood,ssb_hard_seed125,B14+L14+D3L,Tlp,none,95.55528242630386,23.73673469387755,ssb_hard,125,B14+L14+D3L|Tlp|none
openood,ssb_hard_seed125,B14+L14+D3L,Tlp,TINS,95.73115628117914,22.889795918367348,ssb_hard,125,B14+L14+D3L|Tlp|TINS
openood,ssb_hard_seed125,B14+L14+D3L,Tlp,TANL,95.59618340136052,23.31836734693877,ssb_hard,125,B14+L14+D3L|Tlp|TANL
openood,ssb_hard_seed125,B14+L14+D3L,Tq0.05,none,95.72482673469388,22.89387755102041,ssb_hard,125,B14+L14+D3L|Tq0.05|none
openood,ssb_hard_seed125,B14+L14+D3L,Tq0.05,TINS,95.88667664399094,21.7734693877551,ssb_hard,125,B14+L14+D3L|Tq0.05|TINS
openood,ssb_hard_seed125,B14+L14+D3L,Tq0.05,TANL,95.75734301587302,22.422448979591834,ssb_hard,125,B14+L14+D3L|Tq0.05|TANL
openood,ssb_hard_seed125,B14+L14+D3L,Tq0.2,none,96.02547315192744,23.228571428571428,ssb_hard,125,B14+L14+D3L|Tq0.2|none
openood,ssb_hard_seed125,B14+L14+D3L,Tq0.2,TINS,96.3147688435374,21.46122448979592,ssb_hard,125,B14+L14+D3L|Tq0.2|TINS
openood,ssb_hard_seed125,B14+L14+D3L,Tq0.2,TANL,96.11722839002267,22.51428571428572,ssb_hard,125,B14+L14+D3L|Tq0.2|TANL
openood,ssb_hard_seed125,B14+L14+D3L,Tnn,none,96.20425707482993,21.512244897959185,ssb_hard,125,B14+L14+D3L|Tnn|none
openood,ssb_hard_seed125,B14+L14+D3L,Tnn,TINS,96.3362739229025,20.614285714285717,ssb_hard,125,B14+L14+D3L|Tnn|TINS
openood,ssb_hard_seed125,B14+L14+D3L,Tnn,TANL,96.23504893424035,21.17142857142857,ssb_hard,125,B14+L14+D3L|Tnn|TANL
openood,ssb_hard_seed125,B14+L14+D3L,Tk20,none,95.6365458956916,25.00612244897959,ssb_hard,125,B14+L14+D3L|Tk20|none
openood,ssb_hard_seed125,B14+L14+D3L,Tk20,TINS,95.86966825396826,23.01224489795918,ssb_hard,125,B14+L14+D3L|Tk20|TINS
openood,ssb_hard_seed125,B14+L14+D3L,Tk20,TANL,95.69497383219957,24.4530612244898,ssb_hard,125,B14+L14+D3L|Tk20|TANL
openood,ssb_hard_seed125,B14+L14+D3L,Tlp20,none,95.43718467120182,25.787755102040816,ssb_hard,125,B14+L14+D3L|Tlp20|none
openood,ssb_hard_seed125,B14+L14+D3L,Tlp20,TINS,95.59624027210884,24.548979591836734,ssb_hard,125,B14+L14+D3L|Tlp20|TINS
openood,ssb_hard_seed125,B14+L14+D3L,Tlp20,TANL,95.45896335600904,25.6,ssb_hard,125,B14+L14+D3L|Tlp20|TANL
openood,ssb_hard_seed125,B14+L14+D3L,SL,none,94.10292750566892,27.51224489795918,ssb_hard,125,B14+L14+D3L|SL|none
openood,ssb_hard_seed125,B14+L14+D3L,SL,TINS,94.3453852154195,26.10204081632653,ssb_hard,125,B14+L14+D3L|SL|TINS
openood,ssb_hard_seed125,B14+L14+D3L,SL,TANL,94.2140831292517,27.110204081632656,ssb_hard,125,B14+L14+D3L|SL|TANL
openood,ssb_hard_seed125,B14+L14+D3L,static,none,76.42966204081632,64.78571428571429,ssb_hard,125,B14+L14+D3L|static|none
openood,ssb_hard_seed125,B14+L14+D3L,static,TINS,81.08623596371882,57.19795918367348,ssb_hard,125,B14+L14+D3L|static|TINS
openood,ssb_hard_seed125,B14+L14+D3L,static,TANL,80.09535342403629,59.85714285714285,ssb_hard,125,B14+L14+D3L|static|TANL
openood,ssb_hard_seed125,B14+L14+D3B+D3L,T,none,96.01240839002269,22.406122448979595,ssb_hard,125,B14+L14+D3B+D3L|T|none
openood,ssb_hard_seed125,B14+L14+D3B+D3L,T,TINS,96.18562988662131,21.39387755102041,ssb_hard,125,B14+L14+D3B+D3L|T|TINS
openood,ssb_hard_seed125,B14+L14+D3B+D3L,T,TANL,96.05497174603175,22.089795918367347,ssb_hard,125,B14+L14+D3B+D3L|T|TANL
openood,ssb_hard_seed125,B14+L14+D3B+D3L,Tlp,none,95.49834353741498,24.273469387755103,ssb_hard,125,B14+L14+D3B+D3L|Tlp|none
openood,ssb_hard_seed125,B14+L14+D3B+D3L,Tlp,TINS,95.70562594104308,23.22448979591837,ssb_hard,125,B14+L14+D3B+D3L|Tlp|TINS
openood,ssb_hard_seed125,B14+L14+D3B+D3L,Tlp,TANL,95.55147034013606,23.787755102040816,ssb_hard,125,B14+L14+D3B+D3L|Tlp|TANL
openood,ssb_hard_seed125,B14+L14+D3B+D3L,Tq0.05,none,95.63451684807256,23.48367346938776,ssb_hard,125,B14+L14+D3B+D3L|Tq0.05|none
openood,ssb_hard_seed125,B14+L14+D3B+D3L,Tq0.05,TINS,95.78048716553286,22.289795918367343,ssb_hard,125,B14+L14+D3B+D3L|Tq0.05|TINS
openood,ssb_hard_seed125,B14+L14+D3B+D3L,Tq0.05,TANL,95.66307750566892,23.09183673469388,ssb_hard,125,B14+L14+D3B+D3L|Tq0.05|TANL
openood,ssb_hard_seed125,B14+L14+D3B+D3L,Tq0.2,none,96.05291687074828,22.977551020408164,ssb_hard,125,B14+L14+D3B+D3L|Tq0.2|none
openood,ssb_hard_seed125,B14+L14+D3B+D3L,Tq0.2,TINS,96.2942102947846,21.34897959183673,ssb_hard,125,B14+L14+D3B+D3L|Tq0.2|TINS
openood,ssb_hard_seed125,B14+L14+D3B+D3L,Tq0.2,TANL,96.12433931972788,22.620408163265303,ssb_hard,125,B14+L14+D3B+D3L|Tq0.2|TANL
openood,ssb_hard_seed125,B14+L14+D3B+D3L,Tnn,none,96.20735301587304,21.53469387755102,ssb_hard,125,B14+L14+D3B+D3L|Tnn|none
openood,ssb_hard_seed125,B14+L14+D3B+D3L,Tnn,TINS,96.31111224489796,20.781632653061223,ssb_hard,125,B14+L14+D3B+D3L|Tnn|TINS
openood,ssb_hard_seed125,B14+L14+D3B+D3L,Tnn,TANL,96.22916775510204,21.39795918367347,ssb_hard,125,B14+L14+D3B+D3L|Tnn|TANL
openood,ssb_hard_seed125,B14+L14+D3B+D3L,Tk20,none,95.49299442176871,25.795918367346932,ssb_hard,125,B14+L14+D3B+D3L|Tk20|none
openood,ssb_hard_seed125,B14+L14+D3B+D3L,Tk20,TINS,95.69872163265306,24.06122448979592,ssb_hard,125,B14+L14+D3B+D3L|Tk20|TINS
openood,ssb_hard_seed125,B14+L14+D3B+D3L,Tk20,TANL,95.54381972789116,25.36938775510204,ssb_hard,125,B14+L14+D3B+D3L|Tk20|TANL
openood,ssb_hard_seed125,B14+L14+D3B+D3L,Tlp20,none,95.28085056689342,26.877551020408163,ssb_hard,125,B14+L14+D3B+D3L|Tlp20|none
openood,ssb_hard_seed125,B14+L14+D3B+D3L,Tlp20,TINS,95.49130666666667,24.93061224489796,ssb_hard,125,B14+L14+D3B+D3L|Tlp20|TINS
openood,ssb_hard_seed125,B14+L14+D3B+D3L,Tlp20,TANL,95.32618070294784,26.12857142857143,ssb_hard,125,B14+L14+D3B+D3L|Tlp20|TANL
openood,ssb_hard_seed125,B14+L14+D3B+D3L,SL,none,94.12215809523808,27.34285714285714,ssb_hard,125,B14+L14+D3B+D3L|SL|none
openood,ssb_hard_seed125,B14+L14+D3B+D3L,SL,TINS,94.3226907936508,26.063265306122453,ssb_hard,125,B14+L14+D3B+D3L|SL|TINS
openood,ssb_hard_seed125,B14+L14+D3B+D3L,SL,TANL,94.21052099773242,27.06530612244898,ssb_hard,125,B14+L14+D3B+D3L|SL|TANL
openood,ssb_hard_seed125,B14+L14+D3B+D3L,static,none,75.478011723356,67.06530612244897,ssb_hard,125,B14+L14+D3B+D3L|static|none
openood,ssb_hard_seed125,B14+L14+D3B+D3L,static,TINS,79.6983497052154,60.83469387755102,ssb_hard,125,B14+L14+D3B+D3L|static|TINS
openood,ssb_hard_seed125,B14+L14+D3B+D3L,static,TANL,78.74318199546484,63.52244897959184,ssb_hard,125,B14+L14+D3B+D3L|static|TANL
openood,ssb_hard_seed125,B14+L14,T,none,95.64771562358276,24.26938775510204,ssb_hard,125,B14+L14|T|none
openood,ssb_hard_seed125,B14+L14,T,TINS,95.91273850340136,22.742857142857144,ssb_hard,125,B14+L14|T|TINS
openood,ssb_hard_seed125,B14+L14,T,TANL,95.732272585034,23.88571428571429,ssb_hard,125,B14+L14|T|TANL
openood,ssb_hard_seed125,B14+L14,Tlp,none,95.18840777777775,25.46530612244898,ssb_hard,125,B14+L14|Tlp|none
openood,ssb_hard_seed125,B14+L14,Tlp,TINS,95.2901027664399,24.96530612244898,ssb_hard,125,B14+L14|Tlp|TINS
openood,ssb_hard_seed125,B14+L14,Tlp,TANL,95.21981351473924,25.36938775510204,ssb_hard,125,B14+L14|Tlp|TANL
openood,ssb_hard_seed125,B14+L14,Tq0.05,none,95.31524848072564,25.06938775510204,ssb_hard,125,B14+L14|Tq0.05|none
openood,ssb_hard_seed125,B14+L14,Tq0.05,TINS,95.52552680272107,23.83265306122449,ssb_hard,125,B14+L14|Tq0.05|TINS
openood,ssb_hard_seed125,B14+L14,Tq0.05,TANL,95.36786666666669,24.6,ssb_hard,125,B14+L14|Tq0.05|TANL
openood,ssb_hard_seed125,B14+L14,Tq0.2,none,95.5851457596372,25.508163265306123,ssb_hard,125,B14+L14|Tq0.2|none
openood,ssb_hard_seed125,B14+L14,Tq0.2,TINS,95.95374240362813,23.416326530612245,ssb_hard,125,B14+L14|Tq0.2|TINS
openood,ssb_hard_seed125,B14+L14,Tq0.2,TANL,95.72715015873015,24.628571428571423,ssb_hard,125,B14+L14|Tq0.2|TANL
openood,ssb_hard_seed125,B14+L14,Tnn,none,95.80268149659864,23.638775510204084,ssb_hard,125,B14+L14|Tnn|none
openood,ssb_hard_seed125,B14+L14,Tnn,TINS,96.00139904761905,22.457142857142856,ssb_hard,125,B14+L14|Tnn|TINS
openood,ssb_hard_seed125,B14+L14,Tnn,TANL,95.86094217687076,23.369387755102043,ssb_hard,125,B14+L14|Tnn|TANL
openood,ssb_hard_seed125,B14+L14,Tk20,none,95.2585400680272,27.424489795918365,ssb_hard,125,B14+L14|Tk20|none
openood,ssb_hard_seed125,B14+L14,Tk20,TINS,95.56464176870747,24.857142857142858,ssb_hard,125,B14+L14|Tk20|TINS
openood,ssb_hard_seed125,B14+L14,Tk20,TANL,95.35434614512472,26.56122448979592,ssb_hard,125,B14+L14|Tk20|TANL
openood,ssb_hard_seed125,B14+L14,Tlp20,none,95.1384177324263,27.036734693877552,ssb_hard,125,B14+L14|Tlp20|none
openood,ssb_hard_seed125,B14+L14,Tlp20,TINS,95.20036476190474,26.316326530612244,ssb_hard,125,B14+L14|Tlp20|TINS
openood,ssb_hard_seed125,B14+L14,Tlp20,TANL,95.1352192517007,26.66734693877551,ssb_hard,125,B14+L14|Tlp20|TANL
openood,ssb_hard_seed125,B14+L14,SL,none,93.52782077097504,30.09387755102041,ssb_hard,125,B14+L14|SL|none
openood,ssb_hard_seed125,B14+L14,SL,TINS,93.8611598185941,28.087755102040816,ssb_hard,125,B14+L14|SL|TINS
openood,ssb_hard_seed125,B14+L14,SL,TANL,93.71072365079364,29.25510204081633,ssb_hard,125,B14+L14|SL|TANL
openood,ssb_hard_seed125,B14+L14,static,none,75.96754249433107,64.15102040816326,ssb_hard,125,B14+L14|static|none
openood,ssb_hard_seed125,B14+L14,static,TINS,81.7156812244898,54.19183673469388,ssb_hard,125,B14+L14|static|TINS
openood,ssb_hard_seed125,B14+L14,static,TANL,80.6473628117914,57.50612244897959,ssb_hard,125,B14+L14|static|TANL
openood,ssb_hard_seed126,L14xD3L+D3L,T,none,96.2204541723356,20.95714285714286,ssb_hard,126,L14xD3L+D3L|T|none
openood,ssb_hard_seed126,L14xD3L+D3L,T,TINS,96.43709428571428,19.457142857142856,ssb_hard,126,L14xD3L+D3L|T|TINS
openood,ssb_hard_seed126,L14xD3L+D3L,T,TANL,96.25065458049887,20.81020408163265,ssb_hard,126,L14xD3L+D3L|T|TANL
openood,ssb_hard_seed126,L14xD3L+D3L,Tlp,none,95.43641222222224,23.56938775510204,ssb_hard,126,L14xD3L+D3L|Tlp|none
openood,ssb_hard_seed126,L14xD3L+D3L,Tlp,TINS,95.560579138322,23.29795918367347,ssb_hard,126,L14xD3L+D3L|Tlp|TINS
openood,ssb_hard_seed126,L14xD3L+D3L,Tlp,TANL,95.43688997732428,23.9,ssb_hard,126,L14xD3L+D3L|Tlp|TANL
openood,ssb_hard_seed126,L14xD3L+D3L,Tq0.05,none,95.93825689342404,21.51836734693877,ssb_hard,126,L14xD3L+D3L|Tq0.05|none
openood,ssb_hard_seed126,L14xD3L+D3L,Tq0.05,TINS,96.10472049886624,20.355102040816327,ssb_hard,126,L14xD3L+D3L|Tq0.05|TINS
openood,ssb_hard_seed126,L14xD3L+D3L,Tq0.05,TANL,95.94736514739228,21.59387755102041,ssb_hard,126,L14xD3L+D3L|Tq0.05|TANL
openood,ssb_hard_seed126,L14xD3L+D3L,Tq0.2,none,96.12803342403627,22.165306122448985,ssb_hard,126,L14xD3L+D3L|Tq0.2|none
openood,ssb_hard_seed126,L14xD3L+D3L,Tq0.2,TINS,96.46001224489795,19.95918367346939,ssb_hard,126,L14xD3L+D3L|Tq0.2|TINS
openood,ssb_hard_seed126,L14xD3L+D3L,Tq0.2,TANL,96.20139018140593,21.628571428571423,ssb_hard,126,L14xD3L+D3L|Tq0.2|TANL
openood,ssb_hard_seed126,L14xD3L+D3L,Tnn,none,96.2868464399093,21.10612244897959,ssb_hard,126,L14xD3L+D3L|Tnn|none
openood,ssb_hard_seed126,L14xD3L+D3L,Tnn,TINS,96.45427936507936,19.99591836734694,ssb_hard,126,L14xD3L+D3L|Tnn|TINS
openood,ssb_hard_seed126,L14xD3L+D3L,Tnn,TANL,96.31423990929704,20.867346938775512,ssb_hard,126,L14xD3L+D3L|Tnn|TANL
openood,ssb_hard_seed126,L14xD3L+D3L,Tk20,none,95.93585596371884,22.80612244897959,ssb_hard,126,L14xD3L+D3L|Tk20|none
openood,ssb_hard_seed126,L14xD3L+D3L,Tk20,TINS,96.16691210884352,21.23877551020408,ssb_hard,126,L14xD3L+D3L|Tk20|TINS
openood,ssb_hard_seed126,L14xD3L+D3L,Tk20,TANL,95.9622583446712,22.377551020408163,ssb_hard,126,L14xD3L+D3L|Tk20|TANL
openood,ssb_hard_seed126,L14xD3L+D3L,Tlp20,none,95.4374166893424,25.47142857142857,ssb_hard,126,L14xD3L+D3L|Tlp20|none
openood,ssb_hard_seed126,L14xD3L+D3L,Tlp20,TINS,95.49632580498869,24.824489795918367,ssb_hard,126,L14xD3L+D3L|Tlp20|TINS
openood,ssb_hard_seed126,L14xD3L+D3L,Tlp20,TANL,95.39042866213153,25.571428571428573,ssb_hard,126,L14xD3L+D3L|Tlp20|TANL
openood,ssb_hard_seed126,L14+D3L,T,none,96.16439761904762,21.387755102040817,ssb_hard,126,L14+D3L|T|none
openood,ssb_hard_seed126,L14+D3L,T,TINS,96.38130308390022,19.93469387755102,ssb_hard,126,L14+D3L|T|TINS
openood,ssb_hard_seed126,L14+D3L,T,TANL,96.18755235827663,21.281632653061227,ssb_hard,126,L14+D3L|T|TANL
openood,ssb_hard_seed126,L14+D3L,Tlp,none,95.5675874829932,23.34897959183673,ssb_hard,126,L14+D3L|Tlp|none
openood,ssb_hard_seed126,L14+D3L,Tlp,TINS,95.63917709750568,23.244897959183675,ssb_hard,126,L14+D3L|Tlp|TINS
openood,ssb_hard_seed126,L14+D3L,Tlp,TANL,95.52951360544218,23.714285714285715,ssb_hard,126,L14+D3L|Tlp|TANL
openood,ssb_hard_seed126,L14+D3L,Tq0.05,none,95.87331126984128,22.0,ssb_hard,126,L14+D3L|Tq0.05|none
openood,ssb_hard_seed126,L14+D3L,Tq0.05,TINS,96.03929541950112,20.68367346938776,ssb_hard,126,L14+D3L|Tq0.05|TINS
openood,ssb_hard_seed126,L14+D3L,Tq0.05,TANL,95.87372321995464,21.7734693877551,ssb_hard,126,L14+D3L|Tq0.05|TANL
openood,ssb_hard_seed126,L14+D3L,Tq0.2,none,96.12402074829932,22.53673469387755,ssb_hard,126,L14+D3L|Tq0.2|none
openood,ssb_hard_seed126,L14+D3L,Tq0.2,TINS,96.44372530612245,20.26326530612245,ssb_hard,126,L14+D3L|Tq0.2|TINS
openood,ssb_hard_seed126,L14+D3L,Tq0.2,TANL,96.18297689342404,22.132653061224488,ssb_hard,126,L14+D3L|Tq0.2|TANL
openood,ssb_hard_seed126,L14+D3L,Tnn,none,96.26454058956917,21.42244897959184,ssb_hard,126,L14+D3L|Tnn|none
openood,ssb_hard_seed126,L14+D3L,Tnn,TINS,96.43006707482994,20.19183673469388,ssb_hard,126,L14+D3L|Tnn|TINS
openood,ssb_hard_seed126,L14+D3L,Tnn,TANL,96.2847880952381,21.240816326530613,ssb_hard,126,L14+D3L|Tnn|TANL
openood,ssb_hard_seed126,L14+D3L,Tk20,none,95.82172979591836,23.755102040816325,ssb_hard,126,L14+D3L|Tk20|none
openood,ssb_hard_seed126,L14+D3L,Tk20,TINS,96.06614530612244,21.846938775510203,ssb_hard,126,L14+D3L|Tk20|TINS
openood,ssb_hard_seed126,L14+D3L,Tk20,TANL,95.84937213151927,23.42244897959184,ssb_hard,126,L14+D3L|Tk20|TANL
openood,ssb_hard_seed126,L14+D3L,Tlp20,none,95.5080875510204,25.47959183673469,ssb_hard,126,L14+D3L|Tlp20|none
openood,ssb_hard_seed126,L14+D3L,Tlp20,TINS,95.53587383219954,24.52244897959184,ssb_hard,126,L14+D3L|Tlp20|TINS
openood,ssb_hard_seed126,L14+D3L,Tlp20,TANL,95.44186678004536,25.351020408163265,ssb_hard,126,L14+D3L|Tlp20|TANL
openood,ssb_hard_seed126,L14+D3L,SL,none,94.13162489795918,27.35918367346939,ssb_hard,126,L14+D3L|SL|none
openood,ssb_hard_seed126,L14+D3L,SL,TINS,94.41884657596373,25.716326530612243,ssb_hard,126,L14+D3L|SL|TINS
openood,ssb_hard_seed126,L14+D3L,SL,TANL,94.2218631746032,27.02040816326531,ssb_hard,126,L14+D3L|SL|TANL
openood,ssb_hard_seed126,L14+D3L,static,none,76.57661188208617,63.953061224489794,ssb_hard,126,L14+D3L|static|none
openood,ssb_hard_seed126,L14+D3L,static,TINS,82.30172385487529,54.22244897959184,ssb_hard,126,L14+D3L|static|TINS
openood,ssb_hard_seed126,L14+D3L,static,TANL,80.44304662131519,57.855102040816334,ssb_hard,126,L14+D3L|static|TANL
openood,ssb_hard_seed126,D3L,T,none,96.09439746031744,21.86530612244898,ssb_hard,126,D3L|T|none
openood,ssb_hard_seed126,D3L,T,TINS,96.16058149659862,20.65714285714286,ssb_hard,126,D3L|T|TINS
openood,ssb_hard_seed126,D3L,T,TANL,96.0411957596372,21.516326530612247,ssb_hard,126,D3L|T|TANL
openood,ssb_hard_seed126,D3L,Tlp,none,95.18749800453516,24.94081632653061,ssb_hard,126,D3L|Tlp|none
openood,ssb_hard_seed126,D3L,Tlp,TINS,94.69622843537414,28.744897959183675,ssb_hard,126,D3L|Tlp|TINS
openood,ssb_hard_seed126,D3L,Tlp,TANL,94.8981711111111,27.144897959183677,ssb_hard,126,D3L|Tlp|TANL
openood,ssb_hard_seed126,D3L,Tq0.05,none,95.77804975056688,22.59591836734694,ssb_hard,126,D3L|Tq0.05|none
openood,ssb_hard_seed126,D3L,Tq0.05,TINS,95.80085573696144,21.73061224489796,ssb_hard,126,D3L|Tq0.05|TINS
openood,ssb_hard_seed126,D3L,Tq0.05,TANL,95.69975487528345,22.912244897959184,ssb_hard,126,D3L|Tq0.05|TANL
openood,ssb_hard_seed126,D3L,Tq0.2,none,96.0656792063492,22.57755102040816,ssb_hard,126,D3L|Tq0.2|none
openood,ssb_hard_seed126,D3L,Tq0.2,TINS,96.231842585034,21.28775510204082,ssb_hard,126,D3L|Tq0.2|TINS
openood,ssb_hard_seed126,D3L,Tq0.2,TANL,96.0423859637188,22.33877551020408,ssb_hard,126,D3L|Tq0.2|TANL
openood,ssb_hard_seed126,D3L,Tnn,none,96.18558176870748,21.8734693877551,ssb_hard,126,D3L|Tnn|none
openood,ssb_hard_seed126,D3L,Tnn,TINS,96.29223346938775,20.624489795918368,ssb_hard,126,D3L|Tnn|TINS
openood,ssb_hard_seed126,D3L,Tnn,TANL,96.16685181405896,21.72448979591837,ssb_hard,126,D3L|Tnn|TANL
openood,ssb_hard_seed126,D3L,Tk20,none,95.76193269841268,24.042857142857144,ssb_hard,126,D3L|Tk20|none
openood,ssb_hard_seed126,D3L,Tk20,TINS,95.83734507936508,22.087755102040816,ssb_hard,126,D3L|Tk20|TINS
openood,ssb_hard_seed126,D3L,Tk20,TANL,95.70034165532878,23.377551020408163,ssb_hard,126,D3L|Tk20|TANL
openood,ssb_hard_seed126,D3L,Tlp20,none,95.14174229024944,26.76938775510204,ssb_hard,126,D3L|Tlp20|none
openood,ssb_hard_seed126,D3L,Tlp20,TINS,94.5677698866213,29.76122448979592,ssb_hard,126,D3L|Tlp20|TINS
openood,ssb_hard_seed126,D3L,Tlp20,TANL,94.80249321995466,28.64081632653061,ssb_hard,126,D3L|Tlp20|TANL
openood,ssb_hard_seed126,D3L,SL,none,93.77771900226756,28.40408163265306,ssb_hard,126,D3L|SL|none
openood,ssb_hard_seed126,D3L,SL,TINS,93.97086630385488,27.424489795918365,ssb_hard,126,D3L|SL|TINS
openood,ssb_hard_seed126,D3L,SL,TANL,93.85632770975056,28.306122448979597,ssb_hard,126,D3L|SL|TANL
openood,ssb_hard_seed126,D3L,static,none,75.0115787755102,70.60408163265306,ssb_hard,126,D3L|static|none
openood,ssb_hard_seed126,D3L,static,TINS,82.83270303854874,54.78979591836735,ssb_hard,126,D3L|static|TINS
openood,ssb_hard_seed126,D3L,static,TANL,80.47760532879819,60.18775510204082,ssb_hard,126,D3L|static|TANL
openood,ssb_hard_seed126,L14,T,none,95.57597476190476,24.43673469387755,ssb_hard,126,L14|T|none
openood,ssb_hard_seed126,L14,T,TINS,95.7702883446712,23.057142857142857,ssb_hard,126,L14|T|TINS
openood,ssb_hard_seed126,L14,T,TANL,95.55738439909298,24.73673469387755,ssb_hard,126,L14|T|TANL
openood,ssb_hard_seed126,L14,Tlp,none,94.9774775510204,25.875510204081632,ssb_hard,126,L14|Tlp|none
openood,ssb_hard_seed126,L14,Tlp,TINS,94.59673782312926,28.56326530612245,ssb_hard,126,L14|Tlp|TINS
openood,ssb_hard_seed126,L14,Tlp,TANL,94.72148464852609,27.49795918367347,ssb_hard,126,L14|Tlp|TANL
openood,ssb_hard_seed126,L14,Tq0.05,none,95.30355804988665,24.95714285714286,ssb_hard,126,L14|Tq0.05|none
openood,ssb_hard_seed126,L14,Tq0.05,TINS,95.42501768707484,23.60204081632653,ssb_hard,126,L14|Tq0.05|TINS
openood,ssb_hard_seed126,L14,Tq0.05,TANL,95.251930861678,25.39183673469388,ssb_hard,126,L14|Tq0.05|TANL
openood,ssb_hard_seed126,L14,Tq0.2,none,95.45870861678006,25.76734693877551,ssb_hard,126,L14|Tq0.2|none
openood,ssb_hard_seed126,L14,Tq0.2,TINS,95.7743250340136,23.73877551020408,ssb_hard,126,L14|Tq0.2|TINS
openood,ssb_hard_seed126,L14,Tq0.2,TANL,95.49574462585034,25.685714285714283,ssb_hard,126,L14|Tq0.2|TANL
openood,ssb_hard_seed126,L14,Tnn,none,95.61968551020408,24.86122448979592,ssb_hard,126,L14|Tnn|none
openood,ssb_hard_seed126,L14,Tnn,TINS,95.88099659863948,23.181632653061225,ssb_hard,126,L14|Tnn|TINS
openood,ssb_hard_seed126,L14,Tnn,TANL,95.65510941043084,24.73265306122449,ssb_hard,126,L14|Tnn|TANL
openood,ssb_hard_seed126,L14,Tk20,none,95.322473446712,26.777551020408165,ssb_hard,126,L14|Tk20|none
openood,ssb_hard_seed126,L14,Tk20,TINS,95.54432485260772,24.39591836734694,ssb_hard,126,L14|Tk20|TINS
openood,ssb_hard_seed126,L14,Tk20,TANL,95.31010934240363,26.60612244897959,ssb_hard,126,L14|Tk20|TANL
openood,ssb_hard_seed126,L14,Tlp20,none,95.08510374149662,26.918367346938776,ssb_hard,126,L14|Tlp20|none
openood,ssb_hard_seed126,L14,Tlp20,TINS,94.56608975056687,29.84081632653061,ssb_hard,126,L14|Tlp20|TINS
openood,ssb_hard_seed126,L14,Tlp20,TANL,94.7523081632653,28.857142857142858,ssb_hard,126,L14|Tlp20|TANL
openood,ssb_hard_seed126,L14,SL,none,93.07352061224488,31.65714285714285,ssb_hard,126,L14|SL|none
openood,ssb_hard_seed126,L14,SL,TINS,93.47774063492062,29.367346938775512,ssb_hard,126,L14|SL|TINS
openood,ssb_hard_seed126,L14,SL,TANL,93.19605886621316,31.151020408163262,ssb_hard,126,L14|SL|TANL
openood,ssb_hard_seed126,L14,static,none,75.77040120181405,61.93877551020408,ssb_hard,126,L14|static|none
openood,ssb_hard_seed126,L14,static,TINS,83.24806385487528,50.4061224489796,ssb_hard,126,L14|static|TINS
openood,ssb_hard_seed126,L14,static,TANL,80.63391938775509,52.59183673469388,ssb_hard,126,L14|static|TANL
openood,ssb_hard_seed126,L14xD3L,T,none,96.08228462585032,21.60204081632653,ssb_hard,126,L14xD3L|T|none
openood,ssb_hard_seed126,L14xD3L,T,TINS,96.17773501133786,20.73265306122449,ssb_hard,126,L14xD3L|T|TINS
openood,ssb_hard_seed126,L14xD3L,T,TANL,96.02108746031746,21.485714285714288,ssb_hard,126,L14xD3L|T|TANL
openood,ssb_hard_seed126,L14xD3L,Tlp,none,95.311368276644,23.90612244897959,ssb_hard,126,L14xD3L|Tlp|none
openood,ssb_hard_seed126,L14xD3L,Tlp,TINS,94.83028267573695,27.922448979591834,ssb_hard,126,L14xD3L|Tlp|TINS
openood,ssb_hard_seed126,L14xD3L,Tlp,TANL,95.0030986394558,26.232653061224493,ssb_hard,126,L14xD3L|Tlp|TANL
openood,ssb_hard_seed126,L14xD3L,Tq0.05,none,95.83014911564626,21.946938775510205,ssb_hard,126,L14xD3L|Tq0.05|none
openood,ssb_hard_seed126,L14xD3L,Tq0.05,TINS,95.86608870748296,21.324489795918367,ssb_hard,126,L14xD3L|Tq0.05|TINS
openood,ssb_hard_seed126,L14xD3L,Tq0.05,TANL,95.74169265306122,22.285714285714285,ssb_hard,126,L14xD3L|Tq0.05|TANL
openood,ssb_hard_seed126,L14xD3L,Tq0.2,none,95.91106739229024,22.62857142857143,ssb_hard,126,L14xD3L|Tq0.2|none
openood,ssb_hard_seed126,L14xD3L,Tq0.2,TINS,96.15902811791383,21.459183673469383,ssb_hard,126,L14xD3L|Tq0.2|TINS
openood,ssb_hard_seed126,L14xD3L,Tq0.2,TANL,95.9214461451247,23.05510204081633,ssb_hard,126,L14xD3L|Tq0.2|TANL
openood,ssb_hard_seed126,L14xD3L,Tnn,none,96.15885884353744,21.64897959183673,ssb_hard,126,L14xD3L|Tnn|none
openood,ssb_hard_seed126,L14xD3L,Tnn,TINS,96.32568263038549,20.56734693877551,ssb_hard,126,L14xD3L|Tnn|TINS
openood,ssb_hard_seed126,L14xD3L,Tnn,TANL,96.15890263038548,21.49591836734694,ssb_hard,126,L14xD3L|Tnn|TANL
openood,ssb_hard_seed126,L14xD3L,Tk20,none,95.872281723356,23.43673469387755,ssb_hard,126,L14xD3L|Tk20|none
openood,ssb_hard_seed126,L14xD3L,Tk20,TINS,95.97052385487528,21.96938775510204,ssb_hard,126,L14xD3L|Tk20|TINS
openood,ssb_hard_seed126,L14xD3L,Tk20,TANL,95.8003829478458,23.240816326530613,ssb_hard,126,L14xD3L|Tk20|TANL
openood,ssb_hard_seed126,L14xD3L,Tlp20,none,95.42611469387757,24.963265306122448,ssb_hard,126,L14xD3L|Tlp20|none
openood,ssb_hard_seed126,L14xD3L,Tlp20,TINS,94.79732308390024,28.608163265306125,ssb_hard,126,L14xD3L|Tlp20|TINS
openood,ssb_hard_seed126,L14xD3L,Tlp20,TANL,95.02476961451248,27.54285714285714,ssb_hard,126,L14xD3L|Tlp20|TANL
openood,ssb_hard_seed126,D3B+D3L,T,none,95.94386426303856,22.951020408163263,ssb_hard,126,D3B+D3L|T|none
openood,ssb_hard_seed126,D3B+D3L,T,TINS,96.13834657596372,21.40816326530612,ssb_hard,126,D3B+D3L|T|TINS
openood,ssb_hard_seed126,D3B+D3L,T,TANL,95.96781775510205,22.875510204081635,ssb_hard,126,D3B+D3L|T|TANL
openood,ssb_hard_seed126,D3B+D3L,Tlp,none,95.14178963718824,25.83673469387755,ssb_hard,126,D3B+D3L|Tlp|none
openood,ssb_hard_seed126,D3B+D3L,Tlp,TINS,95.22769192743765,25.51020408163265,ssb_hard,126,D3B+D3L|Tlp|TINS
openood,ssb_hard_seed126,D3B+D3L,Tlp,TANL,95.1295079818594,26.16530612244898,ssb_hard,126,D3B+D3L|Tlp|TANL
openood,ssb_hard_seed126,D3B+D3L,Tq0.05,none,95.49113861678003,24.10204081632653,ssb_hard,126,D3B+D3L|Tq0.05|none
openood,ssb_hard_seed126,D3B+D3L,Tq0.05,TINS,95.67238353741496,22.67142857142857,ssb_hard,126,D3B+D3L|Tq0.05|TINS
openood,ssb_hard_seed126,D3B+D3L,Tq0.05,TANL,95.5109168707483,23.879591836734694,ssb_hard,126,D3B+D3L|Tq0.05|TANL
openood,ssb_hard_seed126,D3B+D3L,Tq0.2,none,96.05160562358276,23.242857142857144,ssb_hard,126,D3B+D3L|Tq0.2|none
openood,ssb_hard_seed126,D3B+D3L,Tq0.2,TINS,96.3226302494331,21.03265306122449,ssb_hard,126,D3B+D3L|Tq0.2|TINS
openood,ssb_hard_seed126,D3B+D3L,Tq0.2,TANL,96.09545530612245,22.855102040816327,ssb_hard,126,D3B+D3L|Tq0.2|TANL
openood,ssb_hard_seed126,D3B+D3L,Tnn,none,96.14281541950112,21.57551020408163,ssb_hard,126,D3B+D3L|Tnn|none
openood,ssb_hard_seed126,D3B+D3L,Tnn,TINS,96.27422,20.35918367346939,ssb_hard,126,D3B+D3L|Tnn|TINS
openood,ssb_hard_seed126,D3B+D3L,Tnn,TANL,96.15433909297052,21.308163265306124,ssb_hard,126,D3B+D3L|Tnn|TANL
openood,ssb_hard_seed126,D3B+D3L,Tk20,none,95.31554977324264,26.710204081632654,ssb_hard,126,D3B+D3L|Tk20|none
openood,ssb_hard_seed126,D3B+D3L,Tk20,TINS,95.57210684807256,24.53061224489796,ssb_hard,126,D3B+D3L|Tk20|TINS
openood,ssb_hard_seed126,D3B+D3L,Tk20,TANL,95.36334022675736,26.173469387755095,ssb_hard,126,D3B+D3L|Tk20|TANL
openood,ssb_hard_seed126,D3B+D3L,Tlp20,none,94.82752945578233,29.181632653061225,ssb_hard,126,D3B+D3L|Tlp20|none
openood,ssb_hard_seed126,D3B+D3L,Tlp20,TINS,94.91736707482993,27.69183673469388,ssb_hard,126,D3B+D3L|Tlp20|TINS
openood,ssb_hard_seed126,D3B+D3L,Tlp20,TANL,94.81375192743764,29.246938775510205,ssb_hard,126,D3B+D3L|Tlp20|TANL
openood,ssb_hard_seed126,D3B+D3L,SL,none,93.80412591836736,28.344897959183672,ssb_hard,126,D3B+D3L|SL|none
openood,ssb_hard_seed126,D3B+D3L,SL,TINS,94.072299138322,27.22448979591837,ssb_hard,126,D3B+D3L|SL|TINS
openood,ssb_hard_seed126,D3B+D3L,SL,TANL,93.92352854875284,28.06530612244898,ssb_hard,126,D3B+D3L|SL|TANL
openood,ssb_hard_seed126,D3B+D3L,static,none,73.05490176870748,74.73061224489796,ssb_hard,126,D3B+D3L|static|none
openood,ssb_hard_seed126,D3B+D3L,static,TINS,80.16046131519273,60.96734693877551,ssb_hard,126,D3B+D3L|static|TINS
openood,ssb_hard_seed126,D3B+D3L,static,TANL,78.07798970521543,68.14081632653061,ssb_hard,126,D3B+D3L|static|TANL
openood,ssb_hard_seed126,L14+D3B+D3L,T,none,96.10307340136052,22.057142857142857,ssb_hard,126,L14+D3B+D3L|T|none
openood,ssb_hard_seed126,L14+D3B+D3L,T,TINS,96.2947102947846,20.50408163265306,ssb_hard,126,L14+D3B+D3L|T|TINS
openood,ssb_hard_seed126,L14+D3B+D3L,T,TANL,96.13122108843535,21.74285714285714,ssb_hard,126,L14+D3B+D3L|T|TANL
openood,ssb_hard_seed126,L14+D3B+D3L,Tlp,none,95.50578428571428,24.06938775510204,ssb_hard,126,L14+D3B+D3L|Tlp|none
openood,ssb_hard_seed126,L14+D3B+D3L,Tlp,TINS,95.69154684807256,23.026530612244898,ssb_hard,126,L14+D3B+D3L|Tlp|TINS
openood,ssb_hard_seed126,L14+D3B+D3L,Tlp,TANL,95.52987646258502,23.83265306122449,ssb_hard,126,L14+D3B+D3L|Tlp|TANL
openood,ssb_hard_seed126,L14+D3B+D3L,Tq0.05,none,95.73815548752836,23.03265306122449,ssb_hard,126,L14+D3B+D3L|Tq0.05|none
openood,ssb_hard_seed126,L14+D3B+D3L,Tq0.05,TINS,95.89971319727891,21.777551020408165,ssb_hard,126,L14+D3B+D3L|Tq0.05|TINS
openood,ssb_hard_seed126,L14+D3B+D3L,Tq0.05,TANL,95.7546701360544,22.63061224489796,ssb_hard,126,L14+D3B+D3L|Tq0.05|TANL
openood,ssb_hard_seed126,L14+D3B+D3L,Tq0.2,none,96.15181854875284,22.483673469387757,ssb_hard,126,L14+D3B+D3L|Tq0.2|none
openood,ssb_hard_seed126,L14+D3B+D3L,Tq0.2,TINS,96.419763446712,20.608163265306125,ssb_hard,126,L14+D3B+D3L|Tq0.2|TINS
openood,ssb_hard_seed126,L14+D3B+D3L,Tq0.2,TANL,96.20330843537415,22.273469387755103,ssb_hard,126,L14+D3B+D3L|Tq0.2|TANL
openood,ssb_hard_seed126,L14+D3B+D3L,Tnn,none,96.27052124716552,21.255102040816325,ssb_hard,126,L14+D3B+D3L|Tnn|none
openood,ssb_hard_seed126,L14+D3B+D3L,Tnn,TINS,96.39465786848072,20.17959183673469,ssb_hard,126,L14+D3B+D3L|Tnn|TINS
openood,ssb_hard_seed126,L14+D3B+D3L,Tnn,TANL,96.28527868480724,20.94081632653061,ssb_hard,126,L14+D3B+D3L|Tnn|TANL
openood,ssb_hard_seed126,L14+D3B+D3L,Tk20,none,95.60434897959183,24.914285714285715,ssb_hard,126,L14+D3B+D3L|Tk20|none
openood,ssb_hard_seed126,L14+D3B+D3L,Tk20,TINS,95.83425786848072,23.12244897959184,ssb_hard,126,L14+D3B+D3L|Tk20|TINS
openood,ssb_hard_seed126,L14+D3B+D3L,Tk20,TANL,95.64371047619048,24.651020408163262,ssb_hard,126,L14+D3B+D3L|Tk20|TANL
openood,ssb_hard_seed126,L14+D3B+D3L,Tlp20,none,95.29655839002268,26.76530612244898,ssb_hard,126,L14+D3B+D3L|Tlp20|none
openood,ssb_hard_seed126,L14+D3B+D3L,Tlp20,TINS,95.47858607709752,24.963265306122448,ssb_hard,126,L14+D3B+D3L|Tlp20|TINS
openood,ssb_hard_seed126,L14+D3B+D3L,Tlp20,TANL,95.31131614512472,26.232653061224493,ssb_hard,126,L14+D3B+D3L|Tlp20|TANL
openood,ssb_hard_seed126,L14+D3B+D3L,SL,none,94.16676911564625,27.18979591836735,ssb_hard,126,L14+D3B+D3L|SL|none
openood,ssb_hard_seed126,L14+D3B+D3L,SL,TINS,94.40477365079364,25.89387755102041,ssb_hard,126,L14+D3B+D3L|SL|TINS
openood,ssb_hard_seed126,L14+D3B+D3L,SL,TANL,94.24978820861678,26.755102040816325,ssb_hard,126,L14+D3B+D3L|SL|TANL
openood,ssb_hard_seed126,L14+D3B+D3L,static,none,75.31146031746032,67.2673469387755,ssb_hard,126,L14+D3B+D3L|static|none
openood,ssb_hard_seed126,L14+D3B+D3L,static,TINS,80.46705052154194,59.14081632653061,ssb_hard,126,L14+D3B+D3L|static|TINS
openood,ssb_hard_seed126,L14+D3B+D3L,static,TANL,78.84221612244897,63.432653061224485,ssb_hard,126,L14+D3B+D3L|static|TANL
openood,ssb_hard_seed126,B14+L14+D3L,T,none,96.0506745351474,22.097959183673467,ssb_hard,126,B14+L14+D3L|T|none
openood,ssb_hard_seed126,B14+L14+D3L,T,TINS,96.26557528344672,20.687755102040818,ssb_hard,126,B14+L14+D3L|T|TINS
openood,ssb_hard_seed126,B14+L14+D3L,T,TANL,96.08314569160996,22.006122448979596,ssb_hard,126,B14+L14+D3L|T|TANL
openood,ssb_hard_seed126,B14+L14+D3L,Tlp,none,95.55528931972788,23.73673469387755,ssb_hard,126,B14+L14+D3L|Tlp|none
openood,ssb_hard_seed126,B14+L14+D3L,Tlp,TINS,95.75446653061223,22.716326530612243,ssb_hard,126,B14+L14+D3L|Tlp|TINS
openood,ssb_hard_seed126,B14+L14+D3L,Tlp,TANL,95.57548124716553,23.63061224489796,ssb_hard,126,B14+L14+D3L|Tlp|TANL
openood,ssb_hard_seed126,B14+L14+D3L,Tq0.05,none,95.72482371882086,22.89387755102041,ssb_hard,126,B14+L14+D3L|Tq0.05|none
openood,ssb_hard_seed126,B14+L14+D3L,Tq0.05,TINS,95.89925269841268,21.759183673469387,ssb_hard,126,B14+L14+D3L|Tq0.05|TINS
openood,ssb_hard_seed126,B14+L14+D3L,Tq0.05,TANL,95.7403716553288,22.84285714285714,ssb_hard,126,B14+L14+D3L|Tq0.05|TANL
openood,ssb_hard_seed126,B14+L14+D3L,Tq0.2,none,96.02544335600906,23.226530612244897,ssb_hard,126,B14+L14+D3L|Tq0.2|none
openood,ssb_hard_seed126,B14+L14+D3L,Tq0.2,TINS,96.32966598639456,21.13265306122449,ssb_hard,126,B14+L14+D3L|Tq0.2|TINS
openood,ssb_hard_seed126,B14+L14+D3L,Tq0.2,TANL,96.0878998185941,22.820408163265306,ssb_hard,126,B14+L14+D3L|Tq0.2|TANL
openood,ssb_hard_seed126,B14+L14+D3L,Tnn,none,96.2041741043084,21.516326530612247,ssb_hard,126,B14+L14+D3L|Tnn|none
openood,ssb_hard_seed126,B14+L14+D3L,Tnn,TINS,96.34640839002267,20.542857142857144,ssb_hard,126,B14+L14+D3L|Tnn|TINS
openood,ssb_hard_seed126,B14+L14+D3L,Tnn,TANL,96.22366131519274,21.389795918367348,ssb_hard,126,B14+L14+D3L|Tnn|TANL
openood,ssb_hard_seed126,B14+L14+D3L,Tk20,none,95.63654145124715,25.01020408163265,ssb_hard,126,B14+L14+D3L|Tk20|none
openood,ssb_hard_seed126,B14+L14+D3L,Tk20,TINS,95.8839393197279,22.88571428571429,ssb_hard,126,B14+L14+D3L|Tk20|TINS
openood,ssb_hard_seed126,B14+L14+D3L,Tk20,TANL,95.67707464852607,24.644897959183677,ssb_hard,126,B14+L14+D3L|Tk20|TANL
openood,ssb_hard_seed126,B14+L14+D3L,Tlp20,none,95.43717650793651,25.787755102040816,ssb_hard,126,B14+L14+D3L|Tlp20|none
openood,ssb_hard_seed126,B14+L14+D3L,Tlp20,TINS,95.62182,24.285714285714285,ssb_hard,126,B14+L14+D3L|Tlp20|TINS
openood,ssb_hard_seed126,B14+L14+D3L,Tlp20,TANL,95.44311011337868,25.73061224489796,ssb_hard,126,B14+L14+D3L|Tlp20|TANL
openood,ssb_hard_seed126,B14+L14+D3L,SL,none,94.1535319047619,27.38163265306122,ssb_hard,126,B14+L14+D3L|SL|none
openood,ssb_hard_seed126,B14+L14+D3L,SL,TINS,94.41533310657596,25.99591836734694,ssb_hard,126,B14+L14+D3L|SL|TINS
openood,ssb_hard_seed126,B14+L14+D3L,SL,TANL,94.2386968253968,27.208163265306123,ssb_hard,126,B14+L14+D3L|SL|TANL
openood,ssb_hard_seed126,B14+L14+D3L,static,none,76.42966204081632,64.78571428571429,ssb_hard,126,B14+L14+D3L|static|none
openood,ssb_hard_seed126,B14+L14+D3L,static,TINS,81.23656675736962,57.08571428571428,ssb_hard,126,B14+L14+D3L|static|TINS
openood,ssb_hard_seed126,B14+L14+D3L,static,TANL,79.63433854875284,60.4265306122449,ssb_hard,126,B14+L14+D3L|static|TANL
openood,ssb_hard_seed126,B14+L14+D3B+D3L,T,none,96.0123711564626,22.40408163265306,ssb_hard,126,B14+L14+D3B+D3L|T|none
openood,ssb_hard_seed126,B14+L14+D3B+D3L,T,TINS,96.19469179138322,21.13265306122449,ssb_hard,126,B14+L14+D3B+D3L|T|TINS
openood,ssb_hard_seed126,B14+L14+D3B+D3L,T,TANL,96.04278789115646,22.39591836734694,ssb_hard,126,B14+L14+D3B+D3L|T|TANL
openood,ssb_hard_seed126,B14+L14+D3B+D3L,Tlp,none,95.4983480952381,24.27142857142857,ssb_hard,126,B14+L14+D3B+D3L|Tlp|none
openood,ssb_hard_seed126,B14+L14+D3B+D3L,Tlp,TINS,95.72432943310658,22.82857142857143,ssb_hard,126,B14+L14+D3B+D3L|Tlp|TINS
openood,ssb_hard_seed126,B14+L14+D3B+D3L,Tlp,TANL,95.54086657596372,23.812244897959182,ssb_hard,126,B14+L14+D3B+D3L|Tlp|TANL
openood,ssb_hard_seed126,B14+L14+D3B+D3L,Tq0.05,none,95.6345293877551,23.46938775510204,ssb_hard,126,B14+L14+D3B+D3L|Tq0.05|none
openood,ssb_hard_seed126,B14+L14+D3B+D3L,Tq0.05,TINS,95.79073260770976,22.19591836734694,ssb_hard,126,B14+L14+D3B+D3L|Tq0.05|TINS
openood,ssb_hard_seed126,B14+L14+D3B+D3L,Tq0.05,TANL,95.65476594104308,23.27551020408163,ssb_hard,126,B14+L14+D3B+D3L|Tq0.05|TANL
openood,ssb_hard_seed126,B14+L14+D3B+D3L,Tq0.2,none,96.05293133786846,22.977551020408164,ssb_hard,126,B14+L14+D3B+D3L|Tq0.2|none
openood,ssb_hard_seed126,B14+L14+D3B+D3L,Tq0.2,TINS,96.30492943310658,21.17142857142857,ssb_hard,126,B14+L14+D3B+D3L|Tq0.2|TINS
openood,ssb_hard_seed126,B14+L14+D3B+D3L,Tq0.2,TANL,96.10502761904762,22.838775510204083,ssb_hard,126,B14+L14+D3B+D3L|Tq0.2|TANL
openood,ssb_hard_seed126,B14+L14+D3B+D3L,Tnn,none,96.20727936507936,21.53877551020408,ssb_hard,126,B14+L14+D3B+D3L|Tnn|none
openood,ssb_hard_seed126,B14+L14+D3B+D3L,Tnn,TINS,96.31870408163265,20.82244897959184,ssb_hard,126,B14+L14+D3B+D3L|Tnn|TINS
openood,ssb_hard_seed126,B14+L14+D3B+D3L,Tnn,TANL,96.22264947845804,21.43877551020408,ssb_hard,126,B14+L14+D3B+D3L|Tnn|TANL
openood,ssb_hard_seed126,B14+L14+D3B+D3L,Tk20,none,95.49299206349208,25.795918367346932,ssb_hard,126,B14+L14+D3B+D3L|Tk20|none
openood,ssb_hard_seed126,B14+L14+D3B+D3L,Tk20,TINS,95.70994671201814,23.90612244897959,ssb_hard,126,B14+L14+D3B+D3L|Tk20|TINS
openood,ssb_hard_seed126,B14+L14+D3B+D3L,Tk20,TANL,95.5341328798186,25.34081632653061,ssb_hard,126,B14+L14+D3B+D3L|Tk20|TANL
openood,ssb_hard_seed126,B14+L14+D3B+D3L,Tlp20,none,95.28084494331064,26.875510204081632,ssb_hard,126,B14+L14+D3B+D3L|Tlp20|none
openood,ssb_hard_seed126,B14+L14+D3B+D3L,Tlp20,TINS,95.51208943310657,24.781632653061227,ssb_hard,126,B14+L14+D3B+D3L|Tlp20|TINS
openood,ssb_hard_seed126,B14+L14+D3B+D3L,Tlp20,TANL,95.31824814058956,26.548979591836737,ssb_hard,126,B14+L14+D3B+D3L|Tlp20|TANL
openood,ssb_hard_seed126,B14+L14+D3B+D3L,SL,none,94.17267256235829,27.22448979591837,ssb_hard,126,B14+L14+D3B+D3L|SL|none
openood,ssb_hard_seed126,B14+L14+D3B+D3L,SL,TINS,94.38953133786848,26.35102040816327,ssb_hard,126,B14+L14+D3B+D3L|SL|TINS
openood,ssb_hard_seed126,B14+L14+D3B+D3L,SL,TANL,94.24760820861675,26.9734693877551,ssb_hard,126,B14+L14+D3B+D3L|SL|TANL
openood,ssb_hard_seed126,B14+L14+D3B+D3L,static,none,75.478011723356,67.06530612244897,ssb_hard,126,B14+L14+D3B+D3L|static|none
openood,ssb_hard_seed126,B14+L14+D3B+D3L,static,TINS,79.82703464852608,60.69183673469388,ssb_hard,126,B14+L14+D3B+D3L|static|TINS
openood,ssb_hard_seed126,B14+L14+D3B+D3L,static,TANL,78.39489056689342,64.27755102040817,ssb_hard,126,B14+L14+D3B+D3L|static|TANL
openood,ssb_hard_seed126,B14+L14,T,none,95.64763229024943,24.26938775510204,ssb_hard,126,B14+L14|T|none
openood,ssb_hard_seed126,B14+L14,T,TINS,95.93160421768708,22.49591836734694,ssb_hard,126,B14+L14|T|TINS
openood,ssb_hard_seed126,B14+L14,T,TANL,95.68992850340138,24.551020408163264,ssb_hard,126,B14+L14|T|TANL
openood,ssb_hard_seed126,B14+L14,Tlp,none,95.18840369614512,25.46734693877551,ssb_hard,126,B14+L14|Tlp|none
openood,ssb_hard_seed126,B14+L14,Tlp,TINS,95.32533247165532,24.793877551020408,ssb_hard,126,B14+L14|Tlp|TINS
openood,ssb_hard_seed126,B14+L14,Tlp,TANL,95.17385530612243,25.732653061224493,ssb_hard,126,B14+L14|Tlp|TANL
openood,ssb_hard_seed126,B14+L14,Tq0.05,none,95.31516752834467,25.06938775510204,ssb_hard,126,B14+L14|Tq0.05|none
openood,ssb_hard_seed126,B14+L14,Tq0.05,TINS,95.54418684807256,23.740816326530613,ssb_hard,126,B14+L14|Tq0.05|TINS
openood,ssb_hard_seed126,B14+L14,Tq0.05,TANL,95.33500746031746,25.208163265306123,ssb_hard,126,B14+L14|Tq0.05|TANL
openood,ssb_hard_seed126,B14+L14,Tq0.2,none,95.5851031292517,25.50612244897959,ssb_hard,126,B14+L14|Tq0.2|none
openood,ssb_hard_seed126,B14+L14,Tq0.2,TINS,95.97797229024944,22.90408163265306,ssb_hard,126,B14+L14|Tq0.2|TINS
openood,ssb_hard_seed126,B14+L14,Tq0.2,TANL,95.66812405895692,25.36122448979592,ssb_hard,126,B14+L14|Tq0.2|TANL
openood,ssb_hard_seed126,B14+L14,Tnn,none,95.80253167800454,23.63469387755102,ssb_hard,126,B14+L14|Tnn|none
openood,ssb_hard_seed126,B14+L14,Tnn,TINS,96.0169742403628,22.16734693877551,ssb_hard,126,B14+L14|Tnn|TINS
openood,ssb_hard_seed126,B14+L14,Tnn,TANL,95.8355533106576,23.69183673469388,ssb_hard,126,B14+L14|Tnn|TANL
openood,ssb_hard_seed126,B14+L14,Tk20,none,95.258530861678,27.424489795918365,ssb_hard,126,B14+L14|Tk20|none
openood,ssb_hard_seed126,B14+L14,Tk20,TINS,95.58579782312924,24.53265306122449,ssb_hard,126,B14+L14|Tk20|TINS
openood,ssb_hard_seed126,B14+L14,Tk20,TANL,95.31277659863946,27.07755102040817,ssb_hard,126,B14+L14|Tk20|TANL
openood,ssb_hard_seed126,B14+L14,Tlp20,none,95.13840408163266,27.036734693877552,ssb_hard,126,B14+L14|Tlp20|none
openood,ssb_hard_seed126,B14+L14,Tlp20,TINS,95.23518743764171,26.038775510204083,ssb_hard,126,B14+L14|Tlp20|TINS
openood,ssb_hard_seed126,B14+L14,Tlp20,TANL,95.09688367346938,27.071428571428573,ssb_hard,126,B14+L14|Tlp20|TANL
openood,ssb_hard_seed126,B14+L14,SL,none,93.56984773242633,29.981632653061222,ssb_hard,126,B14+L14|SL|none
openood,ssb_hard_seed126,B14+L14,SL,TINS,93.9401906122449,27.8265306122449,ssb_hard,126,B14+L14|SL|TINS
openood,ssb_hard_seed126,B14+L14,SL,TANL,93.6970816553288,29.446938775510205,ssb_hard,126,B14+L14|SL|TANL
openood,ssb_hard_seed126,B14+L14,static,none,75.96754249433107,64.15102040816326,ssb_hard,126,B14+L14|static|none
openood,ssb_hard_seed126,B14+L14,static,TINS,81.91257977324263,54.0530612244898,ssb_hard,126,B14+L14|static|TINS
openood,ssb_hard_seed126,B14+L14,static,TANL,79.93435662131519,58.26122448979592,ssb_hard,126,B14+L14|static|TANL
openood,ssb_hard_seed127,L14xD3L+D3L,T,none,96.22043024943312,20.959183673469383,ssb_hard,127,L14xD3L+D3L|T|none
openood,ssb_hard_seed127,L14xD3L+D3L,T,TINS,96.43309814058958,19.77142857142857,ssb_hard,127,L14xD3L+D3L|T|TINS
openood,ssb_hard_seed127,L14xD3L+D3L,T,TANL,96.27802843537414,20.39387755102041,ssb_hard,127,L14xD3L+D3L|T|TANL
openood,ssb_hard_seed127,L14xD3L+D3L,Tlp,none,95.43638560090704,23.56938775510204,ssb_hard,127,L14xD3L+D3L|Tlp|none
openood,ssb_hard_seed127,L14xD3L+D3L,Tlp,TINS,95.57348145124716,23.442857142857143,ssb_hard,127,L14xD3L+D3L|Tlp|TINS
openood,ssb_hard_seed127,L14xD3L+D3L,Tlp,TANL,95.46763827664398,23.616326530612245,ssb_hard,127,L14xD3L+D3L|Tlp|TANL
openood,ssb_hard_seed127,L14xD3L+D3L,Tq0.05,none,95.93828965986394,21.51836734693877,ssb_hard,127,L14xD3L+D3L|Tq0.05|none
openood,ssb_hard_seed127,L14xD3L+D3L,Tq0.05,TINS,96.10370031746032,20.542857142857144,ssb_hard,127,L14xD3L+D3L|Tq0.05|TINS
openood,ssb_hard_seed127,L14xD3L+D3L,Tq0.05,TANL,95.96833285714288,21.31836734693878,ssb_hard,127,L14xD3L+D3L|Tq0.05|TANL
openood,ssb_hard_seed127,L14xD3L+D3L,Tq0.2,none,96.12803873015874,22.16122448979592,ssb_hard,127,L14xD3L+D3L|Tq0.2|none
openood,ssb_hard_seed127,L14xD3L+D3L,Tq0.2,TINS,96.4539431292517,20.15918367346939,ssb_hard,127,L14xD3L+D3L|Tq0.2|TINS
openood,ssb_hard_seed127,L14xD3L+D3L,Tq0.2,TANL,96.23880024943313,21.255102040816325,ssb_hard,127,L14xD3L+D3L|Tq0.2|TANL
openood,ssb_hard_seed127,L14xD3L+D3L,Tnn,none,96.28682879818594,21.10612244897959,ssb_hard,127,L14xD3L+D3L|Tnn|none
openood,ssb_hard_seed127,L14xD3L+D3L,Tnn,TINS,96.44967079365078,20.00612244897959,ssb_hard,127,L14xD3L+D3L|Tnn|TINS
openood,ssb_hard_seed127,L14xD3L+D3L,Tnn,TANL,96.32756739229023,20.69183673469388,ssb_hard,127,L14xD3L+D3L|Tnn|TANL
openood,ssb_hard_seed127,L14xD3L+D3L,Tk20,none,95.93585532879818,22.80612244897959,ssb_hard,127,L14xD3L+D3L|Tk20|none
openood,ssb_hard_seed127,L14xD3L+D3L,Tk20,TINS,96.16292961451248,21.23673469387755,ssb_hard,127,L14xD3L+D3L|Tk20|TINS
openood,ssb_hard_seed127,L14xD3L+D3L,Tk20,TANL,95.98132455782311,22.344897959183672,ssb_hard,127,L14xD3L+D3L|Tk20|TANL
openood,ssb_hard_seed127,L14xD3L+D3L,Tlp20,none,95.43741585034012,25.47142857142857,ssb_hard,127,L14xD3L+D3L|Tlp20|none
openood,ssb_hard_seed127,L14xD3L+D3L,Tlp20,TINS,95.508689569161,24.614285714285717,ssb_hard,127,L14xD3L+D3L|Tlp20|TINS
openood,ssb_hard_seed127,L14xD3L+D3L,Tlp20,TANL,95.40576077097504,25.4469387755102,ssb_hard,127,L14xD3L+D3L|Tlp20|TANL
openood,ssb_hard_seed127,L14+D3L,T,none,96.16438167800456,21.387755102040817,ssb_hard,127,L14+D3L|T|none
openood,ssb_hard_seed127,L14+D3L,T,TINS,96.37642272108845,19.93265306122449,ssb_hard,127,L14+D3L|T|TINS
openood,ssb_hard_seed127,L14+D3L,T,TANL,96.2182438095238,20.842857142857145,ssb_hard,127,L14+D3L|T|TANL
openood,ssb_hard_seed127,L14+D3L,Tlp,none,95.56756918367346,23.346938775510203,ssb_hard,127,L14+D3L|Tlp|none
openood,ssb_hard_seed127,L14+D3L,Tlp,TINS,95.65000730158732,23.4,ssb_hard,127,L14+D3L|Tlp|TINS
openood,ssb_hard_seed127,L14+D3L,Tlp,TANL,95.5629307256236,23.536734693877552,ssb_hard,127,L14+D3L|Tlp|TANL
openood,ssb_hard_seed127,L14+D3L,Tq0.05,none,95.87334097505668,22.00204081632653,ssb_hard,127,L14+D3L|Tq0.05|none
openood,ssb_hard_seed127,L14+D3L,Tq0.05,TINS,96.03751691609978,20.90816326530612,ssb_hard,127,L14+D3L|Tq0.05|TINS
openood,ssb_hard_seed127,L14+D3L,Tq0.05,TANL,95.90127,21.53061224489796,ssb_hard,127,L14+D3L|Tq0.05|TANL
openood,ssb_hard_seed127,L14+D3L,Tq0.2,none,96.12408852607707,22.51020408163265,ssb_hard,127,L14+D3L|Tq0.2|none
openood,ssb_hard_seed127,L14+D3L,Tq0.2,TINS,96.43591886621314,20.32857142857143,ssb_hard,127,L14+D3L|Tq0.2|TINS
openood,ssb_hard_seed127,L14+D3L,Tq0.2,TANL,96.22457548752836,21.748979591836733,ssb_hard,127,L14+D3L|Tq0.2|TANL
openood,ssb_hard_seed127,L14+D3L,Tnn,none,96.26452687074828,21.420408163265307,ssb_hard,127,L14+D3L|Tnn|none
openood,ssb_hard_seed127,L14+D3L,Tnn,TINS,96.4244923356009,20.259183673469387,ssb_hard,127,L14+D3L|Tnn|TINS
openood,ssb_hard_seed127,L14+D3L,Tnn,TANL,96.30029743764172,21.16530612244898,ssb_hard,127,L14+D3L|Tnn|TANL
openood,ssb_hard_seed127,L14+D3L,Tk20,none,95.82173113378686,23.755102040816325,ssb_hard,127,L14+D3L|Tk20|none
openood,ssb_hard_seed127,L14+D3L,Tk20,TINS,96.06147446712018,21.916326530612245,ssb_hard,127,L14+D3L|Tk20|TINS
openood,ssb_hard_seed127,L14+D3L,Tk20,TANL,95.87446909297051,23.17142857142857,ssb_hard,127,L14+D3L|Tk20|TANL
openood,ssb_hard_seed127,L14+D3L,Tlp20,none,95.50808530612244,25.47959183673469,ssb_hard,127,L14+D3L|Tlp20|none
openood,ssb_hard_seed127,L14+D3L,Tlp20,TINS,95.5480090702948,24.43469387755102,ssb_hard,127,L14+D3L|Tlp20|TINS
openood,ssb_hard_seed127,L14+D3L,Tlp20,TANL,95.46112102040816,25.18367346938776,ssb_hard,127,L14+D3L|Tlp20|TANL
openood,ssb_hard_seed127,L14+D3L,SL,none,94.13340879818594,27.751020408163264,ssb_hard,127,L14+D3L|SL|none
openood,ssb_hard_seed127,L14+D3L,SL,TINS,94.41104204081633,26.06122448979592,ssb_hard,127,L14+D3L|SL|TINS
openood,ssb_hard_seed127,L14+D3L,SL,TANL,94.26635383219951,27.379591836734697,ssb_hard,127,L14+D3L|SL|TANL
openood,ssb_hard_seed127,L14+D3L,static,none,76.57661188208617,63.953061224489794,ssb_hard,127,L14+D3L|static|none
openood,ssb_hard_seed127,L14+D3L,static,TINS,82.44134249433105,53.83061224489796,ssb_hard,127,L14+D3L|static|TINS
openood,ssb_hard_seed127,L14+D3L,static,TANL,80.84389875283446,57.05510204081633,ssb_hard,127,L14+D3L|static|TANL
openood,ssb_hard_seed127,D3L,T,none,96.09436761904762,21.867346938775512,ssb_hard,127,D3L|T|none
openood,ssb_hard_seed127,D3L,T,TINS,96.17147650793652,20.838775510204083,ssb_hard,127,D3L|T|TINS
openood,ssb_hard_seed127,D3L,T,TANL,96.08349573696148,21.50816326530612,ssb_hard,127,D3L|T|TANL
openood,ssb_hard_seed127,D3L,Tlp,none,95.18748412698412,24.94081632653061,ssb_hard,127,D3L|Tlp|none
openood,ssb_hard_seed127,D3L,Tlp,TINS,94.74139151927436,28.33469387755102,ssb_hard,127,D3L|Tlp|TINS
openood,ssb_hard_seed127,D3L,Tlp,TANL,94.9158842403628,27.071428571428573,ssb_hard,127,D3L|Tlp|TANL
openood,ssb_hard_seed127,D3L,Tq0.05,none,95.7780420181406,22.59795918367347,ssb_hard,127,D3L|Tq0.05|none
openood,ssb_hard_seed127,D3L,Tq0.05,TINS,95.81263097505666,21.751020408163267,ssb_hard,127,D3L|Tq0.05|TINS
openood,ssb_hard_seed127,D3L,Tq0.05,TANL,95.73252088435372,22.748979591836736,ssb_hard,127,D3L|Tq0.05|TANL
openood,ssb_hard_seed127,D3L,Tq0.2,none,96.06568947845804,22.57755102040816,ssb_hard,127,D3L|Tq0.2|none
openood,ssb_hard_seed127,D3L,Tq0.2,TINS,96.24218512471656,21.3734693877551,ssb_hard,127,D3L|Tq0.2|TINS
openood,ssb_hard_seed127,D3L,Tq0.2,TANL,96.1080038095238,22.13469387755102,ssb_hard,127,D3L|Tq0.2|TANL
openood,ssb_hard_seed127,D3L,Tnn,none,96.18556936507936,21.8734693877551,ssb_hard,127,D3L|Tnn|none
openood,ssb_hard_seed127,D3L,Tnn,TINS,96.29539918367348,20.66122448979592,ssb_hard,127,D3L|Tnn|TINS
openood,ssb_hard_seed127,D3L,Tnn,TANL,96.1920639909297,21.47142857142857,ssb_hard,127,D3L|Tnn|TANL
openood,ssb_hard_seed127,D3L,Tk20,none,95.7619322675737,24.042857142857144,ssb_hard,127,D3L|Tk20|none
openood,ssb_hard_seed127,D3L,Tk20,TINS,95.84694929705216,22.406122448979595,ssb_hard,127,D3L|Tk20|TINS
openood,ssb_hard_seed127,D3L,Tk20,TANL,95.72609934240364,23.324489795918367,ssb_hard,127,D3L|Tk20|TANL
openood,ssb_hard_seed127,D3L,Tlp20,none,95.1417411564626,26.76938775510204,ssb_hard,127,D3L|Tlp20|none
openood,ssb_hard_seed127,D3L,Tlp20,TINS,94.609503446712,29.281632653061223,ssb_hard,127,D3L|Tlp20|TINS
openood,ssb_hard_seed127,D3L,Tlp20,TANL,94.78824578231291,28.677551020408167,ssb_hard,127,D3L|Tlp20|TANL
openood,ssb_hard_seed127,D3L,SL,none,93.73339074829931,28.777551020408165,ssb_hard,127,D3L|SL|none
openood,ssb_hard_seed127,D3L,SL,TINS,93.94898852607707,27.608163265306125,ssb_hard,127,D3L|SL|TINS
openood,ssb_hard_seed127,D3L,SL,TANL,93.8866185941043,28.2,ssb_hard,127,D3L|SL|TANL
openood,ssb_hard_seed127,D3L,static,none,75.0115787755102,70.60408163265306,ssb_hard,127,D3L|static|none
openood,ssb_hard_seed127,D3L,static,TINS,83.04031142857143,53.89591836734694,ssb_hard,127,D3L|static|TINS
openood,ssb_hard_seed127,D3L,static,TANL,81.55694859410431,56.48979591836735,ssb_hard,127,D3L|static|TANL
openood,ssb_hard_seed127,L14,T,none,95.57597634920636,24.43673469387755,ssb_hard,127,L14|T|none
openood,ssb_hard_seed127,L14,T,TINS,95.78072585034016,23.06122448979592,ssb_hard,127,L14|T|TINS
openood,ssb_hard_seed127,L14,T,TANL,95.65530464852608,24.1,ssb_hard,127,L14|T|TANL
openood,ssb_hard_seed127,L14,Tlp,none,94.97748204081633,25.869387755102043,ssb_hard,127,L14|Tlp|none
openood,ssb_hard_seed127,L14,Tlp,TINS,94.62751582766438,28.685714285714287,ssb_hard,127,L14|Tlp|TINS
openood,ssb_hard_seed127,L14,Tlp,TANL,94.80360267573695,26.98775510204082,ssb_hard,127,L14|Tlp|TANL
openood,ssb_hard_seed127,L14,Tq0.05,none,95.30368496598638,24.951020408163263,ssb_hard,127,L14|Tq0.05|none
openood,ssb_hard_seed127,L14,Tq0.05,TINS,95.43475736961452,23.714285714285715,ssb_hard,127,L14|Tq0.05|TINS
openood,ssb_hard_seed127,L14,Tq0.05,TANL,95.33441199546483,24.83469387755102,ssb_hard,127,L14|Tq0.05|TANL
openood,ssb_hard_seed127,L14,Tq0.2,none,95.45885181405896,25.76938775510204,ssb_hard,127,L14|Tq0.2|none
openood,ssb_hard_seed127,L14,Tq0.2,TINS,95.78198167800454,23.8265306122449,ssb_hard,127,L14|Tq0.2|TINS
openood,ssb_hard_seed127,L14,Tq0.2,TANL,95.61412530612245,24.973469387755102,ssb_hard,127,L14|Tq0.2|TANL
openood,ssb_hard_seed127,L14,Tnn,none,95.61967965986396,24.85918367346939,ssb_hard,127,L14|Tnn|none
openood,ssb_hard_seed127,L14,Tnn,TINS,95.88236857142856,23.251020408163264,ssb_hard,127,L14|Tnn|TINS
openood,ssb_hard_seed127,L14,Tnn,TANL,95.71508628117914,24.377551020408163,ssb_hard,127,L14|Tnn|TANL
openood,ssb_hard_seed127,L14,Tk20,none,95.32247780045353,26.777551020408165,ssb_hard,127,L14|Tk20|none
openood,ssb_hard_seed127,L14,Tk20,TINS,95.555617414966,24.39591836734694,ssb_hard,127,L14|Tk20|TINS
openood,ssb_hard_seed127,L14,Tk20,TANL,95.40240800453516,26.032653061224494,ssb_hard,127,L14|Tk20|TANL
openood,ssb_hard_seed127,L14,Tlp20,none,95.0851041723356,26.918367346938776,ssb_hard,127,L14|Tlp20|none
openood,ssb_hard_seed127,L14,Tlp20,TINS,94.60196124716556,29.581632653061224,ssb_hard,127,L14|Tlp20|TINS
openood,ssb_hard_seed127,L14,Tlp20,TANL,94.80822494331063,28.48775510204082,ssb_hard,127,L14|Tlp20|TANL
openood,ssb_hard_seed127,L14,SL,none,93.13506607709748,31.73877551020408,ssb_hard,127,L14|SL|none
openood,ssb_hard_seed127,L14,SL,TINS,93.5114180952381,29.23265306122449,ssb_hard,127,L14|SL|TINS
openood,ssb_hard_seed127,L14,SL,TANL,93.39026845804987,30.60204081632653,ssb_hard,127,L14|SL|TANL
openood,ssb_hard_seed127,L14,static,none,75.77040120181405,61.93877551020408,ssb_hard,127,L14|static|none
openood,ssb_hard_seed127,L14,static,TINS,83.38754138321995,49.82857142857143,ssb_hard,127,L14|static|TINS
openood,ssb_hard_seed127,L14,static,TANL,81.69394036281179,51.86122448979592,ssb_hard,127,L14|static|TANL
openood,ssb_hard_seed127,L14xD3L,T,none,96.08224238095238,21.60408163265306,ssb_hard,127,L14xD3L|T|none
openood,ssb_hard_seed127,L14xD3L,T,TINS,96.18746149659864,20.804081632653062,ssb_hard,127,L14xD3L|T|TINS
openood,ssb_hard_seed127,L14xD3L,T,TANL,96.09834369614512,21.1530612244898,ssb_hard,127,L14xD3L|T|TANL
openood,ssb_hard_seed127,L14xD3L,Tlp,none,95.3113261904762,23.910204081632653,ssb_hard,127,L14xD3L|Tlp|none
openood,ssb_hard_seed127,L14xD3L,Tlp,TINS,94.86676578231294,27.54693877551021,ssb_hard,127,L14xD3L|Tlp|TINS
openood,ssb_hard_seed127,L14xD3L,Tlp,TANL,95.06040120181407,25.702040816326534,ssb_hard,127,L14xD3L|Tlp|TANL
openood,ssb_hard_seed127,L14xD3L,Tq0.05,none,95.83022011337869,21.948979591836736,ssb_hard,127,L14xD3L|Tq0.05|none
openood,ssb_hard_seed127,L14xD3L,Tq0.05,TINS,95.87671024943307,21.56326530612245,ssb_hard,127,L14xD3L|Tq0.05|TINS
openood,ssb_hard_seed127,L14xD3L,Tq0.05,TANL,95.7992139229025,21.94081632653061,ssb_hard,127,L14xD3L|Tq0.05|TANL
openood,ssb_hard_seed127,L14xD3L,Tq0.2,none,95.91105970521542,22.62857142857143,ssb_hard,127,L14xD3L|Tq0.2|none
openood,ssb_hard_seed127,L14xD3L,Tq0.2,TINS,96.16855546485262,21.93265306122449,ssb_hard,127,L14xD3L|Tq0.2|TINS
openood,ssb_hard_seed127,L14xD3L,Tq0.2,TANL,96.0173163265306,22.61020408163265,ssb_hard,127,L14xD3L|Tq0.2|TANL
openood,ssb_hard_seed127,L14xD3L,Tnn,none,96.15883609977324,21.64897959183673,ssb_hard,127,L14xD3L|Tnn|none
openood,ssb_hard_seed127,L14xD3L,Tnn,TINS,96.32599950113378,20.579591836734693,ssb_hard,127,L14xD3L|Tnn|TINS
openood,ssb_hard_seed127,L14xD3L,Tnn,TANL,96.19990918367348,21.22448979591837,ssb_hard,127,L14xD3L|Tnn|TANL
openood,ssb_hard_seed127,L14xD3L,Tk20,none,95.87228054421767,23.43673469387755,ssb_hard,127,L14xD3L|Tk20|none
openood,ssb_hard_seed127,L14xD3L,Tk20,TINS,95.9803069387755,22.089795918367347,ssb_hard,127,L14xD3L|Tk20|TINS
openood,ssb_hard_seed127,L14xD3L,Tk20,TANL,95.86214340136054,22.928571428571427,ssb_hard,127,L14xD3L|Tk20|TANL
openood,ssb_hard_seed127,L14xD3L,Tlp20,none,95.42611315192742,24.963265306122448,ssb_hard,127,L14xD3L|Tlp20|none
openood,ssb_hard_seed127,L14xD3L,Tlp20,TINS,94.83372684807256,28.42857142857143,ssb_hard,127,L14xD3L|Tlp20|TINS
openood,ssb_hard_seed127,L14xD3L,Tlp20,TANL,95.0520423356009,27.13061224489796,ssb_hard,127,L14xD3L|Tlp20|TANL
openood,ssb_hard_seed127,D3B+D3L,T,none,95.94385997732428,22.955102040816328,ssb_hard,127,D3B+D3L|T|none
openood,ssb_hard_seed127,D3B+D3L,T,TINS,96.134659138322,21.35918367346939,ssb_hard,127,D3B+D3L|T|TINS
openood,ssb_hard_seed127,D3B+D3L,T,TANL,95.98042034013604,22.52857142857143,ssb_hard,127,D3B+D3L|T|TANL
openood,ssb_hard_seed127,D3B+D3L,Tlp,none,95.14177585034014,25.83877551020408,ssb_hard,127,D3B+D3L|Tlp|none
openood,ssb_hard_seed127,D3B+D3L,Tlp,TINS,95.24317292517009,25.481632653061222,ssb_hard,127,D3B+D3L|Tlp|TINS
openood,ssb_hard_seed127,D3B+D3L,Tlp,TANL,95.14008419501134,26.12857142857143,ssb_hard,127,D3B+D3L|Tlp|TANL
openood,ssb_hard_seed127,D3B+D3L,Tq0.05,none,95.4910734920635,24.10204081632653,ssb_hard,127,D3B+D3L|Tq0.05|none
openood,ssb_hard_seed127,D3B+D3L,Tq0.05,TINS,95.6694612244898,22.8734693877551,ssb_hard,127,D3B+D3L|Tq0.05|TINS
openood,ssb_hard_seed127,D3B+D3L,Tq0.05,TANL,95.51477925170067,23.8265306122449,ssb_hard,127,D3B+D3L|Tq0.05|TANL
openood,ssb_hard_seed127,D3B+D3L,Tq0.2,none,96.05162804988662,23.242857142857144,ssb_hard,127,D3B+D3L|Tq0.2|none
openood,ssb_hard_seed127,D3B+D3L,Tq0.2,TINS,96.31676852607708,21.116326530612245,ssb_hard,127,D3B+D3L|Tq0.2|TINS
openood,ssb_hard_seed127,D3B+D3L,Tq0.2,TANL,96.12201526077097,22.39387755102041,ssb_hard,127,D3B+D3L|Tq0.2|TANL
openood,ssb_hard_seed127,D3B+D3L,Tnn,none,96.142807414966,21.57551020408163,ssb_hard,127,D3B+D3L|Tnn|none
openood,ssb_hard_seed127,D3B+D3L,Tnn,TINS,96.26945990929708,20.587755102040816,ssb_hard,127,D3B+D3L|Tnn|TINS
openood,ssb_hard_seed127,D3B+D3L,Tnn,TANL,96.15933609977326,21.23877551020408,ssb_hard,127,D3B+D3L|Tnn|TANL
openood,ssb_hard_seed127,D3B+D3L,Tk20,none,95.31555009070294,26.710204081632654,ssb_hard,127,D3B+D3L|Tk20|none
openood,ssb_hard_seed127,D3B+D3L,Tk20,TINS,95.5660253968254,24.54693877551021,ssb_hard,127,D3B+D3L|Tk20|TINS
openood,ssb_hard_seed127,D3B+D3L,Tk20,TANL,95.36367349206348,26.10204081632653,ssb_hard,127,D3B+D3L|Tk20|TANL
openood,ssb_hard_seed127,D3B+D3L,Tlp20,none,94.82752848072562,29.181632653061225,ssb_hard,127,D3B+D3L|Tlp20|none
openood,ssb_hard_seed127,D3B+D3L,Tlp20,TINS,94.93034630385486,27.751020408163264,ssb_hard,127,D3B+D3L|Tlp20|TINS
openood,ssb_hard_seed127,D3B+D3L,Tlp20,TANL,94.80595145124715,28.706122448979592,ssb_hard,127,D3B+D3L|Tlp20|TANL
openood,ssb_hard_seed127,D3B+D3L,SL,none,93.76659306122448,28.634693877551022,ssb_hard,127,D3B+D3L|SL|none
openood,ssb_hard_seed127,D3B+D3L,SL,TINS,94.03362911564624,27.26530612244898,ssb_hard,127,D3B+D3L|SL|TINS
openood,ssb_hard_seed127,D3B+D3L,SL,TANL,93.91681911564623,28.124489795918368,ssb_hard,127,D3B+D3L|SL|TANL
openood,ssb_hard_seed127,D3B+D3L,static,none,73.05490176870748,74.73061224489796,ssb_hard,127,D3B+D3L|static|none
openood,ssb_hard_seed127,D3B+D3L,static,TINS,80.38177972789116,60.38979591836735,ssb_hard,127,D3B+D3L|static|TINS
openood,ssb_hard_seed127,D3B+D3L,static,TANL,78.68517213151927,65.23673469387755,ssb_hard,127,D3B+D3L|static|TANL
openood,ssb_hard_seed127,L14+D3B+D3L,T,none,96.10306029478458,22.057142857142857,ssb_hard,127,L14+D3B+D3L|T|none
openood,ssb_hard_seed127,L14+D3B+D3L,T,TINS,96.28802512471655,20.714285714285715,ssb_hard,127,L14+D3B+D3L|T|TINS
openood,ssb_hard_seed127,L14+D3B+D3L,T,TANL,96.14438548752834,21.651020408163262,ssb_hard,127,L14+D3B+D3L|T|TANL
openood,ssb_hard_seed127,L14+D3B+D3L,Tlp,none,95.50577414965989,24.06938775510204,ssb_hard,127,L14+D3B+D3L|Tlp|none
openood,ssb_hard_seed127,L14+D3B+D3L,Tlp,TINS,95.69455179138322,23.06122448979592,ssb_hard,127,L14+D3B+D3L|Tlp|TINS
openood,ssb_hard_seed127,L14+D3B+D3L,Tlp,TANL,95.5453544217687,23.76122448979592,ssb_hard,127,L14+D3B+D3L|Tlp|TANL
openood,ssb_hard_seed127,L14+D3B+D3L,Tq0.05,none,95.7381658956916,23.03469387755102,ssb_hard,127,L14+D3B+D3L|Tq0.05|none
openood,ssb_hard_seed127,L14+D3B+D3L,Tq0.05,TINS,95.89547242630384,21.76122448979592,ssb_hard,127,L14+D3B+D3L|Tq0.05|TINS
openood,ssb_hard_seed127,L14+D3B+D3L,Tq0.05,TANL,95.76457124716552,22.59387755102041,ssb_hard,127,L14+D3B+D3L|Tq0.05|TANL
openood,ssb_hard_seed127,L14+D3B+D3L,Tq0.2,none,96.15187426303854,22.50204081632653,ssb_hard,127,L14+D3B+D3L|Tq0.2|none
openood,ssb_hard_seed127,L14+D3B+D3L,Tq0.2,TINS,96.4103204988662,20.76326530612245,ssb_hard,127,L14+D3B+D3L|Tq0.2|TINS
openood,ssb_hard_seed127,L14+D3B+D3L,Tq0.2,TANL,96.22407156462586,21.857142857142858,ssb_hard,127,L14+D3B+D3L|Tq0.2|TANL
openood,ssb_hard_seed127,L14+D3B+D3L,Tnn,none,96.2705129478458,21.257142857142856,ssb_hard,127,L14+D3B+D3L|Tnn|none
openood,ssb_hard_seed127,L14+D3B+D3L,Tnn,TINS,96.38884321995464,20.379591836734694,ssb_hard,127,L14+D3B+D3L|Tnn|TINS
openood,ssb_hard_seed127,L14+D3B+D3L,Tnn,TANL,96.29098907029476,20.920408163265307,ssb_hard,127,L14+D3B+D3L|Tnn|TANL
openood,ssb_hard_seed127,L14+D3B+D3L,Tk20,none,95.60434979591837,24.914285714285715,ssb_hard,127,L14+D3B+D3L|Tk20|none
openood,ssb_hard_seed127,L14+D3B+D3L,Tk20,TINS,95.82584408163264,23.34081632653061,ssb_hard,127,L14+D3B+D3L|Tk20|TINS
openood,ssb_hard_seed127,L14+D3B+D3L,Tk20,TANL,95.65100358276644,24.69183673469388,ssb_hard,127,L14+D3B+D3L|Tk20|TANL
openood,ssb_hard_seed127,L14+D3B+D3L,Tlp20,none,95.29655585034013,26.76530612244898,ssb_hard,127,L14+D3B+D3L|Tlp20|none
openood,ssb_hard_seed127,L14+D3B+D3L,Tlp20,TINS,95.4801158276644,24.80408163265306,ssb_hard,127,L14+D3B+D3L|Tlp20|TINS
openood,ssb_hard_seed127,L14+D3B+D3L,Tlp20,TANL,95.31643759637188,26.23061224489796,ssb_hard,127,L14+D3B+D3L|Tlp20|TANL
openood,ssb_hard_seed127,L14+D3B+D3L,SL,none,94.15746777777775,27.73469387755102,ssb_hard,127,L14+D3B+D3L|SL|none
openood,ssb_hard_seed127,L14+D3B+D3L,SL,TINS,94.38578040816326,26.34081632653061,ssb_hard,127,L14+D3B+D3L|SL|TINS
openood,ssb_hard_seed127,L14+D3B+D3L,SL,TANL,94.26196739229025,27.169387755102044,ssb_hard,127,L14+D3B+D3L|SL|TANL
openood,ssb_hard_seed127,L14+D3B+D3L,static,none,75.31146031746032,67.2673469387755,ssb_hard,127,L14+D3B+D3L|static|none
openood,ssb_hard_seed127,L14+D3B+D3L,static,TINS,80.62468861678005,58.710204081632654,ssb_hard,127,L14+D3B+D3L|static|TINS
openood,ssb_hard_seed127,L14+D3B+D3L,static,TANL,79.06680344671202,62.34693877551021,ssb_hard,127,L14+D3B+D3L|static|TANL
openood,ssb_hard_seed127,B14+L14+D3L,T,none,96.05071691609976,22.097959183673467,ssb_hard,127,B14+L14+D3L|T|none
openood,ssb_hard_seed127,B14+L14+D3L,T,TINS,96.25768090702948,20.712244897959184,ssb_hard,127,B14+L14+D3L|T|TINS
openood,ssb_hard_seed127,B14+L14+D3L,T,TANL,96.10259369614514,21.81836734693877,ssb_hard,127,B14+L14+D3L|T|TANL
openood,ssb_hard_seed127,B14+L14+D3L,Tlp,none,95.55531269841268,23.73673469387755,ssb_hard,127,B14+L14+D3L|Tlp|none
openood,ssb_hard_seed127,B14+L14+D3L,Tlp,TINS,95.75543088435376,22.65918367346939,ssb_hard,127,B14+L14+D3L|Tlp|TINS
openood,ssb_hard_seed127,B14+L14+D3L,Tlp,TANL,95.59689863945576,23.44081632653061,ssb_hard,127,B14+L14+D3L|Tlp|TANL
openood,ssb_hard_seed127,B14+L14+D3L,Tq0.05,none,95.72488680272107,22.895918367346937,ssb_hard,127,B14+L14+D3L|Tq0.05|none
openood,ssb_hard_seed127,B14+L14+D3L,Tq0.05,TINS,95.89461854875285,21.79183673469388,ssb_hard,127,B14+L14+D3L|Tq0.05|TINS
openood,ssb_hard_seed127,B14+L14+D3L,Tq0.05,TANL,95.75787092970522,22.46734693877551,ssb_hard,127,B14+L14+D3L|Tq0.05|TANL
openood,ssb_hard_seed127,B14+L14+D3L,Tq0.2,none,96.0254871201814,23.226530612244897,ssb_hard,127,B14+L14+D3L|Tq0.2|none
openood,ssb_hard_seed127,B14+L14+D3L,Tq0.2,TINS,96.31762675736962,21.226530612244897,ssb_hard,127,B14+L14+D3L|Tq0.2|TINS
openood,ssb_hard_seed127,B14+L14+D3L,Tq0.2,TANL,96.11388707482992,22.56122448979592,ssb_hard,127,B14+L14+D3L|Tq0.2|TANL
openood,ssb_hard_seed127,B14+L14+D3L,Tnn,none,96.2042576190476,21.512244897959185,ssb_hard,127,B14+L14+D3L|Tnn|none
openood,ssb_hard_seed127,B14+L14+D3L,Tnn,TINS,96.34009628117914,20.669387755102044,ssb_hard,127,B14+L14+D3L|Tnn|TINS
openood,ssb_hard_seed127,B14+L14+D3L,Tnn,TANL,96.23352825396825,21.29795918367347,ssb_hard,127,B14+L14+D3L|Tnn|TANL
openood,ssb_hard_seed127,B14+L14+D3L,Tk20,none,95.6365428117914,25.01020408163265,ssb_hard,127,B14+L14+D3L|Tk20|none
openood,ssb_hard_seed127,B14+L14+D3L,Tk20,TINS,95.87522077097506,23.06734693877551,ssb_hard,127,B14+L14+D3L|Tk20|TINS
openood,ssb_hard_seed127,B14+L14+D3L,Tk20,TANL,95.69266750566892,24.512244897959185,ssb_hard,127,B14+L14+D3L|Tk20|TANL
openood,ssb_hard_seed127,B14+L14+D3L,Tlp20,none,95.43717365079368,25.787755102040816,ssb_hard,127,B14+L14+D3L|Tlp20|none
openood,ssb_hard_seed127,B14+L14+D3L,Tlp20,TINS,95.62273346938775,24.334693877551015,ssb_hard,127,B14+L14+D3L|Tlp20|TINS
openood,ssb_hard_seed127,B14+L14+D3L,Tlp20,TANL,95.45600108843536,25.60816326530612,ssb_hard,127,B14+L14+D3L|Tlp20|TANL
openood,ssb_hard_seed127,B14+L14+D3L,SL,none,94.1615585260771,27.863265306122447,ssb_hard,127,B14+L14+D3L|SL|none
openood,ssb_hard_seed127,B14+L14+D3L,SL,TINS,94.41560285714286,26.240816326530613,ssb_hard,127,B14+L14+D3L|SL|TINS
openood,ssb_hard_seed127,B14+L14+D3L,SL,TANL,94.27393585034012,27.26326530612245,ssb_hard,127,B14+L14+D3L|SL|TANL
openood,ssb_hard_seed127,B14+L14+D3L,static,none,76.42966204081632,64.78571428571429,ssb_hard,127,B14+L14+D3L|static|none
openood,ssb_hard_seed127,B14+L14+D3L,static,TINS,81.3740500680272,56.68367346938775,ssb_hard,127,B14+L14+D3L|static|TINS
openood,ssb_hard_seed127,B14+L14+D3L,static,TANL,79.86495151927438,59.85714285714285,ssb_hard,127,B14+L14+D3L|static|TANL
openood,ssb_hard_seed127,B14+L14+D3B+D3L,T,none,96.01240997732428,22.40408163265306,ssb_hard,127,B14+L14+D3B+D3L|T|none
openood,ssb_hard_seed127,B14+L14+D3B+D3L,T,TINS,96.18746634920636,21.33265306122449,ssb_hard,127,B14+L14+D3B+D3L|T|TINS
openood,ssb_hard_seed127,B14+L14+D3B+D3L,T,TANL,96.05337818594104,22.079591836734693,ssb_hard,127,B14+L14+D3B+D3L|T|TANL
openood,ssb_hard_seed127,B14+L14+D3B+D3L,Tlp,none,95.49836875283448,24.27142857142857,ssb_hard,127,B14+L14+D3B+D3L|Tlp|none
openood,ssb_hard_seed127,B14+L14+D3B+D3L,Tlp,TINS,95.72226390022676,22.93061224489796,ssb_hard,127,B14+L14+D3B+D3L|Tlp|TINS
openood,ssb_hard_seed127,B14+L14+D3B+D3L,Tlp,TANL,95.5519090929705,23.86122448979592,ssb_hard,127,B14+L14+D3B+D3L|Tlp|TANL
openood,ssb_hard_seed127,B14+L14+D3B+D3L,Tq0.05,none,95.63454861678004,23.481632653061222,ssb_hard,127,B14+L14+D3B+D3L|Tq0.05|none
openood,ssb_hard_seed127,B14+L14+D3B+D3L,Tq0.05,TINS,95.78579469387756,22.422448979591834,ssb_hard,127,B14+L14+D3B+D3L|Tq0.05|TINS
openood,ssb_hard_seed127,B14+L14+D3B+D3L,Tq0.05,TANL,95.66265038548752,23.187755102040818,ssb_hard,127,B14+L14+D3B+D3L|Tq0.05|TANL
openood,ssb_hard_seed127,B14+L14+D3B+D3L,Tq0.2,none,96.05298108843536,22.977551020408164,ssb_hard,127,B14+L14+D3B+D3L|Tq0.2|none
openood,ssb_hard_seed127,B14+L14+D3B+D3L,Tq0.2,TINS,96.2944170521542,21.414285714285715,ssb_hard,127,B14+L14+D3B+D3L|Tq0.2|TINS
openood,ssb_hard_seed127,B14+L14+D3B+D3L,Tq0.2,TANL,96.12056371882086,22.567346938775508,ssb_hard,127,B14+L14+D3B+D3L|Tq0.2|TANL
openood,ssb_hard_seed127,B14+L14+D3B+D3L,Tnn,none,96.20734272108844,21.53469387755102,ssb_hard,127,B14+L14+D3B+D3L|Tnn|none
openood,ssb_hard_seed127,B14+L14+D3B+D3L,Tnn,TINS,96.31314975056688,20.889795918367344,ssb_hard,127,B14+L14+D3B+D3L|Tnn|TINS
openood,ssb_hard_seed127,B14+L14+D3B+D3L,Tnn,TANL,96.2272787755102,21.412244897959184,ssb_hard,127,B14+L14+D3B+D3L|Tnn|TANL
openood,ssb_hard_seed127,B14+L14+D3B+D3L,Tk20,none,95.49299283446712,25.795918367346932,ssb_hard,127,B14+L14+D3B+D3L|Tk20|none
openood,ssb_hard_seed127,B14+L14+D3B+D3L,Tk20,TINS,95.70117868480725,24.10204081632653,ssb_hard,127,B14+L14+D3B+D3L|Tk20|TINS
openood,ssb_hard_seed127,B14+L14+D3B+D3L,Tk20,TANL,95.54022852607712,25.26734693877551,ssb_hard,127,B14+L14+D3B+D3L|Tk20|TANL
openood,ssb_hard_seed127,B14+L14+D3B+D3L,Tlp20,none,95.28084276643992,26.875510204081632,ssb_hard,127,B14+L14+D3B+D3L|Tlp20|none
openood,ssb_hard_seed127,B14+L14+D3B+D3L,Tlp20,TINS,95.50867569160997,24.86530612244898,ssb_hard,127,B14+L14+D3B+D3L|Tlp20|TINS
openood,ssb_hard_seed127,B14+L14+D3B+D3L,Tlp20,TANL,95.32233430839004,26.212244897959184,ssb_hard,127,B14+L14+D3B+D3L|Tlp20|TANL
openood,ssb_hard_seed127,B14+L14+D3B+D3L,SL,none,94.16482142857144,27.81836734693878,ssb_hard,127,B14+L14+D3B+D3L|SL|none
openood,ssb_hard_seed127,B14+L14+D3B+D3L,SL,TINS,94.37460916099774,26.477551020408164,ssb_hard,127,B14+L14+D3B+D3L|SL|TINS
openood,ssb_hard_seed127,B14+L14+D3B+D3L,SL,TANL,94.25585238095238,27.21428571428571,ssb_hard,127,B14+L14+D3B+D3L|SL|TANL
openood,ssb_hard_seed127,B14+L14+D3B+D3L,static,none,75.478011723356,67.06530612244897,ssb_hard,127,B14+L14+D3B+D3L|static|none
openood,ssb_hard_seed127,B14+L14+D3B+D3L,static,TINS,79.9698946031746,60.40204081632653,ssb_hard,127,B14+L14+D3B+D3L|static|TINS
openood,ssb_hard_seed127,B14+L14+D3B+D3L,static,TANL,78.54039832199547,63.42448979591837,ssb_hard,127,B14+L14+D3B+D3L|static|TANL
openood,ssb_hard_seed127,B14+L14,T,none,95.6477332426304,24.26938775510204,ssb_hard,127,B14+L14|T|none
openood,ssb_hard_seed127,B14+L14,T,TINS,95.9241871201814,22.583673469387755,ssb_hard,127,B14+L14|T|TINS
openood,ssb_hard_seed127,B14+L14,T,TANL,95.73078006802722,23.9,ssb_hard,127,B14+L14|T|TANL
openood,ssb_hard_seed127,B14+L14,Tlp,none,95.18846893424036,25.46530612244898,ssb_hard,127,B14+L14|Tlp|none
openood,ssb_hard_seed127,B14+L14,Tlp,TINS,95.33141873015872,24.53877551020408,ssb_hard,127,B14+L14|Tlp|TINS
openood,ssb_hard_seed127,B14+L14,Tlp,TANL,95.21459505668936,25.61428571428571,ssb_hard,127,B14+L14|Tlp|TANL
openood,ssb_hard_seed127,B14+L14,Tq0.05,none,95.31528984126984,25.067346938775508,ssb_hard,127,B14+L14|Tq0.05|none
openood,ssb_hard_seed127,B14+L14,Tq0.05,TINS,95.5391341043084,23.746938775510205,ssb_hard,127,B14+L14|Tq0.05|TINS
openood,ssb_hard_seed127,B14+L14,Tq0.05,TANL,95.36811306122448,24.889795918367348,ssb_hard,127,B14+L14|Tq0.05|TANL
openood,ssb_hard_seed127,B14+L14,Tq0.2,none,95.58518809523812,25.50612244897959,ssb_hard,127,B14+L14|Tq0.2|none
openood,ssb_hard_seed127,B14+L14,Tq0.2,TINS,95.96626961451248,23.042857142857144,ssb_hard,127,B14+L14|Tq0.2|TINS
openood,ssb_hard_seed127,B14+L14,Tq0.2,TANL,95.72079408163265,24.7,ssb_hard,127,B14+L14|Tq0.2|TANL
openood,ssb_hard_seed127,B14+L14,Tnn,none,95.8026833786848,23.63469387755102,ssb_hard,127,B14+L14|Tnn|none
openood,ssb_hard_seed127,B14+L14,Tnn,TINS,96.0094579138322,22.336734693877556,ssb_hard,127,B14+L14|Tnn|TINS
openood,ssb_hard_seed127,B14+L14,Tnn,TANL,95.85873229024943,23.473469387755102,ssb_hard,127,B14+L14|Tnn|TANL
openood,ssb_hard_seed127,B14+L14,Tk20,none,95.2585331292517,27.424489795918365,ssb_hard,127,B14+L14|Tk20|none
openood,ssb_hard_seed127,B14+L14,Tk20,TINS,95.57708458049888,24.64081632653061,ssb_hard,127,B14+L14|Tk20|TINS
openood,ssb_hard_seed127,B14+L14,Tk20,TANL,95.35000752834468,26.63061224489796,ssb_hard,127,B14+L14|Tk20|TANL
openood,ssb_hard_seed127,B14+L14,Tlp20,none,95.13840077097508,27.036734693877552,ssb_hard,127,B14+L14|Tlp20|none
openood,ssb_hard_seed127,B14+L14,Tlp20,TINS,95.24289800453516,25.83673469387755,ssb_hard,127,B14+L14|Tlp20|TINS
openood,ssb_hard_seed127,B14+L14,Tlp20,TANL,95.12520875283448,26.66530612244898,ssb_hard,127,B14+L14|Tlp20|TANL
openood,ssb_hard_seed127,B14+L14,SL,none,93.60358682539682,30.112244897959183,ssb_hard,127,B14+L14|SL|none
openood,ssb_hard_seed127,B14+L14,SL,TINS,93.9642572335601,28.06530612244898,ssb_hard,127,B14+L14|SL|TINS
openood,ssb_hard_seed127,B14+L14,SL,TANL,93.78852285714284,29.367346938775512,ssb_hard,127,B14+L14|SL|TANL
openood,ssb_hard_seed127,B14+L14,static,none,75.96754249433107,64.15102040816326,ssb_hard,127,B14+L14|static|none
openood,ssb_hard_seed127,B14+L14,static,TINS,82.07422530612246,54.0469387755102,ssb_hard,127,B14+L14|static|TINS
openood,ssb_hard_seed127,B14+L14,static,TANL,80.38939090702948,57.41428571428572,ssb_hard,127,B14+L14|static|TANL
openood,textures_seed123,L14xD3L+D3L,T,none,98.88054866494402,4.224806201550388,textures,123,L14xD3L+D3L|T|none
openood,textures_seed123,L14xD3L+D3L,T,TINS,99.29821360895778,2.4612403100775198,textures,123,L14xD3L+D3L|T|TINS
openood,textures_seed123,L14xD3L+D3L,T,TANL,99.08194207579672,3.391472868217054,textures,123,L14xD3L+D3L|T|TANL
openood,textures_seed123,L14xD3L+D3L,Tlp,none,97.78510400516797,7.55813953488372,textures,123,L14xD3L+D3L|Tlp|none
openood,textures_seed123,L14xD3L+D3L,Tlp,TINS,99.17872566752798,3.217054263565892,textures,123,L14xD3L+D3L|Tlp|TINS
openood,textures_seed123,L14xD3L+D3L,Tlp,TANL,98.70309388458227,4.883720930232558,textures,123,L14xD3L+D3L|Tlp|TANL
openood,textures_seed123,L14xD3L+D3L,Tq0.05,none,98.9264918173988,3.77906976744186,textures,123,L14xD3L+D3L|Tq0.05|none
openood,textures_seed123,L14xD3L+D3L,Tq0.05,TINS,99.30742894056849,2.112403100775194,textures,123,L14xD3L+D3L|Tq0.05|TINS
openood,textures_seed123,L14xD3L+D3L,Tq0.05,TANL,99.10145478036176,3.10077519379845,textures,123,L14xD3L+D3L|Tq0.05|TANL
openood,textures_seed123,L14xD3L+D3L,Tq0.2,none,98.74605146425496,5.232558139534884,textures,123,L14xD3L+D3L|Tq0.2|none
openood,textures_seed123,L14xD3L+D3L,Tq0.2,TINS,99.23674160206718,3.081395348837209,textures,123,L14xD3L+D3L|Tq0.2|TINS
openood,textures_seed123,L14xD3L+D3L,Tq0.2,TANL,98.9916126184324,4.166666666666666,textures,123,L14xD3L+D3L|Tq0.2|TANL
openood,textures_seed123,L14xD3L+D3L,Tnn,none,98.9619554263566,3.895348837209303,textures,123,L14xD3L+D3L|Tnn|none
openood,textures_seed123,L14xD3L+D3L,Tnn,TINS,99.27593324720068,2.7906976744186047,textures,123,L14xD3L+D3L|Tnn|TINS
openood,textures_seed123,L14xD3L+D3L,Tnn,TANL,99.10487166236004,3.4108527131782944,textures,123,L14xD3L+D3L|Tnn|TANL
openood,textures_seed123,L14xD3L+D3L,Tk20,none,99.05992958656329,3.643410852713178,textures,123,L14xD3L+D3L|Tk20|none
openood,textures_seed123,L14xD3L+D3L,Tk20,TINS,99.36865374677004,2.306201550387597,textures,123,L14xD3L+D3L|Tk20|TINS
openood,textures_seed123,L14xD3L+D3L,Tk20,TANL,99.18140008613264,3.217054263565892,textures,123,L14xD3L+D3L|Tk20|TANL
openood,textures_seed123,L14xD3L+D3L,Tlp20,none,98.19723062015504,6.492248062015504,textures,123,L14xD3L+D3L|Tlp20|none
openood,textures_seed123,L14xD3L+D3L,Tlp20,TINS,99.27817786391044,2.810077519379845,textures,123,L14xD3L+D3L|Tlp20|TINS
openood,textures_seed123,L14xD3L+D3L,Tlp20,TANL,98.85134237726098,4.341085271317829,textures,123,L14xD3L+D3L|Tlp20|TANL
openood,textures_seed123,L14+D3L,T,none,98.9329519810508,4.341085271317829,textures,123,L14+D3L|T|none
openood,textures_seed123,L14+D3L,T,TINS,99.32563565891472,2.5775193798449614,textures,123,L14+D3L|T|TINS
openood,textures_seed123,L14+D3L,T,TANL,99.11630727820844,3.4496124031007755,textures,123,L14+D3L|T|TANL
openood,textures_seed123,L14+D3L,Tlp,none,97.98006416882,7.1899224806201545,textures,123,L14+D3L|Tlp|none
openood,textures_seed123,L14+D3L,Tlp,TINS,99.250661498708,3.1782945736434107,textures,123,L14+D3L|Tlp|TINS
openood,textures_seed123,L14+D3L,Tlp,TANL,98.8134638242894,4.922480620155039,textures,123,L14+D3L|Tlp|TANL
openood,textures_seed123,L14+D3L,Tq0.05,none,98.97307902670111,3.895348837209303,textures,123,L14+D3L|Tq0.05|none
openood,textures_seed123,L14+D3L,Tq0.05,TINS,99.34090482342808,2.3449612403100777,textures,123,L14+D3L|Tq0.05|TINS
openood,textures_seed123,L14+D3L,Tq0.05,TANL,99.13707881136952,3.1976744186046515,textures,123,L14+D3L|Tq0.05|TANL
openood,textures_seed123,L14+D3L,Tq0.2,none,98.81279521963825,5.155038759689923,textures,123,L14+D3L|Tq0.2|none
openood,textures_seed123,L14+D3L,Tq0.2,TINS,99.2802342807924,2.8682170542635657,textures,123,L14+D3L|Tq0.2|TINS
openood,textures_seed123,L14+D3L,Tq0.2,TANL,99.04323708010337,4.205426356589148,textures,123,L14+D3L|Tq0.2|TANL
openood,textures_seed123,L14+D3L,Tnn,none,99.01830986218776,3.8372093023255816,textures,123,L14+D3L|Tnn|none
openood,textures_seed123,L14+D3L,Tnn,TINS,99.30657278208442,2.732558139534884,textures,123,L14+D3L|Tnn|TINS
openood,textures_seed123,L14+D3L,Tnn,TANL,99.1469177433247,3.372093023255814,textures,123,L14+D3L|Tnn|TANL
openood,textures_seed123,L14+D3L,Tk20,none,99.0488042635659,3.643410852713178,textures,123,L14+D3L|Tk20|none
openood,textures_seed123,L14+D3L,Tk20,TINS,99.37032515073211,2.248062015503876,textures,123,L14+D3L|Tk20|TINS
openood,textures_seed123,L14+D3L,Tk20,TANL,99.17438781223083,3.1782945736434107,textures,123,L14+D3L|Tk20|TANL
openood,textures_seed123,L14+D3L,Tlp20,none,98.30140805340226,6.3565891472868215,textures,123,L14+D3L|Tlp20|none
openood,textures_seed123,L14+D3L,Tlp20,TINS,99.31517312661498,2.6744186046511627,textures,123,L14+D3L|Tlp20|TINS
openood,textures_seed123,L14+D3L,Tlp20,TANL,98.90890202411713,4.224806201550388,textures,123,L14+D3L|Tlp20|TANL
openood,textures_seed123,L14+D3L,SL,none,97.94247631352285,8.313953488372093,textures,123,L14+D3L|SL|none
openood,textures_seed123,L14+D3L,SL,TINS,98.87364168819984,4.786821705426356,textures,123,L14+D3L|SL|TINS
openood,textures_seed123,L14+D3L,SL,TANL,98.5240990525409,6.1434108527131785,textures,123,L14+D3L|SL|TANL
openood,textures_seed123,L14+D3L,static,none,92.08911584840656,36.25968992248062,textures,123,L14+D3L|static|none
openood,textures_seed123,L14+D3L,static,TINS,98.06936778639106,8.488372093023255,textures,123,L14+D3L|static|TINS
openood,textures_seed123,L14+D3L,static,TANL,96.14587618432384,17.151162790697676,textures,123,L14+D3L|static|TANL
openood,textures_seed123,D3L,T,none,98.78421382428942,4.496124031007752,textures,123,D3L|T|none
openood,textures_seed123,D3L,T,TINS,99.37786606373815,2.131782945736434,textures,123,D3L|T|TINS
openood,textures_seed123,D3L,T,TANL,99.1046735572782,3.2751937984496124,textures,123,D3L|T|TANL
openood,textures_seed123,D3L,Tlp,none,97.54433591731268,8.10077519379845,textures,123,D3L|Tlp|none
openood,textures_seed123,D3L,Tlp,TINS,99.26792032730404,2.6937984496124034,textures,123,D3L|Tlp|TINS
openood,textures_seed123,D3L,Tlp,TANL,98.80041731266152,4.166666666666666,textures,123,D3L|Tlp|TANL
openood,textures_seed123,D3L,Tq0.05,none,98.80138608957796,4.0310077519379846,textures,123,D3L|Tq0.05|none
openood,textures_seed123,D3L,Tq0.05,TINS,99.36701894918174,1.9573643410852717,textures,123,D3L|Tq0.05|TINS
openood,textures_seed123,D3L,Tq0.05,TANL,99.0929455211025,2.984496124031008,textures,123,D3L|Tq0.05|TANL
openood,textures_seed123,D3L,Tq0.2,none,98.66087037037036,5.968992248062016,textures,123,D3L|Tq0.2|none
openood,textures_seed123,D3L,Tq0.2,TINS,99.3512695951766,2.48062015503876,textures,123,D3L|Tq0.2|TINS
openood,textures_seed123,D3L,Tq0.2,TANL,99.047492248062,3.992248062015504,textures,123,D3L|Tq0.2|TANL
openood,textures_seed123,D3L,Tnn,none,98.92279091300604,3.934108527131783,textures,123,D3L|Tnn|none
openood,textures_seed123,D3L,Tnn,TINS,99.37680017226528,2.1705426356589146,textures,123,D3L|Tnn|TINS
openood,textures_seed123,D3L,Tnn,TANL,99.15541666666668,3.1589147286821704,textures,123,D3L|Tnn|TANL
openood,textures_seed123,D3L,Tk20,none,98.95057299741602,3.817829457364341,textures,123,D3L|Tk20|none
openood,textures_seed123,D3L,Tk20,TINS,99.40872093023256,1.9186046511627908,textures,123,D3L|Tk20|TINS
openood,textures_seed123,D3L,Tk20,TANL,99.15243733850129,3.081395348837209,textures,123,D3L|Tk20|TANL
openood,textures_seed123,D3L,Tlp20,none,97.9377032730405,7.1899224806201545,textures,123,D3L|Tlp20|none
openood,textures_seed123,D3L,Tlp20,TINS,99.3274801894918,2.5,textures,123,D3L|Tlp20|TINS
openood,textures_seed123,D3L,Tlp20,TANL,98.87202648578813,4.011627906976744,textures,123,D3L|Tlp20|TANL
openood,textures_seed123,D3L,SL,none,97.67653854435832,9.031007751937985,textures,123,D3L|SL|none
openood,textures_seed123,D3L,SL,TINS,98.99316236003445,4.263565891472868,textures,123,D3L|SL|TINS
openood,textures_seed123,D3L,SL,TANL,98.61336391042204,5.3100775193798455,textures,123,D3L|SL|TANL
openood,textures_seed123,D3L,static,none,91.57541752799312,37.8875968992248,textures,123,D3L|static|none
openood,textures_seed123,D3L,static,TINS,98.5075766580534,6.647286821705427,textures,123,D3L|static|TINS
openood,textures_seed123,D3L,static,TANL,96.98719013781223,12.248062015503876,textures,123,D3L|static|TANL
openood,textures_seed123,L14,T,none,98.50240869939708,5.852713178294574,textures,123,L14|T|none
openood,textures_seed123,L14,T,TINS,99.3001873385013,2.48062015503876,textures,123,L14|T|TINS
openood,textures_seed123,L14,T,TANL,98.93215805340223,4.39922480620155,textures,123,L14|T|TANL
openood,textures_seed123,L14,Tlp,none,97.25274117140398,9.709302325581396,textures,123,L14|Tlp|none
openood,textures_seed123,L14,Tlp,TINS,99.2594720068906,2.9651162790697674,textures,123,L14|Tlp|TINS
openood,textures_seed123,L14,Tlp,TANL,98.69979478897504,5.63953488372093,textures,123,L14|Tlp|TANL
openood,textures_seed123,L14,Tq0.05,none,98.58697846683891,5.3100775193798455,textures,123,L14|Tq0.05|none
openood,textures_seed123,L14,Tq0.05,TINS,99.32496296296296,2.306201550387597,textures,123,L14|Tq0.05|TINS
openood,textures_seed123,L14,Tq0.05,TANL,98.97312489233418,3.972868217054264,textures,123,L14|Tq0.05|TANL
openood,textures_seed123,L14,Tq0.2,none,98.30192506459947,7.635658914728682,textures,123,L14|Tq0.2|none
openood,textures_seed123,L14,Tq0.2,TINS,99.25588845822568,3.1589147286821704,textures,123,L14|Tq0.2|TINS
openood,textures_seed123,L14,Tq0.2,TANL,98.85288415159344,5.406976744186046,textures,123,L14|Tq0.2|TANL
openood,textures_seed123,L14,Tnn,none,98.58901744186046,5.465116279069767,textures,123,L14|Tnn|none
openood,textures_seed123,L14,Tnn,TINS,99.24831610680448,2.9069767441860463,textures,123,L14|Tnn|TINS
openood,textures_seed123,L14,Tnn,TANL,98.91600538329028,4.573643410852713,textures,123,L14|Tnn|TANL
openood,textures_seed123,L14,Tk20,none,98.68127024117142,5.155038759689923,textures,123,L14|Tk20|none
openood,textures_seed123,L14,Tk20,TINS,99.34168475452196,2.2868217054263567,textures,123,L14|Tk20|TINS
openood,textures_seed123,L14,Tk20,TANL,98.99524698535744,3.914728682170543,textures,123,L14|Tk20|TANL
openood,textures_seed123,L14,Tlp20,none,97.66149698535745,8.546511627906977,textures,123,L14|Tlp20|none
openood,textures_seed123,L14,Tlp20,TINS,99.30392248062016,2.751937984496124,textures,123,L14|Tlp20|TINS
openood,textures_seed123,L14,Tlp20,TANL,98.7585342377261,5.058139534883721,textures,123,L14|Tlp20|TANL
openood,textures_seed123,L14,SL,none,97.1229356158484,11.627906976744184,textures,123,L14|SL|none
openood,textures_seed123,L14,SL,TINS,98.88354995693366,4.689922480620155,textures,123,L14|SL|TINS
openood,textures_seed123,L14,SL,TANL,98.30645241171403,7.073643410852713,textures,123,L14|SL|TANL
openood,textures_seed123,L14,static,none,91.11401571920756,41.3953488372093,textures,123,L14|static|none
openood,textures_seed123,L14,static,TINS,98.42732601205856,6.957364341085272,textures,123,L14|static|TINS
openood,textures_seed123,L14,static,TANL,96.6674556416882,13.682170542635658,textures,123,L14|static|TANL
openood,textures_seed123,L14xD3L,T,none,98.7560930232558,4.534883720930233,textures,123,L14xD3L|T|none
openood,textures_seed123,L14xD3L,T,TINS,99.3699155900086,2.1511627906976747,textures,123,L14xD3L|T|TINS
openood,textures_seed123,L14xD3L,T,TANL,99.08723751076656,3.507751937984496,textures,123,L14xD3L|T|TANL
openood,textures_seed123,L14xD3L,Tlp,none,97.6176774332472,8.062015503875969,textures,123,L14xD3L|Tlp|none
openood,textures_seed123,L14xD3L,Tlp,TINS,99.30295262704566,2.8294573643410854,textures,123,L14xD3L|Tlp|TINS
openood,textures_seed123,L14xD3L,Tlp,TANL,98.8245279931094,4.39922480620155,textures,123,L14xD3L|Tlp|TANL
openood,textures_seed123,L14xD3L,Tq0.05,none,98.8420040913006,3.895348837209303,textures,123,L14xD3L|Tq0.05|none
openood,textures_seed123,L14xD3L,Tq0.05,TINS,99.3767540913006,1.937984496124031,textures,123,L14xD3L|Tq0.05|TINS
openood,textures_seed123,L14xD3L,Tq0.05,TANL,99.11289750215332,3.1589147286821704,textures,123,L14xD3L|Tq0.05|TANL
openood,textures_seed123,L14xD3L,Tq0.2,none,98.58733161068044,6.414728682170543,textures,123,L14xD3L|Tq0.2|none
openood,textures_seed123,L14xD3L,Tq0.2,TINS,99.31658828596038,2.713178294573644,textures,123,L14xD3L|Tq0.2|TINS
openood,textures_seed123,L14xD3L,Tq0.2,TANL,98.99631739879416,4.3604651162790695,textures,123,L14xD3L|Tq0.2|TANL
openood,textures_seed123,L14xD3L,Tnn,none,98.85517614125752,4.302325581395349,textures,123,L14xD3L|Tnn|none
openood,textures_seed123,L14xD3L,Tnn,TINS,99.35109388458226,2.2093023255813957,textures,123,L14xD3L|Tnn|TINS
openood,textures_seed123,L14xD3L,Tnn,TANL,99.10821274763136,3.352713178294574,textures,123,L14xD3L|Tnn|TANL
openood,textures_seed123,L14xD3L,Tk20,none,99.0056890611542,3.934108527131783,textures,123,L14xD3L|Tk20|none
openood,textures_seed123,L14xD3L,Tk20,TINS,99.4301455641688,1.976744186046512,textures,123,L14xD3L|Tk20|TINS
openood,textures_seed123,L14xD3L,Tk20,TANL,99.17065676141256,3.391472868217054,textures,123,L14xD3L|Tk20|TANL
openood,textures_seed123,L14xD3L,Tlp20,none,98.09563199827734,6.937984496124031,textures,123,L14xD3L|Tlp20|none
openood,textures_seed123,L14xD3L,Tlp20,TINS,99.36424461670974,2.3837209302325584,textures,123,L14xD3L|Tlp20|TINS
openood,textures_seed123,L14xD3L,Tlp20,TANL,98.90521683893196,4.341085271317829,textures,123,L14xD3L|Tlp20|TANL
openood,textures_seed123,D3B+D3L,T,none,99.1861711886305,3.217054263565892,textures,123,D3B+D3L|T|none
openood,textures_seed123,D3B+D3L,T,TINS,99.4423432385874,2.0155038759689923,textures,123,D3B+D3L|T|TINS
openood,textures_seed123,D3B+D3L,T,TANL,99.30695930232558,2.6937984496124034,textures,123,D3B+D3L|T|TANL
openood,textures_seed123,D3B+D3L,Tlp,none,98.23792463393626,5.62015503875969,textures,123,D3B+D3L|Tlp|none
openood,textures_seed123,D3B+D3L,Tlp,TINS,99.27321877691648,2.9069767441860463,textures,123,D3B+D3L|Tlp|TINS
openood,textures_seed123,D3B+D3L,Tlp,TANL,98.92928165374678,3.895348837209303,textures,123,D3B+D3L|Tlp|TANL
openood,textures_seed123,D3B+D3L,Tq0.05,none,99.19712144702842,2.9069767441860463,textures,123,D3B+D3L|Tq0.05|none
openood,textures_seed123,D3B+D3L,Tq0.05,TINS,99.44376485788116,1.8604651162790695,textures,123,D3B+D3L|Tq0.05|TINS
openood,textures_seed123,D3B+D3L,Tq0.05,TANL,99.30868001722654,2.5,textures,123,D3B+D3L|Tq0.05|TANL
openood,textures_seed123,D3B+D3L,Tq0.2,none,99.10951055124892,3.565891472868217,textures,123,D3B+D3L|Tq0.2|none
openood,textures_seed123,D3B+D3L,Tq0.2,TINS,99.40629758828597,2.3837209302325584,textures,123,D3B+D3L|Tq0.2|TINS
openood,textures_seed123,D3B+D3L,Tq0.2,TANL,99.25661886304908,3.081395348837209,textures,123,D3B+D3L|Tq0.2|TANL
openood,textures_seed123,D3B+D3L,Tnn,none,99.29676937984496,2.8875968992248064,textures,123,D3B+D3L|Tnn|none
openood,textures_seed123,D3B+D3L,Tnn,TINS,99.4721795865633,2.112403100775194,textures,123,D3B+D3L|Tnn|TINS
openood,textures_seed123,D3B+D3L,Tnn,TANL,99.3762678725237,2.5,textures,123,D3B+D3L|Tnn|TANL
openood,textures_seed123,D3B+D3L,Tk20,none,99.25803703703706,3.255813953488372,textures,123,D3B+D3L|Tk20|none
openood,textures_seed123,D3B+D3L,Tk20,TINS,99.45914599483204,2.0736434108527133,textures,123,D3B+D3L|Tk20|TINS
openood,textures_seed123,D3B+D3L,Tk20,TANL,99.33357235142118,2.713178294573644,textures,123,D3B+D3L|Tk20|TANL
openood,textures_seed123,D3B+D3L,Tlp20,none,98.48006395348835,5.523255813953488,textures,123,D3B+D3L|Tlp20|none
openood,textures_seed123,D3B+D3L,Tlp20,TINS,99.31736434108528,2.48062015503876,textures,123,D3B+D3L|Tlp20|TINS
openood,textures_seed123,D3B+D3L,Tlp20,TANL,99.00332149009476,3.74031007751938,textures,123,D3B+D3L|Tlp20|TANL
openood,textures_seed123,D3B+D3L,SL,none,98.3694556416882,6.22093023255814,textures,123,D3B+D3L|SL|none
openood,textures_seed123,D3B+D3L,SL,TINS,99.04073471145564,3.992248062015504,textures,123,D3B+D3L|SL|TINS
openood,textures_seed123,D3B+D3L,SL,TANL,98.8317497846684,4.534883720930233,textures,123,D3B+D3L|SL|TANL
openood,textures_seed123,D3B+D3L,static,none,91.74380921619291,37.713178294573645,textures,123,D3B+D3L|static|none
openood,textures_seed123,D3B+D3L,static,TINS,98.00553402239449,8.565891472868218,textures,123,D3B+D3L|static|TINS
openood,textures_seed123,D3B+D3L,static,TANL,96.13377045650302,18.23643410852713,textures,123,D3B+D3L|static|TANL
openood,textures_seed123,L14+D3B+D3L,T,none,99.18165202411714,3.3139534883720927,textures,123,L14+D3B+D3L|T|none
openood,textures_seed123,L14+D3B+D3L,T,TINS,99.39508354866496,2.3449612403100777,textures,123,L14+D3B+D3L|T|TINS
openood,textures_seed123,L14+D3B+D3L,T,TANL,99.2753227820844,2.9651162790697674,textures,123,L14+D3B+D3L|T|TANL
openood,textures_seed123,L14+D3B+D3L,Tlp,none,98.3658671403962,5.5813953488372094,textures,123,L14+D3B+D3L|Tlp|none
openood,textures_seed123,L14+D3B+D3L,Tlp,TINS,99.22485228251506,3.294573643410853,textures,123,L14+D3B+D3L|Tlp|TINS
openood,textures_seed123,L14+D3B+D3L,Tlp,TANL,98.89443647717484,4.089147286821706,textures,123,L14+D3B+D3L|Tlp|TANL
openood,textures_seed123,L14+D3B+D3L,Tq0.05,none,99.20803143841516,3.062015503875969,textures,123,L14+D3B+D3L|Tq0.05|none
openood,textures_seed123,L14+D3B+D3L,Tq0.05,TINS,99.40817398794144,2.228682170542636,textures,123,L14+D3B+D3L|Tq0.05|TINS
openood,textures_seed123,L14+D3B+D3L,Tq0.05,TANL,99.29152756244616,2.751937984496124,textures,123,L14+D3B+D3L|Tq0.05|TANL
openood,textures_seed123,L14+D3B+D3L,Tq0.2,none,99.09922695951768,3.72093023255814,textures,123,L14+D3B+D3L|Tq0.2|none
openood,textures_seed123,L14+D3B+D3L,Tq0.2,TINS,99.3495667527993,2.7906976744186047,textures,123,L14+D3B+D3L|Tq0.2|TINS
openood,textures_seed123,L14+D3B+D3L,Tq0.2,TANL,99.21581373815678,3.294573643410853,textures,123,L14+D3B+D3L|Tq0.2|TANL
openood,textures_seed123,L14+D3B+D3L,Tnn,none,99.26852540913006,3.0232558139534884,textures,123,L14+D3B+D3L|Tnn|none
openood,textures_seed123,L14+D3B+D3L,Tnn,TINS,99.41303057708872,2.422480620155039,textures,123,L14+D3B+D3L|Tnn|TINS
openood,textures_seed123,L14+D3B+D3L,Tnn,TANL,99.3298225667528,2.751937984496124,textures,123,L14+D3B+D3L|Tnn|TANL
openood,textures_seed123,L14+D3B+D3L,Tk20,none,99.24721834625322,3.12015503875969,textures,123,L14+D3B+D3L|Tk20|none
openood,textures_seed123,L14+D3B+D3L,Tk20,TINS,99.41954435831178,2.189922480620156,textures,123,L14+D3B+D3L|Tk20|TINS
openood,textures_seed123,L14+D3B+D3L,Tk20,TANL,99.30827734711454,2.810077519379845,textures,123,L14+D3B+D3L|Tk20|TANL
openood,textures_seed123,L14+D3B+D3L,Tlp20,none,98.60861455641688,4.922480620155039,textures,123,L14+D3B+D3L|Tlp20|none
openood,textures_seed123,L14+D3B+D3L,Tlp20,TINS,99.29073686477174,2.9651162790697674,textures,123,L14+D3B+D3L|Tlp20|TINS
openood,textures_seed123,L14+D3B+D3L,Tlp20,TANL,98.9945260551249,3.74031007751938,textures,123,L14+D3B+D3L|Tlp20|TANL
openood,textures_seed123,L14+D3B+D3L,SL,none,98.40054263565892,6.2984496124031,textures,123,L14+D3B+D3L|SL|none
openood,textures_seed123,L14+D3B+D3L,SL,TINS,98.9516813092162,4.418604651162791,textures,123,L14+D3B+D3L|SL|TINS
openood,textures_seed123,L14+D3B+D3L,SL,TANL,98.74445521102498,5.058139534883721,textures,123,L14+D3B+D3L|SL|TANL
openood,textures_seed123,L14+D3B+D3L,static,none,92.1791854005168,36.27906976744186,textures,123,L14+D3B+D3L|static|none
openood,textures_seed123,L14+D3B+D3L,static,TINS,97.6067441860465,10.69767441860465,textures,123,L14+D3B+D3L|static|TINS
openood,textures_seed123,L14+D3B+D3L,static,TANL,95.5550762273902,22.34496124031008,textures,123,L14+D3B+D3L|static|TANL
openood,textures_seed123,B14+L14+D3L,T,none,99.06986261843238,3.643410852713178,textures,123,B14+L14+D3L|T|none
openood,textures_seed123,B14+L14+D3L,T,TINS,99.33658742463392,2.5775193798449614,textures,123,B14+L14+D3L|T|TINS
openood,textures_seed123,B14+L14+D3L,T,TANL,99.18484668389318,3.236434108527132,textures,123,B14+L14+D3L|T|TANL
openood,textures_seed123,B14+L14+D3L,Tlp,none,98.2170400516796,6.472868217054264,textures,123,B14+L14+D3L|Tlp|none
openood,textures_seed123,B14+L14+D3L,Tlp,TINS,99.1916813092162,3.5465116279069764,textures,123,B14+L14+D3L|Tlp|TINS
openood,textures_seed123,B14+L14+D3L,Tlp,TANL,98.80874289405683,4.6317829457364335,textures,123,B14+L14+D3L|Tlp|TANL
openood,textures_seed123,B14+L14+D3L,Tq0.05,none,99.11201937984497,3.430232558139535,textures,123,B14+L14+D3L|Tq0.05|none
openood,textures_seed123,B14+L14+D3L,Tq0.05,TINS,99.36126701119724,2.306201550387597,textures,123,B14+L14+D3L|Tq0.05|TINS
openood,textures_seed123,B14+L14+D3L,Tq0.05,TANL,99.2145824720069,2.926356589147287,textures,123,B14+L14+D3L|Tq0.05|TANL
openood,textures_seed123,B14+L14+D3L,Tq0.2,none,98.97966946597762,4.205426356589148,textures,123,B14+L14+D3L|Tq0.2|none
openood,textures_seed123,B14+L14+D3L,Tq0.2,TINS,99.28866279069769,3.003875968992248,textures,123,B14+L14+D3L|Tq0.2|TINS
openood,textures_seed123,B14+L14+D3L,Tq0.2,TANL,99.12016774332471,3.662790697674419,textures,123,B14+L14+D3L|Tq0.2|TANL
openood,textures_seed123,B14+L14+D3L,Tnn,none,99.14957601205856,3.333333333333333,textures,123,B14+L14+D3L|Tnn|none
openood,textures_seed123,B14+L14+D3L,Tnn,TINS,99.33296382428942,2.635658914728682,textures,123,B14+L14+D3L|Tnn|TINS
openood,textures_seed123,B14+L14+D3L,Tnn,TANL,99.22562575366062,3.1395348837209305,textures,123,B14+L14+D3L|Tnn|TANL
openood,textures_seed123,B14+L14+D3L,Tk20,none,99.15345822566752,3.565891472868217,textures,123,B14+L14+D3L|Tk20|none
openood,textures_seed123,B14+L14+D3L,Tk20,TINS,99.3744354005168,2.3643410852713176,textures,123,B14+L14+D3L|Tk20|TINS
openood,textures_seed123,B14+L14+D3L,Tk20,TANL,99.23192592592592,3.1589147286821704,textures,123,B14+L14+D3L|Tk20|TANL
openood,textures_seed123,B14+L14+D3L,Tlp20,none,98.46396059431524,5.794573643410852,textures,123,B14+L14+D3L|Tlp20|none
openood,textures_seed123,B14+L14+D3L,Tlp20,TINS,99.25703789836348,3.081395348837209,textures,123,B14+L14+D3L|Tlp20|TINS
openood,textures_seed123,B14+L14+D3L,Tlp20,TANL,98.9036208010336,4.341085271317829,textures,123,B14+L14+D3L|Tlp20|TANL
openood,textures_seed123,B14+L14+D3L,SL,none,98.14692635658912,7.344961240310077,textures,123,B14+L14+D3L|SL|none
openood,textures_seed123,B14+L14+D3L,SL,TINS,98.82222351421188,5.038759689922481,textures,123,B14+L14+D3L|SL|TINS
openood,textures_seed123,B14+L14+D3L,SL,TANL,98.54990267011198,6.007751937984496,textures,123,B14+L14+D3L|SL|TANL
openood,textures_seed123,B14+L14+D3L,static,none,92.31421533161068,36.41472868217054,textures,123,B14+L14+D3L|static|none
openood,textures_seed123,B14+L14+D3L,static,TINS,97.6327941429802,10.562015503875967,textures,123,B14+L14+D3L|static|TINS
openood,textures_seed123,B14+L14+D3L,static,TANL,95.592729543497,21.705426356589147,textures,123,B14+L14+D3L|static|TANL
openood,textures_seed123,B14+L14+D3B+D3L,T,none,99.20497739018089,3.1589147286821704,textures,123,B14+L14+D3B+D3L|T|none
openood,textures_seed123,B14+L14+D3B+D3L,T,TINS,99.37952497846685,2.3449612403100777,textures,123,B14+L14+D3B+D3L|T|TINS
openood,textures_seed123,B14+L14+D3B+D3L,T,TANL,99.27827174849268,2.810077519379845,textures,123,B14+L14+D3B+D3L|T|TANL
openood,textures_seed123,B14+L14+D3B+D3L,Tlp,none,98.43085422049955,5.406976744186046,textures,123,B14+L14+D3B+D3L|Tlp|none
openood,textures_seed123,B14+L14+D3B+D3L,Tlp,TINS,99.16199827734712,3.430232558139535,textures,123,B14+L14+D3B+D3L|Tlp|TINS
openood,textures_seed123,B14+L14+D3B+D3L,Tlp,TANL,98.85624074074074,4.263565891472868,textures,123,B14+L14+D3B+D3L|Tlp|TANL
openood,textures_seed123,B14+L14+D3B+D3L,Tq0.05,none,99.23839642549528,2.7906976744186047,textures,123,B14+L14+D3B+D3L|Tq0.05|none
openood,textures_seed123,B14+L14+D3B+D3L,Tq0.05,TINS,99.4007213608958,2.1705426356589146,textures,123,B14+L14+D3B+D3L|Tq0.05|TINS
openood,textures_seed123,B14+L14+D3B+D3L,Tq0.05,TANL,99.30336993970714,2.5387596899224807,textures,123,B14+L14+D3B+D3L|Tq0.05|TANL
openood,textures_seed123,B14+L14+D3B+D3L,Tq0.2,none,99.1293873815676,3.507751937984496,textures,123,B14+L14+D3B+D3L|Tq0.2|none
openood,textures_seed123,B14+L14+D3B+D3L,Tq0.2,TINS,99.33141085271318,2.7713178294573644,textures,123,B14+L14+D3B+D3L|Tq0.2|TINS
openood,textures_seed123,B14+L14+D3B+D3L,Tq0.2,TANL,99.2191494401378,3.217054263565892,textures,123,B14+L14+D3B+D3L|Tq0.2|TANL
openood,textures_seed123,B14+L14+D3B+D3L,Tnn,none,99.28748083548663,2.7713178294573644,textures,123,B14+L14+D3B+D3L|Tnn|none
openood,textures_seed123,B14+L14+D3B+D3L,Tnn,TINS,99.40114039621018,2.3643410852713176,textures,123,B14+L14+D3B+D3L|Tnn|TINS
openood,textures_seed123,B14+L14+D3B+D3L,Tnn,TANL,99.33340956072352,2.635658914728682,textures,123,B14+L14+D3B+D3L|Tnn|TANL
openood,textures_seed123,B14+L14+D3B+D3L,Tk20,none,99.26441429801896,3.0232558139534884,textures,123,B14+L14+D3B+D3L|Tk20|none
openood,textures_seed123,B14+L14+D3B+D3L,Tk20,TINS,99.4055684754522,2.3837209302325584,textures,123,B14+L14+D3B+D3L|Tk20|TINS
openood,textures_seed123,B14+L14+D3B+D3L,Tk20,TANL,99.31311154177432,2.7713178294573644,textures,123,B14+L14+D3B+D3L|Tk20|TANL
openood,textures_seed123,B14+L14+D3B+D3L,Tlp20,none,98.64738888888888,5.0,textures,123,B14+L14+D3B+D3L|Tlp20|none
openood,textures_seed123,B14+L14+D3B+D3L,Tlp20,TINS,99.2336528854436,3.2751937984496124,textures,123,B14+L14+D3B+D3L|Tlp20|TINS
openood,textures_seed123,B14+L14+D3B+D3L,Tlp20,TANL,98.96106050818258,4.050387596899225,textures,123,B14+L14+D3B+D3L|Tlp20|TANL
openood,textures_seed123,B14+L14+D3B+D3L,SL,none,98.42814254952629,6.3565891472868215,textures,123,B14+L14+D3B+D3L|SL|none
openood,textures_seed123,B14+L14+D3B+D3L,SL,TINS,98.88451636520242,4.651162790697675,textures,123,B14+L14+D3B+D3L|SL|TINS
openood,textures_seed123,B14+L14+D3B+D3L,SL,TANL,98.7030060292851,5.1937984496124034,textures,123,B14+L14+D3B+D3L|SL|TANL
openood,textures_seed123,B14+L14+D3B+D3L,static,none,92.31474698535744,36.007751937984494,textures,123,B14+L14+D3B+D3L|static|none
openood,textures_seed123,B14+L14+D3B+D3L,static,TINS,97.19224289405685,12.771317829457365,textures,123,B14+L14+D3B+D3L|static|TINS
openood,textures_seed123,B14+L14+D3B+D3L,static,TANL,95.12920499569336,25.13565891472868,textures,123,B14+L14+D3B+D3L|static|TANL
openood,textures_seed123,B14+L14,T,none,98.93621468561584,4.341085271317829,textures,123,B14+L14|T|none
openood,textures_seed123,B14+L14,T,TINS,99.33355038759689,2.6550387596899228,textures,123,B14+L14|T|TINS
openood,textures_seed123,B14+L14,T,TANL,99.11873815676142,3.662790697674419,textures,123,B14+L14|T|TANL
openood,textures_seed123,B14+L14,Tlp,none,97.91847308354868,7.538759689922481,textures,123,B14+L14|Tlp|none
openood,textures_seed123,B14+L14,Tlp,TINS,99.2358587424634,3.372093023255814,textures,123,B14+L14|Tlp|TINS
openood,textures_seed123,B14+L14,Tlp,TANL,98.77561391042204,5.174418604651162,textures,123,B14+L14|Tlp|TANL
openood,textures_seed123,B14+L14,Tq0.05,none,98.99841989664084,4.166666666666666,textures,123,B14+L14|Tq0.05|none
openood,textures_seed123,B14+L14,Tq0.05,TINS,99.36777217915588,2.5,textures,123,B14+L14|Tq0.05|TINS
openood,textures_seed123,B14+L14,Tq0.05,TANL,99.1625745047373,3.333333333333333,textures,123,B14+L14|Tq0.05|TANL
openood,textures_seed123,B14+L14,Tq0.2,none,98.8352260981912,5.116279069767442,textures,123,B14+L14|Tq0.2|none
openood,textures_seed123,B14+L14,Tq0.2,TINS,99.28876528854435,3.1395348837209305,textures,123,B14+L14|Tq0.2|TINS
openood,textures_seed123,B14+L14,Tq0.2,TANL,99.05571253229976,4.205426356589148,textures,123,B14+L14|Tq0.2|TANL
openood,textures_seed123,B14+L14,Tnn,none,99.01424870801031,4.069767441860465,textures,123,B14+L14|Tnn|none
openood,textures_seed123,B14+L14,Tnn,TINS,99.30631610680447,2.6744186046511627,textures,123,B14+L14|Tnn|TINS
openood,textures_seed123,B14+L14,Tnn,TANL,99.13945198105084,3.488372093023256,textures,123,B14+L14|Tnn|TANL
openood,textures_seed123,B14+L14,Tk20,none,99.02467248062014,4.127906976744186,textures,123,B14+L14|Tk20|none
openood,textures_seed123,B14+L14,Tk20,TINS,99.36290396210164,2.635658914728682,textures,123,B14+L14|Tk20|TINS
openood,textures_seed123,B14+L14,Tk20,TANL,99.15635228251509,3.5465116279069764,textures,123,B14+L14|Tk20|TANL
openood,textures_seed123,B14+L14,Tlp20,none,98.16372502153315,6.686046511627906,textures,123,B14+L14|Tlp20|none
openood,textures_seed123,B14+L14,Tlp20,TINS,99.27023987941432,3.081395348837209,textures,123,B14+L14|Tlp20|TINS
openood,textures_seed123,B14+L14,Tlp20,TANL,98.82745865633076,4.476744186046512,textures,123,B14+L14|Tlp20|TANL
openood,textures_seed123,B14+L14,SL,none,97.82381373815676,8.759689922480622,textures,123,B14+L14|SL|none
openood,textures_seed123,B14+L14,SL,TINS,98.83074461670972,5.174418604651162,textures,123,B14+L14|SL|TINS
openood,textures_seed123,B14+L14,SL,TANL,98.44742420327304,6.531007751937984,textures,123,B14+L14|SL|TANL
openood,textures_seed123,B14+L14,static,none,91.7744758828596,39.98062015503876,textures,123,B14+L14|static|none
openood,textures_seed123,B14+L14,static,TINS,98.00498406546082,9.108527131782946,textures,123,B14+L14|static|TINS
openood,textures_seed123,B14+L14,static,TANL,96.00809560723516,18.74031007751938,textures,123,B14+L14|static|TANL
openood,textures_seed124,L14xD3L+D3L,T,none,98.88054608096466,4.224806201550388,textures,124,L14xD3L+D3L|T|none
openood,textures_seed124,L14xD3L+D3L,T,TINS,99.29563006029284,2.5,textures,124,L14xD3L+D3L|T|TINS
openood,textures_seed124,L14xD3L+D3L,T,TANL,99.07968389319552,3.4689922480620154,textures,124,L14xD3L+D3L|T|TANL
openood,textures_seed124,L14xD3L+D3L,Tlp,none,97.78509991386736,7.55813953488372,textures,124,L14xD3L+D3L|Tlp|none
openood,textures_seed124,L14xD3L+D3L,Tlp,TINS,99.16863135228252,3.333333333333333,textures,124,L14xD3L+D3L|Tlp|TINS
openood,textures_seed124,L14xD3L+D3L,Tlp,TANL,98.69115913006029,4.728682170542635,textures,124,L14xD3L+D3L|Tlp|TANL
openood,textures_seed124,L14xD3L+D3L,Tq0.05,none,98.92649117140397,3.77906976744186,textures,124,L14xD3L+D3L|Tq0.05|none
openood,textures_seed124,L14xD3L+D3L,Tq0.05,TINS,99.30827519379844,2.228682170542636,textures,124,L14xD3L+D3L|Tq0.05|TINS
openood,textures_seed124,L14xD3L+D3L,Tq0.05,TANL,99.0996531007752,3.1782945736434107,textures,124,L14xD3L+D3L|Tq0.05|TANL
openood,textures_seed124,L14xD3L+D3L,Tq0.2,none,98.74604952627048,5.232558139534884,textures,124,L14xD3L+D3L|Tq0.2|none
openood,textures_seed124,L14xD3L+D3L,Tq0.2,TINS,99.23419465977604,3.081395348837209,textures,124,L14xD3L+D3L|Tq0.2|TINS
openood,textures_seed124,L14xD3L+D3L,Tq0.2,TANL,98.98812166236004,4.147286821705427,textures,124,L14xD3L+D3L|Tq0.2|TANL
openood,textures_seed124,L14xD3L+D3L,Tnn,none,98.96195262704566,3.895348837209303,textures,124,L14xD3L+D3L|Tnn|none
openood,textures_seed124,L14xD3L+D3L,Tnn,TINS,99.27209173126612,2.713178294573644,textures,124,L14xD3L+D3L|Tnn|TINS
openood,textures_seed124,L14xD3L+D3L,Tnn,TANL,99.10335185185184,3.333333333333333,textures,124,L14xD3L+D3L|Tnn|TANL
openood,textures_seed124,L14xD3L+D3L,Tk20,none,99.05992915590008,3.643410852713178,textures,124,L14xD3L+D3L|Tk20|none
openood,textures_seed124,L14xD3L+D3L,Tk20,TINS,99.37047631352284,2.189922480620156,textures,124,L14xD3L+D3L|Tk20|TINS
openood,textures_seed124,L14xD3L+D3L,Tk20,TANL,99.17840030146424,3.1782945736434107,textures,124,L14xD3L+D3L|Tk20|TANL
openood,textures_seed124,L14xD3L+D3L,Tlp20,none,98.19722760551248,6.492248062015504,textures,124,L14xD3L+D3L|Tlp20|none
openood,textures_seed124,L14xD3L+D3L,Tlp20,TINS,99.25545822566754,2.926356589147287,textures,124,L14xD3L+D3L|Tlp20|TINS
openood,textures_seed124,L14xD3L+D3L,Tlp20,TANL,98.84014211886306,4.263565891472868,textures,124,L14xD3L+D3L|Tlp20|TANL
openood,textures_seed124,L14+D3L,T,none,98.93295111972436,4.341085271317829,textures,124,L14+D3L|T|none
openood,textures_seed124,L14+D3L,T,TINS,99.32629974160209,2.616279069767442,textures,124,L14+D3L|T|TINS
openood,textures_seed124,L14+D3L,T,TANL,99.11472631352282,3.5465116279069764,textures,124,L14+D3L|T|TANL
openood,textures_seed124,L14+D3L,Tlp,none,97.9800645994832,7.1899224806201545,textures,124,L14+D3L|Tlp|none
openood,textures_seed124,L14+D3L,Tlp,TINS,99.24172136089578,3.1976744186046515,textures,124,L14+D3L|Tlp|TINS
openood,textures_seed124,L14+D3L,Tlp,TANL,98.80411950904391,4.8062015503875966,textures,124,L14+D3L|Tlp|TANL
openood,textures_seed124,L14+D3L,Tq0.05,none,98.9730803186908,3.895348837209303,textures,124,L14+D3L|Tq0.05|none
openood,textures_seed124,L14+D3L,Tq0.05,TINS,99.3432015503876,2.2868217054263567,textures,124,L14+D3L|Tq0.05|TINS
openood,textures_seed124,L14+D3L,Tq0.05,TANL,99.13549117140396,3.255813953488372,textures,124,L14+D3L|Tq0.05|TANL
openood,textures_seed124,L14+D3L,Tq0.2,none,98.81279694229114,5.155038759689923,textures,124,L14+D3L|Tq0.2|none
openood,textures_seed124,L14+D3L,Tq0.2,TINS,99.27837769164512,3.003875968992248,textures,124,L14+D3L|Tq0.2|TINS
openood,textures_seed124,L14+D3L,Tq0.2,TANL,99.03974547803617,4.166666666666666,textures,124,L14+D3L|Tq0.2|TANL
openood,textures_seed124,L14+D3L,Tnn,none,99.0183085701981,3.8372093023255816,textures,124,L14+D3L|Tnn|none
openood,textures_seed124,L14+D3L,Tnn,TINS,99.3050503875969,2.6550387596899228,textures,124,L14+D3L|Tnn|TINS
openood,textures_seed124,L14+D3L,Tnn,TANL,99.14605211024978,3.4108527131782944,textures,124,L14+D3L|Tnn|TANL
openood,textures_seed124,L14+D3L,Tk20,none,99.04880598621877,3.643410852713178,textures,124,L14+D3L|Tk20|none
openood,textures_seed124,L14+D3L,Tk20,TINS,99.3697239448751,2.2093023255813957,textures,124,L14+D3L|Tk20|TINS
openood,textures_seed124,L14+D3L,Tk20,TANL,99.17139599483204,3.333333333333333,textures,124,L14+D3L|Tk20|TANL
openood,textures_seed124,L14+D3L,Tlp20,none,98.30140999138676,6.3565891472868215,textures,124,L14+D3L|Tlp20|none
openood,textures_seed124,L14+D3L,Tlp20,TINS,99.29371447028424,2.9069767441860463,textures,124,L14+D3L|Tlp20|TINS
openood,textures_seed124,L14+D3L,Tlp20,TANL,98.89929285099052,4.244186046511628,textures,124,L14+D3L|Tlp20|TANL
openood,textures_seed124,L14+D3L,SL,none,98.0060710594315,8.15891472868217,textures,124,L14+D3L|SL|none
openood,textures_seed124,L14+D3L,SL,TINS,98.8771253229974,4.670542635658915,textures,124,L14+D3L|SL|TINS
openood,textures_seed124,L14+D3L,SL,TANL,98.58324332472009,5.872093023255814,textures,124,L14+D3L|SL|TANL
openood,textures_seed124,L14+D3L,static,none,92.08911584840656,36.25968992248062,textures,124,L14+D3L|static|none
openood,textures_seed124,L14+D3L,static,TINS,97.92807493540052,9.244186046511627,textures,124,L14+D3L|static|TINS
openood,textures_seed124,L14+D3L,static,TANL,96.13739987080103,17.383720930232556,textures,124,L14+D3L|static|TANL
openood,textures_seed124,D3L,T,none,98.7842138242894,4.496124031007752,textures,124,D3L|T|none
openood,textures_seed124,D3L,T,TINS,99.37578596037898,2.131782945736434,textures,124,D3L|T|TINS
openood,textures_seed124,D3L,T,TANL,99.10335228251508,3.1976744186046515,textures,124,D3L|T|TANL
openood,textures_seed124,D3L,Tlp,none,97.54432579672697,8.10077519379845,textures,124,D3L|Tlp|none
openood,textures_seed124,D3L,Tlp,TINS,99.24444487510767,2.8682170542635657,textures,124,D3L|Tlp|TINS
openood,textures_seed124,D3L,Tlp,TANL,98.78439836347977,4.263565891472868,textures,124,D3L|Tlp|TANL
openood,textures_seed124,D3L,Tq0.05,none,98.8013850129199,4.0310077519379846,textures,124,D3L|Tq0.05|none
openood,textures_seed124,D3L,Tq0.05,TINS,99.36750430663224,2.0155038759689923,textures,124,D3L|Tq0.05|TINS
openood,textures_seed124,D3L,Tq0.05,TANL,99.09169487510766,3.10077519379845,textures,124,D3L|Tq0.05|TANL
openood,textures_seed124,D3L,Tq0.2,none,98.66087144702844,5.968992248062016,textures,124,D3L|Tq0.2|none
openood,textures_seed124,D3L,Tq0.2,TINS,99.3472984496124,2.558139534883721,textures,124,D3L|Tq0.2|TINS
openood,textures_seed124,D3L,Tq0.2,TANL,99.04398923341948,3.875968992248062,textures,124,D3L|Tq0.2|TANL
openood,textures_seed124,D3L,Tnn,none,98.92278919035316,3.934108527131783,textures,124,D3L|Tnn|none
openood,textures_seed124,D3L,Tnn,TINS,99.37407665805344,2.189922480620156,textures,124,D3L|Tnn|TINS
openood,textures_seed124,D3L,Tnn,TANL,99.15428746770029,3.1782945736434107,textures,124,D3L|Tnn|TANL
openood,textures_seed124,D3L,Tk20,none,98.9505723514212,3.817829457364341,textures,124,D3L|Tk20|none
openood,textures_seed124,D3L,Tk20,TINS,99.40895865633075,2.0348837209302326,textures,124,D3L|Tk20|TINS
openood,textures_seed124,D3L,Tk20,TANL,99.15,3.12015503875969,textures,124,D3L|Tk20|TANL
openood,textures_seed124,D3L,Tlp20,none,97.9377017657192,7.1899224806201545,textures,124,D3L|Tlp20|none
openood,textures_seed124,D3L,Tlp20,TINS,99.27403574504736,2.732558139534884,textures,124,D3L|Tlp20|TINS
openood,textures_seed124,D3L,Tlp20,TANL,98.85770628768304,3.895348837209303,textures,124,D3L|Tlp20|TANL
openood,textures_seed124,D3L,SL,none,97.79035723514212,8.701550387596898,textures,124,D3L|SL|none
openood,textures_seed124,D3L,SL,TINS,98.96146899224809,3.895348837209303,textures,124,D3L|SL|TINS
openood,textures_seed124,D3L,SL,TANL,98.67689405684756,5.3100775193798455,textures,124,D3L|SL|TANL
openood,textures_seed124,D3L,static,none,91.57541752799312,37.8875968992248,textures,124,D3L|static|none
openood,textures_seed124,D3L,static,TINS,98.32210637381569,7.48062015503876,textures,124,D3L|static|TINS
openood,textures_seed124,D3L,static,TANL,96.98551033591733,12.267441860465116,textures,124,D3L|static|TANL
openood,textures_seed124,L14,T,none,98.50240869939708,5.852713178294574,textures,124,L14|T|none
openood,textures_seed124,L14,T,TINS,99.28327088716624,2.6937984496124034,textures,124,L14|T|TINS
openood,textures_seed124,L14,T,TANL,98.93081309216193,4.476744186046512,textures,124,L14|T|TANL
openood,textures_seed124,L14,Tlp,none,97.25273858742464,9.709302325581396,textures,124,L14|Tlp|none
openood,textures_seed124,L14,Tlp,TINS,99.19073557278207,3.217054263565892,textures,124,L14|Tlp|TINS
openood,textures_seed124,L14,Tlp,TANL,98.69067398794144,5.930232558139535,textures,124,L14|Tlp|TANL
openood,textures_seed124,L14,Tq0.05,none,98.58697695951764,5.3100775193798455,textures,124,L14|Tq0.05|none
openood,textures_seed124,L14,Tq0.05,TINS,99.30967527993108,2.5,textures,124,L14|Tq0.05|TINS
openood,textures_seed124,L14,Tq0.05,TANL,98.9705043066322,4.011627906976744,textures,124,L14|Tq0.05|TANL
openood,textures_seed124,L14,Tq0.2,none,98.3019293712317,7.635658914728682,textures,124,L14|Tq0.2|none
openood,textures_seed124,L14,Tq0.2,TINS,99.23465805340224,3.430232558139535,textures,124,L14|Tq0.2|TINS
openood,textures_seed124,L14,Tq0.2,TANL,98.84806782945736,5.426356589147287,textures,124,L14|Tq0.2|TANL
openood,textures_seed124,L14,Tnn,none,98.58901894918174,5.465116279069767,textures,124,L14|Tnn|none
openood,textures_seed124,L14,Tnn,TINS,99.23378897502153,2.8875968992248064,textures,124,L14|Tnn|TINS
openood,textures_seed124,L14,Tnn,TANL,98.91368863049097,4.612403100775194,textures,124,L14|Tnn|TANL
openood,textures_seed124,L14,Tk20,none,98.68127110249786,5.155038759689923,textures,124,L14|Tk20|none
openood,textures_seed124,L14,Tk20,TINS,99.3153143841516,2.5775193798449614,textures,124,L14|Tk20|TINS
openood,textures_seed124,L14,Tk20,TANL,98.990407622739,3.992248062015504,textures,124,L14|Tk20|TANL
openood,textures_seed124,L14,Tlp20,none,97.66151851851852,8.546511627906977,textures,124,L14|Tlp20|none
openood,textures_seed124,L14,Tlp20,TINS,99.23130964685616,2.7906976744186047,textures,124,L14|Tlp20|TINS
openood,textures_seed124,L14,Tlp20,TANL,98.75224956933678,5.271317829457364,textures,124,L14|Tlp20|TANL
openood,textures_seed124,L14,SL,none,97.09074655469423,11.608527131782946,textures,124,L14|SL|none
openood,textures_seed124,L14,SL,TINS,98.81353962101636,4.922480620155039,textures,124,L14|SL|TINS
openood,textures_seed124,L14,SL,TANL,98.34650710594316,7.093023255813953,textures,124,L14|SL|TANL
openood,textures_seed124,L14,static,none,91.11401571920756,41.3953488372093,textures,124,L14|static|none
openood,textures_seed124,L14,static,TINS,98.21877304048236,8.12015503875969,textures,124,L14|static|TINS
openood,textures_seed124,L14,static,TANL,96.65680404823426,13.72093023255814,textures,124,L14|static|TANL
openood,textures_seed124,L14xD3L,T,none,98.75609022394488,4.534883720930233,textures,124,L14xD3L|T|none
openood,textures_seed124,L14xD3L,T,TINS,99.356665374677,2.2868217054263567,textures,124,L14xD3L|T|TINS
openood,textures_seed124,L14xD3L,T,TANL,99.08444293712316,3.4689922480620154,textures,124,L14xD3L|T|TANL
openood,textures_seed124,L14xD3L,Tlp,none,97.61767463393628,8.062015503875969,textures,124,L14xD3L|Tlp|none
openood,textures_seed124,L14xD3L,Tlp,TINS,99.25448234280792,2.8294573643410854,textures,124,L14xD3L|Tlp|TINS
openood,textures_seed124,L14xD3L,Tlp,TANL,98.8111894918174,4.573643410852713,textures,124,L14xD3L|Tlp|TANL
openood,textures_seed124,L14xD3L,Tq0.05,none,98.84199956933678,3.895348837209303,textures,124,L14xD3L|Tq0.05|none
openood,textures_seed124,L14xD3L,Tq0.05,TINS,99.3694310938846,1.937984496124031,textures,124,L14xD3L|Tq0.05|TINS
openood,textures_seed124,L14xD3L,Tq0.05,TANL,99.1104052540913,3.1782945736434107,textures,124,L14xD3L|Tq0.05|TANL
openood,textures_seed124,L14xD3L,Tq0.2,none,98.58733311800172,6.414728682170543,textures,124,L14xD3L|Tq0.2|none
openood,textures_seed124,L14xD3L,Tq0.2,TINS,99.30296942291127,2.7906976744186047,textures,124,L14xD3L|Tq0.2|TINS
openood,textures_seed124,L14xD3L,Tq0.2,TANL,98.9929252799311,4.244186046511628,textures,124,L14xD3L|Tq0.2|TANL
openood,textures_seed124,L14xD3L,Tnn,none,98.85517506459948,4.302325581395349,textures,124,L14xD3L|Tnn|none
openood,textures_seed124,L14xD3L,Tnn,TINS,99.3382881136951,2.2868217054263567,textures,124,L14xD3L|Tnn|TINS
openood,textures_seed124,L14xD3L,Tnn,TANL,99.10518712316969,3.4689922480620154,textures,124,L14xD3L|Tnn|TANL
openood,textures_seed124,L14xD3L,Tk20,none,99.0056890611542,3.934108527131783,textures,124,L14xD3L|Tk20|none
openood,textures_seed124,L14xD3L,Tk20,TINS,99.4223509905254,2.112403100775194,textures,124,L14xD3L|Tk20|TINS
openood,textures_seed124,L14xD3L,Tk20,TANL,99.16647071490095,3.4496124031007755,textures,124,L14xD3L|Tk20|TANL
openood,textures_seed124,L14xD3L,Tlp20,none,98.09563156761412,6.937984496124031,textures,124,L14xD3L|Tlp20|none
openood,textures_seed124,L14xD3L,Tlp20,TINS,99.31289233419469,2.616279069767442,textures,124,L14xD3L|Tlp20|TINS
openood,textures_seed124,L14xD3L,Tlp20,TANL,98.89301744186044,4.127906976744186,textures,124,L14xD3L|Tlp20|TANL
openood,textures_seed124,D3B+D3L,T,none,99.18617054263564,3.217054263565892,textures,124,D3B+D3L|T|none
openood,textures_seed124,D3B+D3L,T,TINS,99.4366813092162,2.0736434108527133,textures,124,D3B+D3L|T|TINS
openood,textures_seed124,D3B+D3L,T,TANL,99.30633527131782,2.7713178294573644,textures,124,D3B+D3L|T|TANL
openood,textures_seed124,D3B+D3L,Tlp,none,98.23792248062016,5.62015503875969,textures,124,D3B+D3L|Tlp|none
openood,textures_seed124,D3B+D3L,Tlp,TINS,99.24789965546942,2.6937984496124034,textures,124,D3B+D3L|Tlp|TINS
openood,textures_seed124,D3B+D3L,Tlp,TANL,98.92179909560724,3.77906976744186,textures,124,D3B+D3L|Tlp|TANL
openood,textures_seed124,D3B+D3L,Tq0.05,none,99.19711864771747,2.9069767441860463,textures,124,D3B+D3L|Tq0.05|none
openood,textures_seed124,D3B+D3L,Tq0.05,TINS,99.43919121447028,1.8410852713178296,textures,124,D3B+D3L|Tq0.05|TINS
openood,textures_seed124,D3B+D3L,Tq0.05,TANL,99.30813264427218,2.5387596899224807,textures,124,D3B+D3L|Tq0.05|TANL
openood,textures_seed124,D3B+D3L,Tq0.2,none,99.10951313522826,3.565891472868217,textures,124,D3B+D3L|Tq0.2|none
openood,textures_seed124,D3B+D3L,Tq0.2,TINS,99.40058096468562,2.441860465116279,textures,124,D3B+D3L|Tq0.2|TINS
openood,textures_seed124,D3B+D3L,Tq0.2,TANL,99.2549315245478,3.081395348837209,textures,124,D3B+D3L|Tq0.2|TANL
openood,textures_seed124,D3B+D3L,Tnn,none,99.29676636520242,2.8875968992248064,textures,124,D3B+D3L|Tnn|none
openood,textures_seed124,D3B+D3L,Tnn,TINS,99.46598062015504,2.0736434108527133,textures,124,D3B+D3L|Tnn|TINS
openood,textures_seed124,D3B+D3L,Tnn,TANL,99.37634280792422,2.5193798449612403,textures,124,D3B+D3L|Tnn|TANL
openood,textures_seed124,D3B+D3L,Tk20,none,99.25803703703704,3.255813953488372,textures,124,D3B+D3L|Tk20|none
openood,textures_seed124,D3B+D3L,Tk20,TINS,99.45474720068906,2.131782945736434,textures,124,D3B+D3L|Tk20|TINS
openood,textures_seed124,D3B+D3L,Tk20,TANL,99.3332237295435,2.7906976744186047,textures,124,D3B+D3L|Tk20|TANL
openood,textures_seed124,D3B+D3L,Tlp20,none,98.4800622308355,5.523255813953488,textures,124,D3B+D3L|Tlp20|none
openood,textures_seed124,D3B+D3L,Tlp20,TINS,99.28847459086997,2.6937984496124034,textures,124,D3B+D3L|Tlp20|TINS
openood,textures_seed124,D3B+D3L,Tlp20,TANL,98.9988042635659,3.72093023255814,textures,124,D3B+D3L|Tlp20|TANL
openood,textures_seed124,D3B+D3L,SL,none,98.41982192075798,6.22093023255814,textures,124,D3B+D3L|SL|none
openood,textures_seed124,D3B+D3L,SL,TINS,99.02089750215332,3.992248062015504,textures,124,D3B+D3L|SL|TINS
openood,textures_seed124,D3B+D3L,SL,TANL,98.86859453057708,4.418604651162791,textures,124,D3B+D3L|SL|TANL
openood,textures_seed124,D3B+D3L,static,none,91.74380921619291,37.713178294573645,textures,124,D3B+D3L|static|none
openood,textures_seed124,D3B+D3L,static,TINS,97.8599978466839,9.39922480620155,textures,124,D3B+D3L|static|TINS
openood,textures_seed124,D3B+D3L,static,TANL,96.130427002584,18.313953488372093,textures,124,D3B+D3L|static|TANL
openood,textures_seed124,L14+D3B+D3L,T,none,99.18164836347977,3.3139534883720927,textures,124,L14+D3B+D3L|T|none
openood,textures_seed124,L14+D3B+D3L,T,TINS,99.39144401378122,2.422480620155039,textures,124,L14+D3B+D3L|T|TINS
openood,textures_seed124,L14+D3B+D3L,T,TANL,99.27438027562448,2.8294573643410854,textures,124,L14+D3B+D3L|T|TANL
openood,textures_seed124,L14+D3B+D3L,Tlp,none,98.3658626184324,5.5813953488372094,textures,124,L14+D3B+D3L|Tlp|none
openood,textures_seed124,L14+D3B+D3L,Tlp,TINS,99.2102183462532,3.10077519379845,textures,124,L14+D3B+D3L|Tlp|TINS
openood,textures_seed124,L14+D3B+D3L,Tlp,TANL,98.88871597760551,4.108527131782946,textures,124,L14+D3B+D3L|Tlp|TANL
openood,textures_seed124,L14+D3B+D3L,Tq0.05,none,99.2080305770887,3.062015503875969,textures,124,L14+D3B+D3L|Tq0.05|none
openood,textures_seed124,L14+D3B+D3L,Tq0.05,TINS,99.4050223944875,2.248062015503876,textures,124,L14+D3B+D3L|Tq0.05|TINS
openood,textures_seed124,L14+D3B+D3L,Tq0.05,TANL,99.2909898794143,2.732558139534884,textures,124,L14+D3B+D3L|Tq0.05|TANL
openood,textures_seed124,L14+D3B+D3L,Tq0.2,none,99.09922459086994,3.72093023255814,textures,124,L14+D3B+D3L|Tq0.2|none
openood,textures_seed124,L14+D3B+D3L,Tq0.2,TINS,99.34555684754524,2.7906976744186047,textures,124,L14+D3B+D3L|Tq0.2|TINS
openood,textures_seed124,L14+D3B+D3L,Tq0.2,TANL,99.214375538329,3.2751937984496124,textures,124,L14+D3B+D3L|Tq0.2|TANL
openood,textures_seed124,L14+D3B+D3L,Tnn,none,99.26852325581396,3.0232558139534884,textures,124,L14+D3B+D3L|Tnn|none
openood,textures_seed124,L14+D3B+D3L,Tnn,TINS,99.40941042204994,2.3643410852713176,textures,124,L14+D3B+D3L|Tnn|TINS
openood,textures_seed124,L14+D3B+D3L,Tnn,TANL,99.329605081826,2.810077519379845,textures,124,L14+D3B+D3L|Tnn|TANL
openood,textures_seed124,L14+D3B+D3L,Tk20,none,99.24721920757966,3.12015503875969,textures,124,L14+D3B+D3L|Tk20|none
openood,textures_seed124,L14+D3B+D3L,Tk20,TINS,99.41652282515074,2.2868217054263567,textures,124,L14+D3B+D3L|Tk20|TINS
openood,textures_seed124,L14+D3B+D3L,Tk20,TANL,99.30738049095608,2.8875968992248064,textures,124,L14+D3B+D3L|Tk20|TANL
openood,textures_seed124,L14+D3B+D3L,Tlp20,none,98.60861541774332,4.922480620155039,textures,124,L14+D3B+D3L|Tlp20|none
openood,textures_seed124,L14+D3B+D3L,Tlp20,TINS,99.274661498708,2.8488372093023258,textures,124,L14+D3B+D3L|Tlp20|TINS
openood,textures_seed124,L14+D3B+D3L,Tlp20,TANL,98.99010357450474,3.817829457364341,textures,124,L14+D3B+D3L|Tlp20|TANL
openood,textures_seed124,L14+D3B+D3L,SL,none,98.4363466838932,6.337209302325582,textures,124,L14+D3B+D3L|SL|none
openood,textures_seed124,L14+D3B+D3L,SL,TINS,98.945447459087,4.302325581395349,textures,124,L14+D3B+D3L|SL|TINS
openood,textures_seed124,L14+D3B+D3L,SL,TANL,98.7809375538329,5.0,textures,124,L14+D3B+D3L|SL|TANL
openood,textures_seed124,L14+D3B+D3L,static,none,92.1791854005168,36.27906976744186,textures,124,L14+D3B+D3L|static|none
openood,textures_seed124,L14+D3B+D3L,static,TINS,97.48039018087854,11.317829457364342,textures,124,L14+D3B+D3L|static|TINS
openood,textures_seed124,L14+D3B+D3L,static,TANL,95.54852110249786,22.53875968992248,textures,124,L14+D3B+D3L|static|TANL
openood,textures_seed124,B14+L14+D3L,T,none,99.06986412575364,3.643410852713178,textures,124,B14+L14+D3L|T|none
openood,textures_seed124,B14+L14+D3L,T,TINS,99.33351291989663,2.635658914728682,textures,124,B14+L14+D3L|T|TINS
openood,textures_seed124,B14+L14+D3L,T,TANL,99.1833893195521,3.217054263565892,textures,124,B14+L14+D3L|T|TANL
openood,textures_seed124,B14+L14+D3L,Tlp,none,98.21703768303186,6.472868217054264,textures,124,B14+L14+D3L|Tlp|none
openood,textures_seed124,B14+L14+D3L,Tlp,TINS,99.18786132644271,3.565891472868217,textures,124,B14+L14+D3L|Tlp|TINS
openood,textures_seed124,B14+L14+D3L,Tlp,TANL,98.80489061154178,4.709302325581395,textures,124,B14+L14+D3L|Tlp|TANL
openood,textures_seed124,B14+L14+D3L,Tq0.05,none,99.11201679586564,3.430232558139535,textures,124,B14+L14+D3L|Tq0.05|none
openood,textures_seed124,B14+L14+D3L,Tq0.05,TINS,99.35896425495262,2.3449612403100777,textures,124,B14+L14+D3L|Tq0.05|TINS
openood,textures_seed124,B14+L14+D3L,Tq0.05,TANL,99.21374590869938,2.926356589147287,textures,124,B14+L14+D3L|Tq0.05|TANL
openood,textures_seed124,B14+L14+D3L,Tq0.2,none,98.97967075796728,4.205426356589148,textures,124,B14+L14+D3L|Tq0.2|none
openood,textures_seed124,B14+L14+D3L,Tq0.2,TINS,99.28425193798452,3.003875968992248,textures,124,B14+L14+D3L|Tq0.2|TINS
openood,textures_seed124,B14+L14+D3L,Tq0.2,TANL,99.11792592592592,3.662790697674419,textures,124,B14+L14+D3L|Tq0.2|TANL
openood,textures_seed124,B14+L14+D3L,Tnn,none,99.14957515073212,3.333333333333333,textures,124,B14+L14+D3L|Tnn|none
openood,textures_seed124,B14+L14+D3L,Tnn,TINS,99.3294216192937,2.5968992248062017,textures,124,B14+L14+D3L|Tnn|TINS
openood,textures_seed124,B14+L14+D3L,Tnn,TANL,99.22475667527992,3.1395348837209305,textures,124,B14+L14+D3L|Tnn|TANL
openood,textures_seed124,B14+L14+D3L,Tk20,none,99.1534577950043,3.565891472868217,textures,124,B14+L14+D3L|Tk20|none
openood,textures_seed124,B14+L14+D3L,Tk20,TINS,99.37124289405683,2.4031007751937983,textures,124,B14+L14+D3L|Tk20|TINS
openood,textures_seed124,B14+L14+D3L,Tk20,TANL,99.22990783807062,3.217054263565892,textures,124,B14+L14+D3L|Tk20|TANL
openood,textures_seed124,B14+L14+D3L,Tlp20,none,98.46396274763136,5.794573643410852,textures,124,B14+L14+D3L|Tlp20|none
openood,textures_seed124,B14+L14+D3L,Tlp20,TINS,99.24640956072352,3.0232558139534884,textures,124,B14+L14+D3L|Tlp20|TINS
openood,textures_seed124,B14+L14+D3L,Tlp20,TANL,98.8982803617571,4.3604651162790695,textures,124,B14+L14+D3L|Tlp20|TANL
openood,textures_seed124,B14+L14+D3L,SL,none,98.19343324720067,7.209302325581396,textures,124,B14+L14+D3L|SL|none
openood,textures_seed124,B14+L14+D3L,SL,TINS,98.82765460809644,4.825581395348837,textures,124,B14+L14+D3L|SL|TINS
openood,textures_seed124,B14+L14+D3L,SL,TANL,98.59234237726098,5.775193798449613,textures,124,B14+L14+D3L|SL|TANL
openood,textures_seed124,B14+L14+D3L,static,none,92.31421533161068,36.41472868217054,textures,124,B14+L14+D3L|static|none
openood,textures_seed124,B14+L14+D3L,static,TINS,97.49710163652024,11.511627906976743,textures,124,B14+L14+D3L|static|TINS
openood,textures_seed124,B14+L14+D3L,static,TANL,95.58486950904394,21.93798449612403,textures,124,B14+L14+D3L|static|TANL
openood,textures_seed124,B14+L14+D3B+D3L,T,none,99.20497739018089,3.1589147286821704,textures,124,B14+L14+D3B+D3L|T|none
openood,textures_seed124,B14+L14+D3B+D3L,T,TINS,99.37586175710597,2.422480620155039,textures,124,B14+L14+D3B+D3L|T|TINS
openood,textures_seed124,B14+L14+D3B+D3L,T,TANL,99.27747932816536,2.8294573643410854,textures,124,B14+L14+D3B+D3L|T|TANL
openood,textures_seed124,B14+L14+D3B+D3L,Tlp,none,98.43085314384152,5.406976744186046,textures,124,B14+L14+D3B+D3L|Tlp|none
openood,textures_seed124,B14+L14+D3B+D3L,Tlp,TINS,99.1513970714901,3.430232558139535,textures,124,B14+L14+D3B+D3L|Tlp|TINS
openood,textures_seed124,B14+L14+D3B+D3L,Tlp,TANL,98.8527097329888,4.282945736434109,textures,124,B14+L14+D3B+D3L|Tlp|TANL
openood,textures_seed124,B14+L14+D3B+D3L,Tq0.05,none,99.23839685615847,2.7906976744186047,textures,124,B14+L14+D3B+D3L|Tq0.05|none
openood,textures_seed124,B14+L14+D3B+D3L,Tq0.05,TINS,99.39787855297156,2.131782945736434,textures,124,B14+L14+D3B+D3L|Tq0.05|TINS
openood,textures_seed124,B14+L14+D3B+D3L,Tq0.05,TANL,99.30293152454782,2.616279069767442,textures,124,B14+L14+D3B+D3L|Tq0.05|TANL
openood,textures_seed124,B14+L14+D3B+D3L,Tq0.2,none,99.1293886735573,3.507751937984496,textures,124,B14+L14+D3B+D3L|Tq0.2|none
openood,textures_seed124,B14+L14+D3B+D3L,Tq0.2,TINS,99.32788888888888,2.8488372093023258,textures,124,B14+L14+D3B+D3L|Tq0.2|TINS
openood,textures_seed124,B14+L14+D3B+D3L,Tq0.2,TANL,99.21805641688202,3.255813953488372,textures,124,B14+L14+D3B+D3L|Tq0.2|TANL
openood,textures_seed124,B14+L14+D3B+D3L,Tnn,none,99.287483419466,2.7713178294573644,textures,124,B14+L14+D3B+D3L|Tnn|none
openood,textures_seed124,B14+L14+D3B+D3L,Tnn,TINS,99.39748449612402,2.3643410852713176,textures,124,B14+L14+D3B+D3L|Tnn|TINS
openood,textures_seed124,B14+L14+D3B+D3L,Tnn,TANL,99.33305167958656,2.6550387596899228,textures,124,B14+L14+D3B+D3L|Tnn|TANL
openood,textures_seed124,B14+L14+D3B+D3L,Tk20,none,99.26441472868218,3.0232558139534884,textures,124,B14+L14+D3B+D3L|Tk20|none
openood,textures_seed124,B14+L14+D3B+D3L,Tk20,TINS,99.40249310938844,2.3255813953488373,textures,124,B14+L14+D3B+D3L|Tk20|TINS
openood,textures_seed124,B14+L14+D3B+D3L,Tk20,TANL,99.31216063738157,2.7713178294573644,textures,124,B14+L14+D3B+D3L|Tk20|TANL
openood,textures_seed124,B14+L14+D3B+D3L,Tlp20,none,98.64738845822568,5.0,textures,124,B14+L14+D3B+D3L|Tlp20|none
openood,textures_seed124,B14+L14+D3B+D3L,Tlp20,TINS,99.22317355727822,3.12015503875969,textures,124,B14+L14+D3B+D3L|Tlp20|TINS
openood,textures_seed124,B14+L14+D3B+D3L,Tlp20,TANL,98.95799160206718,4.0310077519379846,textures,124,B14+L14+D3B+D3L|Tlp20|TANL
openood,textures_seed124,B14+L14+D3B+D3L,SL,none,98.45705490956072,6.25968992248062,textures,124,B14+L14+D3B+D3L|SL|none
openood,textures_seed124,B14+L14+D3B+D3L,SL,TINS,98.88059173126616,4.515503875968992,textures,124,B14+L14+D3B+D3L|SL|TINS
openood,textures_seed124,B14+L14+D3B+D3L,SL,TANL,98.73152325581394,5.290697674418605,textures,124,B14+L14+D3B+D3L|SL|TANL
openood,textures_seed124,B14+L14+D3B+D3L,static,none,92.31474698535744,36.007751937984494,textures,124,B14+L14+D3B+D3L|static|none
openood,textures_seed124,B14+L14+D3B+D3L,static,TINS,97.06776184323856,13.83720930232558,textures,124,B14+L14+D3B+D3L|static|TINS
openood,textures_seed124,B14+L14+D3B+D3L,static,TANL,95.12258828596038,25.019379844961243,textures,124,B14+L14+D3B+D3L|static|TANL
openood,textures_seed124,B14+L14,T,none,98.9362114556417,4.341085271317829,textures,124,B14+L14|T|none
openood,textures_seed124,B14+L14,T,TINS,99.3244112833764,2.732558139534884,textures,124,B14+L14|T|TINS
openood,textures_seed124,B14+L14,T,TANL,99.1173828596038,3.7596899224806206,textures,124,B14+L14|T|TANL
openood,textures_seed124,B14+L14,Tlp,none,97.91847717484929,7.538759689922481,textures,124,B14+L14|Tlp|none
openood,textures_seed124,B14+L14,Tlp,TINS,99.21307192075794,3.4108527131782944,textures,124,B14+L14|Tlp|TINS
openood,textures_seed124,B14+L14,Tlp,TANL,98.77631287683032,5.251937984496124,textures,124,B14+L14|Tlp|TANL
openood,textures_seed124,B14+L14,Tq0.05,none,98.99841709732988,4.166666666666666,textures,124,B14+L14|Tq0.05|none
openood,textures_seed124,B14+L14,Tq0.05,TINS,99.35965934539192,2.5775193798449614,textures,124,B14+L14|Tq0.05|TINS
openood,textures_seed124,B14+L14,Tq0.05,TANL,99.16143001722652,3.372093023255814,textures,124,B14+L14|Tq0.05|TANL
openood,textures_seed124,B14+L14,Tq0.2,none,98.83522760551249,5.116279069767442,textures,124,B14+L14|Tq0.2|none
openood,textures_seed124,B14+L14,Tq0.2,TINS,99.27765762273904,3.1589147286821704,textures,124,B14+L14|Tq0.2|TINS
openood,textures_seed124,B14+L14,Tq0.2,TANL,99.05327260981912,4.244186046511628,textures,124,B14+L14|Tq0.2|TANL
openood,textures_seed124,B14+L14,Tnn,none,99.01424956933678,4.069767441860465,textures,124,B14+L14|Tnn|none
openood,textures_seed124,B14+L14,Tnn,TINS,99.29681739879416,2.7906976744186047,textures,124,B14+L14|Tnn|TINS
openood,textures_seed124,B14+L14,Tnn,TANL,99.13791429801894,3.565891472868217,textures,124,B14+L14|Tnn|TANL
openood,textures_seed124,B14+L14,Tk20,none,99.02467420327304,4.127906976744186,textures,124,B14+L14|Tk20|none
openood,textures_seed124,B14+L14,Tk20,TINS,99.34977648578813,2.635658914728682,textures,124,B14+L14|Tk20|TINS
openood,textures_seed124,B14+L14,Tk20,TANL,99.15395650301464,3.604651162790698,textures,124,B14+L14|Tk20|TANL
openood,textures_seed124,B14+L14,Tlp20,none,98.16373040482344,6.686046511627906,textures,124,B14+L14|Tlp20|none
openood,textures_seed124,B14+L14,Tlp20,TINS,99.2426231696813,3.1782945736434107,textures,124,B14+L14|Tlp20|TINS
openood,textures_seed124,B14+L14,Tlp20,TANL,98.82551507321274,4.689922480620155,textures,124,B14+L14|Tlp20|TANL
openood,textures_seed124,B14+L14,SL,none,97.81924633936264,8.565891472868218,textures,124,B14+L14|SL|none
openood,textures_seed124,B14+L14,SL,TINS,98.80101894918174,5.077519379844961,textures,124,B14+L14|SL|TINS
openood,textures_seed124,B14+L14,SL,TANL,98.46251722652886,6.337209302325582,textures,124,B14+L14|SL|TANL
openood,textures_seed124,B14+L14,static,none,91.7744758828596,39.98062015503876,textures,124,B14+L14|static|none
openood,textures_seed124,B14+L14,static,TINS,97.83820111972436,10.503875968992247,textures,124,B14+L14|static|TINS
openood,textures_seed124,B14+L14,static,TANL,95.996112833764,18.856589147286822,textures,124,B14+L14|static|TANL
openood,textures_seed125,L14xD3L+D3L,T,none,98.88054478897502,4.224806201550388,textures,125,L14xD3L+D3L|T|none
openood,textures_seed125,L14xD3L+D3L,T,TINS,99.28277734711456,2.3837209302325584,textures,125,L14xD3L+D3L|T|TINS
openood,textures_seed125,L14xD3L+D3L,T,TANL,99.07546188630492,3.4108527131782944,textures,125,L14xD3L+D3L|T|TANL
openood,textures_seed125,L14xD3L+D3L,Tlp,none,97.78509776055124,7.55813953488372,textures,125,L14xD3L+D3L|Tlp|none
openood,textures_seed125,L14xD3L+D3L,Tlp,TINS,99.13485357450472,3.352713178294574,textures,125,L14xD3L+D3L|Tlp|TINS
openood,textures_seed125,L14xD3L+D3L,Tlp,TANL,98.68402476313524,4.786821705426356,textures,125,L14xD3L+D3L|Tlp|TANL
openood,textures_seed125,L14xD3L+D3L,Tq0.05,none,98.92649267872524,3.77906976744186,textures,125,L14xD3L+D3L|Tq0.05|none
openood,textures_seed125,L14xD3L+D3L,Tq0.05,TINS,99.29612273901807,2.1705426356589146,textures,125,L14xD3L+D3L|Tq0.05|TINS
openood,textures_seed125,L14xD3L+D3L,Tq0.05,TANL,99.09606503014642,3.12015503875969,textures,125,L14xD3L+D3L|Tq0.05|TANL
openood,textures_seed125,L14xD3L+D3L,Tq0.2,none,98.74604995693367,5.232558139534884,textures,125,L14xD3L+D3L|Tq0.2|none
openood,textures_seed125,L14xD3L+D3L,Tq0.2,TINS,99.22028897502156,3.217054263565892,textures,125,L14xD3L+D3L|Tq0.2|TINS
openood,textures_seed125,L14xD3L+D3L,Tq0.2,TANL,98.9843023255814,4.244186046511628,textures,125,L14xD3L+D3L|Tq0.2|TANL
openood,textures_seed125,L14xD3L+D3L,Tnn,none,98.96195370370371,3.895348837209303,textures,125,L14xD3L+D3L|Tnn|none
openood,textures_seed125,L14xD3L+D3L,Tnn,TINS,99.26284754521964,2.635658914728682,textures,125,L14xD3L+D3L|Tnn|TINS
openood,textures_seed125,L14xD3L+D3L,Tnn,TANL,99.0998406546081,3.391472868217054,textures,125,L14xD3L+D3L|Tnn|TANL
openood,textures_seed125,L14xD3L+D3L,Tk20,none,99.05993001722652,3.643410852713178,textures,125,L14xD3L+D3L|Tk20|none
openood,textures_seed125,L14xD3L+D3L,Tk20,TINS,99.3590783807063,2.112403100775194,textures,125,L14xD3L+D3L|Tk20|TINS
openood,textures_seed125,L14xD3L+D3L,Tk20,TANL,99.17380383290268,3.255813953488372,textures,125,L14xD3L+D3L|Tk20|TANL
openood,textures_seed125,L14xD3L+D3L,Tlp20,none,98.19723234280792,6.492248062015504,textures,125,L14xD3L+D3L|Tlp20|none
openood,textures_seed125,L14xD3L+D3L,Tlp20,TINS,99.2397558139535,2.751937984496124,textures,125,L14xD3L+D3L|Tlp20|TINS
openood,textures_seed125,L14xD3L+D3L,Tlp20,TANL,98.83388458225666,4.418604651162791,textures,125,L14xD3L+D3L|Tlp20|TANL
openood,textures_seed125,L14+D3L,T,none,98.93295198105083,4.341085271317829,textures,125,L14+D3L|T|none
openood,textures_seed125,L14+D3L,T,TINS,99.31373901808784,2.5387596899224807,textures,125,L14+D3L|T|TINS
openood,textures_seed125,L14+D3L,T,TANL,99.10981589147288,3.5465116279069764,textures,125,L14+D3L|T|TANL
openood,textures_seed125,L14+D3L,Tlp,none,97.98007041343668,7.1899224806201545,textures,125,L14+D3L|Tlp|none
openood,textures_seed125,L14+D3L,Tlp,TINS,99.21611757105944,3.062015503875969,textures,125,L14+D3L|Tlp|TINS
openood,textures_seed125,L14+D3L,Tlp,TANL,98.79262747631353,4.844961240310078,textures,125,L14+D3L|Tlp|TANL
openood,textures_seed125,L14+D3L,Tq0.05,none,98.9730829026701,3.895348837209303,textures,125,L14+D3L|Tq0.05|none
openood,textures_seed125,L14+D3L,Tq0.05,TINS,99.33184625322995,2.3837209302325584,textures,125,L14+D3L|Tq0.05|TINS
openood,textures_seed125,L14+D3L,Tq0.05,TANL,99.131072997416,3.1976744186046515,textures,125,L14+D3L|Tq0.05|TANL
openood,textures_seed125,L14+D3L,Tq0.2,none,98.8127922049957,5.155038759689923,textures,125,L14+D3L|Tq0.2|none
openood,textures_seed125,L14+D3L,Tq0.2,TINS,99.26779328165377,3.0426356589147288,textures,125,L14+D3L|Tq0.2|TINS
openood,textures_seed125,L14+D3L,Tq0.2,TANL,99.0356083118002,4.244186046511628,textures,125,L14+D3L|Tq0.2|TANL
openood,textures_seed125,L14+D3L,Tnn,none,99.0183085701981,3.8372093023255816,textures,125,L14+D3L|Tnn|none
openood,textures_seed125,L14+D3L,Tnn,TINS,99.2965645994832,2.635658914728682,textures,125,L14+D3L|Tnn|TINS
openood,textures_seed125,L14+D3L,Tnn,TANL,99.14248966408267,3.4496124031007755,textures,125,L14+D3L|Tnn|TANL
openood,textures_seed125,L14+D3L,Tk20,none,99.04880555555556,3.643410852713178,textures,125,L14+D3L|Tk20|none
openood,textures_seed125,L14+D3L,Tk20,TINS,99.3615241171404,2.1705426356589146,textures,125,L14+D3L|Tk20|TINS
openood,textures_seed125,L14+D3L,Tk20,TANL,99.1674758828596,3.217054263565892,textures,125,L14+D3L|Tk20|TANL
openood,textures_seed125,L14+D3L,Tlp20,none,98.3014151593454,6.3565891472868215,textures,125,L14+D3L|Tlp20|none
openood,textures_seed125,L14+D3L,Tlp20,TINS,99.27999440137812,2.732558139534884,textures,125,L14+D3L|Tlp20|TINS
openood,textures_seed125,L14+D3L,Tlp20,TANL,98.89184000861329,4.379844961240311,textures,125,L14+D3L|Tlp20|TANL
openood,textures_seed125,L14+D3L,SL,none,98.11629565030148,7.868217054263566,textures,125,L14+D3L|SL|none
openood,textures_seed125,L14+D3L,SL,TINS,98.95668690783806,4.205426356589148,textures,125,L14+D3L|SL|TINS
openood,textures_seed125,L14+D3L,SL,TANL,98.6568828596038,5.63953488372093,textures,125,L14+D3L|SL|TANL
openood,textures_seed125,L14+D3L,static,none,92.08911584840656,36.25968992248062,textures,125,L14+D3L|static|none
openood,textures_seed125,L14+D3L,static,TINS,98.06033720930232,8.217054263565892,textures,125,L14+D3L|static|TINS
openood,textures_seed125,L14+D3L,static,TANL,96.10007149009472,17.07364341085271,textures,125,L14+D3L|static|TANL
openood,textures_seed125,D3L,T,none,98.78421274763134,4.496124031007752,textures,125,D3L|T|none
openood,textures_seed125,D3L,T,TINS,99.3594918173988,2.054263565891473,textures,125,D3L|T|TINS
openood,textures_seed125,D3L,T,TANL,99.0960019379845,3.1395348837209305,textures,125,D3L|T|TANL
openood,textures_seed125,D3L,Tlp,none,97.54432751937986,8.10077519379845,textures,125,D3L|Tlp|none
openood,textures_seed125,D3L,Tlp,TINS,99.2190706287683,2.5193798449612403,textures,125,D3L|Tlp|TINS
openood,textures_seed125,D3L,Tlp,TANL,98.78135960378984,4.224806201550388,textures,125,D3L|Tlp|TANL
openood,textures_seed125,D3L,Tq0.05,none,98.80138199827736,4.0310077519379846,textures,125,D3L|Tq0.05|none
openood,textures_seed125,D3L,Tq0.05,TINS,99.35271662360034,1.8798449612403103,textures,125,D3L|Tq0.05|TINS
openood,textures_seed125,D3L,Tq0.05,TANL,99.08551959517656,3.0426356589147288,textures,125,D3L|Tq0.05|TANL
openood,textures_seed125,D3L,Tq0.2,none,98.66086864771746,5.968992248062016,textures,125,D3L|Tq0.2|none
openood,textures_seed125,D3L,Tq0.2,TINS,99.32973169681308,2.5775193798449614,textures,125,D3L|Tq0.2|TINS
openood,textures_seed125,D3L,Tq0.2,TANL,99.03645133505596,3.895348837209303,textures,125,D3L|Tq0.2|TANL
openood,textures_seed125,D3L,Tnn,none,98.92279048234283,3.934108527131783,textures,125,D3L|Tnn|none
openood,textures_seed125,D3L,Tnn,TINS,99.3585404823428,2.0736434108527133,textures,125,D3L|Tnn|TINS
openood,textures_seed125,D3L,Tnn,TANL,99.14811929371233,3.12015503875969,textures,125,D3L|Tnn|TANL
openood,textures_seed125,D3L,Tk20,none,98.95057385874246,3.817829457364341,textures,125,D3L|Tk20|none
openood,textures_seed125,D3L,Tk20,TINS,99.39006761412575,1.802325581395349,textures,125,D3L|Tk20|TINS
openood,textures_seed125,D3L,Tk20,TANL,99.14177885443584,3.1782945736434107,textures,125,D3L|Tk20|TANL
openood,textures_seed125,D3L,Tlp20,none,97.93770585701982,7.1899224806201545,textures,125,D3L|Tlp20|none
openood,textures_seed125,D3L,Tlp20,TINS,99.27395219638242,2.422480620155039,textures,125,D3L|Tlp20|TINS
openood,textures_seed125,D3L,Tlp20,TANL,98.85484323858742,4.108527131782946,textures,125,D3L|Tlp20|TANL
openood,textures_seed125,D3L,SL,none,97.84813092161929,8.178294573643411,textures,125,D3L|SL|none
openood,textures_seed125,D3L,SL,TINS,99.0107011197244,3.391472868217054,textures,125,D3L|SL|TINS
openood,textures_seed125,D3L,SL,TANL,98.70794401378124,5.135658914728682,textures,125,D3L|SL|TANL
openood,textures_seed125,D3L,static,none,91.57541752799312,37.8875968992248,textures,125,D3L|static|none
openood,textures_seed125,D3L,static,TINS,98.44936864771748,6.395348837209303,textures,125,D3L|static|TINS
openood,textures_seed125,D3L,static,TANL,96.93506287683032,12.364341085271317,textures,125,D3L|static|TANL
openood,textures_seed125,L14,T,none,98.50241042204996,5.852713178294574,textures,125,L14|T|none
openood,textures_seed125,L14,T,TINS,99.27804134366924,2.6550387596899228,textures,125,L14|T|TINS
openood,textures_seed125,L14,T,TANL,98.92125322997416,4.321705426356589,textures,125,L14|T|TANL
openood,textures_seed125,L14,Tlp,none,97.25274483204134,9.709302325581396,textures,125,L14|Tlp|none
openood,textures_seed125,L14,Tlp,TINS,99.20990482342808,2.8488372093023258,textures,125,L14|Tlp|TINS
openood,textures_seed125,L14,Tlp,TANL,98.67838802756243,5.658914728682171,textures,125,L14|Tlp|TANL
openood,textures_seed125,L14,Tq0.05,none,98.58697674418605,5.3100775193798455,textures,125,L14|Tq0.05|none
openood,textures_seed125,L14,Tq0.05,TINS,99.30668475452195,2.3449612403100777,textures,125,L14|Tq0.05|TINS
openood,textures_seed125,L14,Tq0.05,TANL,98.96131416881998,3.972868217054264,textures,125,L14|Tq0.05|TANL
openood,textures_seed125,L14,Tq0.2,none,98.30192657192076,7.635658914728682,textures,125,L14|Tq0.2|none
openood,textures_seed125,L14,Tq0.2,TINS,99.23384754521965,3.255813953488372,textures,125,L14|Tq0.2|TINS
openood,textures_seed125,L14,Tq0.2,TANL,98.84062403100776,5.290697674418605,textures,125,L14|Tq0.2|TANL
openood,textures_seed125,L14,Tnn,none,98.58901873385012,5.465116279069767,textures,125,L14|Tnn|none
openood,textures_seed125,L14,Tnn,TINS,99.2320908699397,2.926356589147287,textures,125,L14|Tnn|TINS
openood,textures_seed125,L14,Tnn,TANL,98.90791451335056,4.496124031007752,textures,125,L14|Tnn|TANL
openood,textures_seed125,L14,Tk20,none,98.6812719638243,5.155038759689923,textures,125,L14|Tk20|none
openood,textures_seed125,L14,Tk20,TINS,99.32537984496123,2.3255813953488373,textures,125,L14|Tk20|TINS
openood,textures_seed125,L14,Tk20,TANL,98.98410788113696,3.8372093023255816,textures,125,L14|Tk20|TANL
openood,textures_seed125,L14,Tlp20,none,97.6615180878553,8.546511627906977,textures,125,L14|Tlp20|none
openood,textures_seed125,L14,Tlp20,TINS,99.25360766580532,2.810077519379845,textures,125,L14|Tlp20|TINS
openood,textures_seed125,L14,Tlp20,TANL,98.73945198105082,5.155038759689923,textures,125,L14|Tlp20|TANL
openood,textures_seed125,L14,SL,none,97.32763049095608,11.395348837209305,textures,125,L14|SL|none
openood,textures_seed125,L14,SL,TINS,98.94621447028425,4.224806201550388,textures,125,L14|SL|TINS
openood,textures_seed125,L14,SL,TANL,98.4654235572782,6.782945736434108,textures,125,L14|SL|TANL
openood,textures_seed125,L14,static,none,91.11401571920756,41.3953488372093,textures,125,L14|static|none
openood,textures_seed125,L14,static,TINS,98.37039621016363,7.151162790697674,textures,125,L14|static|TINS
openood,textures_seed125,L14,static,TANL,96.61583613264428,13.992248062015502,textures,125,L14|static|TANL
openood,textures_seed125,L14xD3L,T,none,98.75608957795006,4.534883720930233,textures,125,L14xD3L|T|none
openood,textures_seed125,L14xD3L,T,TINS,99.3433027562446,2.112403100775194,textures,125,L14xD3L|T|TINS
openood,textures_seed125,L14xD3L,T,TANL,99.0780568475452,3.507751937984496,textures,125,L14xD3L|T|TANL
openood,textures_seed125,L14xD3L,Tlp,none,97.61767506459948,8.062015503875969,textures,125,L14xD3L|Tlp|none
openood,textures_seed125,L14xD3L,Tlp,TINS,99.2386912144703,2.5,textures,125,L14xD3L|Tlp|TINS
openood,textures_seed125,L14xD3L,Tlp,TANL,98.80325645994832,4.496124031007752,textures,125,L14xD3L|Tlp|TANL
openood,textures_seed125,L14xD3L,Tq0.05,none,98.84200279931092,3.895348837209303,textures,125,L14xD3L|Tq0.05|none
openood,textures_seed125,L14xD3L,Tq0.05,TINS,99.35608871662356,1.9186046511627908,textures,125,L14xD3L|Tq0.05|TINS
openood,textures_seed125,L14xD3L,Tq0.05,TANL,99.10375775193798,3.236434108527132,textures,125,L14xD3L|Tq0.05|TANL
openood,textures_seed125,L14xD3L,Tq0.2,none,98.58733118001724,6.414728682170543,textures,125,L14xD3L|Tq0.2|none
openood,textures_seed125,L14xD3L,Tq0.2,TINS,99.2882764857881,2.5968992248062017,textures,125,L14xD3L|Tq0.2|TINS
openood,textures_seed125,L14xD3L,Tq0.2,TANL,98.98623320413436,4.147286821705427,textures,125,L14xD3L|Tq0.2|TANL
openood,textures_seed125,L14xD3L,Tnn,none,98.85517269595177,4.302325581395349,textures,125,L14xD3L|Tnn|none
openood,textures_seed125,L14xD3L,Tnn,TINS,99.32783290267012,2.2093023255813957,textures,125,L14xD3L|Tnn|TINS
openood,textures_seed125,L14xD3L,Tnn,TANL,99.09944422911282,3.352713178294574,textures,125,L14xD3L|Tnn|TANL
openood,textures_seed125,L14xD3L,Tk20,none,99.00568906115416,3.934108527131783,textures,125,L14xD3L|Tk20|none
openood,textures_seed125,L14xD3L,Tk20,TINS,99.412669250646,1.9186046511627908,textures,125,L14xD3L|Tk20|TINS
openood,textures_seed125,L14xD3L,Tk20,TANL,99.1588748923342,3.4496124031007755,textures,125,L14xD3L|Tk20|TANL
openood,textures_seed125,L14xD3L,Tlp20,none,98.09563221360897,6.937984496124031,textures,125,L14xD3L|Tlp20|none
openood,textures_seed125,L14xD3L,Tlp20,TINS,99.31141774332472,2.306201550387597,textures,125,L14xD3L|Tlp20|TINS
openood,textures_seed125,L14xD3L,Tlp20,TANL,98.8816834625323,4.3604651162790695,textures,125,L14xD3L|Tlp20|TANL
openood,textures_seed125,D3B+D3L,T,none,99.18617527993108,3.217054263565892,textures,125,D3B+D3L|T|none
openood,textures_seed125,D3B+D3L,T,TINS,99.4256856158484,2.0930232558139537,textures,125,D3B+D3L|T|TINS
openood,textures_seed125,D3B+D3L,T,TANL,99.30426335055984,2.6550387596899228,textures,125,D3B+D3L|T|TANL
openood,textures_seed125,D3B+D3L,Tlp,none,98.23792527993108,5.62015503875969,textures,125,D3B+D3L|Tlp|none
openood,textures_seed125,D3B+D3L,Tlp,TINS,99.21987855297158,2.810077519379845,textures,125,D3B+D3L|Tlp|TINS
openood,textures_seed125,D3B+D3L,Tlp,TANL,98.91870693367788,3.817829457364341,textures,125,D3B+D3L|Tlp|TANL
openood,textures_seed125,D3B+D3L,Tq0.05,none,99.1971210163652,2.9069767441860463,textures,125,D3B+D3L|Tq0.05|none
openood,textures_seed125,D3B+D3L,Tq0.05,TINS,99.42962790697676,1.8798449612403103,textures,125,D3B+D3L|Tq0.05|TINS
openood,textures_seed125,D3B+D3L,Tq0.05,TANL,99.30649720068908,2.5193798449612403,textures,125,D3B+D3L|Tq0.05|TANL
openood,textures_seed125,D3B+D3L,Tq0.2,none,99.10951636520242,3.565891472868217,textures,125,D3B+D3L|Tq0.2|none
openood,textures_seed125,D3B+D3L,Tq0.2,TINS,99.38759345391902,2.5193798449612403,textures,125,D3B+D3L|Tq0.2|TINS
openood,textures_seed125,D3B+D3L,Tq0.2,TANL,99.25251894918176,3.0232558139534884,textures,125,D3B+D3L|Tq0.2|TANL
openood,textures_seed125,D3B+D3L,Tnn,none,99.29677153316108,2.8875968992248064,textures,125,D3B+D3L|Tnn|none
openood,textures_seed125,D3B+D3L,Tnn,TINS,99.45923729543496,2.1705426356589146,textures,125,D3B+D3L|Tnn|TINS
openood,textures_seed125,D3B+D3L,Tnn,TANL,99.37543841515937,2.48062015503876,textures,125,D3B+D3L|Tnn|TANL
openood,textures_seed125,D3B+D3L,Tk20,none,99.25803703703706,3.255813953488372,textures,125,D3B+D3L|Tk20|none
openood,textures_seed125,D3B+D3L,Tk20,TINS,99.44633634797589,2.054263565891473,textures,125,D3B+D3L|Tk20|TINS
openood,textures_seed125,D3B+D3L,Tk20,TANL,99.33072782084407,2.810077519379845,textures,125,D3B+D3L|Tk20|TANL
openood,textures_seed125,D3B+D3L,Tlp20,none,98.48006696813091,5.523255813953488,textures,125,D3B+D3L|Tlp20|none
openood,textures_seed125,D3B+D3L,Tlp20,TINS,99.27246985357448,2.6937984496124034,textures,125,D3B+D3L|Tlp20|TINS
openood,textures_seed125,D3B+D3L,Tlp20,TANL,98.9965645994832,3.817829457364341,textures,125,D3B+D3L|Tlp20|TANL
openood,textures_seed125,D3B+D3L,SL,none,98.44407213608956,6.065891472868217,textures,125,D3B+D3L|SL|none
openood,textures_seed125,D3B+D3L,SL,TINS,99.03963049095609,3.74031007751938,textures,125,D3B+D3L|SL|TINS
openood,textures_seed125,D3B+D3L,SL,TANL,98.89515676141257,4.244186046511628,textures,125,D3B+D3L|SL|TANL
openood,textures_seed125,D3B+D3L,static,none,91.74380921619291,37.713178294573645,textures,125,D3B+D3L|static|none
openood,textures_seed125,D3B+D3L,static,TINS,97.97579974160206,8.74031007751938,textures,125,D3B+D3L|static|TINS
openood,textures_seed125,D3B+D3L,static,TANL,96.09065633074935,18.15891472868217,textures,125,D3B+D3L|static|TANL
openood,textures_seed125,L14+D3B+D3L,T,none,99.18165030146426,3.3139534883720927,textures,125,L14+D3B+D3L|T|none
openood,textures_seed125,L14+D3B+D3L,T,TINS,99.38283376399656,2.4031007751937983,textures,125,L14+D3B+D3L|T|TINS
openood,textures_seed125,L14+D3B+D3L,T,TANL,99.27226916451336,2.984496124031008,textures,125,L14+D3B+D3L|T|TANL
openood,textures_seed125,L14+D3B+D3L,Tlp,none,98.36586541774334,5.5813953488372094,textures,125,L14+D3B+D3L|Tlp|none
openood,textures_seed125,L14+D3B+D3L,Tlp,TINS,99.18351636520242,3.255813953488372,textures,125,L14+D3B+D3L|Tlp|TINS
openood,textures_seed125,L14+D3B+D3L,Tlp,TANL,98.8822495693368,4.089147286821706,textures,125,L14+D3B+D3L|Tlp|TANL
openood,textures_seed125,L14+D3B+D3L,Tq0.05,none,99.20803445305772,3.062015503875969,textures,125,L14+D3B+D3L|Tq0.05|none
openood,textures_seed125,L14+D3B+D3L,Tq0.05,TINS,99.3980766580534,2.189922480620156,textures,125,L14+D3B+D3L|Tq0.05|TINS
openood,textures_seed125,L14+D3B+D3L,Tq0.05,TANL,99.28879091300604,2.713178294573644,textures,125,L14+D3B+D3L|Tq0.05|TANL
openood,textures_seed125,L14+D3B+D3L,Tq0.2,none,99.099229543497,3.72093023255814,textures,125,L14+D3B+D3L|Tq0.2|none
openood,textures_seed125,L14+D3B+D3L,Tq0.2,TINS,99.3362980189492,2.8488372093023258,textures,125,L14+D3B+D3L|Tq0.2|TINS
openood,textures_seed125,L14+D3B+D3L,Tq0.2,TANL,99.21179715762274,3.294573643410853,textures,125,L14+D3B+D3L|Tq0.2|TANL
openood,textures_seed125,L14+D3B+D3L,Tnn,none,99.2685241171404,3.0232558139534884,textures,125,L14+D3B+D3L|Tnn|none
openood,textures_seed125,L14+D3B+D3L,Tnn,TINS,99.4043953488372,2.422480620155039,textures,125,L14+D3B+D3L|Tnn|TINS
openood,textures_seed125,L14+D3B+D3L,Tnn,TANL,99.32838415159348,2.751937984496124,textures,125,L14+D3B+D3L|Tnn|TANL
openood,textures_seed125,L14+D3B+D3L,Tk20,none,99.24721920757966,3.12015503875969,textures,125,L14+D3B+D3L|Tk20|none
openood,textures_seed125,L14+D3B+D3L,Tk20,TINS,99.41204220499569,2.2093023255813957,textures,125,L14+D3B+D3L|Tk20|TINS
openood,textures_seed125,L14+D3B+D3L,Tk20,TANL,99.30528682170544,2.9069767441860463,textures,125,L14+D3B+D3L|Tk20|TANL
openood,textures_seed125,L14+D3B+D3L,Tlp20,none,98.60861757105944,4.922480620155039,textures,125,L14+D3B+D3L|Tlp20|none
openood,textures_seed125,L14+D3B+D3L,Tlp20,TINS,99.2557058570198,2.8488372093023258,textures,125,L14+D3B+D3L|Tlp20|TINS
openood,textures_seed125,L14+D3B+D3L,Tlp20,TANL,98.98604134366924,3.77906976744186,textures,125,L14+D3B+D3L|Tlp20|TANL
openood,textures_seed125,L14+D3B+D3L,SL,none,98.50679177433248,5.988372093023256,textures,125,L14+D3B+D3L|SL|none
openood,textures_seed125,L14+D3B+D3L,SL,TINS,98.99869595176573,4.011627906976744,textures,125,L14+D3B+D3L|SL|TINS
openood,textures_seed125,L14+D3B+D3L,SL,TANL,98.8375,4.825581395348837,textures,125,L14+D3B+D3L|SL|TANL
openood,textures_seed125,L14+D3B+D3L,static,none,92.1791854005168,36.27906976744186,textures,125,L14+D3B+D3L|static|none
openood,textures_seed125,L14+D3B+D3L,static,TINS,97.6019698535745,10.562015503875967,textures,125,L14+D3B+D3L|static|TINS
openood,textures_seed125,L14+D3B+D3L,static,TANL,95.51874849267872,22.3062015503876,textures,125,L14+D3B+D3L|static|TANL
openood,textures_seed125,B14+L14+D3L,T,none,99.0698652024117,3.643410852713178,textures,125,B14+L14+D3L|T|none
openood,textures_seed125,B14+L14+D3L,T,TINS,99.32734151593452,2.558139534883721,textures,125,B14+L14+D3L|T|TINS
openood,textures_seed125,B14+L14+D3L,T,TANL,99.17941472868218,3.236434108527132,textures,125,B14+L14+D3L|T|TANL
openood,textures_seed125,B14+L14+D3L,Tlp,none,98.21703919035312,6.472868217054264,textures,125,B14+L14+D3L|Tlp|none
openood,textures_seed125,B14+L14+D3L,Tlp,TINS,99.16455943152452,3.4689922480620154,textures,125,B14+L14+D3L|Tlp|TINS
openood,textures_seed125,B14+L14+D3L,Tlp,TANL,98.79451744186046,4.709302325581395,textures,125,B14+L14+D3L|Tlp|TANL
openood,textures_seed125,B14+L14+D3L,Tq0.05,none,99.11201981050816,3.430232558139535,textures,125,B14+L14+D3L|Tq0.05|none
openood,textures_seed125,B14+L14+D3L,Tq0.05,TINS,99.35427605512488,2.306201550387597,textures,125,B14+L14+D3L|Tq0.05|TINS
openood,textures_seed125,B14+L14+D3L,Tq0.05,TANL,99.20956352282514,2.9069767441860463,textures,125,B14+L14+D3L|Tq0.05|TANL
openood,textures_seed125,B14+L14+D3L,Tq0.2,none,98.97967161929373,4.205426356589148,textures,125,B14+L14+D3L|Tq0.2|none
openood,textures_seed125,B14+L14+D3L,Tq0.2,TINS,99.27817571059433,2.8488372093023258,textures,125,B14+L14+D3L|Tq0.2|TINS
openood,textures_seed125,B14+L14+D3L,Tq0.2,TANL,99.113785960379,3.74031007751938,textures,125,B14+L14+D3L|Tq0.2|TANL
openood,textures_seed125,B14+L14+D3L,Tnn,none,99.14957472006893,3.333333333333333,textures,125,B14+L14+D3L|Tnn|none
openood,textures_seed125,B14+L14+D3L,Tnn,TINS,99.32535400516797,2.5968992248062017,textures,125,B14+L14+D3L|Tnn|TINS
openood,textures_seed125,B14+L14+D3L,Tnn,TANL,99.2220163652024,3.10077519379845,textures,125,B14+L14+D3L|Tnn|TANL
openood,textures_seed125,B14+L14+D3L,Tk20,none,99.15345822566752,3.565891472868217,textures,125,B14+L14+D3L|Tk20|none
openood,textures_seed125,B14+L14+D3L,Tk20,TINS,99.36570887166236,2.3255813953488373,textures,125,B14+L14+D3L|Tk20|TINS
openood,textures_seed125,B14+L14+D3L,Tk20,TANL,99.22687812230836,3.1976744186046515,textures,125,B14+L14+D3L|Tk20|TANL
openood,textures_seed125,B14+L14+D3L,Tlp20,none,98.46396533161068,5.794573643410852,textures,125,B14+L14+D3L|Tlp20|none
openood,textures_seed125,B14+L14+D3L,Tlp20,TINS,99.2287278208441,3.0232558139534884,textures,125,B14+L14+D3L|Tlp20|TINS
openood,textures_seed125,B14+L14+D3L,Tlp20,TANL,98.8909274332472,4.341085271317829,textures,125,B14+L14+D3L|Tlp20|TANL
openood,textures_seed125,B14+L14+D3L,SL,none,98.3104879414298,6.918604651162791,textures,125,B14+L14+D3L|SL|none
openood,textures_seed125,B14+L14+D3L,SL,TINS,98.91219681309217,4.476744186046512,textures,125,B14+L14+D3L|SL|TINS
openood,textures_seed125,B14+L14+D3L,SL,TANL,98.6831714039621,5.5813953488372094,textures,125,B14+L14+D3L|SL|TANL
openood,textures_seed125,B14+L14+D3L,static,none,92.31421533161068,36.41472868217054,textures,125,B14+L14+D3L|static|none
openood,textures_seed125,B14+L14+D3L,static,TINS,97.63824375538329,10.63953488372093,textures,125,B14+L14+D3L|static|TINS
openood,textures_seed125,B14+L14+D3L,static,TANL,95.55545521102498,21.93798449612403,textures,125,B14+L14+D3L|static|TANL
openood,textures_seed125,B14+L14+D3B+D3L,T,none,99.20497652885444,3.1589147286821704,textures,125,B14+L14+D3B+D3L|T|none
openood,textures_seed125,B14+L14+D3B+D3L,T,TINS,99.370326873385,2.422480620155039,textures,125,B14+L14+D3B+D3L|T|TINS
openood,textures_seed125,B14+L14+D3B+D3L,T,TANL,99.27553445305772,2.8488372093023258,textures,125,B14+L14+D3B+D3L|T|TANL
openood,textures_seed125,B14+L14+D3B+D3L,Tlp,none,98.43085960378984,5.406976744186046,textures,125,B14+L14+D3B+D3L|Tlp|none
openood,textures_seed125,B14+L14+D3B+D3L,Tlp,TINS,99.12974461670971,3.4689922480620154,textures,125,B14+L14+D3B+D3L|Tlp|TINS
openood,textures_seed125,B14+L14+D3B+D3L,Tlp,TANL,98.8461655900086,4.302325581395349,textures,125,B14+L14+D3B+D3L|Tlp|TANL
openood,textures_seed125,B14+L14+D3B+D3L,Tq0.05,none,99.23839599483205,2.7906976744186047,textures,125,B14+L14+D3B+D3L|Tq0.05|none
openood,textures_seed125,B14+L14+D3B+D3L,Tq0.05,TINS,99.39318346253228,2.2093023255813957,textures,125,B14+L14+D3B+D3L|Tq0.05|TINS
openood,textures_seed125,B14+L14+D3B+D3L,Tq0.05,TANL,99.30101033591733,2.5,textures,125,B14+L14+D3B+D3L|Tq0.05|TANL
openood,textures_seed125,B14+L14+D3B+D3L,Tq0.2,none,99.1293891042205,3.507751937984496,textures,125,B14+L14+D3B+D3L|Tq0.2|none
openood,textures_seed125,B14+L14+D3B+D3L,Tq0.2,TINS,99.32124978466838,2.751937984496124,textures,125,B14+L14+D3B+D3L|Tq0.2|TINS
openood,textures_seed125,B14+L14+D3B+D3L,Tq0.2,TANL,99.2155906546081,3.217054263565892,textures,125,B14+L14+D3B+D3L|Tq0.2|TANL
openood,textures_seed125,B14+L14+D3B+D3L,Tnn,none,99.28748514211884,2.7713178294573644,textures,125,B14+L14+D3B+D3L|Tnn|none
openood,textures_seed125,B14+L14+D3B+D3L,Tnn,TINS,99.39437683031868,2.4031007751937983,textures,125,B14+L14+D3B+D3L|Tnn|TINS
openood,textures_seed125,B14+L14+D3B+D3L,Tnn,TANL,99.33199741602068,2.6550387596899228,textures,125,B14+L14+D3B+D3L|Tnn|TANL
openood,textures_seed125,B14+L14+D3B+D3L,Tk20,none,99.2644151593454,3.0232558139534884,textures,125,B14+L14+D3B+D3L|Tk20|none
openood,textures_seed125,B14+L14+D3B+D3L,Tk20,TINS,99.39880361757103,2.3643410852713176,textures,125,B14+L14+D3B+D3L|Tk20|TINS
openood,textures_seed125,B14+L14+D3B+D3L,Tk20,TANL,99.31039276485788,2.810077519379845,textures,125,B14+L14+D3B+D3L|Tk20|TANL
openood,textures_seed125,B14+L14+D3B+D3L,Tlp20,none,98.64739190353144,5.0,textures,125,B14+L14+D3B+D3L|Tlp20|none
openood,textures_seed125,B14+L14+D3B+D3L,Tlp20,TINS,99.20522308354866,3.217054263565892,textures,125,B14+L14+D3B+D3L|Tlp20|TINS
openood,textures_seed125,B14+L14+D3B+D3L,Tlp20,TANL,98.95329328165374,4.108527131782946,textures,125,B14+L14+D3B+D3L|Tlp20|TANL
openood,textures_seed125,B14+L14+D3B+D3L,SL,none,98.5367138242894,5.891472868217054,textures,125,B14+L14+D3B+D3L|SL|none
openood,textures_seed125,B14+L14+D3B+D3L,SL,TINS,98.9439276485788,4.205426356589148,textures,125,B14+L14+D3B+D3L|SL|TINS
openood,textures_seed125,B14+L14+D3B+D3L,SL,TANL,98.79867614125754,4.844961240310078,textures,125,B14+L14+D3B+D3L|SL|TANL
openood,textures_seed125,B14+L14+D3B+D3L,static,none,92.31474698535744,36.007751937984494,textures,125,B14+L14+D3B+D3L|static|none
openood,textures_seed125,B14+L14+D3B+D3L,static,TINS,97.19693367786392,13.042635658914728,textures,125,B14+L14+D3B+D3L|static|TINS
openood,textures_seed125,B14+L14+D3B+D3L,static,TANL,95.09855813953487,25.07751937984496,textures,125,B14+L14+D3B+D3L|static|TANL
openood,textures_seed125,B14+L14,T,none,98.93621296296295,4.341085271317829,textures,125,B14+L14|T|none
openood,textures_seed125,B14+L14,T,TINS,99.3174134366925,2.6744186046511627,textures,125,B14+L14|T|TINS
openood,textures_seed125,B14+L14,T,TANL,99.10958634797588,3.662790697674419,textures,125,B14+L14|T|TANL
openood,textures_seed125,B14+L14,Tlp,none,97.918479543497,7.538759689922481,textures,125,B14+L14|Tlp|none
openood,textures_seed125,B14+L14,Tlp,TINS,99.19922308354866,3.255813953488372,textures,125,B14+L14|Tlp|TINS
openood,textures_seed125,B14+L14,Tlp,TANL,98.76274289405684,5.135658914728682,textures,125,B14+L14|Tlp|TANL
openood,textures_seed125,B14+L14,Tq0.05,none,98.99841989664084,4.166666666666666,textures,125,B14+L14|Tq0.05|none
openood,textures_seed125,B14+L14,Tq0.05,TINS,99.35496124031008,2.4612403100775198,textures,125,B14+L14|Tq0.05|TINS
openood,textures_seed125,B14+L14,Tq0.05,TANL,99.15373708010335,3.372093023255814,textures,125,B14+L14|Tq0.05|TANL
openood,textures_seed125,B14+L14,Tq0.2,none,98.8352278208441,5.116279069767442,textures,125,B14+L14|Tq0.2|none
openood,textures_seed125,B14+L14,Tq0.2,TINS,99.2699715762274,3.0426356589147288,textures,125,B14+L14|Tq0.2|TINS
openood,textures_seed125,B14+L14,Tq0.2,TANL,99.04521296296296,4.147286821705427,textures,125,B14+L14|Tq0.2|TANL
openood,textures_seed125,B14+L14,Tnn,none,99.01424956933678,4.069767441860465,textures,125,B14+L14|Tnn|none
openood,textures_seed125,B14+L14,Tnn,TINS,99.29378768303188,2.713178294573644,textures,125,B14+L14|Tnn|TINS
openood,textures_seed125,B14+L14,Tnn,TANL,99.13364685615848,3.527131782945737,textures,125,B14+L14|Tnn|TANL
openood,textures_seed125,B14+L14,Tk20,none,99.02467463393626,4.127906976744186,textures,125,B14+L14|Tk20|none
openood,textures_seed125,B14+L14,Tk20,TINS,99.34516623600344,2.5,textures,125,B14+L14|Tk20|TINS
openood,textures_seed125,B14+L14,Tk20,TANL,99.149689707149,3.604651162790698,textures,125,B14+L14|Tk20|TANL
openood,textures_seed125,B14+L14,Tlp20,none,98.16373040482344,6.686046511627906,textures,125,B14+L14|Tlp20|none
openood,textures_seed125,B14+L14,Tlp20,TINS,99.23311369509044,3.0426356589147288,textures,125,B14+L14|Tlp20|TINS
openood,textures_seed125,B14+L14,Tlp20,TANL,98.81543238587425,4.573643410852713,textures,125,B14+L14|Tlp20|TANL
openood,textures_seed125,B14+L14,SL,none,97.98712338501292,8.236434108527131,textures,125,B14+L14|SL|none
openood,textures_seed125,B14+L14,SL,TINS,98.90324978466838,4.554263565891473,textures,125,B14+L14|SL|TINS
openood,textures_seed125,B14+L14,SL,TANL,98.58339061154176,6.007751937984496,textures,125,B14+L14|SL|TANL
openood,textures_seed125,B14+L14,static,none,91.7744758828596,39.98062015503876,textures,125,B14+L14|static|none
openood,textures_seed125,B14+L14,static,TINS,97.99420111972437,9.496124031007753,textures,125,B14+L14|static|TINS
openood,textures_seed125,B14+L14,static,TANL,95.96517721791558,18.68217054263566,textures,125,B14+L14|static|TANL
openood,textures_seed126,L14xD3L+D3L,T,none,98.88055189491816,4.224806201550388,textures,126,L14xD3L+D3L|T|none
openood,textures_seed126,L14xD3L+D3L,T,TINS,99.28852885443584,2.3643410852713176,textures,126,L14xD3L+D3L|T|TINS
openood,textures_seed126,L14xD3L+D3L,T,TANL,99.08549332472008,3.430232558139535,textures,126,L14xD3L+D3L|T|TANL
openood,textures_seed126,L14xD3L+D3L,Tlp,none,97.78511003445306,7.55813953488372,textures,126,L14xD3L+D3L|Tlp|none
openood,textures_seed126,L14xD3L+D3L,Tlp,TINS,99.1596352282515,3.12015503875969,textures,126,L14xD3L+D3L|Tlp|TINS
openood,textures_seed126,L14xD3L+D3L,Tlp,TANL,98.70872782084412,4.748062015503876,textures,126,L14xD3L+D3L|Tlp|TANL
openood,textures_seed126,L14xD3L+D3L,Tq0.05,none,98.9264937553833,3.77906976744186,textures,126,L14xD3L+D3L|Tq0.05|none
openood,textures_seed126,L14xD3L+D3L,Tq0.05,TINS,99.30043583118,2.054263565891473,textures,126,L14xD3L+D3L|Tq0.05|TINS
openood,textures_seed126,L14xD3L+D3L,Tq0.05,TANL,99.1053912575366,3.0426356589147288,textures,126,L14xD3L+D3L|Tq0.05|TANL
openood,textures_seed126,L14xD3L+D3L,Tq0.2,none,98.74605297157622,5.232558139534884,textures,126,L14xD3L+D3L|Tq0.2|none
openood,textures_seed126,L14xD3L+D3L,Tq0.2,TINS,99.227322997416,3.236434108527132,textures,126,L14xD3L+D3L|Tq0.2|TINS
openood,textures_seed126,L14xD3L+D3L,Tq0.2,TANL,98.99440460809646,4.282945736434109,textures,126,L14xD3L+D3L|Tq0.2|TANL
openood,textures_seed126,L14xD3L+D3L,Tnn,none,98.96195822566752,3.895348837209303,textures,126,L14xD3L+D3L|Tnn|none
openood,textures_seed126,L14xD3L+D3L,Tnn,TINS,99.26650086132643,2.616279069767442,textures,126,L14xD3L+D3L|Tnn|TINS
openood,textures_seed126,L14xD3L+D3L,Tnn,TANL,99.10676851851854,3.352713178294574,textures,126,L14xD3L+D3L|Tnn|TANL
openood,textures_seed126,L14xD3L+D3L,Tk20,none,99.05993001722652,3.643410852713178,textures,126,L14xD3L+D3L|Tk20|none
openood,textures_seed126,L14xD3L+D3L,Tk20,TINS,99.36104392764858,2.112403100775194,textures,126,L14xD3L+D3L|Tk20|TINS
openood,textures_seed126,L14xD3L+D3L,Tk20,TANL,99.1816046511628,3.236434108527132,textures,126,L14xD3L+D3L|Tk20|TANL
openood,textures_seed126,L14xD3L+D3L,Tlp20,none,98.1972332041344,6.492248062015504,textures,126,L14xD3L+D3L|Tlp20|none
openood,textures_seed126,L14xD3L+D3L,Tlp20,TINS,99.2587054263566,2.6744186046511627,textures,126,L14xD3L+D3L|Tlp20|TINS
openood,textures_seed126,L14xD3L+D3L,Tlp20,TANL,98.85015008613264,4.282945736434109,textures,126,L14xD3L+D3L|Tlp20|TANL
openood,textures_seed126,L14+D3L,T,none,98.93295413436692,4.341085271317829,textures,126,L14+D3L|T|none
openood,textures_seed126,L14+D3L,T,TINS,99.31471059431524,2.5193798449612403,textures,126,L14+D3L|T|TINS
openood,textures_seed126,L14+D3L,T,TANL,99.11933591731264,3.565891472868217,textures,126,L14+D3L|T|TANL
openood,textures_seed126,L14+D3L,Tlp,none,97.9800732127476,7.1899224806201545,textures,126,L14+D3L|Tlp|none
openood,textures_seed126,L14+D3L,Tlp,TINS,99.23257450473729,2.9069767441860463,textures,126,L14+D3L|Tlp|TINS
openood,textures_seed126,L14+D3L,Tlp,TANL,98.81700559862188,4.903100775193798,textures,126,L14+D3L|Tlp|TANL
openood,textures_seed126,L14+D3L,Tq0.05,none,98.97308118001725,3.895348837209303,textures,126,L14+D3L|Tq0.05|none
openood,textures_seed126,L14+D3L,Tq0.05,TINS,99.33276528854437,2.2674418604651163,textures,126,L14+D3L|Tq0.05|TINS
openood,textures_seed126,L14+D3L,Tq0.05,TANL,99.14035788113696,3.217054263565892,textures,126,L14+D3L|Tq0.05|TANL
openood,textures_seed126,L14+D3L,Tq0.2,none,98.81279263565892,5.155038759689923,textures,126,L14+D3L|Tq0.2|none
openood,textures_seed126,L14+D3L,Tq0.2,TINS,99.2683242894057,2.9651162790697674,textures,126,L14+D3L|Tq0.2|TINS
openood,textures_seed126,L14+D3L,Tq0.2,TANL,99.044838501292,4.205426356589148,textures,126,L14+D3L|Tq0.2|TANL
openood,textures_seed126,L14+D3L,Tnn,none,99.01830813953488,3.8372093023255816,textures,126,L14+D3L|Tnn|none
openood,textures_seed126,L14+D3L,Tnn,TINS,99.29780103359174,2.635658914728682,textures,126,L14+D3L|Tnn|TINS
openood,textures_seed126,L14+D3L,Tnn,TANL,99.14915202411711,3.4496124031007755,textures,126,L14+D3L|Tnn|TANL
openood,textures_seed126,L14+D3L,Tk20,none,99.04880555555556,3.643410852713178,textures,126,L14+D3L|Tk20|none
openood,textures_seed126,L14+D3L,Tk20,TINS,99.35937209302328,2.189922480620156,textures,126,L14+D3L|Tk20|TINS
openood,textures_seed126,L14+D3L,Tk20,TANL,99.17479586563309,3.2751937984496124,textures,126,L14+D3L|Tk20|TANL
openood,textures_seed126,L14+D3L,Tlp20,none,98.3014132213609,6.3565891472868215,textures,126,L14+D3L|Tlp20|none
openood,textures_seed126,L14+D3L,Tlp20,TINS,99.29471533161067,2.635658914728682,textures,126,L14+D3L|Tlp20|TINS
openood,textures_seed126,L14+D3L,Tlp20,TANL,98.90823794142982,4.224806201550388,textures,126,L14+D3L|Tlp20|TANL
openood,textures_seed126,L14+D3L,SL,none,98.07734625322998,7.655038759689922,textures,126,L14+D3L|SL|none
openood,textures_seed126,L14+D3L,SL,TINS,98.93746210163653,4.205426356589148,textures,126,L14+D3L|SL|TINS
openood,textures_seed126,L14+D3L,SL,TANL,98.64097437553832,5.678294573643411,textures,126,L14+D3L|SL|TANL
openood,textures_seed126,L14+D3L,static,none,92.08911584840656,36.25968992248062,textures,126,L14+D3L|static|none
openood,textures_seed126,L14+D3L,static,TINS,97.92264900947458,8.817829457364342,textures,126,L14+D3L|static|TINS
openood,textures_seed126,L14+D3L,static,TANL,96.15482041343672,17.209302325581397,textures,126,L14+D3L|static|TANL
openood,textures_seed126,D3L,T,none,98.78421511627906,4.496124031007752,textures,126,D3L|T|none
openood,textures_seed126,D3L,T,TINS,99.36423729543496,2.0736434108527133,textures,126,D3L|T|TINS
openood,textures_seed126,D3L,T,TANL,99.10690051679586,3.2751937984496124,textures,126,D3L|T|TANL
openood,textures_seed126,D3L,Tlp,none,97.5443389319552,8.10077519379845,textures,126,D3L|Tlp|none
openood,textures_seed126,D3L,Tlp,TINS,99.24394487510769,2.6937984496124034,textures,126,D3L|Tlp|TINS
openood,textures_seed126,D3L,Tlp,TANL,98.80503079242034,4.147286821705427,textures,126,D3L|Tlp|TANL
openood,textures_seed126,D3L,Tq0.05,none,98.80138781223084,4.0310077519379846,textures,126,D3L|Tq0.05|none
openood,textures_seed126,D3L,Tq0.05,TINS,99.35566236003444,1.8604651162790695,textures,126,D3L|Tq0.05|TINS
openood,textures_seed126,D3L,Tq0.05,TANL,99.09524784668388,2.945736434108527,textures,126,D3L|Tq0.05|TANL
openood,textures_seed126,D3L,Tq0.2,none,98.66087080103358,5.968992248062016,textures,126,D3L|Tq0.2|none
openood,textures_seed126,D3L,Tq0.2,TINS,99.3377394487511,2.5193798449612403,textures,126,D3L|Tq0.2|TINS
openood,textures_seed126,D3L,Tq0.2,TANL,99.04766666666669,3.914728682170543,textures,126,D3L|Tq0.2|TANL
openood,textures_seed126,D3L,Tnn,none,98.92279349698534,3.934108527131783,textures,126,D3L|Tnn|none
openood,textures_seed126,D3L,Tnn,TINS,99.36299483204137,2.131782945736434,textures,126,D3L|Tnn|TINS
openood,textures_seed126,D3L,Tnn,TANL,99.15715999138672,3.062015503875969,textures,126,D3L|Tnn|TANL
openood,textures_seed126,D3L,Tk20,none,98.95057385874247,3.817829457364341,textures,126,D3L|Tk20|none
openood,textures_seed126,D3L,Tk20,TINS,99.39440999138672,1.937984496124031,textures,126,D3L|Tk20|TINS
openood,textures_seed126,D3L,Tk20,TANL,99.15080534022394,3.1976744186046515,textures,126,D3L|Tk20|TANL
openood,textures_seed126,D3L,Tlp20,none,97.93770607235142,7.1899224806201545,textures,126,D3L|Tlp20|none
openood,textures_seed126,D3L,Tlp20,TINS,99.29235185185186,2.5387596899224807,textures,126,D3L|Tlp20|TINS
openood,textures_seed126,D3L,Tlp20,TANL,98.8671856158484,3.992248062015504,textures,126,D3L|Tlp20|TANL
openood,textures_seed126,D3L,SL,none,97.8211171403962,8.236434108527131,textures,126,D3L|SL|none
openood,textures_seed126,D3L,SL,TINS,99.02797071490096,3.701550387596899,textures,126,D3L|SL|TINS
openood,textures_seed126,D3L,SL,TANL,98.7245426356589,4.961240310077519,textures,126,D3L|SL|TANL
openood,textures_seed126,D3L,static,none,91.57541752799312,37.8875968992248,textures,126,D3L|static|none
openood,textures_seed126,D3L,static,TINS,98.35500215331612,7.034883720930233,textures,126,D3L|static|TINS
openood,textures_seed126,D3L,static,TANL,96.99700129198968,12.034883720930232,textures,126,D3L|static|TANL
openood,textures_seed126,L14,T,none,98.50240826873384,5.852713178294574,textures,126,L14|T|none
openood,textures_seed126,L14,T,TINS,99.26541386735572,2.635658914728682,textures,126,L14|T|TINS
openood,textures_seed126,L14,T,TANL,98.93331416881998,4.476744186046512,textures,126,L14|T|TANL
openood,textures_seed126,L14,Tlp,none,97.25273708010336,9.709302325581396,textures,126,L14|Tlp|none
openood,textures_seed126,L14,Tlp,TINS,99.2088893195521,3.081395348837209,textures,126,L14|Tlp|TINS
openood,textures_seed126,L14,Tlp,TANL,98.69946726959516,5.658914728682171,textures,126,L14|Tlp|TANL
openood,textures_seed126,L14,Tq0.05,none,98.58697566752798,5.3100775193798455,textures,126,L14|Tq0.05|none
openood,textures_seed126,L14,Tq0.05,TINS,99.29504478897503,2.5387596899224807,textures,126,L14|Tq0.05|TINS
openood,textures_seed126,L14,Tq0.05,TANL,98.973661498708,4.050387596899225,textures,126,L14|Tq0.05|TANL
openood,textures_seed126,L14,Tq0.2,none,98.301927002584,7.635658914728682,textures,126,L14|Tq0.2|none
openood,textures_seed126,L14,Tq0.2,TINS,99.21757579672696,3.3139534883720927,textures,126,L14|Tq0.2|TINS
openood,textures_seed126,L14,Tq0.2,TANL,98.85078445305771,5.465116279069767,textures,126,L14|Tq0.2|TANL
openood,textures_seed126,L14,Tnn,none,98.5890180878553,5.465116279069767,textures,126,L14|Tnn|none
openood,textures_seed126,L14,Tnn,TINS,99.2259009474591,3.10077519379845,textures,126,L14|Tnn|TINS
openood,textures_seed126,L14,Tnn,TANL,98.91836326442724,4.593023255813954,textures,126,L14|Tnn|TANL
openood,textures_seed126,L14,Tk20,none,98.6812719638243,5.155038759689923,textures,126,L14|Tk20|none
openood,textures_seed126,L14,Tk20,TINS,99.30588372093024,2.3643410852713176,textures,126,L14|Tk20|TINS
openood,textures_seed126,L14,Tk20,TANL,98.99379608096469,4.108527131782946,textures,126,L14|Tk20|TANL
openood,textures_seed126,L14,Tlp20,none,97.66151851851852,8.546511627906977,textures,126,L14|Tlp20|none
openood,textures_seed126,L14,Tlp20,TINS,99.24828983634796,2.8875968992248064,textures,126,L14|Tlp20|TINS
openood,textures_seed126,L14,Tlp20,TANL,98.75887510766582,5.096899224806202,textures,126,L14|Tlp20|TANL
openood,textures_seed126,L14,SL,none,97.3003365633075,11.007751937984496,textures,126,L14|SL|none
openood,textures_seed126,L14,SL,TINS,98.9257786391042,4.476744186046512,textures,126,L14|SL|TINS
openood,textures_seed126,L14,SL,TANL,98.4688996554694,6.686046511627906,textures,126,L14|SL|TANL
openood,textures_seed126,L14,static,none,91.11401571920756,41.3953488372093,textures,126,L14|static|none
openood,textures_seed126,L14,static,TINS,98.24087726098188,7.713178294573643,textures,126,L14|static|TINS
openood,textures_seed126,L14,static,TANL,96.68716623600343,13.546511627906977,textures,126,L14|static|TANL
openood,textures_seed126,L14xD3L,T,none,98.75609496124032,4.534883720930233,textures,126,L14xD3L|T|none
openood,textures_seed126,L14xD3L,T,TINS,99.35083936261844,1.996124031007752,textures,126,L14xD3L|T|TINS
openood,textures_seed126,L14xD3L,T,TANL,99.09196748492678,3.4496124031007755,textures,126,L14xD3L|T|TANL
openood,textures_seed126,L14xD3L,Tlp,none,97.61768518518518,8.062015503875969,textures,126,L14xD3L|Tlp|none
openood,textures_seed126,L14xD3L,Tlp,TINS,99.25787424633936,2.5968992248062017,textures,126,L14xD3L|Tlp|TINS
openood,textures_seed126,L14xD3L,Tlp,TANL,98.83030620155036,4.534883720930233,textures,126,L14xD3L|Tlp|TANL
openood,textures_seed126,L14xD3L,Tq0.05,none,98.84200645994832,3.895348837209303,textures,126,L14xD3L|Tq0.05|none
openood,textures_seed126,L14xD3L,Tq0.05,TINS,99.36128552971576,1.8992248062015504,textures,126,L14xD3L|Tq0.05|TINS
openood,textures_seed126,L14xD3L,Tq0.05,TANL,99.11798105081826,3.1976744186046515,textures,126,L14xD3L|Tq0.05|TANL
openood,textures_seed126,L14xD3L,Tq0.2,none,98.5873344099914,6.414728682170543,textures,126,L14xD3L|Tq0.2|none
openood,textures_seed126,L14xD3L,Tq0.2,TINS,99.29586950904394,2.616279069767442,textures,126,L14xD3L|Tq0.2|TINS
openood,textures_seed126,L14xD3L,Tq0.2,TANL,99.0008527131783,4.205426356589148,textures,126,L14xD3L|Tq0.2|TANL
openood,textures_seed126,L14xD3L,Tnn,none,98.85517571059432,4.302325581395349,textures,126,L14xD3L|Tnn|none
openood,textures_seed126,L14xD3L,Tnn,TINS,99.33558010335916,2.2674418604651163,textures,126,L14xD3L|Tnn|TINS
openood,textures_seed126,L14xD3L,Tnn,TANL,99.11111606373817,3.333333333333333,textures,126,L14xD3L|Tnn|TANL
openood,textures_seed126,L14xD3L,Tk20,none,99.0056890611542,3.934108527131783,textures,126,L14xD3L|Tk20|none
openood,textures_seed126,L14xD3L,Tk20,TINS,99.41333591731264,1.9573643410852717,textures,126,L14xD3L|Tk20|TINS
openood,textures_seed126,L14xD3L,Tk20,TANL,99.1710443583118,3.4108527131782944,textures,126,L14xD3L|Tk20|TANL
openood,textures_seed126,L14xD3L,Tlp20,none,98.09563178294572,6.937984496124031,textures,126,L14xD3L|Tlp20|none
openood,textures_seed126,L14xD3L,Tlp20,TINS,99.32048105081827,2.4612403100775198,textures,126,L14xD3L|Tlp20|TINS
openood,textures_seed126,L14xD3L,Tlp20,TANL,98.90593410852712,4.282945736434109,textures,126,L14xD3L|Tlp20|TANL
openood,textures_seed126,D3B+D3L,T,none,99.18617226528856,3.217054263565892,textures,126,D3B+D3L|T|none
openood,textures_seed126,D3B+D3L,T,TINS,99.43206675279932,2.1511627906976747,textures,126,D3B+D3L|T|TINS
openood,textures_seed126,D3B+D3L,T,TANL,99.31087037037038,2.6550387596899228,textures,126,D3B+D3L|T|TANL
openood,textures_seed126,D3B+D3L,Tlp,none,98.23793109388458,5.62015503875969,textures,126,D3B+D3L|Tlp|none
openood,textures_seed126,D3B+D3L,Tlp,TINS,99.24303186907838,2.635658914728682,textures,126,D3B+D3L|Tlp|TINS
openood,textures_seed126,D3B+D3L,Tlp,TANL,98.93129931093884,3.77906976744186,textures,126,D3B+D3L|Tlp|TANL
openood,textures_seed126,D3B+D3L,Tq0.05,none,99.19712187769166,2.9069767441860463,textures,126,D3B+D3L|Tq0.05|none
openood,textures_seed126,D3B+D3L,Tq0.05,TINS,99.434842377261,1.7829457364341086,textures,126,D3B+D3L|Tq0.05|TINS
openood,textures_seed126,D3B+D3L,Tq0.05,TANL,99.31238156761412,2.5193798449612403,textures,126,D3B+D3L|Tq0.05|TANL
openood,textures_seed126,D3B+D3L,Tq0.2,none,99.1095161498708,3.565891472868217,textures,126,D3B+D3L|Tq0.2|none
openood,textures_seed126,D3B+D3L,Tq0.2,TINS,99.39498191214471,2.3837209302325584,textures,126,D3B+D3L|Tq0.2|TINS
openood,textures_seed126,D3B+D3L,Tq0.2,TANL,99.2600198105082,3.003875968992248,textures,126,D3B+D3L|Tq0.2|TANL
openood,textures_seed126,D3B+D3L,Tnn,none,99.29676937984496,2.8875968992248064,textures,126,D3B+D3L|Tnn|none
openood,textures_seed126,D3B+D3L,Tnn,TINS,99.462891042205,1.996124031007752,textures,126,D3B+D3L|Tnn|TINS
openood,textures_seed126,D3B+D3L,Tnn,TANL,99.37919293712316,2.48062015503876,textures,126,D3B+D3L|Tnn|TANL
openood,textures_seed126,D3B+D3L,Tk20,none,99.25803746770026,3.255813953488372,textures,126,D3B+D3L|Tk20|none
openood,textures_seed126,D3B+D3L,Tk20,TINS,99.45039621016365,2.0930232558139537,textures,126,D3B+D3L|Tk20|TINS
openood,textures_seed126,D3B+D3L,Tk20,TANL,99.3351330749354,2.8294573643410854,textures,126,D3B+D3L|Tk20|TANL
openood,textures_seed126,D3B+D3L,Tlp20,none,98.4800682601206,5.523255813953488,textures,126,D3B+D3L|Tlp20|none
openood,textures_seed126,D3B+D3L,Tlp20,TINS,99.29707967269596,2.635658914728682,textures,126,D3B+D3L|Tlp20|TINS
openood,textures_seed126,D3B+D3L,Tlp20,TANL,99.00074160206718,3.77906976744186,textures,126,D3B+D3L|Tlp20|TANL
openood,textures_seed126,D3B+D3L,SL,none,98.39337661498708,5.794573643410852,textures,126,D3B+D3L|SL|none
openood,textures_seed126,D3B+D3L,SL,TINS,99.03309130060292,3.77906976744186,textures,126,D3B+D3L|SL|TINS
openood,textures_seed126,D3B+D3L,SL,TANL,98.86997286821706,4.302325581395349,textures,126,D3B+D3L|SL|TANL
openood,textures_seed126,D3B+D3L,static,none,91.74380921619291,37.713178294573645,textures,126,D3B+D3L|static|none
openood,textures_seed126,D3B+D3L,static,TINS,97.86547545219636,9.321705426356589,textures,126,D3B+D3L|static|TINS
openood,textures_seed126,D3B+D3L,static,TANL,96.13392161929372,18.100775193798448,textures,126,D3B+D3L|static|TANL
openood,textures_seed126,L14+D3B+D3L,T,none,99.18164793281656,3.3139534883720927,textures,126,L14+D3B+D3L|T|none
openood,textures_seed126,L14+D3B+D3L,T,TINS,99.38813049095609,2.2868217054263567,textures,126,L14+D3B+D3L|T|TINS
openood,textures_seed126,L14+D3B+D3L,T,TANL,99.27839190353144,2.926356589147287,textures,126,L14+D3B+D3L|T|TANL
openood,textures_seed126,L14+D3B+D3L,Tlp,none,98.36586929371232,5.5813953488372094,textures,126,L14+D3B+D3L|Tlp|none
openood,textures_seed126,L14+D3B+D3L,Tlp,TINS,99.2055055986219,3.0232558139534884,textures,126,L14+D3B+D3L|Tlp|TINS
openood,textures_seed126,L14+D3B+D3L,Tlp,TANL,98.8978464685616,4.127906976744186,textures,126,L14+D3B+D3L|Tlp|TANL
openood,textures_seed126,L14+D3B+D3L,Tq0.05,none,99.2080325150732,3.062015503875969,textures,126,L14+D3B+D3L|Tq0.05|none
openood,textures_seed126,L14+D3B+D3L,Tq0.05,TINS,99.40296899224806,2.1705426356589146,textures,126,L14+D3B+D3L|Tq0.05|TINS
openood,textures_seed126,L14+D3B+D3L,Tq0.05,TANL,99.29477304048235,2.7906976744186047,textures,126,L14+D3B+D3L|Tq0.05|TANL
openood,textures_seed126,L14+D3B+D3L,Tq0.2,none,99.09922868217056,3.72093023255814,textures,126,L14+D3B+D3L|Tq0.2|none
openood,textures_seed126,L14+D3B+D3L,Tq0.2,TINS,99.3423186907838,2.5968992248062017,textures,126,L14+D3B+D3L|Tq0.2|TINS
openood,textures_seed126,L14+D3B+D3L,Tq0.2,TANL,99.21845176571922,3.255813953488372,textures,126,L14+D3B+D3L|Tq0.2|TANL
openood,textures_seed126,L14+D3B+D3L,Tnn,none,99.26852325581396,3.0232558139534884,textures,126,L14+D3B+D3L|Tnn|none
openood,textures_seed126,L14+D3B+D3L,Tnn,TINS,99.4073105081826,2.3837209302325584,textures,126,L14+D3B+D3L|Tnn|TINS
openood,textures_seed126,L14+D3B+D3L,Tnn,TANL,99.33215116279072,2.732558139534884,textures,126,L14+D3B+D3L|Tnn|TANL
openood,textures_seed126,L14+D3B+D3L,Tk20,none,99.24721920757966,3.12015503875969,textures,126,L14+D3B+D3L|Tk20|none
openood,textures_seed126,L14+D3B+D3L,Tk20,TINS,99.41363436692508,2.189922480620156,textures,126,L14+D3B+D3L|Tk20|TINS
openood,textures_seed126,L14+D3B+D3L,Tk20,TANL,99.31016214470286,2.926356589147287,textures,126,L14+D3B+D3L|Tk20|TANL
openood,textures_seed126,L14+D3B+D3L,Tlp20,none,98.60861757105944,4.922480620155039,textures,126,L14+D3B+D3L|Tlp20|none
openood,textures_seed126,L14+D3B+D3L,Tlp20,TINS,99.27584883720932,2.8294573643410854,textures,126,L14+D3B+D3L|Tlp20|TINS
openood,textures_seed126,L14+D3B+D3L,Tlp20,TANL,98.99508311800172,3.798449612403101,textures,126,L14+D3B+D3L|Tlp20|TANL
openood,textures_seed126,L14+D3B+D3L,SL,none,98.4522237295435,5.833333333333333,textures,126,L14+D3B+D3L|SL|none
openood,textures_seed126,L14+D3B+D3L,SL,TINS,98.97416236003446,4.166666666666666,textures,126,L14+D3B+D3L|SL|TINS
openood,textures_seed126,L14+D3B+D3L,SL,TANL,98.80234496124032,4.864341085271318,textures,126,L14+D3B+D3L|SL|TANL
openood,textures_seed126,L14+D3B+D3L,static,none,92.1791854005168,36.27906976744186,textures,126,L14+D3B+D3L|static|none
openood,textures_seed126,L14+D3B+D3L,static,TINS,97.46969164513352,11.2984496124031,textures,126,L14+D3B+D3L|static|TINS
openood,textures_seed126,L14+D3B+D3L,static,TANL,95.55907450473728,22.55813953488372,textures,126,L14+D3B+D3L|static|TANL
openood,textures_seed126,B14+L14+D3L,T,none,99.06986455641687,3.643410852713178,textures,126,B14+L14+D3L|T|none
openood,textures_seed126,B14+L14+D3L,T,TINS,99.32685012919896,2.48062015503876,textures,126,B14+L14+D3L|T|TINS
openood,textures_seed126,B14+L14+D3L,T,TANL,99.187391042205,3.255813953488372,textures,126,B14+L14+D3L|T|TANL
openood,textures_seed126,B14+L14+D3L,Tlp,none,98.2170402670112,6.472868217054264,textures,126,B14+L14+D3L|Tlp|none
openood,textures_seed126,B14+L14+D3L,Tlp,TINS,99.17553962101636,3.294573643410853,textures,126,B14+L14+D3L|Tlp|TINS
openood,textures_seed126,B14+L14+D3L,Tlp,TANL,98.81515762273902,4.748062015503876,textures,126,B14+L14+D3L|Tlp|TANL
openood,textures_seed126,B14+L14+D3L,Tq0.05,none,99.11202067183464,3.430232558139535,textures,126,B14+L14+D3L|Tq0.05|none
openood,textures_seed126,B14+L14+D3L,Tq0.05,TINS,99.35318819982774,2.248062015503876,textures,126,B14+L14+D3L|Tq0.05|TINS
openood,textures_seed126,B14+L14+D3L,Tq0.05,TANL,99.21726270456504,2.984496124031008,textures,126,B14+L14+D3L|Tq0.05|TANL
openood,textures_seed126,B14+L14+D3L,Tq0.2,none,98.9796688199828,4.205426356589148,textures,126,B14+L14+D3L|Tq0.2|none
openood,textures_seed126,B14+L14+D3L,Tq0.2,TINS,99.27776098191214,2.984496124031008,textures,126,B14+L14+D3L|Tq0.2|TINS
openood,textures_seed126,B14+L14+D3L,Tq0.2,TANL,99.1216515934539,3.72093023255814,textures,126,B14+L14+D3L|Tq0.2|TANL
openood,textures_seed126,B14+L14+D3L,Tnn,none,99.1495785960379,3.333333333333333,textures,126,B14+L14+D3L|Tnn|none
openood,textures_seed126,B14+L14+D3L,Tnn,TINS,99.32677476313523,2.5775193798449614,textures,126,B14+L14+D3L|Tnn|TINS
openood,textures_seed126,B14+L14+D3L,Tnn,TANL,99.2275202411714,3.1589147286821704,textures,126,B14+L14+D3L|Tnn|TANL
openood,textures_seed126,B14+L14+D3L,Tk20,none,99.15345865633074,3.565891472868217,textures,126,B14+L14+D3L|Tk20|none
openood,textures_seed126,B14+L14+D3L,Tk20,TINS,99.36482472006892,2.5387596899224807,textures,126,B14+L14+D3L|Tk20|TINS
openood,textures_seed126,B14+L14+D3L,Tk20,TANL,99.233669250646,3.217054263565892,textures,126,B14+L14+D3L|Tk20|TANL
openood,textures_seed126,B14+L14+D3L,Tlp20,none,98.46396533161068,5.794573643410852,textures,126,B14+L14+D3L|Tlp20|none
openood,textures_seed126,B14+L14+D3L,Tlp20,TINS,99.24339233419464,2.945736434108527,textures,126,B14+L14+D3L|Tlp20|TINS
openood,textures_seed126,B14+L14+D3L,Tlp20,TANL,98.9072056416882,4.302325581395349,textures,126,B14+L14+D3L|Tlp20|TANL
openood,textures_seed126,B14+L14+D3L,SL,none,98.27633828596038,6.763565891472869,textures,126,B14+L14+D3L|SL|none
openood,textures_seed126,B14+L14+D3L,SL,TINS,98.89356416882,4.573643410852713,textures,126,B14+L14+D3L|SL|TINS
openood,textures_seed126,B14+L14+D3L,SL,TANL,98.65942506459947,5.387596899224807,textures,126,B14+L14+D3L|SL|TANL
openood,textures_seed126,B14+L14+D3L,static,none,92.31421533161068,36.41472868217054,textures,126,B14+L14+D3L|static|none
openood,textures_seed126,B14+L14+D3L,static,TINS,97.50395434969852,11.317829457364342,textures,126,B14+L14+D3L|static|TINS
openood,textures_seed126,B14+L14+D3L,static,TANL,95.59641774332472,21.976744186046517,textures,126,B14+L14+D3L|static|TANL
openood,textures_seed126,B14+L14+D3B+D3L,T,none,99.20498169681308,3.1589147286821704,textures,126,B14+L14+D3B+D3L|T|none
openood,textures_seed126,B14+L14+D3B+D3L,T,TINS,99.37378294573644,2.422480620155039,textures,126,B14+L14+D3B+D3L|T|TINS
openood,textures_seed126,B14+L14+D3B+D3L,T,TANL,99.28117140396208,2.9069767441860463,textures,126,B14+L14+D3B+D3L|T|TANL
openood,textures_seed126,B14+L14+D3B+D3L,Tlp,none,98.4308587424634,5.406976744186046,textures,126,B14+L14+D3B+D3L|Tlp|none
openood,textures_seed126,B14+L14+D3B+D3L,Tlp,TINS,99.14584366925064,3.294573643410853,textures,126,B14+L14+D3B+D3L|Tlp|TINS
openood,textures_seed126,B14+L14+D3B+D3L,Tlp,TANL,98.86041602067183,4.244186046511628,textures,126,B14+L14+D3B+D3L|Tlp|TANL
openood,textures_seed126,B14+L14+D3B+D3L,Tq0.05,none,99.2383951335056,2.7906976744186047,textures,126,B14+L14+D3B+D3L|Tq0.05|none
openood,textures_seed126,B14+L14+D3B+D3L,Tq0.05,TINS,99.39613824289408,2.131782945736434,textures,126,B14+L14+D3B+D3L|Tq0.05|TINS
openood,textures_seed126,B14+L14+D3B+D3L,Tq0.05,TANL,99.3061649440138,2.5968992248062017,textures,126,B14+L14+D3B+D3L|Tq0.05|TANL
openood,textures_seed126,B14+L14+D3B+D3L,Tq0.2,none,99.12938781223085,3.507751937984496,textures,126,B14+L14+D3B+D3L|Tq0.2|none
openood,textures_seed126,B14+L14+D3B+D3L,Tq0.2,TINS,99.32493927648578,2.732558139534884,textures,126,B14+L14+D3B+D3L|Tq0.2|TINS
openood,textures_seed126,B14+L14+D3B+D3L,Tq0.2,TANL,99.22169509043928,3.1782945736434107,textures,126,B14+L14+D3B+D3L|Tq0.2|TANL
openood,textures_seed126,B14+L14+D3B+D3L,Tnn,none,99.28748428079244,2.7713178294573644,textures,126,B14+L14+D3B+D3L|Tnn|none
openood,textures_seed126,B14+L14+D3B+D3L,Tnn,TINS,99.39726701119724,2.228682170542636,textures,126,B14+L14+D3B+D3L|Tnn|TINS
openood,textures_seed126,B14+L14+D3B+D3L,Tnn,TANL,99.33535745047374,2.616279069767442,textures,126,B14+L14+D3B+D3L|Tnn|TANL
openood,textures_seed126,B14+L14+D3B+D3L,Tk20,none,99.2644151593454,3.0232558139534884,textures,126,B14+L14+D3B+D3L|Tk20|none
openood,textures_seed126,B14+L14+D3B+D3L,Tk20,TINS,99.4004840654608,2.3643410852713176,textures,126,B14+L14+D3B+D3L|Tk20|TINS
openood,textures_seed126,B14+L14+D3B+D3L,Tk20,TANL,99.31481782945735,2.810077519379845,textures,126,B14+L14+D3B+D3L|Tk20|TANL
openood,textures_seed126,B14+L14+D3B+D3L,Tlp20,none,98.64739276485788,5.0,textures,126,B14+L14+D3B+D3L|Tlp20|none
openood,textures_seed126,B14+L14+D3B+D3L,Tlp20,TINS,99.2224677002584,3.1782945736434107,textures,126,B14+L14+D3B+D3L|Tlp20|TINS
openood,textures_seed126,B14+L14+D3B+D3L,Tlp20,TANL,98.9635322997416,4.069767441860465,textures,126,B14+L14+D3B+D3L|Tlp20|TANL
openood,textures_seed126,B14+L14+D3B+D3L,SL,none,98.49681481481484,5.63953488372093,textures,126,B14+L14+D3B+D3L|SL|none
openood,textures_seed126,B14+L14+D3B+D3L,SL,TINS,98.92428768303188,4.3604651162790695,textures,126,B14+L14+D3B+D3L|SL|TINS
openood,textures_seed126,B14+L14+D3B+D3L,SL,TANL,98.76920111972436,4.922480620155039,textures,126,B14+L14+D3B+D3L|SL|TANL
openood,textures_seed126,B14+L14+D3B+D3L,static,none,92.31474698535744,36.007751937984494,textures,126,B14+L14+D3B+D3L|static|none
openood,textures_seed126,B14+L14+D3B+D3L,static,TINS,97.07016192937124,13.58527131782946,textures,126,B14+L14+D3B+D3L|static|TINS
openood,textures_seed126,B14+L14+D3B+D3L,static,TANL,95.13015374677,25.03875968992248,textures,126,B14+L14+D3B+D3L|static|TANL
openood,textures_seed126,B14+L14,T,none,98.93621403962102,4.341085271317829,textures,126,B14+L14|T|none
openood,textures_seed126,B14+L14,T,TINS,99.31376012058573,2.751937984496124,textures,126,B14+L14|T|TINS
openood,textures_seed126,B14+L14,T,TANL,99.12143884582257,3.701550387596899,textures,126,B14+L14|T|TANL
openood,textures_seed126,B14+L14,Tlp,none,97.91847502153314,7.538759689922481,textures,126,B14+L14|Tlp|none
openood,textures_seed126,B14+L14,Tlp,TINS,99.20316192937122,3.1976744186046515,textures,126,B14+L14|Tlp|TINS
openood,textures_seed126,B14+L14,Tlp,TANL,98.7854614556417,5.232558139534884,textures,126,B14+L14|Tlp|TANL
openood,textures_seed126,B14+L14,Tq0.05,none,98.99841795865632,4.166666666666666,textures,126,B14+L14|Tq0.05|none
openood,textures_seed126,B14+L14,Tq0.05,TINS,99.35003359173126,2.5387596899224807,textures,126,B14+L14|Tq0.05|TINS
openood,textures_seed126,B14+L14,Tq0.05,TANL,99.16472652885444,3.4108527131782944,textures,126,B14+L14|Tq0.05|TANL
openood,textures_seed126,B14+L14,Tq0.2,none,98.83522588285962,5.116279069767442,textures,126,B14+L14|Tq0.2|none
openood,textures_seed126,B14+L14,Tq0.2,TINS,99.26637381567616,3.12015503875969,textures,126,B14+L14|Tq0.2|TINS
openood,textures_seed126,B14+L14,Tq0.2,TANL,99.05746963824288,4.147286821705427,textures,126,B14+L14|Tq0.2|TANL
openood,textures_seed126,B14+L14,Tnn,none,99.01425172265289,4.069767441860465,textures,126,B14+L14|Tnn|none
openood,textures_seed126,B14+L14,Tnn,TINS,99.29529285099052,2.9069767441860463,textures,126,B14+L14|Tnn|TINS
openood,textures_seed126,B14+L14,Tnn,TANL,99.14221834625324,3.430232558139535,textures,126,B14+L14|Tnn|TANL
openood,textures_seed126,B14+L14,Tk20,none,99.02467420327304,4.127906976744186,textures,126,B14+L14|Tk20|none
openood,textures_seed126,B14+L14,Tk20,TINS,99.34308139534882,2.6550387596899228,textures,126,B14+L14|Tk20|TINS
openood,textures_seed126,B14+L14,Tk20,TANL,99.15969207579673,3.565891472868217,textures,126,B14+L14|Tk20|TANL
openood,textures_seed126,B14+L14,Tlp20,none,98.16373040482344,6.686046511627906,textures,126,B14+L14|Tlp20|none
openood,textures_seed126,B14+L14,Tlp20,TINS,99.24468217054265,3.0232558139534884,textures,126,B14+L14|Tlp20|TINS
openood,textures_seed126,B14+L14,Tlp20,TANL,98.8369134366925,4.6317829457364335,textures,126,B14+L14|Tlp20|TANL
openood,textures_seed126,B14+L14,SL,none,97.96812360034453,8.255813953488373,textures,126,B14+L14|SL|none
openood,textures_seed126,B14+L14,SL,TINS,98.8958772609819,4.8062015503875966,textures,126,B14+L14|SL|TINS
openood,textures_seed126,B14+L14,SL,TANL,98.57215202411712,6.104651162790697,textures,126,B14+L14|SL|TANL
openood,textures_seed126,B14+L14,static,none,91.7744758828596,39.98062015503876,textures,126,B14+L14|static|none
openood,textures_seed126,B14+L14,static,TINS,97.85945607235142,9.786821705426355,textures,126,B14+L14|static|TINS
openood,textures_seed126,B14+L14,static,TANL,96.01349978466838,18.91472868217054,textures,126,B14+L14|static|TANL
openood,textures_seed127,L14xD3L+D3L,T,none,98.88054629629627,4.224806201550388,textures,127,L14xD3L+D3L|T|none
openood,textures_seed127,L14xD3L+D3L,T,TINS,99.27461972437554,2.558139534883721,textures,127,L14xD3L+D3L|T|TINS
openood,textures_seed127,L14xD3L+D3L,T,TANL,99.08392807924204,3.507751937984496,textures,127,L14xD3L+D3L|T|TANL
openood,textures_seed127,L14xD3L+D3L,Tlp,none,97.78510357450472,7.55813953488372,textures,127,L14xD3L+D3L|Tlp|none
openood,textures_seed127,L14xD3L+D3L,Tlp,TINS,99.13381352282514,3.4496124031007755,textures,127,L14xD3L+D3L|Tlp|TINS
openood,textures_seed127,L14xD3L+D3L,Tlp,TANL,98.7128085701981,4.786821705426356,textures,127,L14xD3L+D3L|Tlp|TANL
openood,textures_seed127,L14xD3L+D3L,Tq0.05,none,98.9264963393626,3.77906976744186,textures,127,L14xD3L+D3L|Tq0.05|none
openood,textures_seed127,L14xD3L+D3L,Tq0.05,TINS,99.29022825150732,2.1511627906976747,textures,127,L14xD3L+D3L|Tq0.05|TINS
openood,textures_seed127,L14xD3L+D3L,Tq0.05,TANL,99.10410206718346,3.0426356589147288,textures,127,L14xD3L+D3L|Tq0.05|TANL
openood,textures_seed127,L14xD3L+D3L,Tq0.2,none,98.74605211024978,5.232558139534884,textures,127,L14xD3L+D3L|Tq0.2|none
openood,textures_seed127,L14xD3L+D3L,Tq0.2,TINS,99.21069250645996,3.255813953488372,textures,127,L14xD3L+D3L|Tq0.2|TINS
openood,textures_seed127,L14xD3L+D3L,Tq0.2,TANL,98.99279586563308,4.205426356589148,textures,127,L14xD3L+D3L|Tq0.2|TANL
openood,textures_seed127,L14xD3L+D3L,Tnn,none,98.96195693367788,3.895348837209303,textures,127,L14xD3L+D3L|Tnn|none
openood,textures_seed127,L14xD3L+D3L,Tnn,TINS,99.25850689061154,2.713178294573644,textures,127,L14xD3L+D3L|Tnn|TINS
openood,textures_seed127,L14xD3L+D3L,Tnn,TANL,99.10657795004308,3.4108527131782944,textures,127,L14xD3L+D3L|Tnn|TANL
openood,textures_seed127,L14xD3L+D3L,Tk20,none,99.05992958656329,3.643410852713178,textures,127,L14xD3L+D3L|Tk20|none
openood,textures_seed127,L14xD3L+D3L,Tk20,TINS,99.35308311800172,2.248062015503876,textures,127,L14xD3L+D3L|Tk20|TINS
openood,textures_seed127,L14xD3L+D3L,Tk20,TANL,99.18267678725236,3.1589147286821704,textures,127,L14xD3L+D3L|Tk20|TANL
openood,textures_seed127,L14xD3L+D3L,Tlp20,none,98.19723105081827,6.492248062015504,textures,127,L14xD3L+D3L|Tlp20|none
openood,textures_seed127,L14xD3L+D3L,Tlp20,TINS,99.23885658914728,2.9651162790697674,textures,127,L14xD3L+D3L|Tlp20|TINS
openood,textures_seed127,L14xD3L+D3L,Tlp20,TANL,98.85861046511629,4.282945736434109,textures,127,L14xD3L+D3L|Tlp20|TANL
openood,textures_seed127,L14+D3L,T,none,98.9329511197244,4.341085271317829,textures,127,L14+D3L|T|none
openood,textures_seed127,L14+D3L,T,TINS,99.30911541774331,2.5193798449612403,textures,127,L14+D3L|T|TINS
openood,textures_seed127,L14+D3L,T,TANL,99.11969681309216,3.507751937984496,textures,127,L14+D3L|T|TANL
openood,textures_seed127,L14+D3L,Tlp,none,97.98006718346254,7.1899224806201545,textures,127,L14+D3L|Tlp|none
openood,textures_seed127,L14+D3L,Tlp,TINS,99.21570284237728,3.217054263565892,textures,127,L14+D3L|Tlp|TINS
openood,textures_seed127,L14+D3L,Tlp,TANL,98.8268490525409,4.844961240310078,textures,127,L14+D3L|Tlp|TANL
openood,textures_seed127,L14+D3L,Tq0.05,none,98.9730824720069,3.895348837209303,textures,127,L14+D3L|Tq0.05|none
openood,textures_seed127,L14+D3L,Tq0.05,TINS,99.32885357450472,2.228682170542636,textures,127,L14+D3L|Tq0.05|TINS
openood,textures_seed127,L14+D3L,Tq0.05,TANL,99.14052196382428,3.217054263565892,textures,127,L14+D3L|Tq0.05|TANL
openood,textures_seed127,L14+D3L,Tq0.2,none,98.8127943583118,5.155038759689923,textures,127,L14+D3L|Tq0.2|none
openood,textures_seed127,L14+D3L,Tq0.2,TINS,99.26021791559,2.984496124031008,textures,127,L14+D3L|Tq0.2|TINS
openood,textures_seed127,L14+D3L,Tq0.2,TANL,99.04586584840654,4.127906976744186,textures,127,L14+D3L|Tq0.2|TANL
openood,textures_seed127,L14+D3L,Tnn,none,99.0183085701981,3.8372093023255816,textures,127,L14+D3L|Tnn|none
openood,textures_seed127,L14+D3L,Tnn,TINS,99.29397071490096,2.635658914728682,textures,127,L14+D3L|Tnn|TINS
openood,textures_seed127,L14+D3L,Tnn,TANL,99.15011714039622,3.4108527131782944,textures,127,L14+D3L|Tnn|TANL
openood,textures_seed127,L14+D3L,Tk20,none,99.04880426356588,3.643410852713178,textures,127,L14+D3L|Tk20|none
openood,textures_seed127,L14+D3L,Tk20,TINS,99.35531567614126,2.1511627906976747,textures,127,L14+D3L|Tk20|TINS
openood,textures_seed127,L14+D3L,Tk20,TANL,99.17690869939707,3.236434108527132,textures,127,L14+D3L|Tk20|TANL
openood,textures_seed127,L14+D3L,Tlp20,none,98.3014071920758,6.3565891472868215,textures,127,L14+D3L|Tlp20|none
openood,textures_seed127,L14+D3L,Tlp20,TINS,99.2795223944875,2.926356589147287,textures,127,L14+D3L|Tlp20|TINS
openood,textures_seed127,L14+D3L,Tlp20,TANL,98.9204149440138,4.166666666666666,textures,127,L14+D3L|Tlp20|TANL
openood,textures_seed127,L14+D3L,SL,none,98.04386886304908,7.790697674418605,textures,127,L14+D3L|SL|none
openood,textures_seed127,L14+D3L,SL,TINS,98.92398148148148,4.39922480620155,textures,127,L14+D3L|SL|TINS
openood,textures_seed127,L14+D3L,SL,TANL,98.60469509043926,5.736434108527131,textures,127,L14+D3L|SL|TANL
openood,textures_seed127,L14+D3L,static,none,92.08911584840656,36.25968992248062,textures,127,L14+D3L|static|none
openood,textures_seed127,L14+D3L,static,TINS,97.93255469422913,9.34108527131783,textures,127,L14+D3L|static|TINS
openood,textures_seed127,L14+D3L,static,TANL,96.13215460809649,17.03488372093023,textures,127,L14+D3L|static|TANL
openood,textures_seed127,D3L,T,none,98.78421683893195,4.496124031007752,textures,127,D3L|T|none
openood,textures_seed127,D3L,T,TINS,99.35134797588286,2.112403100775194,textures,127,D3L|T|TINS
openood,textures_seed127,D3L,T,TANL,99.10498341946598,3.1782945736434107,textures,127,D3L|T|TANL
openood,textures_seed127,D3L,Tlp,none,97.5443264427218,8.10077519379845,textures,127,D3L|Tlp|none
openood,textures_seed127,D3L,Tlp,TINS,99.23802153316107,2.713178294573644,textures,127,D3L|Tlp|TINS
openood,textures_seed127,D3L,Tlp,TANL,98.81280813953488,4.050387596899225,textures,127,D3L|Tlp|TANL
openood,textures_seed127,D3L,Tq0.05,none,98.8013850129199,4.0310077519379846,textures,127,D3L|Tq0.05|none
openood,textures_seed127,D3L,Tq0.05,TINS,99.34696554694229,1.9186046511627908,textures,127,D3L|Tq0.05|TINS
openood,textures_seed127,D3L,Tq0.05,TANL,99.09279134366923,3.003875968992248,textures,127,D3L|Tq0.05|TANL
openood,textures_seed127,D3L,Tq0.2,none,98.66087187769163,5.968992248062016,textures,127,D3L|Tq0.2|none
openood,textures_seed127,D3L,Tq0.2,TINS,99.3208548664944,2.6937984496124034,textures,127,D3L|Tq0.2|TINS
openood,textures_seed127,D3L,Tq0.2,TANL,99.0476169250646,3.817829457364341,textures,127,D3L|Tq0.2|TANL
openood,textures_seed127,D3L,Tnn,none,98.92279091300604,3.934108527131783,textures,127,D3L|Tnn|none
openood,textures_seed127,D3L,Tnn,TINS,99.35622695951768,2.248062015503876,textures,127,D3L|Tnn|TINS
openood,textures_seed127,D3L,Tnn,TANL,99.15802691645132,3.12015503875969,textures,127,D3L|Tnn|TANL
openood,textures_seed127,D3L,Tk20,none,98.9505725667528,3.817829457364341,textures,127,D3L|Tk20|none
openood,textures_seed127,D3L,Tk20,TINS,99.3875684754522,1.937984496124031,textures,127,D3L|Tk20|TINS
openood,textures_seed127,D3L,Tk20,TANL,99.15257687338504,3.10077519379845,textures,127,D3L|Tk20|TANL
openood,textures_seed127,D3L,Tlp20,none,97.93770327304048,7.1899224806201545,textures,127,D3L|Tlp20|none
openood,textures_seed127,D3L,Tlp20,TINS,99.2862945736434,2.5193798449612403,textures,127,D3L|Tlp20|TINS
openood,textures_seed127,D3L,Tlp20,TANL,98.87848837209302,4.0310077519379846,textures,127,D3L|Tlp20|TANL
openood,textures_seed127,D3L,SL,none,97.8668546511628,8.410852713178295,textures,127,D3L|SL|none
openood,textures_seed127,D3L,SL,TINS,99.07119509043926,3.972868217054264,textures,127,D3L|SL|TINS
openood,textures_seed127,D3L,SL,TANL,98.74022932816538,5.038759689922481,textures,127,D3L|SL|TANL
openood,textures_seed127,D3L,static,none,91.57541752799312,37.8875968992248,textures,127,D3L|static|none
openood,textures_seed127,D3L,static,TINS,98.37379715762276,7.286821705426356,textures,127,D3L|static|TINS
openood,textures_seed127,D3L,static,TANL,96.96966774332472,12.325581395348838,textures,127,D3L|static|TANL
openood,textures_seed127,L14,T,none,98.50240869939708,5.852713178294574,textures,127,L14|T|none
openood,textures_seed127,L14,T,TINS,99.28108613264426,2.635658914728682,textures,127,L14|T|TINS
openood,textures_seed127,L14,T,TANL,98.9396330749354,4.379844961240311,textures,127,L14|T|TANL
openood,textures_seed127,L14,Tlp,none,97.25273944875109,9.709302325581396,textures,127,L14|Tlp|none
openood,textures_seed127,L14,Tlp,TINS,99.2143652024117,3.081395348837209,textures,127,L14|Tlp|TINS
openood,textures_seed127,L14,Tlp,TANL,98.723225667528,5.717054263565891,textures,127,L14|Tlp|TANL
openood,textures_seed127,L14,Tq0.05,none,98.58697523686476,5.3100775193798455,textures,127,L14|Tq0.05|none
openood,textures_seed127,L14,Tq0.05,TINS,99.3099944013781,2.422480620155039,textures,127,L14|Tq0.05|TINS
openood,textures_seed127,L14,Tq0.05,TANL,98.979588501292,3.992248062015504,textures,127,L14|Tq0.05|TANL
openood,textures_seed127,L14,Tq0.2,none,98.3019293712317,7.635658914728682,textures,127,L14|Tq0.2|none
openood,textures_seed127,L14,Tq0.2,TINS,99.22965288544356,3.255813953488372,textures,127,L14|Tq0.2|TINS
openood,textures_seed127,L14,Tq0.2,TANL,98.85897093023256,5.426356589147287,textures,127,L14|Tq0.2|TANL
openood,textures_seed127,L14,Tnn,none,98.58901894918174,5.465116279069767,textures,127,L14|Tnn|none
openood,textures_seed127,L14,Tnn,TINS,99.23172049956932,2.945736434108527,textures,127,L14|Tnn|TINS
openood,textures_seed127,L14,Tnn,TANL,98.92216838931957,4.554263565891473,textures,127,L14|Tnn|TANL
openood,textures_seed127,L14,Tk20,none,98.68126981050818,5.155038759689923,textures,127,L14|Tk20|none
openood,textures_seed127,L14,Tk20,TINS,99.3191550387597,2.422480620155039,textures,127,L14|Tk20|TINS
openood,textures_seed127,L14,Tk20,TANL,99.0008931955211,3.992248062015504,textures,127,L14|Tk20|TANL
openood,textures_seed127,L14,Tlp20,none,97.6614965546942,8.546511627906977,textures,127,L14|Tlp20|none
openood,textures_seed127,L14,Tlp20,TINS,99.26060206718344,2.7713178294573644,textures,127,L14|Tlp20|TINS
openood,textures_seed127,L14,Tlp20,TANL,98.78148428079244,5.096899224806202,textures,127,L14|Tlp20|TANL
openood,textures_seed127,L14,SL,none,97.1500501722653,11.182170542635658,textures,127,L14|SL|none
openood,textures_seed127,L14,SL,TINS,98.888447459087,4.496124031007752,textures,127,L14|SL|TINS
openood,textures_seed127,L14,SL,TANL,98.35609776055124,6.957364341085272,textures,127,L14|SL|TANL
openood,textures_seed127,L14,static,none,91.11401571920756,41.3953488372093,textures,127,L14|static|none
openood,textures_seed127,L14,static,TINS,98.26484022394486,8.15891472868217,textures,127,L14|static|TINS
openood,textures_seed127,L14,static,TANL,96.65734453057708,13.75968992248062,textures,127,L14|static|TANL
openood,textures_seed127,L14xD3L,T,none,98.75609022394488,4.534883720930233,textures,127,L14xD3L|T|none
openood,textures_seed127,L14xD3L,T,TINS,99.33850559862188,2.3449612403100777,textures,127,L14xD3L|T|TINS
openood,textures_seed127,L14xD3L,T,TANL,99.094056416882,3.4689922480620154,textures,127,L14xD3L|T|TANL
openood,textures_seed127,L14xD3L,Tlp,none,97.61768217054264,8.062015503875969,textures,127,L14xD3L|Tlp|none
openood,textures_seed127,L14xD3L,Tlp,TINS,99.2411210163652,2.732558139534884,textures,127,L14xD3L|Tlp|TINS
openood,textures_seed127,L14xD3L,Tlp,TANL,98.83996662360036,4.437984496124031,textures,127,L14xD3L|Tlp|TANL
openood,textures_seed127,L14xD3L,Tq0.05,none,98.84200387596898,3.895348837209303,textures,127,L14xD3L|Tq0.05|none
openood,textures_seed127,L14xD3L,Tq0.05,TINS,99.3543324720069,2.0155038759689923,textures,127,L14xD3L|Tq0.05|TINS
openood,textures_seed127,L14xD3L,Tq0.05,TANL,99.11934668389318,3.1782945736434107,textures,127,L14xD3L|Tq0.05|TANL
openood,textures_seed127,L14xD3L,Tq0.2,none,98.58733268733852,6.414728682170543,textures,127,L14xD3L|Tq0.2|none
openood,textures_seed127,L14xD3L,Tq0.2,TINS,99.2816550387597,2.9651162790697674,textures,127,L14xD3L|Tq0.2|TINS
openood,textures_seed127,L14xD3L,Tq0.2,TANL,99.00134732988803,4.166666666666666,textures,127,L14xD3L|Tq0.2|TANL
openood,textures_seed127,L14xD3L,Tnn,none,98.85517398794144,4.302325581395349,textures,127,L14xD3L|Tnn|none
openood,textures_seed127,L14xD3L,Tnn,TINS,99.32257881136952,2.422480620155039,textures,127,L14xD3L|Tnn|TINS
openood,textures_seed127,L14xD3L,Tnn,TANL,99.11226141257536,3.372093023255814,textures,127,L14xD3L|Tnn|TANL
openood,textures_seed127,L14xD3L,Tk20,none,99.00568906115416,3.934108527131783,textures,127,L14xD3L|Tk20|none
openood,textures_seed127,L14xD3L,Tk20,TINS,99.4105624461671,2.0736434108527133,textures,127,L14xD3L|Tk20|TINS
openood,textures_seed127,L14xD3L,Tk20,TANL,99.17376248923344,3.255813953488372,textures,127,L14xD3L|Tk20|TANL
openood,textures_seed127,L14xD3L,Tlp20,none,98.09563372093024,6.937984496124031,textures,127,L14xD3L|Tlp20|none
openood,textures_seed127,L14xD3L,Tlp20,TINS,99.3134112833764,2.558139534883721,textures,127,L14xD3L|Tlp20|TINS
openood,textures_seed127,L14xD3L,Tlp20,TANL,98.91685357450471,4.244186046511628,textures,127,L14xD3L|Tlp20|TANL
openood,textures_seed127,D3B+D3L,T,none,99.18617398794144,3.217054263565892,textures,127,D3B+D3L|T|none
openood,textures_seed127,D3B+D3L,T,TINS,99.4238789836348,2.131782945736434,textures,127,D3B+D3L|T|TINS
openood,textures_seed127,D3B+D3L,T,TANL,99.30999956933675,2.6744186046511627,textures,127,D3B+D3L|T|TANL
openood,textures_seed127,D3B+D3L,Tlp,none,98.23791860465116,5.62015503875969,textures,127,D3B+D3L|Tlp|none
openood,textures_seed127,D3B+D3L,Tlp,TINS,99.24424935400516,2.751937984496124,textures,127,D3B+D3L|Tlp|TINS
openood,textures_seed127,D3B+D3L,Tlp,TANL,98.94233354866492,3.6240310077519378,textures,127,D3B+D3L|Tlp|TANL
openood,textures_seed127,D3B+D3L,Tq0.05,none,99.19711735572784,2.9069767441860463,textures,127,D3B+D3L|Tq0.05|none
openood,textures_seed127,D3B+D3L,Tq0.05,TINS,99.42836046511628,1.821705426356589,textures,127,D3B+D3L|Tq0.05|TINS
openood,textures_seed127,D3B+D3L,Tq0.05,TANL,99.312080749354,2.4612403100775198,textures,127,D3B+D3L|Tq0.05|TANL
openood,textures_seed127,D3B+D3L,Tq0.2,none,99.10951528854436,3.565891472868217,textures,127,D3B+D3L|Tq0.2|none
openood,textures_seed127,D3B+D3L,Tq0.2,TINS,99.38617398794142,2.5968992248062017,textures,127,D3B+D3L|Tq0.2|TINS
openood,textures_seed127,D3B+D3L,Tq0.2,TANL,99.25932515073214,3.062015503875969,textures,127,D3B+D3L|Tq0.2|TANL
openood,textures_seed127,D3B+D3L,Tnn,none,99.2967702411714,2.8875968992248064,textures,127,D3B+D3L|Tnn|none
openood,textures_seed127,D3B+D3L,Tnn,TINS,99.4606550387597,2.112403100775194,textures,127,D3B+D3L|Tnn|TINS
openood,textures_seed127,D3B+D3L,Tnn,TANL,99.38038888888887,2.5,textures,127,D3B+D3L|Tnn|TANL
openood,textures_seed127,D3B+D3L,Tk20,none,99.25803703703706,3.255813953488372,textures,127,D3B+D3L|Tk20|none
openood,textures_seed127,D3B+D3L,Tk20,TINS,99.44667700258398,1.976744186046512,textures,127,D3B+D3L|Tk20|TINS
openood,textures_seed127,D3B+D3L,Tk20,TANL,99.33720650301464,2.6937984496124034,textures,127,D3B+D3L|Tk20|TANL
openood,textures_seed127,D3B+D3L,Tlp20,none,98.48006567614128,5.523255813953488,textures,127,D3B+D3L|Tlp20|none
openood,textures_seed127,D3B+D3L,Tlp20,TINS,99.29731782945736,2.5968992248062017,textures,127,D3B+D3L|Tlp20|TINS
openood,textures_seed127,D3B+D3L,Tlp20,TANL,99.01375086132644,3.77906976744186,textures,127,D3B+D3L|Tlp20|TANL
openood,textures_seed127,D3B+D3L,SL,none,98.47178897502152,5.949612403100775,textures,127,D3B+D3L|SL|none
openood,textures_seed127,D3B+D3L,SL,TINS,99.08891257536608,3.953488372093023,textures,127,D3B+D3L|SL|TINS
openood,textures_seed127,D3B+D3L,SL,TANL,98.91827691645132,4.205426356589148,textures,127,D3B+D3L|SL|TANL
openood,textures_seed127,D3B+D3L,static,none,91.74380921619291,37.713178294573645,textures,127,D3B+D3L|static|none
openood,textures_seed127,D3B+D3L,static,TINS,97.89094702842378,9.41860465116279,textures,127,D3B+D3L|static|TINS
openood,textures_seed127,D3B+D3L,static,TANL,96.1116569767442,18.04263565891473,textures,127,D3B+D3L|static|TANL
openood,textures_seed127,L14+D3B+D3L,T,none,99.18164642549526,3.3139534883720927,textures,127,L14+D3B+D3L|T|none
openood,textures_seed127,L14+D3B+D3L,T,TINS,99.38230447889752,2.422480620155039,textures,127,L14+D3B+D3L|T|TINS
openood,textures_seed127,L14+D3B+D3L,T,TANL,99.27851658053405,2.9069767441860463,textures,127,L14+D3B+D3L|T|TANL
openood,textures_seed127,L14+D3B+D3L,Tlp,none,98.36586218776915,5.5813953488372094,textures,127,L14+D3B+D3L|Tlp|none
openood,textures_seed127,L14+D3B+D3L,Tlp,TINS,99.19043367786392,3.255813953488372,textures,127,L14+D3B+D3L|Tlp|TINS
openood,textures_seed127,L14+D3B+D3L,Tlp,TANL,98.90575559862188,4.069767441860465,textures,127,L14+D3B+D3L|Tlp|TANL
openood,textures_seed127,L14+D3B+D3L,Tq0.05,none,99.20803100775191,3.062015503875969,textures,127,L14+D3B+D3L|Tq0.05|none
openood,textures_seed127,L14+D3B+D3L,Tq0.05,TINS,99.39798621877692,2.1705426356589146,textures,127,L14+D3B+D3L|Tq0.05|TINS
openood,textures_seed127,L14+D3B+D3L,Tq0.05,TANL,99.29505124892331,2.7713178294573644,textures,127,L14+D3B+D3L|Tq0.05|TANL
openood,textures_seed127,L14+D3B+D3L,Tq0.2,none,99.09922868217056,3.72093023255814,textures,127,L14+D3B+D3L|Tq0.2|none
openood,textures_seed127,L14+D3B+D3L,Tq0.2,TINS,99.33477174849268,2.7906976744186047,textures,127,L14+D3B+D3L|Tq0.2|TINS
openood,textures_seed127,L14+D3B+D3L,Tq0.2,TANL,99.21847717484926,3.2751937984496124,textures,127,L14+D3B+D3L|Tq0.2|TANL
openood,textures_seed127,L14+D3B+D3L,Tnn,none,99.26852368647718,3.0232558139534884,textures,127,L14+D3B+D3L|Tnn|none
openood,textures_seed127,L14+D3B+D3L,Tnn,TINS,99.40492032730404,2.441860465116279,textures,127,L14+D3B+D3L|Tnn|TINS
openood,textures_seed127,L14+D3B+D3L,Tnn,TANL,99.3330202411714,2.7713178294573644,textures,127,L14+D3B+D3L|Tnn|TANL
openood,textures_seed127,L14+D3B+D3L,Tk20,none,99.24721877691644,3.12015503875969,textures,127,L14+D3B+D3L|Tk20|none
openood,textures_seed127,L14+D3B+D3L,Tk20,TINS,99.410507751938,2.1705426356589146,textures,127,L14+D3B+D3L|Tk20|TINS
openood,textures_seed127,L14+D3B+D3L,Tk20,TANL,99.3122239448751,2.8294573643410854,textures,127,L14+D3B+D3L|Tk20|TANL
openood,textures_seed127,L14+D3B+D3L,Tlp20,none,98.60861412575366,4.922480620155039,textures,127,L14+D3B+D3L|Tlp20|none
openood,textures_seed127,L14+D3B+D3L,Tlp20,TINS,99.26653488372094,2.8682170542635657,textures,127,L14+D3B+D3L|Tlp20|TINS
openood,textures_seed127,L14+D3B+D3L,Tlp20,TANL,99.00611434108528,3.662790697674419,textures,127,L14+D3B+D3L|Tlp20|TANL
openood,textures_seed127,L14+D3B+D3L,SL,none,98.4813630490956,5.872093023255814,textures,127,L14+D3B+D3L|SL|none
openood,textures_seed127,L14+D3B+D3L,SL,TINS,98.98938070628766,4.282945736434109,textures,127,L14+D3B+D3L|SL|TINS
openood,textures_seed127,L14+D3B+D3L,SL,TANL,98.8145542635659,4.689922480620155,textures,127,L14+D3B+D3L|SL|TANL
openood,textures_seed127,L14+D3B+D3L,static,none,92.1791854005168,36.27906976744186,textures,127,L14+D3B+D3L|static|none
openood,textures_seed127,L14+D3B+D3L,static,TINS,97.4855482342808,11.375968992248062,textures,127,L14+D3B+D3L|static|TINS
openood,textures_seed127,L14+D3B+D3L,static,TANL,95.54257472006891,22.44186046511628,textures,127,L14+D3B+D3L|static|TANL
openood,textures_seed127,B14+L14+D3L,T,none,99.06986498708012,3.643410852713178,textures,127,B14+L14+D3L|T|none
openood,textures_seed127,B14+L14+D3L,T,TINS,99.32387726098192,2.5,textures,127,B14+L14+D3L|T|TINS
openood,textures_seed127,B14+L14+D3L,T,TANL,99.18786907838071,3.236434108527132,textures,127,B14+L14+D3L|T|TANL
openood,textures_seed127,B14+L14+D3L,Tlp,none,98.21702906976742,6.472868217054264,textures,127,B14+L14+D3L|Tlp|none
openood,textures_seed127,B14+L14+D3L,Tlp,TINS,99.15671145564168,3.3139534883720927,textures,127,B14+L14+D3L|Tlp|TINS
openood,textures_seed127,B14+L14+D3L,Tlp,TANL,98.81891386735576,4.6317829457364335,textures,127,B14+L14+D3L|Tlp|TANL
openood,textures_seed127,B14+L14+D3L,Tq0.05,none,99.11201679586564,3.430232558139535,textures,127,B14+L14+D3L|Tq0.05|none
openood,textures_seed127,B14+L14+D3L,Tq0.05,TINS,99.35188845822567,2.0930232558139537,textures,127,B14+L14+D3L|Tq0.05|TINS
openood,textures_seed127,B14+L14+D3L,Tq0.05,TANL,99.21800301464256,2.8875968992248064,textures,127,B14+L14+D3L|Tq0.05|TANL
openood,textures_seed127,B14+L14+D3L,Tq0.2,none,98.97967549526273,4.205426356589148,textures,127,B14+L14+D3L|Tq0.2|none
openood,textures_seed127,B14+L14+D3L,Tq0.2,TINS,99.27347372954353,2.984496124031008,textures,127,B14+L14+D3L|Tq0.2|TINS
openood,textures_seed127,B14+L14+D3L,Tq0.2,TANL,99.12253832902672,3.6821705426356592,textures,127,B14+L14+D3L|Tq0.2|TANL
openood,textures_seed127,B14+L14+D3L,Tnn,none,99.14957687338502,3.333333333333333,textures,127,B14+L14+D3L|Tnn|none
openood,textures_seed127,B14+L14+D3L,Tnn,TINS,99.32485012919898,2.5,textures,127,B14+L14+D3L|Tnn|TINS
openood,textures_seed127,B14+L14+D3L,Tnn,TANL,99.22793626184324,3.1589147286821704,textures,127,B14+L14+D3L|Tnn|TANL
openood,textures_seed127,B14+L14+D3L,Tk20,none,99.15345822566752,3.565891472868217,textures,127,B14+L14+D3L|Tk20|none
openood,textures_seed127,B14+L14+D3L,Tk20,TINS,99.36221188630488,2.248062015503876,textures,127,B14+L14+D3L|Tk20|TINS
openood,textures_seed127,B14+L14+D3L,Tk20,TANL,99.23438329026702,3.12015503875969,textures,127,B14+L14+D3L|Tk20|TANL
openood,textures_seed127,B14+L14+D3L,Tlp20,none,98.46396102497846,5.794573643410852,textures,127,B14+L14+D3L|Tlp20|none
openood,textures_seed127,B14+L14+D3L,Tlp20,TINS,99.22737166236004,3.081395348837209,textures,127,B14+L14+D3L|Tlp20|TINS
openood,textures_seed127,B14+L14+D3L,Tlp20,TANL,98.91118884582258,4.263565891472868,textures,127,B14+L14+D3L|Tlp20|TANL
openood,textures_seed127,B14+L14+D3L,SL,none,98.24701399655468,6.821705426356589,textures,127,B14+L14+D3L|SL|none
openood,textures_seed127,B14+L14+D3L,SL,TINS,98.87351507321276,4.515503875968992,textures,127,B14+L14+D3L|SL|TINS
openood,textures_seed127,B14+L14+D3L,SL,TANL,98.62732342807924,5.658914728682171,textures,127,B14+L14+D3L|SL|TANL
openood,textures_seed127,B14+L14+D3L,static,none,92.31421533161068,36.41472868217054,textures,127,B14+L14+D3L|static|none
openood,textures_seed127,B14+L14+D3L,static,TINS,97.49781826012058,11.569767441860463,textures,127,B14+L14+D3L|static|TINS
openood,textures_seed127,B14+L14+D3L,static,TANL,95.58019530577089,21.84108527131783,textures,127,B14+L14+D3L|static|TANL
openood,textures_seed127,B14+L14+D3B+D3L,T,none,99.20497868217056,3.1589147286821704,textures,127,B14+L14+D3B+D3L|T|none
openood,textures_seed127,B14+L14+D3B+D3L,T,TINS,99.36974677002584,2.4031007751937983,textures,127,B14+L14+D3B+D3L|T|TINS
openood,textures_seed127,B14+L14+D3B+D3L,T,TANL,99.28121360895778,2.8682170542635657,textures,127,B14+L14+D3B+D3L|T|TANL
openood,textures_seed127,B14+L14+D3B+D3L,Tlp,none,98.43085142118863,5.406976744186046,textures,127,B14+L14+D3B+D3L|Tlp|none
openood,textures_seed127,B14+L14+D3B+D3L,Tlp,TINS,99.12898492678724,3.3139534883720927,textures,127,B14+L14+D3B+D3L|Tlp|TINS
openood,textures_seed127,B14+L14+D3B+D3L,Tlp,TANL,98.86467872523686,4.263565891472868,textures,127,B14+L14+D3B+D3L|Tlp|TANL
openood,textures_seed127,B14+L14+D3B+D3L,Tq0.05,none,99.23839254952628,2.7906976744186047,textures,127,B14+L14+D3B+D3L|Tq0.05|none
openood,textures_seed127,B14+L14+D3B+D3L,Tq0.05,TINS,99.3930202411714,2.131782945736434,textures,127,B14+L14+D3B+D3L|Tq0.05|TINS
openood,textures_seed127,B14+L14+D3B+D3L,Tq0.05,TANL,99.30661132644272,2.616279069767442,textures,127,B14+L14+D3B+D3L|Tq0.05|TANL
openood,textures_seed127,B14+L14+D3B+D3L,Tq0.2,none,99.12938565891471,3.507751937984496,textures,127,B14+L14+D3B+D3L|Tq0.2|none
openood,textures_seed127,B14+L14+D3B+D3L,Tq0.2,TINS,99.32043884582257,2.810077519379845,textures,127,B14+L14+D3B+D3L|Tq0.2|TINS
openood,textures_seed127,B14+L14+D3B+D3L,Tq0.2,TANL,99.22176916451336,3.217054263565892,textures,127,B14+L14+D3B+D3L|Tq0.2|TANL
openood,textures_seed127,B14+L14+D3B+D3L,Tnn,none,99.28748428079244,2.7713178294573644,textures,127,B14+L14+D3B+D3L|Tnn|none
openood,textures_seed127,B14+L14+D3B+D3L,Tnn,TINS,99.39523858742464,2.3255813953488373,textures,127,B14+L14+D3B+D3L|Tnn|TINS
openood,textures_seed127,B14+L14+D3B+D3L,Tnn,TANL,99.33593023255813,2.6937984496124034,textures,127,B14+L14+D3B+D3L|Tnn|TANL
openood,textures_seed127,B14+L14+D3B+D3L,Tk20,none,99.26441343669252,3.0232558139534884,textures,127,B14+L14+D3B+D3L|Tk20|none
openood,textures_seed127,B14+L14+D3B+D3L,Tk20,TINS,99.39765590008612,2.3837209302325584,textures,127,B14+L14+D3B+D3L|Tk20|TINS
openood,textures_seed127,B14+L14+D3B+D3L,Tk20,TANL,99.31620047372954,2.8294573643410854,textures,127,B14+L14+D3B+D3L|Tk20|TANL
openood,textures_seed127,B14+L14+D3B+D3L,Tlp20,none,98.64738931955212,5.0,textures,127,B14+L14+D3B+D3L|Tlp20|none
openood,textures_seed127,B14+L14+D3B+D3L,Tlp20,TINS,99.21203014642548,3.081395348837209,textures,127,B14+L14+D3B+D3L|Tlp20|TINS
openood,textures_seed127,B14+L14+D3B+D3L,Tlp20,TANL,98.9698527131783,4.0310077519379846,textures,127,B14+L14+D3B+D3L|Tlp20|TANL
openood,textures_seed127,B14+L14+D3B+D3L,SL,none,98.50836347975884,5.736434108527131,textures,127,B14+L14+D3B+D3L|SL|none
openood,textures_seed127,B14+L14+D3B+D3L,SL,TINS,98.92492420327304,4.321705426356589,textures,127,B14+L14+D3B+D3L|SL|TINS
openood,textures_seed127,B14+L14+D3B+D3L,SL,TANL,98.76965676141258,4.786821705426356,textures,127,B14+L14+D3B+D3L|SL|TANL
openood,textures_seed127,B14+L14+D3B+D3L,static,none,92.31474698535744,36.007751937984494,textures,127,B14+L14+D3B+D3L|static|none
openood,textures_seed127,B14+L14+D3B+D3L,static,TINS,97.07109776055128,13.6046511627907,textures,127,B14+L14+D3B+D3L|static|TINS
openood,textures_seed127,B14+L14+D3B+D3L,static,TANL,95.1180340223945,25.116279069767444,textures,127,B14+L14+D3B+D3L|static|TANL
openood,textures_seed127,B14+L14,T,none,98.93621102497848,4.341085271317829,textures,127,B14+L14|T|none
openood,textures_seed127,B14+L14,T,TINS,99.32056115417744,2.5,textures,127,B14+L14|T|TINS
openood,textures_seed127,B14+L14,T,TANL,99.12407644272182,3.74031007751938,textures,127,B14+L14|T|TANL
openood,textures_seed127,B14+L14,Tlp,none,97.91847028423771,7.538759689922481,textures,127,B14+L14|Tlp|none
openood,textures_seed127,B14+L14,Tlp,TINS,99.19496683893196,3.2751937984496124,textures,127,B14+L14|Tlp|TINS
openood,textures_seed127,B14+L14,Tlp,TANL,98.79275516795866,5.077519379844961,textures,127,B14+L14|Tlp|TANL
openood,textures_seed127,B14+L14,Tq0.05,none,98.99841408268732,4.166666666666666,textures,127,B14+L14|Tq0.05|none
openood,textures_seed127,B14+L14,Tq0.05,TINS,99.35856416881995,2.3255813953488373,textures,127,B14+L14|Tq0.05|TINS
openood,textures_seed127,B14+L14,Tq0.05,TANL,99.16852540913004,3.4108527131782944,textures,127,B14+L14|Tq0.05|TANL
openood,textures_seed127,B14+L14,Tq0.2,none,98.8352258828596,5.116279069767442,textures,127,B14+L14|Tq0.2|none
openood,textures_seed127,B14+L14,Tq0.2,TINS,99.2712583979328,3.081395348837209,textures,127,B14+L14|Tq0.2|TINS
openood,textures_seed127,B14+L14,Tq0.2,TANL,99.06033785529716,4.089147286821706,textures,127,B14+L14|Tq0.2|TANL
openood,textures_seed127,B14+L14,Tnn,none,99.01425129198968,4.069767441860465,textures,127,B14+L14|Tnn|none
openood,textures_seed127,B14+L14,Tnn,TINS,99.29768260120586,2.7906976744186047,textures,127,B14+L14|Tnn|TINS
openood,textures_seed127,B14+L14,Tnn,TANL,99.14376873385014,3.565891472868217,textures,127,B14+L14|Tnn|TANL
openood,textures_seed127,B14+L14,Tk20,none,99.02467291128336,4.127906976744186,textures,127,B14+L14|Tk20|none
openood,textures_seed127,B14+L14,Tk20,TINS,99.3474293712317,2.48062015503876,textures,127,B14+L14|Tk20|TINS
openood,textures_seed127,B14+L14,Tk20,TANL,99.16074289405684,3.6240310077519378,textures,127,B14+L14|Tk20|TANL
openood,textures_seed127,B14+L14,Tlp20,none,98.16372459086992,6.686046511627906,textures,127,B14+L14|Tlp20|none
openood,textures_seed127,B14+L14,Tlp20,TINS,99.23688199827734,3.0232558139534884,textures,127,B14+L14|Tlp20|TINS
openood,textures_seed127,B14+L14,Tlp20,TANL,98.83997911283376,4.534883720930233,textures,127,B14+L14|Tlp20|TANL
openood,textures_seed127,B14+L14,SL,none,97.89838931955212,8.12015503875969,textures,127,B14+L14|SL|none
openood,textures_seed127,B14+L14,SL,TINS,98.85726270456504,4.8062015503875966,textures,127,B14+L14|SL|TINS
openood,textures_seed127,B14+L14,SL,TANL,98.50658936261844,6.046511627906977,textures,127,B14+L14|SL|TANL
openood,textures_seed127,B14+L14,static,none,91.7744758828596,39.98062015503876,textures,127,B14+L14|static|none
openood,textures_seed127,B14+L14,static,TINS,97.8545361757106,10.290697674418604,textures,127,B14+L14|static|TINS
openood,textures_seed127,B14+L14,static,TANL,95.99170413436693,18.8953488372093,textures,127,B14+L14|static|TANL
fourood,dtd_seed123,L14xD3L+D3L,T,none,98.7309054964539,4.592198581560283,dtd,123,L14xD3L+D3L|T|none
fourood,dtd_seed123,L14xD3L+D3L,T,TINS,99.17607588652484,2.7836879432624118,dtd,123,L14xD3L+D3L|T|TINS
fourood,dtd_seed123,L14xD3L+D3L,T,TANL,98.9651170212766,3.741134751773049,dtd,123,L14xD3L+D3L|T|TANL
fourood,dtd_seed123,L14xD3L+D3L,Tlp,none,97.471304964539,8.47517730496454,dtd,123,L14xD3L+D3L|Tlp|none
fourood,dtd_seed123,L14xD3L+D3L,Tlp,TINS,98.96222624113474,3.9539007092198575,dtd,123,L14xD3L+D3L|Tlp|TINS
fourood,dtd_seed123,L14xD3L+D3L,Tlp,TANL,98.49591808510638,5.49645390070922,dtd,123,L14xD3L+D3L|Tlp|TANL
fourood,dtd_seed123,L14xD3L+D3L,Tq0.05,none,98.75883971631204,4.414893617021277,dtd,123,L14xD3L+D3L|Tq0.05|none
fourood,dtd_seed123,L14xD3L+D3L,Tq0.05,TINS,99.17719468085107,2.606382978723404,dtd,123,L14xD3L+D3L|Tq0.05|TINS
fourood,dtd_seed123,L14xD3L+D3L,Tq0.05,TANL,98.97665939716312,3.5106382978723407,dtd,123,L14xD3L+D3L|Tq0.05|TANL
fourood,dtd_seed123,L14xD3L+D3L,Tq0.2,none,98.58907659574469,5.780141843971631,dtd,123,L14xD3L+D3L|Tq0.2|none
fourood,dtd_seed123,L14xD3L+D3L,Tq0.2,TINS,99.11037375886524,3.5106382978723407,dtd,123,L14xD3L+D3L|Tq0.2|TINS
fourood,dtd_seed123,L14xD3L+D3L,Tq0.2,TANL,98.8672904255319,4.50354609929078,dtd,123,L14xD3L+D3L|Tq0.2|TANL
fourood,dtd_seed123,L14xD3L+D3L,Tnn,none,98.8233409574468,4.095744680851063,dtd,123,L14xD3L+D3L|Tnn|none
fourood,dtd_seed123,L14xD3L+D3L,Tnn,TINS,99.15491241134752,2.9609929078014185,dtd,123,L14xD3L+D3L|Tnn|TINS
fourood,dtd_seed123,L14xD3L+D3L,Tnn,TANL,98.99111737588652,3.670212765957447,dtd,123,L14xD3L+D3L|Tnn|TANL
fourood,dtd_seed123,L14xD3L+D3L,Tk20,none,98.91834539007093,4.166666666666666,dtd,123,L14xD3L+D3L|Tk20|none
fourood,dtd_seed123,L14xD3L+D3L,Tk20,TINS,99.26258723404254,2.588652482269504,dtd,123,L14xD3L+D3L|Tk20|TINS
fourood,dtd_seed123,L14xD3L+D3L,Tk20,TANL,99.07421950354608,3.5992907801418443,dtd,123,L14xD3L+D3L|Tk20|TANL
fourood,dtd_seed123,L14xD3L+D3L,Tlp20,none,97.92406276595744,7.251773049645389,dtd,123,L14xD3L+D3L|Tlp20|none
fourood,dtd_seed123,L14xD3L+D3L,Tlp20,TINS,99.09294609929078,3.4397163120567376,dtd,123,L14xD3L+D3L|Tlp20|TINS
fourood,dtd_seed123,L14xD3L+D3L,Tlp20,TANL,98.67540070921986,4.946808510638298,dtd,123,L14xD3L+D3L|Tlp20|TANL
fourood,dtd_seed123,L14+D3L,T,none,98.78777624113476,4.663120567375886,dtd,123,L14+D3L|T|none
fourood,dtd_seed123,L14+D3L,T,TINS,99.2100904255319,2.925531914893617,dtd,123,L14+D3L|T|TINS
fourood,dtd_seed123,L14+D3L,T,TANL,99.00694929078016,3.847517730496454,dtd,123,L14+D3L|T|TANL
fourood,dtd_seed123,L14+D3L,Tlp,none,97.66773014184398,8.173758865248226,dtd,123,L14+D3L|Tlp|none
fourood,dtd_seed123,L14+D3L,Tlp,TINS,99.0457180851064,3.794326241134752,dtd,123,L14+D3L|Tlp|TINS
fourood,dtd_seed123,L14+D3L,Tlp,TANL,98.60436719858156,5.460992907801419,dtd,123,L14+D3L|Tlp|TANL
fourood,dtd_seed123,L14+D3L,Tq0.05,none,98.84079432624114,4.273049645390071,dtd,123,L14+D3L|Tq0.05|none
fourood,dtd_seed123,L14+D3L,Tq0.05,TINS,99.23343617021276,2.641843971631206,dtd,123,L14+D3L|Tq0.05|TINS
fourood,dtd_seed123,L14+D3L,Tq0.05,TANL,99.03945815602836,3.528368794326241,dtd,123,L14+D3L|Tq0.05|TANL
fourood,dtd_seed123,L14+D3L,Tq0.2,none,98.64848386524822,5.76241134751773,dtd,123,L14+D3L|Tq0.2|none
fourood,dtd_seed123,L14+D3L,Tq0.2,TINS,99.14984113475175,3.280141843971631,dtd,123,L14+D3L|Tq0.2|TINS
fourood,dtd_seed123,L14+D3L,Tq0.2,TANL,98.91421879432625,4.574468085106383,dtd,123,L14+D3L|Tq0.2|TANL
fourood,dtd_seed123,L14+D3L,Tnn,none,98.86981347517732,4.095744680851063,dtd,123,L14+D3L|Tnn|none
fourood,dtd_seed123,L14+D3L,Tnn,TINS,99.1821985815603,2.99645390070922,dtd,123,L14+D3L|Tnn|TINS
fourood,dtd_seed123,L14+D3L,Tnn,TANL,99.0251879432624,3.6524822695035457,dtd,123,L14+D3L|Tnn|TANL
fourood,dtd_seed123,L14+D3L,Tk20,none,98.926590070922,4.078014184397164,dtd,123,L14+D3L|Tk20|none
fourood,dtd_seed123,L14+D3L,Tk20,TINS,99.27845957446807,2.6595744680851063,dtd,123,L14+D3L|Tk20|TINS
fourood,dtd_seed123,L14+D3L,Tk20,TANL,99.0827491134752,3.563829787234043,dtd,123,L14+D3L|Tk20|TANL
fourood,dtd_seed123,L14+D3L,Tlp20,none,98.05291170212766,7.092198581560284,dtd,123,L14+D3L|Tlp20|none
fourood,dtd_seed123,L14+D3L,Tlp20,TINS,99.1518539007092,3.209219858156028,dtd,123,L14+D3L|Tlp20|TINS
fourood,dtd_seed123,L14+D3L,Tlp20,TANL,98.7489585106383,4.964539007092199,dtd,123,L14+D3L|Tlp20|TANL
fourood,dtd_seed123,L14+D3L,SL,none,97.60182641843971,9.574468085106384,dtd,123,L14+D3L|SL|none
fourood,dtd_seed123,L14+D3L,SL,TINS,98.6008890070922,5.815602836879433,dtd,123,L14+D3L|SL|TINS
fourood,dtd_seed123,L14+D3L,SL,TANL,98.22144148936172,7.092198581560284,dtd,123,L14+D3L|SL|TANL
fourood,dtd_seed123,L14+D3L,static,none,90.43400833333332,39.73404255319149,dtd,123,L14+D3L|static|none
fourood,dtd_seed123,L14+D3L,static,TINS,96.97185035460993,11.24113475177305,dtd,123,L14+D3L|static|TINS
fourood,dtd_seed123,L14+D3L,static,TANL,94.65574024822696,20.656028368794328,dtd,123,L14+D3L|static|TANL
fourood,dtd_seed123,D3L,T,none,98.6186909574468,4.911347517730497,dtd,123,D3L|T|none
fourood,dtd_seed123,D3L,T,TINS,99.26903439716313,2.5,dtd,123,D3L|T|TINS
fourood,dtd_seed123,D3L,T,TANL,98.98868226950354,3.670212765957447,dtd,123,D3L|T|TANL
fourood,dtd_seed123,D3L,Tlp,none,97.18771365248227,9.50354609929078,dtd,123,D3L|Tlp|none
fourood,dtd_seed123,D3L,Tlp,TINS,99.07301170212766,3.3865248226950357,dtd,123,D3L|Tlp|TINS
fourood,dtd_seed123,D3L,Tlp,TANL,98.57531914893616,5.301418439716312,dtd,123,D3L|Tlp|TANL
fourood,dtd_seed123,D3L,Tq0.05,none,98.62222145390072,4.574468085106383,dtd,123,D3L|Tq0.05|none
fourood,dtd_seed123,D3L,Tq0.05,TINS,99.25461170212768,2.358156028368794,dtd,123,D3L|Tq0.05|TINS
fourood,dtd_seed123,D3L,Tq0.05,TANL,98.9804039007092,3.4574468085106385,dtd,123,D3L|Tq0.05|TANL
fourood,dtd_seed123,D3L,Tq0.2,none,98.48803351063827,6.73758865248227,dtd,123,D3L|Tq0.2|none
fourood,dtd_seed123,D3L,Tq0.2,TINS,99.2349929078014,3.0496453900709217,dtd,123,D3L|Tq0.2|TINS
fourood,dtd_seed123,D3L,Tq0.2,TANL,98.92297322695036,4.592198581560283,dtd,123,D3L|Tq0.2|TANL
fourood,dtd_seed123,D3L,Tnn,none,98.76098882978724,4.326241134751773,dtd,123,D3L|Tnn|none
fourood,dtd_seed123,D3L,Tnn,TINS,99.25978156028368,2.641843971631206,dtd,123,D3L|Tnn|TINS
fourood,dtd_seed123,D3L,Tnn,TANL,99.03523031914894,3.546099290780142,dtd,123,D3L|Tnn|TANL
fourood,dtd_seed123,D3L,Tk20,none,98.8261734042553,4.290780141843972,dtd,123,D3L|Tk20|none
fourood,dtd_seed123,D3L,Tk20,TINS,99.32635531914896,2.358156028368794,dtd,123,D3L|Tk20|TINS
fourood,dtd_seed123,D3L,Tk20,TANL,99.06470478723404,3.5815602836879434,dtd,123,D3L|Tk20|TANL
fourood,dtd_seed123,D3L,Tlp20,none,97.66734060283687,8.156028368794328,dtd,123,D3L|Tlp20|none
fourood,dtd_seed123,D3L,Tlp20,TINS,99.16108652482272,3.0141843971631204,dtd,123,D3L|Tlp20|TINS
fourood,dtd_seed123,D3L,Tlp20,TANL,98.6879554964539,4.7695035460992905,dtd,123,D3L|Tlp20|TANL
fourood,dtd_seed123,D3L,SL,none,97.27173617021276,10.53191489361702,dtd,123,D3L|SL|none
fourood,dtd_seed123,D3L,SL,TINS,98.67512269503544,5.407801418439717,dtd,123,D3L|SL|TINS
fourood,dtd_seed123,D3L,SL,TANL,98.25158918439716,7.234042553191489,dtd,123,D3L|SL|TANL
fourood,dtd_seed123,D3L,static,none,89.7280755319149,40.88652482269504,dtd,123,D3L|static|none
fourood,dtd_seed123,D3L,static,TINS,97.52906843971633,8.953900709219859,dtd,123,D3L|static|TINS
fourood,dtd_seed123,D3L,static,TANL,95.50778634751774,15.443262411347517,dtd,123,D3L|static|TANL
fourood,dtd_seed123,L14,T,none,98.34844982269504,6.152482269503546,dtd,123,L14|T|none
fourood,dtd_seed123,L14,T,TINS,99.19427375886522,2.9787234042553195,dtd,123,L14|T|TINS
fourood,dtd_seed123,L14,T,TANL,98.82076932624112,4.6453900709219855,dtd,123,L14|T|TANL
fourood,dtd_seed123,L14,Tlp,none,96.91184680851065,10.886524822695035,dtd,123,L14|Tlp|none
fourood,dtd_seed123,L14,Tlp,TINS,99.08293226950352,3.670212765957447,dtd,123,L14|Tlp|TINS
fourood,dtd_seed123,L14,Tlp,TANL,98.4777574468085,6.631205673758865,dtd,123,L14|Tlp|TANL
fourood,dtd_seed123,L14,Tq0.05,none,98.48281861702128,5.709219858156028,dtd,123,L14|Tq0.05|none
fourood,dtd_seed123,L14,Tq0.05,TINS,99.2327914893617,2.606382978723404,dtd,123,L14|Tq0.05|TINS
fourood,dtd_seed123,L14,Tq0.05,TANL,98.87690762411349,4.095744680851063,dtd,123,L14|Tq0.05|TANL
fourood,dtd_seed123,L14,Tq0.2,none,98.1252609929078,7.836879432624114,dtd,123,L14|Tq0.2|none
fourood,dtd_seed123,L14,Tq0.2,TINS,99.13262588652483,3.6524822695035457,dtd,123,L14|Tq0.2|TINS
fourood,dtd_seed123,L14,Tq0.2,TANL,98.72032730496454,5.921985815602837,dtd,123,L14|Tq0.2|TANL
fourood,dtd_seed123,L14,Tnn,none,98.432159929078,5.886524822695035,dtd,123,L14|Tnn|none
fourood,dtd_seed123,L14,Tnn,TINS,99.12044929078012,3.351063829787234,dtd,123,L14|Tnn|TINS
fourood,dtd_seed123,L14,Tnn,TANL,98.78933244680852,4.822695035460993,dtd,123,L14|Tnn|TANL
fourood,dtd_seed123,L14,Tk20,none,98.55604078014186,5.47872340425532,dtd,123,L14|Tk20|none
fourood,dtd_seed123,L14,Tk20,TINS,99.24704539007092,2.801418439716312,dtd,123,L14|Tk20|TINS
fourood,dtd_seed123,L14,Tk20,TANL,98.90139414893618,4.23758865248227,dtd,123,L14|Tk20|TANL
fourood,dtd_seed123,L14,Tlp20,none,97.3975634751773,9.379432624113475,dtd,123,L14|Tlp20|none
fourood,dtd_seed123,L14,Tlp20,TINS,99.15544751773052,3.280141843971631,dtd,123,L14|Tlp20|TINS
fourood,dtd_seed123,L14,Tlp20,TANL,98.58881985815604,5.921985815602837,dtd,123,L14|Tlp20|TANL
fourood,dtd_seed123,L14,SL,none,96.761365070922,12.570921985815604,dtd,123,L14|SL|none
fourood,dtd_seed123,L14,SL,TINS,98.65356170212766,5.47872340425532,dtd,123,L14|SL|TINS
fourood,dtd_seed123,L14,SL,TANL,98.03987074468084,7.960992907801419,dtd,123,L14|SL|TANL
fourood,dtd_seed123,L14,static,none,89.66719840425532,44.361702127659576,dtd,123,L14|static|none
fourood,dtd_seed123,L14,static,TINS,97.5770670212766,9.75177304964539,dtd,123,L14|static|TINS
fourood,dtd_seed123,L14,static,TANL,95.40528741134752,16.98581560283688,dtd,123,L14|static|TANL
fourood,dtd_seed123,L14xD3L,T,none,98.61310425531914,4.946808510638298,dtd,123,L14xD3L|T|none
fourood,dtd_seed123,L14xD3L,T,TINS,99.2541769503546,2.517730496453901,dtd,123,L14xD3L|T|TINS
fourood,dtd_seed123,L14xD3L,T,TANL,98.96923634751772,3.741134751773049,dtd,123,L14xD3L|T|TANL
fourood,dtd_seed123,L14xD3L,Tlp,none,97.29521932624114,9.131205673758863,dtd,123,L14xD3L|Tlp|none
fourood,dtd_seed123,L14xD3L,Tlp,TINS,99.10962872340424,3.297872340425532,dtd,123,L14xD3L|Tlp|TINS
fourood,dtd_seed123,L14xD3L,Tlp,TANL,98.61340372340426,5.407801418439717,dtd,123,L14xD3L|Tlp|TANL
fourood,dtd_seed123,L14xD3L,Tq0.05,none,98.6663439716312,4.521276595744681,dtd,123,L14xD3L|Tq0.05|none
fourood,dtd_seed123,L14xD3L,Tq0.05,TINS,99.24497730496456,2.393617021276596,dtd,123,L14xD3L|Tq0.05|TINS
fourood,dtd_seed123,L14xD3L,Tq0.05,TANL,98.96997872340424,3.7588652482269502,dtd,123,L14xD3L|Tq0.05|TANL
fourood,dtd_seed123,L14xD3L,Tq0.2,none,98.43932907801418,6.773049645390071,dtd,123,L14xD3L|Tq0.2|none
fourood,dtd_seed123,L14xD3L,Tq0.2,TINS,99.20236560283688,3.1382978723404253,dtd,123,L14xD3L|Tq0.2|TINS
fourood,dtd_seed123,L14xD3L,Tq0.2,TANL,98.88314982269505,4.450354609929078,dtd,123,L14xD3L|Tq0.2|TANL
fourood,dtd_seed123,L14xD3L,Tnn,none,98.72923262411348,4.609929078014184,dtd,123,L14xD3L|Tnn|none
fourood,dtd_seed123,L14xD3L,Tnn,TINS,99.24000425531914,2.74822695035461,dtd,123,L14xD3L|Tnn|TINS
fourood,dtd_seed123,L14xD3L,Tnn,TANL,99.00738634751772,3.723404255319149,dtd,123,L14xD3L|Tnn|TANL
fourood,dtd_seed123,L14xD3L,Tk20,none,98.83157517730496,4.48581560283688,dtd,123,L14xD3L|Tk20|none
fourood,dtd_seed123,L14xD3L,Tk20,TINS,99.31498581560282,2.464539007092198,dtd,123,L14xD3L|Tk20|TINS
fourood,dtd_seed123,L14xD3L,Tk20,TANL,99.0484379432624,3.7588652482269502,dtd,123,L14xD3L|Tk20|TANL
fourood,dtd_seed123,L14xD3L,Tlp20,none,97.7989583333333,7.553191489361702,dtd,123,L14xD3L|Tlp20|none
fourood,dtd_seed123,L14xD3L,Tlp20,TINS,99.18527234042554,2.854609929078014,dtd,123,L14xD3L|Tlp20|TINS
fourood,dtd_seed123,L14xD3L,Tlp20,TANL,98.71301134751774,4.946808510638298,dtd,123,L14xD3L|Tlp20|TANL
fourood,dtd_seed123,D3B+D3L,T,none,99.0806535460993,3.5992907801418443,dtd,123,D3B+D3L|T|none
fourood,dtd_seed123,D3B+D3L,T,TINS,99.35301524822697,2.4113475177304964,dtd,123,D3B+D3L|T|TINS
fourood,dtd_seed123,D3B+D3L,T,TANL,99.23070992907802,3.102836879432624,dtd,123,D3B+D3L|T|TANL
fourood,dtd_seed123,D3B+D3L,Tlp,none,97.93979255319148,6.666666666666667,dtd,123,D3B+D3L|Tlp|none
fourood,dtd_seed123,D3B+D3L,Tlp,TINS,99.05031914893615,3.368794326241135,dtd,123,D3B+D3L|Tlp|TINS
fourood,dtd_seed123,D3B+D3L,Tlp,TANL,98.73443581560282,4.592198581560283,dtd,123,D3B+D3L|Tlp|TANL
fourood,dtd_seed123,D3B+D3L,Tq0.05,none,99.07658067375888,3.3865248226950357,dtd,123,D3B+D3L|Tq0.05|none
fourood,dtd_seed123,D3B+D3L,Tq0.05,TINS,99.34609042553193,2.2340425531914896,dtd,123,D3B+D3L|Tq0.05|TINS
fourood,dtd_seed123,D3B+D3L,Tq0.05,TANL,99.22434645390072,2.801418439716312,dtd,123,D3B+D3L|Tq0.05|TANL
fourood,dtd_seed123,D3B+D3L,Tq0.2,none,99.00349946808512,4.060283687943262,dtd,123,D3B+D3L|Tq0.2|none
fourood,dtd_seed123,D3B+D3L,Tq0.2,TINS,99.31205673758866,2.695035460992908,dtd,123,D3B+D3L|Tq0.2|TINS
fourood,dtd_seed123,D3B+D3L,Tq0.2,TANL,99.17289822695037,3.421985815602837,dtd,123,D3B+D3L|Tq0.2|TANL
fourood,dtd_seed123,D3B+D3L,Tnn,none,99.18748262411349,3.2446808510638294,dtd,123,D3B+D3L|Tnn|none
fourood,dtd_seed123,D3B+D3L,Tnn,TINS,99.37488085106384,2.4113475177304964,dtd,123,D3B+D3L|Tnn|TINS
fourood,dtd_seed123,D3B+D3L,Tnn,TANL,99.2908709219858,2.801418439716312,dtd,123,D3B+D3L|Tnn|TANL
fourood,dtd_seed123,D3B+D3L,Tk20,none,99.14989273049646,3.546099290780142,dtd,123,D3B+D3L|Tk20|none
fourood,dtd_seed123,D3B+D3L,Tk20,TINS,99.37725744680851,2.464539007092198,dtd,123,D3B+D3L|Tk20|TINS
fourood,dtd_seed123,D3B+D3L,Tk20,TANL,99.25781826241136,3.0851063829787235,dtd,123,D3B+D3L|Tk20|TANL
fourood,dtd_seed123,D3B+D3L,Tlp20,none,98.21314432624114,6.276595744680851,dtd,123,D3B+D3L|Tlp20|none
fourood,dtd_seed123,D3B+D3L,Tlp20,TINS,99.13485673758863,3.2624113475177303,dtd,123,D3B+D3L|Tlp20|TINS
fourood,dtd_seed123,D3B+D3L,Tlp20,TANL,98.85010159574468,4.50354609929078,dtd,123,D3B+D3L|Tlp20|TANL
fourood,dtd_seed123,D3B+D3L,SL,none,97.87347588652482,8.085106382978724,dtd,123,D3B+D3L|SL|none
fourood,dtd_seed123,D3B+D3L,SL,TINS,98.61803829787232,5.319148936170213,dtd,123,D3B+D3L|SL|TINS
fourood,dtd_seed123,D3B+D3L,SL,TANL,98.40726187943262,6.365248226950354,dtd,123,D3B+D3L|SL|TANL
fourood,dtd_seed123,D3B+D3L,static,none,89.7372469858156,40.97517730496454,dtd,123,D3B+D3L|static|none
fourood,dtd_seed123,D3B+D3L,static,TINS,96.73136808510635,12.05673758865248,dtd,123,D3B+D3L|static|TINS
fourood,dtd_seed123,D3B+D3L,static,TANL,94.41444078014186,21.70212765957447,dtd,123,D3B+D3L|static|TANL
fourood,dtd_seed123,L14+D3B+D3L,T,none,99.07083439716313,3.6524822695035457,dtd,123,L14+D3B+D3L|T|none
fourood,dtd_seed123,L14+D3B+D3L,T,TINS,99.2969695035461,2.606382978723404,dtd,123,L14+D3B+D3L|T|TINS
fourood,dtd_seed123,L14+D3B+D3L,T,TANL,99.1880890070922,3.226950354609929,dtd,123,L14+D3B+D3L|T|TANL
fourood,dtd_seed123,L14+D3B+D3L,Tlp,none,98.0754804964539,6.613475177304965,dtd,123,L14+D3B+D3L|Tlp|none
fourood,dtd_seed123,L14+D3B+D3L,Tlp,TINS,98.99646063829786,3.741134751773049,dtd,123,L14+D3B+D3L|Tlp|TINS
fourood,dtd_seed123,L14+D3B+D3L,Tlp,TANL,98.69041808510636,4.929078014184397,dtd,123,L14+D3B+D3L|Tlp|TANL
fourood,dtd_seed123,L14+D3B+D3L,Tq0.05,none,99.09282446808513,3.297872340425532,dtd,123,L14+D3B+D3L|Tq0.05|none
fourood,dtd_seed123,L14+D3B+D3L,Tq0.05,TINS,99.30801312056737,2.4290780141843973,dtd,123,L14+D3B+D3L|Tq0.05|TINS
fourood,dtd_seed123,L14+D3B+D3L,Tq0.05,TANL,99.20149787234044,2.9432624113475176,dtd,123,L14+D3B+D3L|Tq0.05|TANL
fourood,dtd_seed123,L14+D3B+D3L,Tq0.2,none,98.97747978723405,4.184397163120567,dtd,123,L14+D3B+D3L|Tq0.2|none
fourood,dtd_seed123,L14+D3B+D3L,Tq0.2,TINS,99.24113085106384,3.0496453900709217,dtd,123,L14+D3B+D3L|Tq0.2|TINS
fourood,dtd_seed123,L14+D3B+D3L,Tq0.2,TANL,99.11568049645388,3.634751773049645,dtd,123,L14+D3B+D3L|Tq0.2|TANL
fourood,dtd_seed123,L14+D3B+D3L,Tnn,none,99.15383723404256,3.280141843971631,dtd,123,L14+D3B+D3L|Tnn|none
fourood,dtd_seed123,L14+D3B+D3L,Tnn,TINS,99.30911063829788,2.74822695035461,dtd,123,L14+D3B+D3L|Tnn|TINS
fourood,dtd_seed123,L14+D3B+D3L,Tnn,TANL,99.23292429078016,3.1382978723404253,dtd,123,L14+D3B+D3L|Tnn|TANL
fourood,dtd_seed123,L14+D3B+D3L,Tk20,none,99.13866241134752,3.5106382978723407,dtd,123,L14+D3B+D3L|Tk20|none
fourood,dtd_seed123,L14+D3B+D3L,Tk20,TINS,99.33153936170214,2.6773049645390072,dtd,123,L14+D3B+D3L|Tk20|TINS
fourood,dtd_seed123,L14+D3B+D3L,Tk20,TANL,99.22427375886524,3.191489361702128,dtd,123,L14+D3B+D3L|Tk20|TANL
fourood,dtd_seed123,L14+D3B+D3L,Tlp20,none,98.35900425531914,5.620567375886525,dtd,123,L14+D3B+D3L|Tlp20|none
fourood,dtd_seed123,L14+D3B+D3L,Tlp20,TINS,99.10626631205676,3.2446808510638294,dtd,123,L14+D3B+D3L|Tlp20|TINS
fourood,dtd_seed123,L14+D3B+D3L,Tlp20,TANL,98.8325744680851,4.379432624113475,dtd,123,L14+D3B+D3L|Tlp20|TANL
fourood,dtd_seed123,L14+D3B+D3L,SL,none,97.98213687943264,7.8546099290780145,dtd,123,L14+D3B+D3L|SL|none
fourood,dtd_seed123,L14+D3B+D3L,SL,TINS,98.5896585106383,5.531914893617021,dtd,123,L14+D3B+D3L|SL|TINS
fourood,dtd_seed123,L14+D3B+D3L,SL,TANL,98.37385319148936,6.453900709219858,dtd,123,L14+D3B+D3L|SL|TANL
fourood,dtd_seed123,L14+D3B+D3L,static,none,90.34810656028368,39.57446808510638,dtd,123,L14+D3B+D3L|static|none
fourood,dtd_seed123,L14+D3B+D3L,static,TINS,96.28811914893618,14.27304964539007,dtd,123,L14+D3B+D3L|static|TINS
fourood,dtd_seed123,L14+D3B+D3L,static,TANL,93.89027624113476,26.117021276595743,dtd,123,L14+D3B+D3L|static|TANL
fourood,dtd_seed123,B14+L14+D3L,T,none,98.94915478723404,4.078014184397164,dtd,123,B14+L14+D3L|T|none
fourood,dtd_seed123,B14+L14+D3L,T,TINS,99.22749219858156,2.74822695035461,dtd,123,B14+L14+D3L|T|TINS
fourood,dtd_seed123,B14+L14+D3L,T,TANL,99.08542570921983,3.6524822695035457,dtd,123,B14+L14+D3L|T|TANL
fourood,dtd_seed123,B14+L14+D3L,Tlp,none,97.93029343971632,7.163120567375887,dtd,123,B14+L14+D3L|Tlp|none
fourood,dtd_seed123,B14+L14+D3L,Tlp,TINS,98.9773624113475,4.060283687943262,dtd,123,B14+L14+D3L|Tlp|TINS
fourood,dtd_seed123,B14+L14+D3L,Tlp,TANL,98.60732570921986,5.336879432624113,dtd,123,B14+L14+D3L|Tlp|TANL
fourood,dtd_seed123,B14+L14+D3L,Tq0.05,none,98.99537517730496,3.8652482269503543,dtd,123,B14+L14+D3L|Tq0.05|none
fourood,dtd_seed123,B14+L14+D3L,Tq0.05,TINS,99.25463262411348,2.624113475177305,dtd,123,B14+L14+D3L|Tq0.05|TINS
fourood,dtd_seed123,B14+L14+D3L,Tq0.05,TANL,99.11916170212764,3.209219858156028,dtd,123,B14+L14+D3L|Tq0.05|TANL
fourood,dtd_seed123,B14+L14+D3L,Tq0.2,none,98.83718067375888,4.698581560283688,dtd,123,B14+L14+D3L|Tq0.2|none
fourood,dtd_seed123,B14+L14+D3L,Tq0.2,TINS,99.1632829787234,3.209219858156028,dtd,123,B14+L14+D3L|Tq0.2|TINS
fourood,dtd_seed123,B14+L14+D3L,Tq0.2,TANL,99.00115921985817,4.131205673758865,dtd,123,B14+L14+D3L|Tq0.2|TANL
fourood,dtd_seed123,B14+L14+D3L,Tnn,none,99.02747925531914,3.5106382978723407,dtd,123,B14+L14+D3L|Tnn|none
fourood,dtd_seed123,B14+L14+D3L,Tnn,TINS,99.22185035460993,2.854609929078014,dtd,123,B14+L14+D3L|Tnn|TINS
fourood,dtd_seed123,B14+L14+D3L,Tnn,TANL,99.11989326241134,3.209219858156028,dtd,123,B14+L14+D3L|Tnn|TANL
fourood,dtd_seed123,B14+L14+D3L,Tk20,none,99.04308936170212,3.829787234042553,dtd,123,B14+L14+D3L|Tk20|none
fourood,dtd_seed123,B14+L14+D3L,Tk20,TINS,99.2801173758865,2.854609929078014,dtd,123,B14+L14+D3L|Tk20|TINS
fourood,dtd_seed123,B14+L14+D3L,Tk20,TANL,99.14261241134751,3.546099290780142,dtd,123,B14+L14+D3L|Tk20|TANL
fourood,dtd_seed123,B14+L14+D3L,Tlp20,none,98.23391117021276,6.400709219858156,dtd,123,B14+L14+D3L|Tlp20|none
fourood,dtd_seed123,B14+L14+D3L,Tlp20,TINS,99.08871631205672,3.3865248226950357,dtd,123,B14+L14+D3L|Tlp20|TINS
fourood,dtd_seed123,B14+L14+D3L,Tlp20,TANL,98.74857890070923,4.893617021276596,dtd,123,B14+L14+D3L|Tlp20|TANL
fourood,dtd_seed123,B14+L14+D3L,SL,none,97.7862131205674,8.634751773049645,dtd,123,B14+L14+D3L|SL|none
fourood,dtd_seed123,B14+L14+D3L,SL,TINS,98.50959574468084,6.046099290780141,dtd,123,B14+L14+D3L|SL|TINS
fourood,dtd_seed123,B14+L14+D3L,SL,TANL,98.21646312056738,7.198581560283689,dtd,123,B14+L14+D3L|SL|TANL
fourood,dtd_seed123,B14+L14+D3L,static,none,90.5986329787234,39.62765957446808,dtd,123,B14+L14+D3L|static|none
fourood,dtd_seed123,B14+L14+D3L,static,TINS,96.37156524822696,14.27304964539007,dtd,123,B14+L14+D3L|static|TINS
fourood,dtd_seed123,B14+L14+D3L,static,TANL,94.00276276595744,25.23049645390071,dtd,123,B14+L14+D3L|static|TANL
fourood,dtd_seed123,B14+L14+D3B+D3L,T,none,99.10295336879432,3.404255319148936,dtd,123,B14+L14+D3B+D3L|T|none
fourood,dtd_seed123,B14+L14+D3B+D3L,T,TINS,99.28357056737588,2.624113475177305,dtd,123,B14+L14+D3B+D3L|T|TINS
fourood,dtd_seed123,B14+L14+D3B+D3L,T,TANL,99.19279964539008,3.120567375886525,dtd,123,B14+L14+D3B+D3L|T|TANL
fourood,dtd_seed123,B14+L14+D3B+D3L,Tlp,none,98.15128687943265,6.365248226950354,dtd,123,B14+L14+D3B+D3L|Tlp|none
fourood,dtd_seed123,B14+L14+D3B+D3L,Tlp,TINS,98.93081382978724,4.078014184397164,dtd,123,B14+L14+D3B+D3L|Tlp|TINS
fourood,dtd_seed123,B14+L14+D3B+D3L,Tlp,TANL,98.64862836879432,5.017730496453901,dtd,123,B14+L14+D3B+D3L|Tlp|TANL
fourood,dtd_seed123,B14+L14+D3B+D3L,Tq0.05,none,99.12966879432624,3.2446808510638294,dtd,123,B14+L14+D3B+D3L|Tq0.05|none
fourood,dtd_seed123,B14+L14+D3B+D3L,Tq0.05,TINS,99.3005840425532,2.393617021276596,dtd,123,B14+L14+D3B+D3L|Tq0.05|TINS
fourood,dtd_seed123,B14+L14+D3B+D3L,Tq0.05,TANL,99.21294450354608,2.9078014184397163,dtd,123,B14+L14+D3B+D3L|Tq0.05|TANL
fourood,dtd_seed123,B14+L14+D3B+D3L,Tq0.2,none,99.01249166666666,3.9539007092198575,dtd,123,B14+L14+D3B+D3L|Tq0.2|none
fourood,dtd_seed123,B14+L14+D3B+D3L,Tq0.2,TINS,99.22343971631204,3.0319148936170213,dtd,123,B14+L14+D3B+D3L|Tq0.2|TINS
fourood,dtd_seed123,B14+L14+D3B+D3L,Tq0.2,TANL,99.11881489361704,3.546099290780142,dtd,123,B14+L14+D3B+D3L|Tq0.2|TANL
fourood,dtd_seed123,B14+L14+D3B+D3L,Tnn,none,99.18128776595744,3.067375886524822,dtd,123,B14+L14+D3B+D3L|Tnn|none
fourood,dtd_seed123,B14+L14+D3B+D3L,Tnn,TINS,99.3017439716312,2.6773049645390072,dtd,123,B14+L14+D3B+D3L|Tnn|TINS
fourood,dtd_seed123,B14+L14+D3B+D3L,Tnn,TANL,99.23967517730496,2.854609929078014,dtd,123,B14+L14+D3B+D3L|Tnn|TANL
fourood,dtd_seed123,B14+L14+D3B+D3L,Tk20,none,99.1612579787234,3.4397163120567376,dtd,123,B14+L14+D3B+D3L|Tk20|none
fourood,dtd_seed123,B14+L14+D3B+D3L,Tk20,TINS,99.31604468085108,2.730496453900709,dtd,123,B14+L14+D3B+D3L|Tk20|TINS
fourood,dtd_seed123,B14+L14+D3B+D3L,Tk20,TANL,99.22756666666666,3.120567375886525,dtd,123,B14+L14+D3B+D3L|Tk20|TANL
fourood,dtd_seed123,B14+L14+D3B+D3L,Tlp20,none,98.40979787234042,5.673758865248227,dtd,123,B14+L14+D3B+D3L|Tlp20|none
fourood,dtd_seed123,B14+L14+D3B+D3L,Tlp20,TINS,99.04774148936173,3.705673758865248,dtd,123,B14+L14+D3B+D3L|Tlp20|TINS
fourood,dtd_seed123,B14+L14+D3B+D3L,Tlp20,TANL,98.79470620567376,4.698581560283688,dtd,123,B14+L14+D3B+D3L|Tlp20|TANL
fourood,dtd_seed123,B14+L14+D3B+D3L,SL,none,98.00982340425531,7.588652482269503,dtd,123,B14+L14+D3B+D3L|SL|none
fourood,dtd_seed123,B14+L14+D3B+D3L,SL,TINS,98.51035070921986,5.975177304964539,dtd,123,B14+L14+D3B+D3L|SL|TINS
fourood,dtd_seed123,B14+L14+D3B+D3L,SL,TANL,98.319014893617,6.560283687943262,dtd,123,B14+L14+D3B+D3L|SL|TANL
fourood,dtd_seed123,B14+L14+D3B+D3L,static,none,90.4867695035461,39.237588652482266,dtd,123,B14+L14+D3B+D3L|static|none
fourood,dtd_seed123,B14+L14+D3B+D3L,static,TINS,95.77270177304966,16.666666666666664,dtd,123,B14+L14+D3B+D3L|static|TINS
fourood,dtd_seed123,B14+L14+D3B+D3L,static,TANL,93.42545319148935,28.510638297872344,dtd,123,B14+L14+D3B+D3L|static|TANL
fourood,dtd_seed123,B14+L14,T,none,98.81474787234042,4.716312056737588,dtd,123,B14+L14|T|none
fourood,dtd_seed123,B14+L14,T,TINS,99.227695035461,2.925531914893617,dtd,123,B14+L14|T|TINS
fourood,dtd_seed123,B14+L14,T,TANL,99.02424361702128,3.98936170212766,dtd,123,B14+L14|T|TANL
fourood,dtd_seed123,B14+L14,Tlp,none,97.61523138297872,8.546099290780141,dtd,123,B14+L14|Tlp|none
fourood,dtd_seed123,B14+L14,Tlp,TINS,99.03754113475176,3.900709219858156,dtd,123,B14+L14|Tlp|TINS
fourood,dtd_seed123,B14+L14,Tlp,TANL,98.58539734042554,5.851063829787234,dtd,123,B14+L14|Tlp|TANL
fourood,dtd_seed123,B14+L14,Tq0.05,none,98.892240070922,4.326241134751773,dtd,123,B14+L14|Tq0.05|none
fourood,dtd_seed123,B14+L14,Tq0.05,TINS,99.2667620567376,2.5709219858156027,dtd,123,B14+L14|Tq0.05|TINS
fourood,dtd_seed123,B14+L14,Tq0.05,TANL,99.07526436170212,3.5815602836879434,dtd,123,B14+L14|Tq0.05|TANL
fourood,dtd_seed123,B14+L14,Tq0.2,none,98.68874680851064,5.780141843971631,dtd,123,B14+L14|Tq0.2|none
fourood,dtd_seed123,B14+L14,Tq0.2,TINS,99.1647085106383,3.49290780141844,dtd,123,B14+L14|Tq0.2|TINS
fourood,dtd_seed123,B14+L14,Tq0.2,TANL,98.94119539007092,4.7695035460992905,dtd,123,B14+L14|Tq0.2|TANL
fourood,dtd_seed123,B14+L14,Tnn,none,98.8896189716312,4.290780141843972,dtd,123,B14+L14|Tnn|none
fourood,dtd_seed123,B14+L14,Tnn,TINS,99.19485319148936,3.0496453900709217,dtd,123,B14+L14|Tnn|TINS
fourood,dtd_seed123,B14+L14,Tnn,TANL,99.03619982269502,3.812056737588653,dtd,123,B14+L14|Tnn|TANL
fourood,dtd_seed123,B14+L14,Tk20,none,98.91410088652482,4.414893617021277,dtd,123,B14+L14|Tk20|none
fourood,dtd_seed123,B14+L14,Tk20,TINS,99.26639574468084,2.74822695035461,dtd,123,B14+L14|Tk20|TINS
fourood,dtd_seed123,B14+L14,Tk20,TANL,99.07213617021276,3.847517730496454,dtd,123,B14+L14|Tk20|TANL
fourood,dtd_seed123,B14+L14,Tlp20,none,97.93766773049646,7.5,dtd,123,B14+L14|Tlp20|none
fourood,dtd_seed123,B14+L14,Tlp20,TINS,99.11559716312055,3.617021276595744,dtd,123,B14+L14|Tlp20|TINS
fourood,dtd_seed123,B14+L14,Tlp20,TANL,98.6898489361702,5.2304964539007095,dtd,123,B14+L14|Tlp20|TANL
fourood,dtd_seed123,B14+L14,SL,none,97.45628421985816,9.76950354609929,dtd,123,B14+L14|SL|none
fourood,dtd_seed123,B14+L14,SL,TINS,98.5354414893617,5.904255319148937,dtd,123,B14+L14|SL|TINS
fourood,dtd_seed123,B14+L14,SL,TANL,98.12941932624112,7.695035460992908,dtd,123,B14+L14|SL|TANL
fourood,dtd_seed123,B14+L14,static,none,90.13352216312056,42.659574468085104,dtd,123,B14+L14|static|none
fourood,dtd_seed123,B14+L14,static,TINS,96.895764893617,12.180851063829786,dtd,123,B14+L14|static|TINS
fourood,dtd_seed123,B14+L14,static,TANL,94.51664539007092,21.79078014184397,dtd,123,B14+L14|static|TANL
fourood,dtd_seed124,L14xD3L+D3L,T,none,98.73088262411348,4.592198581560283,dtd,124,L14xD3L+D3L|T|none
fourood,dtd_seed124,L14xD3L+D3L,T,TINS,99.16869219858155,2.854609929078014,dtd,124,L14xD3L+D3L|T|TINS
fourood,dtd_seed124,L14xD3L+D3L,T,TANL,98.97797588652482,3.723404255319149,dtd,124,L14xD3L+D3L|T|TANL
fourood,dtd_seed124,L14xD3L+D3L,Tlp,none,97.47130868794326,8.47517730496454,dtd,124,L14xD3L+D3L|Tlp|none
fourood,dtd_seed124,L14xD3L+D3L,Tlp,TINS,98.97252588652482,3.900709219858156,dtd,124,L14xD3L+D3L|Tlp|TINS
fourood,dtd_seed124,L14xD3L+D3L,Tlp,TANL,98.5197609929078,5.319148936170213,dtd,124,L14xD3L+D3L|Tlp|TANL
fourood,dtd_seed124,L14xD3L+D3L,Tq0.05,none,98.75883829787232,4.414893617021277,dtd,124,L14xD3L+D3L|Tq0.05|none
fourood,dtd_seed124,L14xD3L+D3L,Tq0.05,TINS,99.1708521276596,2.606382978723404,dtd,124,L14xD3L+D3L|Tq0.05|TINS
fourood,dtd_seed124,L14xD3L+D3L,Tq0.05,TANL,98.98907960992908,3.5815602836879434,dtd,124,L14xD3L+D3L|Tq0.05|TANL
fourood,dtd_seed124,L14xD3L+D3L,Tq0.2,none,98.58907730496456,5.780141843971631,dtd,124,L14xD3L+D3L|Tq0.2|none
fourood,dtd_seed124,L14xD3L+D3L,Tq0.2,TINS,99.1023659574468,3.546099290780142,dtd,124,L14xD3L+D3L|Tq0.2|TINS
fourood,dtd_seed124,L14xD3L+D3L,Tq0.2,TANL,98.88188191489364,4.521276595744681,dtd,124,L14xD3L+D3L|Tq0.2|TANL
fourood,dtd_seed124,L14xD3L+D3L,Tnn,none,98.82337216312057,4.095744680851063,dtd,124,L14xD3L+D3L|Tnn|none
fourood,dtd_seed124,L14xD3L+D3L,Tnn,TINS,99.15031276595744,3.102836879432624,dtd,124,L14xD3L+D3L|Tnn|TINS
fourood,dtd_seed124,L14xD3L+D3L,Tnn,TANL,98.99875390070922,3.705673758865248,dtd,124,L14xD3L+D3L|Tnn|TANL
fourood,dtd_seed124,L14xD3L+D3L,Tk20,none,98.91834574468083,4.166666666666666,dtd,124,L14xD3L+D3L|Tk20|none
fourood,dtd_seed124,L14xD3L+D3L,Tk20,TINS,99.25112127659574,2.6773049645390072,dtd,124,L14xD3L+D3L|Tk20|TINS
fourood,dtd_seed124,L14xD3L+D3L,Tk20,TANL,99.08514007092198,3.6524822695035457,dtd,124,L14xD3L+D3L|Tk20|TANL
fourood,dtd_seed124,L14xD3L+D3L,Tlp20,none,97.9240585106383,7.251773049645389,dtd,124,L14xD3L+D3L|Tlp20|none
fourood,dtd_seed124,L14xD3L+D3L,Tlp20,TINS,99.09340921985816,3.3865248226950357,dtd,124,L14xD3L+D3L|Tlp20|TINS
fourood,dtd_seed124,L14xD3L+D3L,Tlp20,TANL,98.69305159574468,4.858156028368795,dtd,124,L14xD3L+D3L|Tlp20|TANL
fourood,dtd_seed124,L14+D3L,T,none,98.78778368794326,4.663120567375886,dtd,124,L14+D3L|T|none
fourood,dtd_seed124,L14+D3L,T,TINS,99.19849680851064,2.9787234042553195,dtd,124,L14+D3L|T|TINS
fourood,dtd_seed124,L14+D3L,T,TANL,99.01691063829789,3.918439716312057,dtd,124,L14+D3L|T|TANL
fourood,dtd_seed124,L14+D3L,Tlp,none,97.6677264184397,8.173758865248226,dtd,124,L14+D3L|Tlp|none
fourood,dtd_seed124,L14+D3L,Tlp,TINS,99.04358652482269,3.7588652482269502,dtd,124,L14+D3L|Tlp|TINS
fourood,dtd_seed124,L14+D3L,Tlp,TANL,98.63079716312058,5.283687943262412,dtd,124,L14+D3L|Tlp|TANL
fourood,dtd_seed124,L14+D3L,Tq0.05,none,98.8407939716312,4.273049645390071,dtd,124,L14+D3L|Tq0.05|none
fourood,dtd_seed124,L14+D3L,Tq0.05,TINS,99.22237872340428,2.6595744680851063,dtd,124,L14+D3L|Tq0.05|TINS
fourood,dtd_seed124,L14+D3L,Tq0.05,TANL,99.04893510638296,3.4574468085106385,dtd,124,L14+D3L|Tq0.05|TANL
fourood,dtd_seed124,L14+D3L,Tq0.2,none,98.64848457446809,5.76241134751773,dtd,124,L14+D3L|Tq0.2|none
fourood,dtd_seed124,L14+D3L,Tq0.2,TINS,99.13625531914894,3.280141843971631,dtd,124,L14+D3L|Tq0.2|TINS
fourood,dtd_seed124,L14+D3L,Tq0.2,TANL,98.92625390070924,4.521276595744681,dtd,124,L14+D3L|Tq0.2|TANL
fourood,dtd_seed124,L14+D3L,Tnn,none,98.86980992907802,4.095744680851063,dtd,124,L14+D3L|Tnn|none
fourood,dtd_seed124,L14+D3L,Tnn,TINS,99.17567907801418,3.067375886524822,dtd,124,L14+D3L|Tnn|TINS
fourood,dtd_seed124,L14+D3L,Tnn,TANL,99.03169787234044,3.7588652482269502,dtd,124,L14+D3L|Tnn|TANL
fourood,dtd_seed124,L14+D3L,Tk20,none,98.92658936170211,4.078014184397164,dtd,124,L14+D3L|Tk20|none
fourood,dtd_seed124,L14+D3L,Tk20,TINS,99.26302659574468,2.7836879432624118,dtd,124,L14+D3L|Tk20|TINS
fourood,dtd_seed124,L14+D3L,Tk20,TANL,99.09479290780142,3.634751773049645,dtd,124,L14+D3L|Tk20|TANL
fourood,dtd_seed124,L14+D3L,Tlp20,none,98.05291932624112,7.092198581560284,dtd,124,L14+D3L|Tlp20|none
fourood,dtd_seed124,L14+D3L,Tlp20,TINS,99.14949184397162,3.333333333333333,dtd,124,L14+D3L|Tlp20|TINS
fourood,dtd_seed124,L14+D3L,Tlp20,TANL,98.77136790780142,4.716312056737588,dtd,124,L14+D3L|Tlp20|TANL
fourood,dtd_seed124,L14+D3L,SL,none,97.54809911347516,9.71631205673759,dtd,124,L14+D3L|SL|none
fourood,dtd_seed124,L14+D3L,SL,TINS,98.56681985815602,5.602836879432624,dtd,124,L14+D3L|SL|TINS
fourood,dtd_seed124,L14+D3L,SL,TANL,98.21186719858156,7.340425531914893,dtd,124,L14+D3L|SL|TANL
fourood,dtd_seed124,L14+D3L,static,none,90.43400833333332,39.73404255319149,dtd,124,L14+D3L|static|none
fourood,dtd_seed124,L14+D3L,static,TINS,96.93479609929078,10.886524822695035,dtd,124,L14+D3L|static|TINS
fourood,dtd_seed124,L14+D3L,static,TANL,94.71144078014184,20.49645390070922,dtd,124,L14+D3L|static|TANL
fourood,dtd_seed124,D3L,T,none,98.61868510638296,4.911347517730497,dtd,124,D3L|T|none
fourood,dtd_seed124,D3L,T,TINS,99.25303865248226,2.624113475177305,dtd,124,D3L|T|TINS
fourood,dtd_seed124,D3L,T,TANL,99.00214627659577,3.5815602836879434,dtd,124,D3L|T|TANL
fourood,dtd_seed124,D3L,Tlp,none,97.18772003546098,9.50354609929078,dtd,124,D3L|Tlp|none
fourood,dtd_seed124,D3L,Tlp,TINS,99.07480177304964,3.368794326241135,dtd,124,D3L|Tlp|TINS
fourood,dtd_seed124,D3L,Tlp,TANL,98.60026028368792,5.017730496453901,dtd,124,D3L|Tlp|TANL
fourood,dtd_seed124,D3L,Tq0.05,none,98.62221719858157,4.574468085106383,dtd,124,D3L|Tq0.05|none
fourood,dtd_seed124,D3L,Tq0.05,TINS,99.24036382978724,2.4113475177304964,dtd,124,D3L|Tq0.05|TINS
fourood,dtd_seed124,D3L,Tq0.05,TANL,98.9922645390071,3.3865248226950357,dtd,124,D3L|Tq0.05|TANL
fourood,dtd_seed124,D3L,Tq0.2,none,98.48803528368794,6.73758865248227,dtd,124,D3L|Tq0.2|none
fourood,dtd_seed124,D3L,Tq0.2,TINS,99.2197120567376,2.9787234042553195,dtd,124,D3L|Tq0.2|TINS
fourood,dtd_seed124,D3L,Tq0.2,TANL,98.940939893617,4.326241134751773,dtd,124,D3L|Tq0.2|TANL
fourood,dtd_seed124,D3L,Tnn,none,98.76098812056738,4.326241134751773,dtd,124,D3L|Tnn|none
fourood,dtd_seed124,D3L,Tnn,TINS,99.24898049645392,2.6773049645390072,dtd,124,D3L|Tnn|TINS
fourood,dtd_seed124,D3L,Tnn,TANL,99.04464361702128,3.5106382978723407,dtd,124,D3L|Tnn|TANL
fourood,dtd_seed124,D3L,Tk20,none,98.82617340425531,4.290780141843972,dtd,124,D3L|Tk20|none
fourood,dtd_seed124,D3L,Tk20,TINS,99.3066365248227,2.4822695035460995,dtd,124,D3L|Tk20|TINS
fourood,dtd_seed124,D3L,Tk20,TANL,99.07852216312055,3.47517730496454,dtd,124,D3L|Tk20|TANL
fourood,dtd_seed124,D3L,Tlp20,none,97.66733226950352,8.156028368794328,dtd,124,D3L|Tlp20|none
fourood,dtd_seed124,D3L,Tlp20,TINS,99.15220567375889,3.0851063829787235,dtd,124,D3L|Tlp20|TINS
fourood,dtd_seed124,D3L,Tlp20,TANL,98.70627836879432,4.326241134751773,dtd,124,D3L|Tlp20|TANL
fourood,dtd_seed124,D3L,SL,none,97.29487996453902,10.407801418439716,dtd,124,D3L|SL|none
fourood,dtd_seed124,D3L,SL,TINS,98.6940684397163,5.336879432624113,dtd,124,D3L|SL|TINS
fourood,dtd_seed124,D3L,SL,TANL,98.29961489361705,7.180851063829788,dtd,124,D3L|SL|TANL
fourood,dtd_seed124,D3L,static,none,89.7280755319149,40.88652482269504,dtd,124,D3L|static|none
fourood,dtd_seed124,D3L,static,TINS,97.50545921985815,8.670212765957446,dtd,124,D3L|static|TINS
fourood,dtd_seed124,D3L,static,TANL,95.562939893617,15.053191489361703,dtd,124,D3L|static|TANL
fourood,dtd_seed124,L14,T,none,98.34845035460992,6.152482269503546,dtd,124,L14|T|none
fourood,dtd_seed124,L14,T,TINS,99.167485106383,3.2624113475177303,dtd,124,L14|T|TINS
fourood,dtd_seed124,L14,T,TANL,98.8396505319149,4.539007092198582,dtd,124,L14|T|TANL
fourood,dtd_seed124,L14,Tlp,none,96.91184148936168,10.886524822695035,dtd,124,L14|Tlp|none
fourood,dtd_seed124,L14,Tlp,TINS,99.0634429078014,3.741134751773049,dtd,124,L14|Tlp|TINS
fourood,dtd_seed124,L14,Tlp,TANL,98.51891382978724,6.365248226950354,dtd,124,L14|Tlp|TANL
fourood,dtd_seed124,L14,Tq0.05,none,98.48282216312056,5.709219858156028,dtd,124,L14|Tq0.05|none
fourood,dtd_seed124,L14,Tq0.05,TINS,99.20628581560284,2.7659574468085104,dtd,124,L14|Tq0.05|TINS
fourood,dtd_seed124,L14,Tq0.05,TANL,98.8965494680851,4.148936170212766,dtd,124,L14|Tq0.05|TANL
fourood,dtd_seed124,L14,Tq0.2,none,98.12526773049646,7.836879432624114,dtd,124,L14|Tq0.2|none
fourood,dtd_seed124,L14,Tq0.2,TINS,99.10465390070922,3.9716312056737593,dtd,124,L14|Tq0.2|TINS
fourood,dtd_seed124,L14,Tq0.2,TANL,98.74250638297872,5.868794326241135,dtd,124,L14|Tq0.2|TANL
fourood,dtd_seed124,L14,Tnn,none,98.43216241134752,5.886524822695035,dtd,124,L14|Tnn|none
fourood,dtd_seed124,L14,Tnn,TINS,99.10568368794328,3.368794326241135,dtd,124,L14|Tnn|TINS
fourood,dtd_seed124,L14,Tnn,TANL,98.80320673758864,4.787234042553192,dtd,124,L14|Tnn|TANL
fourood,dtd_seed124,L14,Tk20,none,98.55603953900707,5.47872340425532,dtd,124,L14|Tk20|none
fourood,dtd_seed124,L14,Tk20,TINS,99.22233085106382,2.925531914893617,dtd,124,L14|Tk20|TINS
fourood,dtd_seed124,L14,Tk20,TANL,98.92490585106384,4.166666666666666,dtd,124,L14|Tk20|TANL
fourood,dtd_seed124,L14,Tlp20,none,97.3975854609929,9.379432624113475,dtd,124,L14|Tlp20|none
fourood,dtd_seed124,L14,Tlp20,TINS,99.1417269503546,3.4574468085106385,dtd,124,L14|Tlp20|TINS
fourood,dtd_seed124,L14,Tlp20,TANL,98.62834468085106,5.656028368794326,dtd,124,L14|Tlp20|TANL
fourood,dtd_seed124,L14,SL,none,96.664779964539,13.156028368794326,dtd,124,L14|SL|none
fourood,dtd_seed124,L14,SL,TINS,98.57539574468085,5.549645390070921,dtd,124,L14|SL|TINS
fourood,dtd_seed124,L14,SL,TANL,98.01708670212768,8.439716312056737,dtd,124,L14|SL|TANL
fourood,dtd_seed124,L14,static,none,89.66719840425532,44.361702127659576,dtd,124,L14|static|none
fourood,dtd_seed124,L14,static,TINS,97.56866028368796,9.53900709219858,dtd,124,L14|static|TINS
fourood,dtd_seed124,L14,static,TANL,95.48607021276597,16.56028368794326,dtd,124,L14|static|TANL
fourood,dtd_seed124,L14xD3L,T,none,98.61302198581558,4.946808510638298,dtd,124,L14xD3L|T|none
fourood,dtd_seed124,L14xD3L,T,TINS,99.2358719858156,2.588652482269504,dtd,124,L14xD3L|T|TINS
fourood,dtd_seed124,L14xD3L,T,TANL,98.98870673758866,3.794326241134752,dtd,124,L14xD3L|T|TANL
fourood,dtd_seed124,L14xD3L,Tlp,none,97.29521329787234,9.131205673758863,dtd,124,L14xD3L|Tlp|none
fourood,dtd_seed124,L14xD3L,Tlp,TINS,99.09966631205674,3.4574468085106385,dtd,124,L14xD3L|Tlp|TINS
fourood,dtd_seed124,L14xD3L,Tlp,TANL,98.64366471631205,5.141843971631205,dtd,124,L14xD3L|Tlp|TANL
fourood,dtd_seed124,L14xD3L,Tq0.05,none,98.66634219858156,4.521276595744681,dtd,124,L14xD3L|Tq0.05|none
fourood,dtd_seed124,L14xD3L,Tq0.05,TINS,99.2287890070922,2.5,dtd,124,L14xD3L|Tq0.05|TINS
fourood,dtd_seed124,L14xD3L,Tq0.05,TANL,98.98920726950354,3.723404255319149,dtd,124,L14xD3L|Tq0.05|TANL
fourood,dtd_seed124,L14xD3L,Tq0.2,none,98.43932907801415,6.773049645390071,dtd,124,L14xD3L|Tq0.2|none
fourood,dtd_seed124,L14xD3L,Tq0.2,TINS,99.18486347517732,3.067375886524822,dtd,124,L14xD3L|Tq0.2|TINS
fourood,dtd_seed124,L14xD3L,Tq0.2,TANL,98.90537854609929,4.432624113475177,dtd,124,L14xD3L|Tq0.2|TANL
fourood,dtd_seed124,L14xD3L,Tnn,none,98.72925460992909,4.592198581560283,dtd,124,L14xD3L|Tnn|none
fourood,dtd_seed124,L14xD3L,Tnn,TINS,99.2279670212766,2.641843971631206,dtd,124,L14xD3L|Tnn|TINS
fourood,dtd_seed124,L14xD3L,Tnn,TANL,99.01947748226952,3.705673758865248,dtd,124,L14xD3L|Tnn|TANL
fourood,dtd_seed124,L14xD3L,Tk20,none,98.83157748226952,4.48581560283688,dtd,124,L14xD3L|Tk20|none
fourood,dtd_seed124,L14xD3L,Tk20,TINS,99.29495638297873,2.6595744680851063,dtd,124,L14xD3L|Tk20|TINS
fourood,dtd_seed124,L14xD3L,Tk20,TANL,99.06489946808512,3.687943262411348,dtd,124,L14xD3L|Tk20|TANL
fourood,dtd_seed124,L14xD3L,Tlp20,none,97.79895833333332,7.553191489361702,dtd,124,L14xD3L|Tlp20|none
fourood,dtd_seed124,L14xD3L,Tlp20,TINS,99.17336808510638,3.120567375886525,dtd,124,L14xD3L|Tlp20|TINS
fourood,dtd_seed124,L14xD3L,Tlp20,TANL,98.73901294326242,4.663120567375886,dtd,124,L14xD3L|Tlp20|TANL
fourood,dtd_seed124,D3B+D3L,T,none,99.0806524822695,3.5992907801418443,dtd,124,D3B+D3L|T|none
fourood,dtd_seed124,D3B+D3L,T,TINS,99.3422815602837,2.4468085106382977,dtd,124,D3B+D3L|T|TINS
fourood,dtd_seed124,D3B+D3L,T,TANL,99.23843085106382,3.067375886524822,dtd,124,D3B+D3L|T|TANL
fourood,dtd_seed124,D3B+D3L,Tlp,none,97.93979414893616,6.666666666666667,dtd,124,D3B+D3L|Tlp|none
fourood,dtd_seed124,D3B+D3L,Tlp,TINS,99.0640634751773,3.5106382978723407,dtd,124,D3B+D3L|Tlp|TINS
fourood,dtd_seed124,D3B+D3L,Tlp,TANL,98.7516909574468,4.574468085106383,dtd,124,D3B+D3L|Tlp|TANL
fourood,dtd_seed124,D3B+D3L,Tq0.05,none,99.076579964539,3.3865248226950357,dtd,124,D3B+D3L|Tq0.05|none
fourood,dtd_seed124,D3B+D3L,Tq0.05,TINS,99.33622517730495,2.3404255319148937,dtd,124,D3B+D3L|Tq0.05|TINS
fourood,dtd_seed124,D3B+D3L,Tq0.05,TANL,99.23137588652482,2.8191489361702127,dtd,124,D3B+D3L|Tq0.05|TANL
fourood,dtd_seed124,D3B+D3L,Tq0.2,none,99.00349716312056,4.060283687943262,dtd,124,D3B+D3L|Tq0.2|none
fourood,dtd_seed124,D3B+D3L,Tq0.2,TINS,99.29967836879436,2.74822695035461,dtd,124,D3B+D3L|Tq0.2|TINS
fourood,dtd_seed124,D3B+D3L,Tq0.2,TANL,99.1819384751773,3.421985815602837,dtd,124,D3B+D3L|Tq0.2|TANL
fourood,dtd_seed124,D3B+D3L,Tnn,none,99.1874808510638,3.2446808510638294,dtd,124,D3B+D3L|Tnn|none
fourood,dtd_seed124,D3B+D3L,Tnn,TINS,99.37094787234044,2.4822695035460995,dtd,124,D3B+D3L|Tnn|TINS
fourood,dtd_seed124,D3B+D3L,Tnn,TANL,99.2960404255319,2.9078014184397163,dtd,124,D3B+D3L|Tnn|TANL
fourood,dtd_seed124,D3B+D3L,Tk20,none,99.14989273049646,3.546099290780142,dtd,124,D3B+D3L|Tk20|none
fourood,dtd_seed124,D3B+D3L,Tk20,TINS,99.36630106382978,2.588652482269504,dtd,124,D3B+D3L|Tk20|TINS
fourood,dtd_seed124,D3B+D3L,Tk20,TANL,99.26600354609928,3.102836879432624,dtd,124,D3B+D3L|Tk20|TANL
fourood,dtd_seed124,D3B+D3L,Tlp20,none,98.21314343971632,6.276595744680851,dtd,124,D3B+D3L|Tlp20|none
fourood,dtd_seed124,D3B+D3L,Tlp20,TINS,99.14398687943262,3.2446808510638294,dtd,124,D3B+D3L|Tlp20|TINS
fourood,dtd_seed124,D3B+D3L,Tlp20,TANL,98.86272482269504,4.397163120567376,dtd,124,D3B+D3L|Tlp20|TANL
fourood,dtd_seed124,D3B+D3L,SL,none,97.91383404255318,7.819148936170213,dtd,124,D3B+D3L|SL|none
fourood,dtd_seed124,D3B+D3L,SL,TINS,98.68169539007091,5.195035460992908,dtd,124,D3B+D3L|SL|TINS
fourood,dtd_seed124,D3B+D3L,SL,TANL,98.47481134751771,6.046099290780141,dtd,124,D3B+D3L|SL|TANL
fourood,dtd_seed124,D3B+D3L,static,none,89.7372469858156,40.97517730496454,dtd,124,D3B+D3L|static|none
fourood,dtd_seed124,D3B+D3L,static,TINS,96.68905390070924,10.904255319148938,dtd,124,D3B+D3L|static|TINS
fourood,dtd_seed124,D3B+D3L,static,TANL,94.45800070921986,21.666666666666668,dtd,124,D3B+D3L|static|TANL
fourood,dtd_seed124,L14+D3B+D3L,T,none,99.07083794326242,3.6524822695035457,dtd,124,L14+D3B+D3L|T|none
fourood,dtd_seed124,L14+D3B+D3L,T,TINS,99.2891634751773,2.7659574468085104,dtd,124,L14+D3B+D3L|T|TINS
fourood,dtd_seed124,L14+D3B+D3L,T,TANL,99.194745035461,3.2446808510638294,dtd,124,L14+D3B+D3L|T|TANL
fourood,dtd_seed124,L14+D3B+D3L,Tlp,none,98.07547836879434,6.613475177304965,dtd,124,L14+D3B+D3L|Tlp|none
fourood,dtd_seed124,L14+D3B+D3L,Tlp,TINS,99.00621879432624,3.829787234042553,dtd,124,L14+D3B+D3L|Tlp|TINS
fourood,dtd_seed124,L14+D3B+D3L,Tlp,TANL,98.70924929078016,4.822695035460993,dtd,124,L14+D3B+D3L|Tlp|TANL
fourood,dtd_seed124,L14+D3B+D3L,Tq0.05,none,99.09282375886524,3.297872340425532,dtd,124,L14+D3B+D3L|Tq0.05|none
fourood,dtd_seed124,L14+D3B+D3L,Tq0.05,TINS,99.30074078014184,2.4822695035460995,dtd,124,L14+D3B+D3L|Tq0.05|TINS
fourood,dtd_seed124,L14+D3B+D3L,Tq0.05,TANL,99.20785744680852,3.0319148936170213,dtd,124,L14+D3B+D3L|Tq0.05|TANL
fourood,dtd_seed124,L14+D3B+D3L,Tq0.2,none,98.97747872340426,4.184397163120567,dtd,124,L14+D3B+D3L|Tq0.2|none
fourood,dtd_seed124,L14+D3B+D3L,Tq0.2,TINS,99.2322280141844,3.120567375886525,dtd,124,L14+D3B+D3L|Tq0.2|TINS
fourood,dtd_seed124,L14+D3B+D3L,Tq0.2,TANL,99.12350212765958,3.5992907801418443,dtd,124,L14+D3B+D3L|Tq0.2|TANL
fourood,dtd_seed124,L14+D3B+D3L,Tnn,none,99.15383652482272,3.280141843971631,dtd,124,L14+D3B+D3L|Tnn|none
fourood,dtd_seed124,L14+D3B+D3L,Tnn,TINS,99.30586205673757,2.74822695035461,dtd,124,L14+D3B+D3L|Tnn|TINS
fourood,dtd_seed124,L14+D3B+D3L,Tnn,TANL,99.2374890070922,3.120567375886525,dtd,124,L14+D3B+D3L|Tnn|TANL
fourood,dtd_seed124,L14+D3B+D3L,Tk20,none,99.13866276595743,3.5106382978723407,dtd,124,L14+D3B+D3L|Tk20|none
fourood,dtd_seed124,L14+D3B+D3L,Tk20,TINS,99.32347056737588,2.606382978723404,dtd,124,L14+D3B+D3L|Tk20|TINS
fourood,dtd_seed124,L14+D3B+D3L,Tk20,TANL,99.23167340425532,3.3156028368794326,dtd,124,L14+D3B+D3L|Tk20|TANL
fourood,dtd_seed124,L14+D3B+D3L,Tlp20,none,98.35900992907804,5.620567375886525,dtd,124,L14+D3B+D3L|Tlp20|none
fourood,dtd_seed124,L14+D3B+D3L,Tlp20,TINS,99.11475638297873,3.49290780141844,dtd,124,L14+D3B+D3L|Tlp20|TINS
fourood,dtd_seed124,L14+D3B+D3L,Tlp20,TANL,98.84926879432624,4.343971631205674,dtd,124,L14+D3B+D3L|Tlp20|TANL
fourood,dtd_seed124,L14+D3B+D3L,SL,none,97.96548244680852,7.677304964539007,dtd,124,L14+D3B+D3L|SL|none
fourood,dtd_seed124,L14+D3B+D3L,SL,TINS,98.5941609929078,5.301418439716312,dtd,124,L14+D3B+D3L|SL|TINS
fourood,dtd_seed124,L14+D3B+D3L,SL,TANL,98.3881659574468,6.453900709219858,dtd,124,L14+D3B+D3L|SL|TANL
fourood,dtd_seed124,L14+D3B+D3L,static,none,90.34810656028368,39.57446808510638,dtd,124,L14+D3B+D3L|static|none
fourood,dtd_seed124,L14+D3B+D3L,static,TINS,96.25331241134752,13.351063829787236,dtd,124,L14+D3B+D3L|static|TINS
fourood,dtd_seed124,L14+D3B+D3L,static,TANL,93.93287163120569,25.85106382978724,dtd,124,L14+D3B+D3L|static|TANL
fourood,dtd_seed124,B14+L14+D3L,T,none,98.9491569148936,4.078014184397164,dtd,124,B14+L14+D3L|T|none
fourood,dtd_seed124,B14+L14+D3L,T,TINS,99.22047978723404,2.925531914893617,dtd,124,B14+L14+D3L|T|TINS
fourood,dtd_seed124,B14+L14+D3L,T,TANL,99.09386560283686,3.687943262411348,dtd,124,B14+L14+D3L|T|TANL
fourood,dtd_seed124,B14+L14+D3L,Tlp,none,97.93029485815605,7.163120567375887,dtd,124,B14+L14+D3L|Tlp|none
fourood,dtd_seed124,B14+L14+D3L,Tlp,TINS,98.9804914893617,3.9539007092198575,dtd,124,B14+L14+D3L|Tlp|TINS
fourood,dtd_seed124,B14+L14+D3L,Tlp,TANL,98.62919166666666,5.24822695035461,dtd,124,B14+L14+D3L|Tlp|TANL
fourood,dtd_seed124,B14+L14+D3L,Tq0.05,none,98.99537553191487,3.8652482269503543,dtd,124,B14+L14+D3L|Tq0.05|none
fourood,dtd_seed124,B14+L14+D3L,Tq0.05,TINS,99.24839822695036,2.641843971631206,dtd,124,B14+L14+D3L|Tq0.05|TINS
fourood,dtd_seed124,B14+L14+D3L,Tq0.05,TANL,99.12777836879432,3.226950354609929,dtd,124,B14+L14+D3L|Tq0.05|TANL
fourood,dtd_seed124,B14+L14+D3L,Tq0.2,none,98.83718563829788,4.698581560283688,dtd,124,B14+L14+D3L|Tq0.2|none
fourood,dtd_seed124,B14+L14+D3L,Tq0.2,TINS,99.15466737588652,3.280141843971631,dtd,124,B14+L14+D3L|Tq0.2|TINS
fourood,dtd_seed124,B14+L14+D3L,Tq0.2,TANL,99.01057730496454,4.095744680851063,dtd,124,B14+L14+D3L|Tq0.2|TANL
fourood,dtd_seed124,B14+L14+D3L,Tnn,none,99.02747925531914,3.5106382978723407,dtd,124,B14+L14+D3L|Tnn|none
fourood,dtd_seed124,B14+L14+D3L,Tnn,TINS,99.21832978723404,2.8368794326241136,dtd,124,B14+L14+D3L|Tnn|TINS
fourood,dtd_seed124,B14+L14+D3L,Tnn,TANL,99.12511063829788,3.191489361702128,dtd,124,B14+L14+D3L|Tnn|TANL
fourood,dtd_seed124,B14+L14+D3L,Tk20,none,99.04309219858156,3.829787234042553,dtd,124,B14+L14+D3L|Tk20|none
fourood,dtd_seed124,B14+L14+D3L,Tk20,TINS,99.27047624113476,2.7659574468085104,dtd,124,B14+L14+D3L|Tk20|TINS
fourood,dtd_seed124,B14+L14+D3L,Tk20,TANL,99.1521560283688,3.528368794326241,dtd,124,B14+L14+D3L|Tk20|TANL
fourood,dtd_seed124,B14+L14+D3L,Tlp20,none,98.23391507092198,6.400709219858156,dtd,124,B14+L14+D3L|Tlp20|none
fourood,dtd_seed124,B14+L14+D3L,Tlp20,TINS,99.09196241134752,3.705673758865248,dtd,124,B14+L14+D3L|Tlp20|TINS
fourood,dtd_seed124,B14+L14+D3L,Tlp20,TANL,98.7696845744681,4.875886524822695,dtd,124,B14+L14+D3L|Tlp20|TANL
fourood,dtd_seed124,B14+L14+D3L,SL,none,97.73658741134751,8.51063829787234,dtd,124,B14+L14+D3L|SL|none
fourood,dtd_seed124,B14+L14+D3L,SL,TINS,98.47564609929078,5.99290780141844,dtd,124,B14+L14+D3L|SL|TINS
fourood,dtd_seed124,B14+L14+D3L,SL,TANL,98.20468191489364,7.429078014184396,dtd,124,B14+L14+D3L|SL|TANL
fourood,dtd_seed124,B14+L14+D3L,static,none,90.5986329787234,39.62765957446808,dtd,124,B14+L14+D3L|static|none
fourood,dtd_seed124,B14+L14+D3L,static,TINS,96.35248014184396,13.191489361702128,dtd,124,B14+L14+D3L|static|TINS
fourood,dtd_seed124,B14+L14+D3L,static,TANL,94.05057287234042,25.159574468085104,dtd,124,B14+L14+D3L|static|TANL
fourood,dtd_seed124,B14+L14+D3B+D3L,T,none,99.10295549645387,3.404255319148936,dtd,124,B14+L14+D3B+D3L|T|none
fourood,dtd_seed124,B14+L14+D3B+D3L,T,TINS,99.27870425531916,2.695035460992908,dtd,124,B14+L14+D3B+D3L|T|TINS
fourood,dtd_seed124,B14+L14+D3B+D3L,T,TANL,99.19862393617022,3.156028368794326,dtd,124,B14+L14+D3B+D3L|T|TANL
fourood,dtd_seed124,B14+L14+D3B+D3L,Tlp,none,98.15129273049646,6.365248226950354,dtd,124,B14+L14+D3B+D3L|Tlp|none
fourood,dtd_seed124,B14+L14+D3B+D3L,Tlp,TINS,98.94080709219858,4.148936170212766,dtd,124,B14+L14+D3B+D3L|Tlp|TINS
fourood,dtd_seed124,B14+L14+D3B+D3L,Tlp,TANL,98.66552517730496,5.017730496453901,dtd,124,B14+L14+D3B+D3L|Tlp|TANL
fourood,dtd_seed124,B14+L14+D3B+D3L,Tq0.05,none,99.12966737588653,3.2446808510638294,dtd,124,B14+L14+D3B+D3L|Tq0.05|none
fourood,dtd_seed124,B14+L14+D3B+D3L,Tq0.05,TINS,99.29625460992906,2.517730496453901,dtd,124,B14+L14+D3B+D3L|Tq0.05|TINS
fourood,dtd_seed124,B14+L14+D3B+D3L,Tq0.05,TANL,99.21866134751774,2.9432624113475176,dtd,124,B14+L14+D3B+D3L|Tq0.05|TANL
fourood,dtd_seed124,B14+L14+D3B+D3L,Tq0.2,none,99.0124969858156,3.9539007092198575,dtd,124,B14+L14+D3B+D3L|Tq0.2|none
fourood,dtd_seed124,B14+L14+D3B+D3L,Tq0.2,TINS,99.21747163120568,3.067375886524822,dtd,124,B14+L14+D3B+D3L|Tq0.2|TINS
fourood,dtd_seed124,B14+L14+D3B+D3L,Tq0.2,TANL,99.12565141843972,3.5815602836879434,dtd,124,B14+L14+D3B+D3L|Tq0.2|TANL
fourood,dtd_seed124,B14+L14+D3B+D3L,Tnn,none,99.18128812056736,3.067375886524822,dtd,124,B14+L14+D3B+D3L|Tnn|none
fourood,dtd_seed124,B14+L14+D3B+D3L,Tnn,TINS,99.29969680851065,2.6595744680851063,dtd,124,B14+L14+D3B+D3L|Tnn|TINS
fourood,dtd_seed124,B14+L14+D3B+D3L,Tnn,TANL,99.24354361702127,2.8900709219858154,dtd,124,B14+L14+D3B+D3L|Tnn|TANL
fourood,dtd_seed124,B14+L14+D3B+D3L,Tk20,none,99.16125656028368,3.4397163120567376,dtd,124,B14+L14+D3B+D3L|Tk20|none
fourood,dtd_seed124,B14+L14+D3B+D3L,Tk20,TINS,99.31024078014184,2.74822695035461,dtd,124,B14+L14+D3B+D3L|Tk20|TINS
fourood,dtd_seed124,B14+L14+D3B+D3L,Tk20,TANL,99.23416843971631,3.102836879432624,dtd,124,B14+L14+D3B+D3L|Tk20|TANL
fourood,dtd_seed124,B14+L14+D3B+D3L,Tlp20,none,98.40980319148936,5.673758865248227,dtd,124,B14+L14+D3B+D3L|Tlp20|none
fourood,dtd_seed124,B14+L14+D3B+D3L,Tlp20,TINS,99.05612446808507,3.7588652482269502,dtd,124,B14+L14+D3B+D3L|Tlp20|TINS
fourood,dtd_seed124,B14+L14+D3B+D3L,Tlp20,TANL,98.81090726950356,4.592198581560283,dtd,124,B14+L14+D3B+D3L|Tlp20|TANL
fourood,dtd_seed124,B14+L14+D3B+D3L,SL,none,97.9902184397163,7.570921985815603,dtd,124,B14+L14+D3B+D3L|SL|none
fourood,dtd_seed124,B14+L14+D3B+D3L,SL,TINS,98.50721843971633,5.833333333333333,dtd,124,B14+L14+D3B+D3L|SL|TINS
fourood,dtd_seed124,B14+L14+D3B+D3L,SL,TANL,98.32601063829787,6.365248226950354,dtd,124,B14+L14+D3B+D3L|SL|TANL
fourood,dtd_seed124,B14+L14+D3B+D3L,static,none,90.4867695035461,39.237588652482266,dtd,124,B14+L14+D3B+D3L|static|none
fourood,dtd_seed124,B14+L14+D3B+D3L,static,TINS,95.75781666666668,15.904255319148936,dtd,124,B14+L14+D3B+D3L|static|TINS
fourood,dtd_seed124,B14+L14+D3B+D3L,static,TANL,93.46324822695034,28.634751773049643,dtd,124,B14+L14+D3B+D3L|static|TANL
fourood,dtd_seed124,B14+L14,T,none,98.81474964539008,4.716312056737588,dtd,124,B14+L14|T|none
fourood,dtd_seed124,B14+L14,T,TINS,99.21541028368792,2.99645390070922,dtd,124,B14+L14|T|TINS
fourood,dtd_seed124,B14+L14,T,TANL,99.03581453900708,3.9539007092198575,dtd,124,B14+L14|T|TANL
fourood,dtd_seed124,B14+L14,Tlp,none,97.61523315602837,8.546099290780141,dtd,124,B14+L14|Tlp|none
fourood,dtd_seed124,B14+L14,Tlp,TINS,99.02945531914892,4.095744680851063,dtd,124,B14+L14|Tlp|TINS
fourood,dtd_seed124,B14+L14,Tlp,TANL,98.61614485815603,5.620567375886525,dtd,124,B14+L14|Tlp|TANL
fourood,dtd_seed124,B14+L14,Tq0.05,none,98.892245035461,4.326241134751773,dtd,124,B14+L14|Tq0.05|none
fourood,dtd_seed124,B14+L14,Tq0.05,TINS,99.25535673758866,2.606382978723404,dtd,124,B14+L14|Tq0.05|TINS
fourood,dtd_seed124,B14+L14,Tq0.05,TANL,99.08696471631204,3.617021276595744,dtd,124,B14+L14|Tq0.05|TANL
fourood,dtd_seed124,B14+L14,Tq0.2,none,98.6887489361702,5.780141843971631,dtd,124,B14+L14|Tq0.2|none
fourood,dtd_seed124,B14+L14,Tq0.2,TINS,99.15171170212768,3.5815602836879434,dtd,124,B14+L14|Tq0.2|TINS
fourood,dtd_seed124,B14+L14,Tq0.2,TANL,98.9533439716312,4.592198581560283,dtd,124,B14+L14|Tq0.2|TANL
fourood,dtd_seed124,B14+L14,Tnn,none,98.889620035461,4.290780141843972,dtd,124,B14+L14|Tnn|none
fourood,dtd_seed124,B14+L14,Tnn,TINS,99.1876085106383,3.191489361702128,dtd,124,B14+L14|Tnn|TINS
fourood,dtd_seed124,B14+L14,Tnn,TANL,99.04452553191489,3.776595744680851,dtd,124,B14+L14|Tnn|TANL
fourood,dtd_seed124,B14+L14,Tk20,none,98.91410336879434,4.414893617021277,dtd,124,B14+L14|Tk20|none
fourood,dtd_seed124,B14+L14,Tk20,TINS,99.2538024822695,2.854609929078014,dtd,124,B14+L14|Tk20|TINS
fourood,dtd_seed124,B14+L14,Tk20,TANL,99.08692021276596,3.900709219858156,dtd,124,B14+L14|Tk20|TANL
fourood,dtd_seed124,B14+L14,Tlp20,none,97.93767606382978,7.5,dtd,124,B14+L14|Tlp20|none
fourood,dtd_seed124,B14+L14,Tlp20,TINS,99.11109680851062,3.705673758865248,dtd,124,B14+L14|Tlp20|TINS
fourood,dtd_seed124,B14+L14,Tlp20,TANL,98.72137890070924,5.070921985815603,dtd,124,B14+L14|Tlp20|TANL
fourood,dtd_seed124,B14+L14,SL,none,97.37960141843972,9.875886524822697,dtd,124,B14+L14|SL|none
fourood,dtd_seed124,B14+L14,SL,TINS,98.47481631205676,6.0638297872340425,dtd,124,B14+L14|SL|TINS
fourood,dtd_seed124,B14+L14,SL,TANL,98.10950354609928,7.695035460992908,dtd,124,B14+L14|SL|TANL
fourood,dtd_seed124,B14+L14,static,none,90.13352216312056,42.659574468085104,dtd,124,B14+L14|static|none
fourood,dtd_seed124,B14+L14,static,TINS,96.8830769503546,11.52482269503546,dtd,124,B14+L14|static|TINS
fourood,dtd_seed124,B14+L14,static,TANL,94.58162287234045,22.127659574468083,dtd,124,B14+L14|static|TANL
fourood,dtd_seed125,L14xD3L+D3L,T,none,98.73088138297874,4.592198581560283,dtd,125,L14xD3L+D3L|T|none
fourood,dtd_seed125,L14xD3L+D3L,T,TINS,99.1730035460993,2.8368794326241136,dtd,125,L14xD3L+D3L|T|TINS
fourood,dtd_seed125,L14xD3L+D3L,T,TANL,98.9705744680851,3.7588652482269502,dtd,125,L14xD3L+D3L|T|TANL
fourood,dtd_seed125,L14xD3L+D3L,Tlp,none,97.47130744680852,8.47517730496454,dtd,125,L14xD3L+D3L|Tlp|none
fourood,dtd_seed125,L14xD3L+D3L,Tlp,TINS,98.94595957446808,4.326241134751773,dtd,125,L14xD3L+D3L|Tlp|TINS
fourood,dtd_seed125,L14xD3L+D3L,Tlp,TANL,98.5159870567376,5.47872340425532,dtd,125,L14xD3L+D3L|Tlp|TANL
fourood,dtd_seed125,L14xD3L+D3L,Tq0.05,none,98.75883439716311,4.414893617021277,dtd,125,L14xD3L+D3L|Tq0.05|none
fourood,dtd_seed125,L14xD3L+D3L,Tq0.05,TINS,99.1746929078014,2.5709219858156027,dtd,125,L14xD3L+D3L|Tq0.05|TINS
fourood,dtd_seed125,L14xD3L+D3L,Tq0.05,TANL,98.98090638297872,3.5992907801418443,dtd,125,L14xD3L+D3L|Tq0.05|TANL
fourood,dtd_seed125,L14xD3L+D3L,Tq0.2,none,98.589075,5.780141843971631,dtd,125,L14xD3L+D3L|Tq0.2|none
fourood,dtd_seed125,L14xD3L+D3L,Tq0.2,TINS,99.10353829787236,3.705673758865248,dtd,125,L14xD3L+D3L|Tq0.2|TINS
fourood,dtd_seed125,L14xD3L+D3L,Tq0.2,TANL,98.8732379432624,4.609929078014184,dtd,125,L14xD3L+D3L|Tq0.2|TANL
fourood,dtd_seed125,L14xD3L+D3L,Tnn,none,98.82337641843972,4.095744680851063,dtd,125,L14xD3L+D3L|Tnn|none
fourood,dtd_seed125,L14xD3L+D3L,Tnn,TINS,99.1486829787234,3.102836879432624,dtd,125,L14xD3L+D3L|Tnn|TINS
fourood,dtd_seed125,L14xD3L+D3L,Tnn,TANL,98.99582624113476,3.741134751773049,dtd,125,L14xD3L+D3L|Tnn|TANL
fourood,dtd_seed125,L14xD3L+D3L,Tk20,none,98.91835,4.166666666666666,dtd,125,L14xD3L+D3L|Tk20|none
fourood,dtd_seed125,L14xD3L+D3L,Tk20,TINS,99.25998510638296,2.624113475177305,dtd,125,L14xD3L+D3L|Tk20|TINS
fourood,dtd_seed125,L14xD3L+D3L,Tk20,TANL,99.07785283687944,3.6524822695035457,dtd,125,L14xD3L+D3L|Tk20|TANL
fourood,dtd_seed125,L14xD3L+D3L,Tlp20,none,97.92407269503546,7.251773049645389,dtd,125,L14xD3L+D3L|Tlp20|none
fourood,dtd_seed125,L14xD3L+D3L,Tlp20,TINS,99.08329503546098,3.5815602836879434,dtd,125,L14xD3L+D3L|Tlp20|TINS
fourood,dtd_seed125,L14xD3L+D3L,Tlp20,TANL,98.68932925531917,4.929078014184397,dtd,125,L14xD3L+D3L|Tlp20|TANL
fourood,dtd_seed125,L14+D3L,T,none,98.7877829787234,4.663120567375886,dtd,125,L14+D3L|T|none
fourood,dtd_seed125,L14+D3L,T,TINS,99.20444361702128,2.9432624113475176,dtd,125,L14+D3L|T|TINS
fourood,dtd_seed125,L14+D3L,T,TANL,99.0092170212766,3.882978723404255,dtd,125,L14+D3L|T|TANL
fourood,dtd_seed125,L14+D3L,Tlp,none,97.66772730496452,8.173758865248226,dtd,125,L14+D3L|Tlp|none
fourood,dtd_seed125,L14+D3L,Tlp,TINS,99.01813191489364,4.00709219858156,dtd,125,L14+D3L|Tlp|TINS
fourood,dtd_seed125,L14+D3L,Tlp,TANL,98.61810390070922,5.390070921985815,dtd,125,L14+D3L|Tlp|TANL
fourood,dtd_seed125,L14+D3L,Tq0.05,none,98.84079219858155,4.273049645390071,dtd,125,L14+D3L|Tq0.05|none
fourood,dtd_seed125,L14+D3L,Tq0.05,TINS,99.2273989361702,2.641843971631206,dtd,125,L14+D3L|Tq0.05|TINS
fourood,dtd_seed125,L14+D3L,Tq0.05,TANL,99.04114290780142,3.4574468085106385,dtd,125,L14+D3L|Tq0.05|TANL
fourood,dtd_seed125,L14+D3L,Tq0.2,none,98.64847925531916,5.76241134751773,dtd,125,L14+D3L|Tq0.2|none
fourood,dtd_seed125,L14+D3L,Tq0.2,TINS,99.14021418439717,3.4574468085106385,dtd,125,L14+D3L|Tq0.2|TINS
fourood,dtd_seed125,L14+D3L,Tq0.2,TANL,98.91803386524822,4.48581560283688,dtd,125,L14+D3L|Tq0.2|TANL
fourood,dtd_seed125,L14+D3L,Tnn,none,98.8698109929078,4.095744680851063,dtd,125,L14+D3L|Tnn|none
fourood,dtd_seed125,L14+D3L,Tnn,TINS,99.17550035460994,3.0141843971631204,dtd,125,L14+D3L|Tnn|TINS
fourood,dtd_seed125,L14+D3L,Tnn,TANL,99.02830638297874,3.741134751773049,dtd,125,L14+D3L|Tnn|TANL
fourood,dtd_seed125,L14+D3L,Tk20,none,98.92659432624112,4.078014184397164,dtd,125,L14+D3L|Tk20|none
fourood,dtd_seed125,L14+D3L,Tk20,TINS,99.2743170212766,2.695035460992908,dtd,125,L14+D3L|Tk20|TINS
fourood,dtd_seed125,L14+D3L,Tk20,TANL,99.08551968085108,3.617021276595744,dtd,125,L14+D3L|Tk20|TANL
fourood,dtd_seed125,L14+D3L,Tlp20,none,98.05292535460993,7.092198581560284,dtd,125,L14+D3L|Tlp20|none
fourood,dtd_seed125,L14+D3L,Tlp20,TINS,99.1368691489362,3.5106382978723407,dtd,125,L14+D3L|Tlp20|TINS
fourood,dtd_seed125,L14+D3L,Tlp20,TANL,98.7593959219858,4.858156028368795,dtd,125,L14+D3L|Tlp20|TANL
fourood,dtd_seed125,L14+D3L,SL,none,97.62998546099293,9.698581560283689,dtd,125,L14+D3L|SL|none
fourood,dtd_seed125,L14+D3L,SL,TINS,98.59240035460994,5.585106382978723,dtd,125,L14+D3L|SL|TINS
fourood,dtd_seed125,L14+D3L,SL,TANL,98.25193333333335,7.340425531914893,dtd,125,L14+D3L|SL|TANL
fourood,dtd_seed125,L14+D3L,static,none,90.43400833333332,39.73404255319149,dtd,125,L14+D3L|static|none
fourood,dtd_seed125,L14+D3L,static,TINS,96.88716170212766,11.790780141843973,dtd,125,L14+D3L|static|TINS
fourood,dtd_seed125,L14+D3L,static,TANL,94.66592535460994,20.23049645390071,dtd,125,L14+D3L|static|TANL
fourood,dtd_seed125,D3L,T,none,98.61868723404255,4.911347517730497,dtd,125,D3L|T|none
fourood,dtd_seed125,D3L,T,TINS,99.25313156028368,2.588652482269504,dtd,125,D3L|T|TINS
fourood,dtd_seed125,D3L,T,TANL,98.9950881205674,3.5992907801418443,dtd,125,D3L|T|TANL
fourood,dtd_seed125,D3L,Tlp,none,97.18772517730496,9.50354609929078,dtd,125,D3L|Tlp|none
fourood,dtd_seed125,D3L,Tlp,TINS,99.0557585106383,3.6524822695035457,dtd,125,D3L|Tlp|TINS
fourood,dtd_seed125,D3L,Tlp,TANL,98.60092021276596,5.159574468085106,dtd,125,D3L|Tlp|TANL
fourood,dtd_seed125,D3L,Tq0.05,none,98.6222179078014,4.574468085106383,dtd,125,D3L|Tq0.05|none
fourood,dtd_seed125,D3L,Tq0.05,TINS,99.24094148936172,2.517730496453901,dtd,125,D3L|Tq0.05|TINS
fourood,dtd_seed125,D3L,Tq0.05,TANL,98.98417535460992,3.4397163120567376,dtd,125,D3L|Tq0.05|TANL
fourood,dtd_seed125,D3L,Tq0.2,none,98.48803457446807,6.73758865248227,dtd,125,D3L|Tq0.2|none
fourood,dtd_seed125,D3L,Tq0.2,TINS,99.21575319148936,3.209219858156028,dtd,125,D3L|Tq0.2|TINS
fourood,dtd_seed125,D3L,Tq0.2,TANL,98.9309030141844,4.379432624113475,dtd,125,D3L|Tq0.2|TANL
fourood,dtd_seed125,D3L,Tnn,none,98.76098776595744,4.326241134751773,dtd,125,D3L|Tnn|none
fourood,dtd_seed125,D3L,Tnn,TINS,99.24582375886524,2.5709219858156027,dtd,125,D3L|Tnn|TINS
fourood,dtd_seed125,D3L,Tnn,TANL,99.04153563829786,3.563829787234043,dtd,125,D3L|Tnn|TANL
fourood,dtd_seed125,D3L,Tk20,none,98.8261794326241,4.290780141843972,dtd,125,D3L|Tk20|none
fourood,dtd_seed125,D3L,Tk20,TINS,99.31063439716311,2.464539007092198,dtd,125,D3L|Tk20|TINS
fourood,dtd_seed125,D3L,Tk20,TANL,99.0701530141844,3.421985815602837,dtd,125,D3L|Tk20|TANL
fourood,dtd_seed125,D3L,Tlp20,none,97.6673425531915,8.156028368794328,dtd,125,D3L|Tlp20|none
fourood,dtd_seed125,D3L,Tlp20,TINS,99.1452510638298,3.067375886524822,dtd,125,D3L|Tlp20|TINS
fourood,dtd_seed125,D3L,Tlp20,TANL,98.71036666666669,4.663120567375886,dtd,125,D3L|Tlp20|TANL
fourood,dtd_seed125,D3L,SL,none,97.26254769503544,10.797872340425531,dtd,125,D3L|SL|none
fourood,dtd_seed125,D3L,SL,TINS,98.65202375886524,5.514184397163121,dtd,125,D3L|SL|TINS
fourood,dtd_seed125,D3L,SL,TANL,98.26664414893618,7.234042553191489,dtd,125,D3L|SL|TANL
fourood,dtd_seed125,D3L,static,none,89.7280755319149,40.88652482269504,dtd,125,D3L|static|none
fourood,dtd_seed125,D3L,static,TINS,97.47588014184396,9.53900709219858,dtd,125,D3L|static|TINS
fourood,dtd_seed125,D3L,static,TANL,95.5193645390071,15.212765957446807,dtd,125,D3L|static|TANL
fourood,dtd_seed125,L14,T,none,98.34845159574468,6.152482269503546,dtd,125,L14|T|none
fourood,dtd_seed125,L14,T,TINS,99.16563758865249,3.102836879432624,dtd,125,L14|T|TINS
fourood,dtd_seed125,L14,T,TANL,98.82764609929076,4.73404255319149,dtd,125,L14|T|TANL
fourood,dtd_seed125,L14,Tlp,none,96.91184840425532,10.886524822695035,dtd,125,L14|Tlp|none
fourood,dtd_seed125,L14,Tlp,TINS,99.00731418439716,3.9539007092198575,dtd,125,L14|Tlp|TINS
fourood,dtd_seed125,L14,Tlp,TANL,98.49171719858155,6.471631205673758,dtd,125,L14|Tlp|TANL
fourood,dtd_seed125,L14,Tq0.05,none,98.48282216312056,5.709219858156028,dtd,125,L14|Tq0.05|none
fourood,dtd_seed125,L14,Tq0.05,TINS,99.20254432624114,2.872340425531915,dtd,125,L14|Tq0.05|TINS
fourood,dtd_seed125,L14,Tq0.05,TANL,98.88340656028367,4.273049645390071,dtd,125,L14|Tq0.05|TANL
fourood,dtd_seed125,L14,Tq0.2,none,98.12526028368794,7.836879432624114,dtd,125,L14|Tq0.2|none
fourood,dtd_seed125,L14,Tq0.2,TINS,99.09821666666666,3.9716312056737593,dtd,125,L14|Tq0.2|TINS
fourood,dtd_seed125,L14,Tq0.2,TANL,98.72973989361702,5.904255319148937,dtd,125,L14|Tq0.2|TANL
fourood,dtd_seed125,L14,Tnn,none,98.4321620567376,5.886524822695035,dtd,125,L14|Tnn|none
fourood,dtd_seed125,L14,Tnn,TINS,99.09885780141845,3.5815602836879434,dtd,125,L14|Tnn|TINS
fourood,dtd_seed125,L14,Tnn,TANL,98.79659734042554,4.875886524822695,dtd,125,L14|Tnn|TANL
fourood,dtd_seed125,L14,Tk20,none,98.55603953900707,5.47872340425532,dtd,125,L14|Tk20|none
fourood,dtd_seed125,L14,Tk20,TINS,99.23197340425531,2.8900709219858154,dtd,125,L14|Tk20|TINS
fourood,dtd_seed125,L14,Tk20,TANL,98.90736648936168,4.219858156028368,dtd,125,L14|Tk20|TANL
fourood,dtd_seed125,L14,Tlp20,none,97.39758510638298,9.379432624113475,dtd,125,L14|Tlp20|none
fourood,dtd_seed125,L14,Tlp20,TINS,99.11272198581558,3.5992907801418443,dtd,125,L14|Tlp20|TINS
fourood,dtd_seed125,L14,Tlp20,TANL,98.60168280141843,5.833333333333333,dtd,125,L14|Tlp20|TANL
fourood,dtd_seed125,L14,SL,none,96.8019244680851,12.890070921985815,dtd,125,L14|SL|none
fourood,dtd_seed125,L14,SL,TINS,98.59587978723404,6.01063829787234,dtd,125,L14|SL|TINS
fourood,dtd_seed125,L14,SL,TANL,98.05091223404254,8.031914893617023,dtd,125,L14|SL|TANL
fourood,dtd_seed125,L14,static,none,89.66719840425532,44.361702127659576,dtd,125,L14|static|none
fourood,dtd_seed125,L14,static,TINS,97.50371453900708,10.390070921985815,dtd,125,L14|static|TINS
fourood,dtd_seed125,L14,static,TANL,95.4294590425532,16.77304964539007,dtd,125,L14|static|TANL
fourood,dtd_seed125,L14xD3L,T,none,98.61301737588651,4.946808510638298,dtd,125,L14xD3L|T|none
fourood,dtd_seed125,L14xD3L,T,TINS,99.24398085106384,2.74822695035461,dtd,125,L14xD3L|T|TINS
fourood,dtd_seed125,L14xD3L,T,TANL,98.9787079787234,3.812056737588653,dtd,125,L14xD3L|T|TANL
fourood,dtd_seed125,L14xD3L,Tlp,none,97.29520886524826,9.131205673758863,dtd,125,L14xD3L|Tlp|none
fourood,dtd_seed125,L14xD3L,Tlp,TINS,99.07795886524823,3.5992907801418443,dtd,125,L14xD3L|Tlp|TINS
fourood,dtd_seed125,L14xD3L,Tlp,TANL,98.6356315602837,5.283687943262412,dtd,125,L14xD3L|Tlp|TANL
fourood,dtd_seed125,L14xD3L,Tq0.05,none,98.66633847517733,4.521276595744681,dtd,125,L14xD3L|Tq0.05|none
fourood,dtd_seed125,L14xD3L,Tq0.05,TINS,99.23971347517733,2.695035460992908,dtd,125,L14xD3L|Tq0.05|TINS
fourood,dtd_seed125,L14xD3L,Tq0.05,TANL,98.97879237588651,3.741134751773049,dtd,125,L14xD3L|Tq0.05|TANL
fourood,dtd_seed125,L14xD3L,Tq0.2,none,98.4393269503546,6.773049645390071,dtd,125,L14xD3L|Tq0.2|none
fourood,dtd_seed125,L14xD3L,Tq0.2,TINS,99.1870039007092,3.404255319148936,dtd,125,L14xD3L|Tq0.2|TINS
fourood,dtd_seed125,L14xD3L,Tq0.2,TANL,98.89277074468085,4.539007092198582,dtd,125,L14xD3L|Tq0.2|TANL
fourood,dtd_seed125,L14xD3L,Tnn,none,98.72925177304964,4.592198581560283,dtd,125,L14xD3L|Tnn|none
fourood,dtd_seed125,L14xD3L,Tnn,TINS,99.22855319148935,2.8191489361702127,dtd,125,L14xD3L|Tnn|TINS
fourood,dtd_seed125,L14xD3L,Tnn,TANL,99.01481418439715,3.705673758865248,dtd,125,L14xD3L|Tnn|TANL
fourood,dtd_seed125,L14xD3L,Tk20,none,98.8315789007092,4.48581560283688,dtd,125,L14xD3L|Tk20|none
fourood,dtd_seed125,L14xD3L,Tk20,TINS,99.31023014184396,2.588652482269504,dtd,125,L14xD3L|Tk20|TINS
fourood,dtd_seed125,L14xD3L,Tk20,TANL,99.0559439716312,3.741134751773049,dtd,125,L14xD3L|Tk20|TANL
fourood,dtd_seed125,L14xD3L,Tlp20,none,97.7989615248227,7.553191489361702,dtd,125,L14xD3L|Tlp20|none
fourood,dtd_seed125,L14xD3L,Tlp20,TINS,99.16934432624114,3.156028368794326,dtd,125,L14xD3L|Tlp20|TINS
fourood,dtd_seed125,L14xD3L,Tlp20,TANL,98.73105319148937,4.911347517730497,dtd,125,L14xD3L|Tlp20|TANL
fourood,dtd_seed125,D3B+D3L,T,none,99.08065070921984,3.5992907801418443,dtd,125,D3B+D3L|T|none
fourood,dtd_seed125,D3B+D3L,T,TINS,99.34831489361702,2.553191489361702,dtd,125,D3B+D3L|T|TINS
fourood,dtd_seed125,D3B+D3L,T,TANL,99.23579308510637,3.067375886524822,dtd,125,D3B+D3L|T|TANL
fourood,dtd_seed125,D3B+D3L,Tlp,none,97.9397959219858,6.666666666666667,dtd,125,D3B+D3L|Tlp|none
fourood,dtd_seed125,D3B+D3L,Tlp,TINS,99.05090319148935,3.617021276595744,dtd,125,D3B+D3L|Tlp|TINS
fourood,dtd_seed125,D3B+D3L,Tlp,TANL,98.7540840425532,4.468085106382979,dtd,125,D3B+D3L|Tlp|TANL
fourood,dtd_seed125,D3B+D3L,Tq0.05,none,99.07657925531916,3.3865248226950357,dtd,125,D3B+D3L|Tq0.05|none
fourood,dtd_seed125,D3B+D3L,Tq0.05,TINS,99.34386382978724,2.375886524822695,dtd,125,D3B+D3L|Tq0.05|TINS
fourood,dtd_seed125,D3B+D3L,Tq0.05,TANL,99.22801914893618,2.8368794326241136,dtd,125,D3B+D3L|Tq0.05|TANL
fourood,dtd_seed125,D3B+D3L,Tq0.2,none,99.00349468085108,4.060283687943262,dtd,125,D3B+D3L|Tq0.2|none
fourood,dtd_seed125,D3B+D3L,Tq0.2,TINS,99.30382021276596,2.9078014184397163,dtd,125,D3B+D3L|Tq0.2|TINS
fourood,dtd_seed125,D3B+D3L,Tq0.2,TANL,99.1787785460993,3.3865248226950357,dtd,125,D3B+D3L|Tq0.2|TANL
fourood,dtd_seed125,D3B+D3L,Tnn,none,99.18748067375888,3.2446808510638294,dtd,125,D3B+D3L|Tnn|none
fourood,dtd_seed125,D3B+D3L,Tnn,TINS,99.3714241134752,2.5,dtd,125,D3B+D3L|Tnn|TINS
fourood,dtd_seed125,D3B+D3L,Tnn,TANL,99.29529468085109,2.8900709219858154,dtd,125,D3B+D3L|Tnn|TANL
fourood,dtd_seed125,D3B+D3L,Tk20,none,99.1498991134752,3.546099290780142,dtd,125,D3B+D3L|Tk20|none
fourood,dtd_seed125,D3B+D3L,Tk20,TINS,99.3749109929078,2.5,dtd,125,D3B+D3L|Tk20|TINS
fourood,dtd_seed125,D3B+D3L,Tk20,TANL,99.26166418439718,3.102836879432624,dtd,125,D3B+D3L|Tk20|TANL
fourood,dtd_seed125,D3B+D3L,Tlp20,none,98.2131469858156,6.276595744680851,dtd,125,D3B+D3L|Tlp20|none
fourood,dtd_seed125,D3B+D3L,Tlp20,TINS,99.14754042553191,3.333333333333333,dtd,125,D3B+D3L|Tlp20|TINS
fourood,dtd_seed125,D3B+D3L,Tlp20,TANL,98.86427907801418,4.343971631205674,dtd,125,D3B+D3L|Tlp20|TANL
fourood,dtd_seed125,D3B+D3L,SL,none,97.916060106383,7.9432624113475185,dtd,125,D3B+D3L|SL|none
fourood,dtd_seed125,D3B+D3L,SL,TINS,98.6506464539007,5.372340425531915,dtd,125,D3B+D3L|SL|TINS
fourood,dtd_seed125,D3B+D3L,SL,TANL,98.46139539007092,6.152482269503546,dtd,125,D3B+D3L|SL|TANL
fourood,dtd_seed125,D3B+D3L,static,none,89.7372469858156,40.97517730496454,dtd,125,D3B+D3L|static|none
fourood,dtd_seed125,D3B+D3L,static,TINS,96.65161489361702,12.02127659574468,dtd,125,D3B+D3L|static|TINS
fourood,dtd_seed125,D3B+D3L,static,TANL,94.4200945035461,21.93262411347518,dtd,125,D3B+D3L|static|TANL
fourood,dtd_seed125,L14+D3B+D3L,T,none,99.07083953900712,3.6524822695035457,dtd,125,L14+D3B+D3L|T|none
fourood,dtd_seed125,L14+D3B+D3L,T,TINS,99.29481914893616,2.8368794326241136,dtd,125,L14+D3B+D3L|T|TINS
fourood,dtd_seed125,L14+D3B+D3L,T,TANL,99.19120354609927,3.2624113475177303,dtd,125,L14+D3B+D3L|T|TANL
fourood,dtd_seed125,L14+D3B+D3L,Tlp,none,98.0754780141844,6.613475177304965,dtd,125,L14+D3B+D3L|Tlp|none
fourood,dtd_seed125,L14+D3B+D3L,Tlp,TINS,98.99115496453902,3.9539007092198575,dtd,125,L14+D3B+D3L|Tlp|TINS
fourood,dtd_seed125,L14+D3B+D3L,Tlp,TANL,98.7046604609929,4.893617021276596,dtd,125,L14+D3B+D3L|Tlp|TANL
fourood,dtd_seed125,L14+D3B+D3L,Tq0.05,none,99.09282056737588,3.297872340425532,dtd,125,L14+D3B+D3L|Tq0.05|none
fourood,dtd_seed125,L14+D3B+D3L,Tq0.05,TINS,99.30692056737588,2.5,dtd,125,L14+D3B+D3L|Tq0.05|TINS
fourood,dtd_seed125,L14+D3B+D3L,Tq0.05,TANL,99.20354148936173,2.99645390070922,dtd,125,L14+D3B+D3L|Tq0.05|TANL
fourood,dtd_seed125,L14+D3B+D3L,Tq0.2,none,98.97747943262412,4.184397163120567,dtd,125,L14+D3B+D3L|Tq0.2|none
fourood,dtd_seed125,L14+D3B+D3L,Tq0.2,TINS,99.23649042553193,3.226950354609929,dtd,125,L14+D3B+D3L|Tq0.2|TINS
fourood,dtd_seed125,L14+D3B+D3L,Tq0.2,TANL,99.11946046099293,3.634751773049645,dtd,125,L14+D3B+D3L|Tq0.2|TANL
fourood,dtd_seed125,L14+D3B+D3L,Tnn,none,99.15383741134752,3.280141843971631,dtd,125,L14+D3B+D3L|Tnn|none
fourood,dtd_seed125,L14+D3B+D3L,Tnn,TINS,99.30628794326242,2.730496453900709,dtd,125,L14+D3B+D3L|Tnn|TINS
fourood,dtd_seed125,L14+D3B+D3L,Tnn,TANL,99.23608368794326,3.102836879432624,dtd,125,L14+D3B+D3L|Tnn|TANL
fourood,dtd_seed125,L14+D3B+D3L,Tk20,none,99.1386670212766,3.5106382978723407,dtd,125,L14+D3B+D3L|Tk20|none
fourood,dtd_seed125,L14+D3B+D3L,Tk20,TINS,99.33178404255318,2.641843971631206,dtd,125,L14+D3B+D3L|Tk20|TINS
fourood,dtd_seed125,L14+D3B+D3L,Tk20,TANL,99.22699024822695,3.1737588652482267,dtd,125,L14+D3B+D3L|Tk20|TANL
fourood,dtd_seed125,L14+D3B+D3L,Tlp20,none,98.35901382978724,5.620567375886525,dtd,125,L14+D3B+D3L|Tlp20|none
fourood,dtd_seed125,L14+D3B+D3L,Tlp20,TINS,99.11411382978724,3.4574468085106385,dtd,125,L14+D3B+D3L|Tlp20|TINS
fourood,dtd_seed125,L14+D3B+D3L,Tlp20,TANL,98.8430936170213,4.308510638297872,dtd,125,L14+D3B+D3L|Tlp20|TANL
fourood,dtd_seed125,L14+D3B+D3L,SL,none,98.02406879432624,7.695035460992908,dtd,125,L14+D3B+D3L|SL|none
fourood,dtd_seed125,L14+D3B+D3L,SL,TINS,98.61154432624116,5.531914893617021,dtd,125,L14+D3B+D3L|SL|TINS
fourood,dtd_seed125,L14+D3B+D3L,SL,TANL,98.42135815602838,6.418439716312056,dtd,125,L14+D3B+D3L|SL|TANL
fourood,dtd_seed125,L14+D3B+D3L,static,none,90.34810656028368,39.57446808510638,dtd,125,L14+D3B+D3L|static|none
fourood,dtd_seed125,L14+D3B+D3L,static,TINS,96.20440283687944,14.592198581560284,dtd,125,L14+D3B+D3L|static|TINS
fourood,dtd_seed125,L14+D3B+D3L,static,TANL,93.8973269503546,25.85106382978724,dtd,125,L14+D3B+D3L|static|TANL
fourood,dtd_seed125,B14+L14+D3L,T,none,98.94915638297871,4.078014184397164,dtd,125,B14+L14+D3L|T|none
fourood,dtd_seed125,B14+L14+D3L,T,TINS,99.22433971631206,2.9432624113475176,dtd,125,B14+L14+D3L|T|TINS
fourood,dtd_seed125,B14+L14+D3L,T,TANL,99.0877810283688,3.563829787234043,dtd,125,B14+L14+D3L|T|TANL
fourood,dtd_seed125,B14+L14+D3L,Tlp,none,97.93029414893618,7.163120567375887,dtd,125,B14+L14+D3L|Tlp|none
fourood,dtd_seed125,B14+L14+D3L,Tlp,TINS,98.9561085106383,4.166666666666666,dtd,125,B14+L14+D3L|Tlp|TINS
fourood,dtd_seed125,B14+L14+D3L,Tlp,TANL,98.61607765957446,5.336879432624113,dtd,125,B14+L14+D3L|Tlp|TANL
fourood,dtd_seed125,B14+L14+D3L,Tq0.05,none,98.99537287234044,3.8652482269503543,dtd,125,B14+L14+D3L|Tq0.05|none
fourood,dtd_seed125,B14+L14+D3L,Tq0.05,TINS,99.25226524822696,2.6595744680851063,dtd,125,B14+L14+D3L|Tq0.05|TINS
fourood,dtd_seed125,B14+L14+D3L,Tq0.05,TANL,99.12116879432624,3.351063829787234,dtd,125,B14+L14+D3L|Tq0.05|TANL
fourood,dtd_seed125,B14+L14+D3L,Tq0.2,none,98.83718102836878,4.698581560283688,dtd,125,B14+L14+D3L|Tq0.2|none
fourood,dtd_seed125,B14+L14+D3L,Tq0.2,TINS,99.15671382978724,3.368794326241135,dtd,125,B14+L14+D3L|Tq0.2|TINS
fourood,dtd_seed125,B14+L14+D3L,Tq0.2,TANL,99.0039179078014,4.131205673758865,dtd,125,B14+L14+D3L|Tq0.2|TANL
fourood,dtd_seed125,B14+L14+D3L,Tnn,none,99.02747925531914,3.5106382978723407,dtd,125,B14+L14+D3L|Tnn|none
fourood,dtd_seed125,B14+L14+D3L,Tnn,TINS,99.21713439716314,2.7836879432624118,dtd,125,B14+L14+D3L|Tnn|TINS
fourood,dtd_seed125,B14+L14+D3L,Tnn,TANL,99.12254539007093,3.209219858156028,dtd,125,B14+L14+D3L|Tnn|TANL
fourood,dtd_seed125,B14+L14+D3L,Tk20,none,99.04309361702128,3.829787234042553,dtd,125,B14+L14+D3L|Tk20|none
fourood,dtd_seed125,B14+L14+D3L,Tk20,TINS,99.279740070922,2.854609929078014,dtd,125,B14+L14+D3L|Tk20|TINS
fourood,dtd_seed125,B14+L14+D3L,Tk20,TANL,99.14471914893618,3.528368794326241,dtd,125,B14+L14+D3L|Tk20|TANL
fourood,dtd_seed125,B14+L14+D3L,Tlp20,none,98.23392180851064,6.400709219858156,dtd,125,B14+L14+D3L|Tlp20|none
fourood,dtd_seed125,B14+L14+D3L,Tlp20,TINS,99.0794719858156,3.6524822695035457,dtd,125,B14+L14+D3L|Tlp20|TINS
fourood,dtd_seed125,B14+L14+D3L,Tlp20,TANL,98.75621843971632,4.875886524822695,dtd,125,B14+L14+D3L|Tlp20|TANL
fourood,dtd_seed125,B14+L14+D3L,SL,none,97.88880709219858,8.652482269503546,dtd,125,B14+L14+D3L|SL|none
fourood,dtd_seed125,B14+L14+D3L,SL,TINS,98.55834326241134,5.74468085106383,dtd,125,B14+L14+D3L|SL|TINS
fourood,dtd_seed125,B14+L14+D3L,SL,TANL,98.30789751773048,6.968085106382979,dtd,125,B14+L14+D3L|SL|TANL
fourood,dtd_seed125,B14+L14+D3L,static,none,90.5986329787234,39.62765957446808,dtd,125,B14+L14+D3L|static|none
fourood,dtd_seed125,B14+L14+D3L,static,TINS,96.29037163120567,14.308510638297872,dtd,125,B14+L14+D3L|static|TINS
fourood,dtd_seed125,B14+L14+D3L,static,TANL,94.01523209219856,25.248226950354606,dtd,125,B14+L14+D3L|static|TANL
fourood,dtd_seed125,B14+L14+D3B+D3L,T,none,99.10295478723404,3.404255319148936,dtd,125,B14+L14+D3B+D3L|T|none
fourood,dtd_seed125,B14+L14+D3B+D3L,T,TINS,99.28144609929078,2.801418439716312,dtd,125,B14+L14+D3B+D3L|T|TINS
fourood,dtd_seed125,B14+L14+D3B+D3L,T,TANL,99.1951409574468,3.156028368794326,dtd,125,B14+L14+D3B+D3L|T|TANL
fourood,dtd_seed125,B14+L14+D3B+D3L,Tlp,none,98.15129343971633,6.365248226950354,dtd,125,B14+L14+D3B+D3L|Tlp|none
fourood,dtd_seed125,B14+L14+D3B+D3L,Tlp,TINS,98.92197340425533,4.202127659574468,dtd,125,B14+L14+D3B+D3L|Tlp|TINS
fourood,dtd_seed125,B14+L14+D3B+D3L,Tlp,TANL,98.65943617021276,5.106382978723404,dtd,125,B14+L14+D3B+D3L|Tlp|TANL
fourood,dtd_seed125,B14+L14+D3B+D3L,Tq0.05,none,99.12966382978723,3.2446808510638294,dtd,125,B14+L14+D3B+D3L|Tq0.05|none
fourood,dtd_seed125,B14+L14+D3B+D3L,Tq0.05,TINS,99.2997964539007,2.5709219858156027,dtd,125,B14+L14+D3B+D3L|Tq0.05|TINS
fourood,dtd_seed125,B14+L14+D3B+D3L,Tq0.05,TANL,99.21459556737588,2.9609929078014185,dtd,125,B14+L14+D3B+D3L|Tq0.05|TANL
fourood,dtd_seed125,B14+L14+D3B+D3L,Tq0.2,none,99.01249255319148,3.9539007092198575,dtd,125,B14+L14+D3B+D3L|Tq0.2|none
fourood,dtd_seed125,B14+L14+D3B+D3L,Tq0.2,TINS,99.2191730496454,3.2446808510638294,dtd,125,B14+L14+D3B+D3L|Tq0.2|TINS
fourood,dtd_seed125,B14+L14+D3B+D3L,Tq0.2,TANL,99.1217090425532,3.546099290780142,dtd,125,B14+L14+D3B+D3L|Tq0.2|TANL
fourood,dtd_seed125,B14+L14+D3B+D3L,Tnn,none,99.18128741134753,3.067375886524822,dtd,125,B14+L14+D3B+D3L|Tnn|none
fourood,dtd_seed125,B14+L14+D3B+D3L,Tnn,TINS,99.29896134751772,2.6773049645390072,dtd,125,B14+L14+D3B+D3L|Tnn|TINS
fourood,dtd_seed125,B14+L14+D3B+D3L,Tnn,TANL,99.24232907801418,2.872340425531915,dtd,125,B14+L14+D3B+D3L|Tnn|TANL
fourood,dtd_seed125,B14+L14+D3B+D3L,Tk20,none,99.16126258865248,3.4397163120567376,dtd,125,B14+L14+D3B+D3L|Tk20|none
fourood,dtd_seed125,B14+L14+D3B+D3L,Tk20,TINS,99.31702978723403,2.695035460992908,dtd,125,B14+L14+D3B+D3L|Tk20|TINS
fourood,dtd_seed125,B14+L14+D3B+D3L,Tk20,TANL,99.22974255319149,3.120567375886525,dtd,125,B14+L14+D3B+D3L|Tk20|TANL
fourood,dtd_seed125,B14+L14+D3B+D3L,Tlp20,none,98.4098088652482,5.673758865248227,dtd,125,B14+L14+D3B+D3L|Tlp20|none
fourood,dtd_seed125,B14+L14+D3B+D3L,Tlp20,TINS,99.05242553191488,3.776595744680851,dtd,125,B14+L14+D3B+D3L|Tlp20|TINS
fourood,dtd_seed125,B14+L14+D3B+D3L,Tlp20,TANL,98.80346578014183,4.680851063829787,dtd,125,B14+L14+D3B+D3L|Tlp20|TANL
fourood,dtd_seed125,B14+L14+D3B+D3L,SL,none,98.09857907801418,7.464539007092198,dtd,125,B14+L14+D3B+D3L|SL|none
fourood,dtd_seed125,B14+L14+D3B+D3L,SL,TINS,98.56783156028368,5.780141843971631,dtd,125,B14+L14+D3B+D3L|SL|TINS
fourood,dtd_seed125,B14+L14+D3B+D3L,SL,TANL,98.40504787234045,6.258865248226949,dtd,125,B14+L14+D3B+D3L|SL|TANL
fourood,dtd_seed125,B14+L14+D3B+D3L,static,none,90.4867695035461,39.237588652482266,dtd,125,B14+L14+D3B+D3L|static|none
fourood,dtd_seed125,B14+L14+D3B+D3L,static,TINS,95.69617375886524,16.71985815602837,dtd,125,B14+L14+D3B+D3L|static|TINS
fourood,dtd_seed125,B14+L14+D3B+D3L,static,TANL,93.43497411347518,28.56382978723404,dtd,125,B14+L14+D3B+D3L|static|TANL
fourood,dtd_seed125,B14+L14,T,none,98.81475070921984,4.716312056737588,dtd,125,B14+L14|T|none
fourood,dtd_seed125,B14+L14,T,TINS,99.21776985815602,3.120567375886525,dtd,125,B14+L14|T|TINS
fourood,dtd_seed125,B14+L14,T,TANL,99.02732801418438,3.8652482269503543,dtd,125,B14+L14|T|TANL
fourood,dtd_seed125,B14+L14,Tlp,none,97.61523528368797,8.546099290780141,dtd,125,B14+L14|Tlp|none
fourood,dtd_seed125,B14+L14,Tlp,TINS,98.99850531914892,4.078014184397164,dtd,125,B14+L14|Tlp|TINS
fourood,dtd_seed125,B14+L14,Tlp,TANL,98.59290975177304,5.74468085106383,dtd,125,B14+L14|Tlp|TANL
fourood,dtd_seed125,B14+L14,Tq0.05,none,98.8922411347518,4.326241134751773,dtd,125,B14+L14|Tq0.05|none
fourood,dtd_seed125,B14+L14,Tq0.05,TINS,99.259654964539,2.695035460992908,dtd,125,B14+L14|Tq0.05|TINS
fourood,dtd_seed125,B14+L14,Tq0.05,TANL,99.07841170212764,3.563829787234043,dtd,125,B14+L14|Tq0.05|TANL
fourood,dtd_seed125,B14+L14,Tq0.2,none,98.68875035460992,5.780141843971631,dtd,125,B14+L14|Tq0.2|none
fourood,dtd_seed125,B14+L14,Tq0.2,TINS,99.15167517730498,3.563829787234043,dtd,125,B14+L14|Tq0.2|TINS
fourood,dtd_seed125,B14+L14,Tq0.2,TANL,98.94476489361702,4.73404255319149,dtd,125,B14+L14|Tq0.2|TANL
fourood,dtd_seed125,B14+L14,Tnn,none,98.8896189716312,4.290780141843972,dtd,125,B14+L14|Tnn|none
fourood,dtd_seed125,B14+L14,Tnn,TINS,99.18691560283688,3.102836879432624,dtd,125,B14+L14|Tnn|TINS
fourood,dtd_seed125,B14+L14,Tnn,TANL,99.04123829787234,3.776595744680851,dtd,125,B14+L14|Tnn|TANL
fourood,dtd_seed125,B14+L14,Tk20,none,98.91410336879434,4.414893617021277,dtd,125,B14+L14|Tk20|none
fourood,dtd_seed125,B14+L14,Tk20,TINS,99.2663035460993,2.854609929078014,dtd,125,B14+L14|Tk20|TINS
fourood,dtd_seed125,B14+L14,Tk20,TANL,99.07557960992908,3.829787234042553,dtd,125,B14+L14|Tk20|TANL
fourood,dtd_seed125,B14+L14,Tlp20,none,97.93767464539008,7.5,dtd,125,B14+L14|Tlp20|none
fourood,dtd_seed125,B14+L14,Tlp20,TINS,99.099295035461,3.812056737588653,dtd,125,B14+L14|Tlp20|TINS
fourood,dtd_seed125,B14+L14,Tlp20,TANL,98.69649911347518,5.159574468085106,dtd,125,B14+L14|Tlp20|TANL
fourood,dtd_seed125,B14+L14,SL,none,97.57885656028368,9.929078014184398,dtd,125,B14+L14|SL|none
fourood,dtd_seed125,B14+L14,SL,TINS,98.56890248226952,5.815602836879433,dtd,125,B14+L14|SL|TINS
fourood,dtd_seed125,B14+L14,SL,TANL,98.2241315602837,7.5,dtd,125,B14+L14|SL|TANL
fourood,dtd_seed125,B14+L14,static,none,90.13352216312056,42.659574468085104,dtd,125,B14+L14|static|none
fourood,dtd_seed125,B14+L14,static,TINS,96.81187411347516,12.5531914893617,dtd,125,B14+L14|static|TINS
fourood,dtd_seed125,B14+L14,static,TANL,94.53675691489364,21.861702127659573,dtd,125,B14+L14|static|TANL
fourood,inat_seed123,L14xD3L+D3L,T,none,99.9182052,0.15,inat,123,L14xD3L+D3L|T|none
fourood,inat_seed123,L14xD3L+D3L,T,TINS,99.95967939999998,0.08,inat,123,L14xD3L+D3L|T|TINS
fourood,inat_seed123,L14xD3L+D3L,T,TANL,99.943429,0.12,inat,123,L14xD3L+D3L|T|TANL
fourood,inat_seed123,L14xD3L+D3L,Tlp,none,99.84724909999998,0.32,inat,123,L14xD3L+D3L|Tlp|none
fourood,inat_seed123,L14xD3L+D3L,Tlp,TINS,99.9512668,0.0699999999999999,inat,123,L14xD3L+D3L|Tlp|TINS
fourood,inat_seed123,L14xD3L+D3L,Tlp,TANL,99.9155461,0.13,inat,123,L14xD3L+D3L|Tlp|TANL
fourood,inat_seed123,L14xD3L+D3L,Tq0.05,none,99.9250176,0.11,inat,123,L14xD3L+D3L|Tq0.05|none
fourood,inat_seed123,L14xD3L+D3L,Tq0.05,TINS,99.9634402,0.05,inat,123,L14xD3L+D3L|Tq0.05|TINS
fourood,inat_seed123,L14xD3L+D3L,Tq0.05,TANL,99.9487821,0.08,inat,123,L14xD3L+D3L|Tq0.05|TANL
fourood,inat_seed123,L14xD3L+D3L,Tq0.2,none,99.9090393,0.18,inat,123,L14xD3L+D3L|Tq0.2|none
fourood,inat_seed123,L14xD3L+D3L,Tq0.2,TINS,99.9548598,0.1,inat,123,L14xD3L+D3L|Tq0.2|TINS
fourood,inat_seed123,L14xD3L+D3L,Tq0.2,TANL,99.9366992,0.13,inat,123,L14xD3L+D3L|Tq0.2|TANL
fourood,inat_seed123,L14xD3L+D3L,Tnn,none,99.93078800000002,0.1399999999999999,inat,123,L14xD3L+D3L|Tnn|none
fourood,inat_seed123,L14xD3L+D3L,Tnn,TINS,99.961314,0.11,inat,123,L14xD3L+D3L|Tnn|TINS
fourood,inat_seed123,L14xD3L+D3L,Tnn,TANL,99.9480505,0.11,inat,123,L14xD3L+D3L|Tnn|TANL
fourood,inat_seed123,L14xD3L+D3L,Tk20,none,99.9391132,0.1,inat,123,L14xD3L+D3L|Tk20|none
fourood,inat_seed123,L14xD3L+D3L,Tk20,TINS,99.9663866,0.0699999999999999,inat,123,L14xD3L+D3L|Tk20|TINS
fourood,inat_seed123,L14xD3L+D3L,Tk20,TANL,99.9521226,0.1,inat,123,L14xD3L+D3L|Tk20|TANL
fourood,inat_seed123,L14xD3L+D3L,Tlp20,none,99.88671800000002,0.15,inat,123,L14xD3L+D3L|Tlp20|none
fourood,inat_seed123,L14xD3L+D3L,Tlp20,TINS,99.9546866,0.0699999999999999,inat,123,L14xD3L+D3L|Tlp20|TINS
fourood,inat_seed123,L14xD3L+D3L,Tlp20,TANL,99.9233183,0.09,inat,123,L14xD3L+D3L|Tlp20|TANL
fourood,inat_seed123,L14+D3L,T,none,99.9332738,0.1399999999999999,inat,123,L14+D3L|T|none
fourood,inat_seed123,L14+D3L,T,TINS,99.9601952,0.08,inat,123,L14+D3L|T|TINS
fourood,inat_seed123,L14+D3L,T,TANL,99.9468433,0.11,inat,123,L14+D3L|T|TANL
fourood,inat_seed123,L14+D3L,Tlp,none,99.8677068,0.2799999999999999,inat,123,L14+D3L|Tlp|none
fourood,inat_seed123,L14+D3L,Tlp,TINS,99.9531476,0.06,inat,123,L14+D3L|Tlp|TINS
fourood,inat_seed123,L14+D3L,Tlp,TANL,99.921981,0.15,inat,123,L14+D3L|Tlp|TANL
fourood,inat_seed123,L14+D3L,Tq0.05,none,99.939524,0.12,inat,123,L14+D3L|Tq0.05|none
fourood,inat_seed123,L14+D3L,Tq0.05,TINS,99.9644224,0.05,inat,123,L14+D3L|Tq0.05|TINS
fourood,inat_seed123,L14+D3L,Tq0.05,TANL,99.9526203,0.08,inat,123,L14+D3L|Tq0.05|TANL
fourood,inat_seed123,L14+D3L,Tq0.2,none,99.9230203,0.1699999999999999,inat,123,L14+D3L|Tq0.2|none
fourood,inat_seed123,L14+D3L,Tq0.2,TINS,99.9549528,0.09,inat,123,L14+D3L|Tq0.2|TINS
fourood,inat_seed123,L14+D3L,Tq0.2,TANL,99.9393155,0.15,inat,123,L14+D3L|Tq0.2|TANL
fourood,inat_seed123,L14+D3L,Tnn,none,99.9404379,0.1399999999999999,inat,123,L14+D3L|Tnn|none
fourood,inat_seed123,L14+D3L,Tnn,TINS,99.9614296,0.09,inat,123,L14+D3L|Tnn|TINS
fourood,inat_seed123,L14+D3L,Tnn,TANL,99.9497956,0.1,inat,123,L14+D3L|Tnn|TANL
fourood,inat_seed123,L14+D3L,Tk20,none,99.9426528,0.09,inat,123,L14+D3L|Tk20|none
fourood,inat_seed123,L14+D3L,Tk20,TINS,99.9663698,0.06,inat,123,L14+D3L|Tk20|TINS
fourood,inat_seed123,L14+D3L,Tk20,TANL,99.9541277,0.08,inat,123,L14+D3L|Tk20|TANL
fourood,inat_seed123,L14+D3L,Tlp20,none,99.8946414,0.12,inat,123,L14+D3L|Tlp20|none
fourood,inat_seed123,L14+D3L,Tlp20,TINS,99.9562502,0.0699999999999999,inat,123,L14+D3L|Tlp20|TINS
fourood,inat_seed123,L14+D3L,Tlp20,TANL,99.9284151,0.1,inat,123,L14+D3L|Tlp20|TANL
fourood,inat_seed123,L14+D3L,SL,none,99.8997533,0.3,inat,123,L14+D3L|SL|none
fourood,inat_seed123,L14+D3L,SL,TINS,99.952017,0.12,inat,123,L14+D3L|SL|TINS
fourood,inat_seed123,L14+D3L,SL,TANL,99.92900000000002,0.21,inat,123,L14+D3L|SL|TANL
fourood,inat_seed123,L14+D3L,static,none,99.20854349999998,3.0,inat,123,L14+D3L|static|none
fourood,inat_seed123,L14+D3L,static,TINS,99.9451836,0.1399999999999999,inat,123,L14+D3L|static|TINS
fourood,inat_seed123,L14+D3L,static,TANL,99.82807359999998,0.53,inat,123,L14+D3L|static|TANL
fourood,inat_seed123,D3L,T,none,99.91303709999998,0.2,inat,123,D3L|T|none
fourood,inat_seed123,D3L,T,TINS,99.9622716,0.0699999999999999,inat,123,D3L|T|TINS
fourood,inat_seed123,D3L,T,TANL,99.9425986,0.16,inat,123,D3L|T|TANL
fourood,inat_seed123,D3L,Tlp,none,99.8381657,0.38,inat,123,D3L|Tlp|none
fourood,inat_seed123,D3L,Tlp,TINS,99.9546402,0.0699999999999999,inat,123,D3L|Tlp|TINS
fourood,inat_seed123,D3L,Tlp,TANL,99.9220067,0.12,inat,123,D3L|Tlp|TANL
fourood,inat_seed123,D3L,Tq0.05,none,99.9181869,0.16,inat,123,D3L|Tq0.05|none
fourood,inat_seed123,D3L,Tq0.05,TINS,99.9647772,0.0699999999999999,inat,123,D3L|Tq0.05|TINS
fourood,inat_seed123,D3L,Tq0.05,TANL,99.9468851,0.1,inat,123,D3L|Tq0.05|TANL
fourood,inat_seed123,D3L,Tq0.2,none,99.9037974,0.26,inat,123,D3L|Tq0.2|none
fourood,inat_seed123,D3L,Tq0.2,TINS,99.9585554,0.0699999999999999,inat,123,D3L|Tq0.2|TINS
fourood,inat_seed123,D3L,Tq0.2,TANL,99.9363964,0.16,inat,123,D3L|Tq0.2|TANL
fourood,inat_seed123,D3L,Tnn,none,99.9351246,0.19,inat,123,D3L|Tnn|none
fourood,inat_seed123,D3L,Tnn,TINS,99.96696640000002,0.08,inat,123,D3L|Tnn|TINS
fourood,inat_seed123,D3L,Tnn,TANL,99.9535651,0.1399999999999999,inat,123,D3L|Tnn|TANL
fourood,inat_seed123,D3L,Tk20,none,99.93066609999998,0.12,inat,123,D3L|Tk20|none
fourood,inat_seed123,D3L,Tk20,TINS,99.968703,0.06,inat,123,D3L|Tk20|TINS
fourood,inat_seed123,D3L,Tk20,TANL,99.9506797,0.09,inat,123,D3L|Tk20|TANL
fourood,inat_seed123,D3L,Tlp20,none,99.8790514,0.15,inat,123,D3L|Tlp20|none
fourood,inat_seed123,D3L,Tlp20,TINS,99.9562496,0.04,inat,123,D3L|Tlp20|TINS
fourood,inat_seed123,D3L,Tlp20,TANL,99.9262593,0.08,inat,123,D3L|Tlp20|TANL
fourood,inat_seed123,D3L,SL,none,99.8823445,0.35,inat,123,D3L|SL|none
fourood,inat_seed123,D3L,SL,TINS,99.953906,0.11,inat,123,D3L|SL|TINS
fourood,inat_seed123,D3L,SL,TANL,99.9309366,0.2,inat,123,D3L|SL|TANL
fourood,inat_seed123,D3L,static,none,98.95483729999998,3.97,inat,123,D3L|static|none
fourood,inat_seed123,D3L,static,TINS,99.94777,0.1399999999999999,inat,123,D3L|static|TINS
fourood,inat_seed123,D3L,static,TANL,99.8697265,0.51,inat,123,D3L|static|TANL
fourood,inat_seed123,L14,T,none,99.88025500000002,0.3899999999999999,inat,123,L14|T|none
fourood,inat_seed123,L14,T,TINS,99.9552202,0.12,inat,123,L14|T|TINS
fourood,inat_seed123,L14,T,TANL,99.9275651,0.22,inat,123,L14|T|TANL
fourood,inat_seed123,L14,Tlp,none,99.78226240000002,0.62,inat,123,L14|Tlp|none
fourood,inat_seed123,L14,Tlp,TINS,99.9495974,0.09,inat,123,L14|Tlp|TINS
fourood,inat_seed123,L14,Tlp,TANL,99.9021512,0.22,inat,123,L14|Tlp|TANL
fourood,inat_seed123,L14,Tq0.05,none,99.8980051,0.24,inat,123,L14|Tq0.05|none
fourood,inat_seed123,L14,Tq0.05,TINS,99.9603424,0.09,inat,123,L14|Tq0.05|TINS
fourood,inat_seed123,L14,Tq0.05,TANL,99.9379257,0.15,inat,123,L14|Tq0.05|TANL
fourood,inat_seed123,L14,Tq0.2,none,99.8574153,0.51,inat,123,L14|Tq0.2|none
fourood,inat_seed123,L14,Tq0.2,TINS,99.9500666,0.15,inat,123,L14|Tq0.2|TINS
fourood,inat_seed123,L14,Tq0.2,TANL,99.9155196,0.3,inat,123,L14|Tq0.2|TANL
fourood,inat_seed123,L14,Tnn,none,99.8565383,0.33,inat,123,L14|Tnn|none
fourood,inat_seed123,L14,Tnn,TINS,99.9524364,0.1399999999999999,inat,123,L14|Tnn|TINS
fourood,inat_seed123,L14,Tnn,TANL,99.9206857,0.22,inat,123,L14|Tnn|TANL
fourood,inat_seed123,L14,Tk20,none,99.9044661,0.16,inat,123,L14|Tk20|none
fourood,inat_seed123,L14,Tk20,TINS,99.9612996,0.08,inat,123,L14|Tk20|TINS
fourood,inat_seed123,L14,Tk20,TANL,99.9385019,0.13,inat,123,L14|Tk20|TANL
fourood,inat_seed123,L14,Tlp20,none,99.84252870000002,0.31,inat,123,L14|Tlp20|none
fourood,inat_seed123,L14,Tlp20,TINS,99.9546866,0.06,inat,123,L14|Tlp20|TINS
fourood,inat_seed123,L14,Tlp20,TANL,99.91382029999998,0.1699999999999999,inat,123,L14|Tlp20|TANL
fourood,inat_seed123,L14,SL,none,99.791808,0.5499999999999999,inat,123,L14|SL|none
fourood,inat_seed123,L14,SL,TINS,99.95310059999998,0.1,inat,123,L14|SL|TINS
fourood,inat_seed123,L14,SL,TANL,99.9065418,0.26,inat,123,L14|SL|TANL
fourood,inat_seed123,L14,static,none,98.8135767,4.01,inat,123,L14|static|none
fourood,inat_seed123,L14,static,TINS,99.9561354,0.1,inat,123,L14|static|TINS
fourood,inat_seed123,L14,static,TANL,99.8634354,0.41,inat,123,L14|static|TANL
fourood,inat_seed123,L14xD3L,T,none,99.8833166,0.16,inat,123,L14xD3L|T|none
fourood,inat_seed123,L14xD3L,T,TINS,99.9620106,0.05,inat,123,L14xD3L|T|TINS
fourood,inat_seed123,L14xD3L,T,TANL,99.9398207,0.12,inat,123,L14xD3L|T|TANL
fourood,inat_seed123,L14xD3L,Tlp,none,99.8026892,0.43,inat,123,L14xD3L|Tlp|none
fourood,inat_seed123,L14xD3L,Tlp,TINS,99.9546348,0.06,inat,123,L14xD3L|Tlp|TINS
fourood,inat_seed123,L14xD3L,Tlp,TANL,99.9173232,0.11,inat,123,L14xD3L|Tlp|TANL
fourood,inat_seed123,L14xD3L,Tq0.05,none,99.8945034,0.11,inat,123,L14xD3L|Tq0.05|none
fourood,inat_seed123,L14xD3L,Tq0.05,TINS,99.9654972,0.06,inat,123,L14xD3L|Tq0.05|TINS
fourood,inat_seed123,L14xD3L,Tq0.05,TANL,99.9461971,0.08,inat,123,L14xD3L|Tq0.05|TANL
fourood,inat_seed123,L14xD3L,Tq0.2,none,99.87310399999998,0.2299999999999999,inat,123,L14xD3L|Tq0.2|none
fourood,inat_seed123,L14xD3L,Tq0.2,TINS,99.958534,0.08,inat,123,L14xD3L|Tq0.2|TINS
fourood,inat_seed123,L14xD3L,Tq0.2,TANL,99.932686,0.13,inat,123,L14xD3L|Tq0.2|TANL
fourood,inat_seed123,L14xD3L,Tnn,none,99.9024547,0.15,inat,123,L14xD3L|Tnn|none
fourood,inat_seed123,L14xD3L,Tnn,TINS,99.9625442,0.0699999999999999,inat,123,L14xD3L|Tnn|TINS
fourood,inat_seed123,L14xD3L,Tnn,TANL,99.9443828,0.1,inat,123,L14xD3L|Tnn|TANL
fourood,inat_seed123,L14xD3L,Tk20,none,99.92837199999998,0.1,inat,123,L14xD3L|Tk20|none
fourood,inat_seed123,L14xD3L,Tk20,TINS,99.965611,0.05,inat,123,L14xD3L|Tk20|TINS
fourood,inat_seed123,L14xD3L,Tk20,TANL,99.9462224,0.08,inat,123,L14xD3L|Tk20|TANL
fourood,inat_seed123,L14xD3L,Tlp20,none,99.8696558,0.19,inat,123,L14xD3L|Tlp20|none
fourood,inat_seed123,L14xD3L,Tlp20,TINS,99.9553692,0.06,inat,123,L14xD3L|Tlp20|TINS
fourood,inat_seed123,L14xD3L,Tlp20,TANL,99.9183572,0.1,inat,123,L14xD3L|Tlp20|TANL
fourood,inat_seed123,D3B+D3L,T,none,99.929637,0.18,inat,123,D3B+D3L|T|none
fourood,inat_seed123,D3B+D3L,T,TINS,99.9579046,0.11,inat,123,D3B+D3L|T|TINS
fourood,inat_seed123,D3B+D3L,T,TANL,99.9434285,0.15,inat,123,D3B+D3L|T|TANL
fourood,inat_seed123,D3B+D3L,Tlp,none,99.86478669999998,0.27,inat,123,D3B+D3L|Tlp|none
fourood,inat_seed123,D3B+D3L,Tlp,TINS,99.948686,0.1,inat,123,D3B+D3L|Tlp|TINS
fourood,inat_seed123,D3B+D3L,Tlp,TANL,99.9153366,0.15,inat,123,D3B+D3L|Tlp|TANL
fourood,inat_seed123,D3B+D3L,Tq0.05,none,99.9311883,0.15,inat,123,D3B+D3L|Tq0.05|none
fourood,inat_seed123,D3B+D3L,Tq0.05,TINS,99.960529,0.09,inat,123,D3B+D3L|Tq0.05|TINS
fourood,inat_seed123,D3B+D3L,Tq0.05,TANL,99.9463936,0.13,inat,123,D3B+D3L|Tq0.05|TANL
fourood,inat_seed123,D3B+D3L,Tq0.2,none,99.9188592,0.21,inat,123,D3B+D3L|Tq0.2|none
fourood,inat_seed123,D3B+D3L,Tq0.2,TINS,99.9511562,0.16,inat,123,D3B+D3L|Tq0.2|TINS
fourood,inat_seed123,D3B+D3L,Tq0.2,TANL,99.9347452,0.1699999999999999,inat,123,D3B+D3L|Tq0.2|TANL
fourood,inat_seed123,D3B+D3L,Tnn,none,99.9470824,0.1699999999999999,inat,123,D3B+D3L|Tnn|none
fourood,inat_seed123,D3B+D3L,Tnn,TINS,99.9617146,0.12,inat,123,D3B+D3L|Tnn|TINS
fourood,inat_seed123,D3B+D3L,Tnn,TANL,99.9538518,0.1399999999999999,inat,123,D3B+D3L|Tnn|TANL
fourood,inat_seed123,D3B+D3L,Tk20,none,99.9373333,0.12,inat,123,D3B+D3L|Tk20|none
fourood,inat_seed123,D3B+D3L,Tk20,TINS,99.963596,0.08,inat,123,D3B+D3L|Tk20|TINS
fourood,inat_seed123,D3B+D3L,Tk20,TANL,99.9500073,0.11,inat,123,D3B+D3L|Tk20|TANL
fourood,inat_seed123,D3B+D3L,Tlp20,none,99.8893962,0.1399999999999999,inat,123,D3B+D3L|Tlp20|none
fourood,inat_seed123,D3B+D3L,Tlp20,TINS,99.95125919999998,0.06,inat,123,D3B+D3L|Tlp20|TINS
fourood,inat_seed123,D3B+D3L,Tlp20,TANL,99.9232765,0.1,inat,123,D3B+D3L|Tlp20|TANL
fourood,inat_seed123,D3B+D3L,SL,none,99.8923252,0.37,inat,123,D3B+D3L|SL|none
fourood,inat_seed123,D3B+D3L,SL,TINS,99.940787,0.19,inat,123,D3B+D3L|SL|TINS
fourood,inat_seed123,D3B+D3L,SL,TANL,99.9207939,0.25,inat,123,D3B+D3L|SL|TANL
fourood,inat_seed123,D3B+D3L,static,none,98.9942328,3.77,inat,123,D3B+D3L|static|none
fourood,inat_seed123,D3B+D3L,static,TINS,99.9193116,0.26,inat,123,D3B+D3L|static|TINS
fourood,inat_seed123,D3B+D3L,static,TANL,99.7673166,0.8500000000000001,inat,123,D3B+D3L|static|TANL
fourood,inat_seed123,L14+D3B+D3L,T,none,99.9403385,0.13,inat,123,L14+D3B+D3L|T|none
fourood,inat_seed123,L14+D3B+D3L,T,TINS,99.9583278,0.09,inat,123,L14+D3B+D3L|T|TINS
fourood,inat_seed123,L14+D3B+D3L,T,TANL,99.948989,0.1,inat,123,L14+D3B+D3L|T|TANL
fourood,inat_seed123,L14+D3B+D3L,Tlp,none,99.8831087,0.25,inat,123,L14+D3B+D3L|Tlp|none
fourood,inat_seed123,L14+D3B+D3L,Tlp,TINS,99.947623,0.1,inat,123,L14+D3B+D3L|Tlp|TINS
fourood,inat_seed123,L14+D3B+D3L,Tlp,TANL,99.9196603,0.1399999999999999,inat,123,L14+D3B+D3L|Tlp|TANL
fourood,inat_seed123,L14+D3B+D3L,Tq0.05,none,99.9445385,0.11,inat,123,L14+D3B+D3L|Tq0.05|none
fourood,inat_seed123,L14+D3B+D3L,Tq0.05,TINS,99.96202300000002,0.08,inat,123,L14+D3B+D3L|Tq0.05|TINS
fourood,inat_seed123,L14+D3B+D3L,Tq0.05,TANL,99.953092,0.1,inat,123,L14+D3B+D3L|Tq0.05|TANL
fourood,inat_seed123,L14+D3B+D3L,Tq0.2,none,99.9309628,0.1699999999999999,inat,123,L14+D3B+D3L|Tq0.2|none
fourood,inat_seed123,L14+D3B+D3L,Tq0.2,TINS,99.9518868,0.12,inat,123,L14+D3B+D3L|Tq0.2|TINS
fourood,inat_seed123,L14+D3B+D3L,Tq0.2,TANL,99.9408821,0.1399999999999999,inat,123,L14+D3B+D3L|Tq0.2|TANL
fourood,inat_seed123,L14+D3B+D3L,Tnn,none,99.9492406,0.11,inat,123,L14+D3B+D3L|Tnn|none
fourood,inat_seed123,L14+D3B+D3L,Tnn,TINS,99.9605632,0.09,inat,123,L14+D3B+D3L|Tnn|TINS
fourood,inat_seed123,L14+D3B+D3L,Tnn,TANL,99.9537751,0.11,inat,123,L14+D3B+D3L|Tnn|TANL
fourood,inat_seed123,L14+D3B+D3L,Tk20,none,99.9462876,0.08,inat,123,L14+D3B+D3L|Tk20|none
fourood,inat_seed123,L14+D3B+D3L,Tk20,TINS,99.963803,0.06,inat,123,L14+D3B+D3L|Tk20|TINS
fourood,inat_seed123,L14+D3B+D3L,Tk20,TANL,99.9543512,0.08,inat,123,L14+D3B+D3L|Tk20|TANL
fourood,inat_seed123,L14+D3B+D3L,Tlp20,none,99.9014434,0.1,inat,123,L14+D3B+D3L|Tlp20|none
fourood,inat_seed123,L14+D3B+D3L,Tlp20,TINS,99.95137440000002,0.0699999999999999,inat,123,L14+D3B+D3L|Tlp20|TINS
fourood,inat_seed123,L14+D3B+D3L,Tlp20,TANL,99.9266904,0.09,inat,123,L14+D3B+D3L|Tlp20|TANL
fourood,inat_seed123,L14+D3B+D3L,SL,none,99.9106689,0.2799999999999999,inat,123,L14+D3B+D3L|SL|none
fourood,inat_seed123,L14+D3B+D3L,SL,TINS,99.944455,0.15,inat,123,L14+D3B+D3L|SL|TINS
fourood,inat_seed123,L14+D3B+D3L,SL,TANL,99.9280122,0.22,inat,123,L14+D3B+D3L|SL|TANL
fourood,inat_seed123,L14+D3B+D3L,static,none,99.2508867,2.83,inat,123,L14+D3B+D3L|static|none
fourood,inat_seed123,L14+D3B+D3L,static,TINS,99.91596699999998,0.35,inat,123,L14+D3B+D3L|static|TINS
fourood,inat_seed123,L14+D3B+D3L,static,TANL,99.7595462,0.88,inat,123,L14+D3B+D3L|static|TANL
fourood,inat_seed123,B14+L14+D3L,T,none,99.9339094,0.16,inat,123,B14+L14+D3L|T|none
fourood,inat_seed123,B14+L14+D3L,T,TINS,99.9552174,0.1,inat,123,B14+L14+D3L|T|TINS
fourood,inat_seed123,B14+L14+D3L,T,TANL,99.9435884,0.15,inat,123,B14+L14+D3L|T|TANL
fourood,inat_seed123,B14+L14+D3L,Tlp,none,99.874049,0.3,inat,123,B14+L14+D3L|Tlp|none
fourood,inat_seed123,B14+L14+D3L,Tlp,TINS,99.9465808,0.09,inat,123,B14+L14+D3L|Tlp|TINS
fourood,inat_seed123,B14+L14+D3L,Tlp,TANL,99.913883,0.18,inat,123,B14+L14+D3L|Tlp|TANL
fourood,inat_seed123,B14+L14+D3L,Tq0.05,none,99.9406764,0.13,inat,123,B14+L14+D3L|Tq0.05|none
fourood,inat_seed123,B14+L14+D3L,Tq0.05,TINS,99.9605314,0.0699999999999999,inat,123,B14+L14+D3L|Tq0.05|TINS
fourood,inat_seed123,B14+L14+D3L,Tq0.05,TANL,99.9500286,0.11,inat,123,B14+L14+D3L|Tq0.05|TANL
fourood,inat_seed123,B14+L14+D3L,Tq0.2,none,99.924545,0.18,inat,123,B14+L14+D3L|Tq0.2|none
fourood,inat_seed123,B14+L14+D3L,Tq0.2,TINS,99.9492734,0.15,inat,123,B14+L14+D3L|Tq0.2|TINS
fourood,inat_seed123,B14+L14+D3L,Tq0.2,TANL,99.9356136,0.1699999999999999,inat,123,B14+L14+D3L|Tq0.2|TANL
fourood,inat_seed123,B14+L14+D3L,Tnn,none,99.9403712,0.13,inat,123,B14+L14+D3L|Tnn|none
fourood,inat_seed123,B14+L14+D3L,Tnn,TINS,99.9557234,0.1,inat,123,B14+L14+D3L|Tnn|TINS
fourood,inat_seed123,B14+L14+D3L,Tnn,TANL,99.9462438,0.11,inat,123,B14+L14+D3L|Tnn|TANL
fourood,inat_seed123,B14+L14+D3L,Tk20,none,99.9428783,0.09,inat,123,B14+L14+D3L|Tk20|none
fourood,inat_seed123,B14+L14+D3L,Tk20,TINS,99.962417,0.0699999999999999,inat,123,B14+L14+D3L|Tk20|TINS
fourood,inat_seed123,B14+L14+D3L,Tk20,TANL,99.951358,0.09,inat,123,B14+L14+D3L|Tk20|TANL
fourood,inat_seed123,B14+L14+D3L,Tlp20,none,99.89146180000002,0.13,inat,123,B14+L14+D3L|Tlp20|none
fourood,inat_seed123,B14+L14+D3L,Tlp20,TINS,99.9503944,0.08,inat,123,B14+L14+D3L|Tlp20|TINS
fourood,inat_seed123,B14+L14+D3L,Tlp20,TANL,99.9209474,0.1,inat,123,B14+L14+D3L|Tlp20|TANL
fourood,inat_seed123,B14+L14+D3L,SL,none,99.9025445,0.26,inat,123,B14+L14+D3L|SL|none
fourood,inat_seed123,B14+L14+D3L,SL,TINS,99.9426356,0.19,inat,123,B14+L14+D3L|SL|TINS
fourood,inat_seed123,B14+L14+D3L,SL,TANL,99.9222254,0.25,inat,123,B14+L14+D3L|SL|TANL
fourood,inat_seed123,B14+L14+D3L,static,none,99.3624654,2.48,inat,123,B14+L14+D3L|static|none
fourood,inat_seed123,B14+L14+D3L,static,TINS,99.9237062,0.2799999999999999,inat,123,B14+L14+D3L|static|TINS
fourood,inat_seed123,B14+L14+D3L,static,TANL,99.7846947,0.69,inat,123,B14+L14+D3L|static|TANL
fourood,inat_seed123,B14+L14+D3B+D3L,T,none,99.939023,0.1399999999999999,inat,123,B14+L14+D3B+D3L|T|none
fourood,inat_seed123,B14+L14+D3B+D3L,T,TINS,99.9547158,0.1,inat,123,B14+L14+D3B+D3L|T|TINS
fourood,inat_seed123,B14+L14+D3B+D3L,T,TANL,99.9459726,0.12,inat,123,B14+L14+D3B+D3L|T|TANL
fourood,inat_seed123,B14+L14+D3B+D3L,Tlp,none,99.8826536,0.26,inat,123,B14+L14+D3B+D3L|Tlp|none
fourood,inat_seed123,B14+L14+D3B+D3L,Tlp,TINS,99.9421098,0.1,inat,123,B14+L14+D3B+D3L|Tlp|TINS
fourood,inat_seed123,B14+L14+D3B+D3L,Tlp,TANL,99.9131529,0.16,inat,123,B14+L14+D3B+D3L|Tlp|TANL
fourood,inat_seed123,B14+L14+D3B+D3L,Tq0.05,none,99.9440571,0.11,inat,123,B14+L14+D3B+D3L|Tq0.05|none
fourood,inat_seed123,B14+L14+D3B+D3L,Tq0.05,TINS,99.9593318,0.09,inat,123,B14+L14+D3B+D3L|Tq0.05|TINS
fourood,inat_seed123,B14+L14+D3B+D3L,Tq0.05,TANL,99.9509943,0.1,inat,123,B14+L14+D3B+D3L|Tq0.05|TANL
fourood,inat_seed123,B14+L14+D3B+D3L,Tq0.2,none,99.93019300000002,0.1699999999999999,inat,123,B14+L14+D3B+D3L|Tq0.2|none
fourood,inat_seed123,B14+L14+D3B+D3L,Tq0.2,TINS,99.948168,0.12,inat,123,B14+L14+D3B+D3L|Tq0.2|TINS
fourood,inat_seed123,B14+L14+D3B+D3L,Tq0.2,TANL,99.937946,0.1399999999999999,inat,123,B14+L14+D3B+D3L|Tq0.2|TANL
fourood,inat_seed123,B14+L14+D3B+D3L,Tnn,none,99.9468643,0.12,inat,123,B14+L14+D3B+D3L|Tnn|none
fourood,inat_seed123,B14+L14+D3B+D3L,Tnn,TINS,99.9565712,0.11,inat,123,B14+L14+D3B+D3L|Tnn|TINS
fourood,inat_seed123,B14+L14+D3B+D3L,Tnn,TANL,99.9503914,0.12,inat,123,B14+L14+D3B+D3L|Tnn|TANL
fourood,inat_seed123,B14+L14+D3B+D3L,Tk20,none,99.9456677,0.09,inat,123,B14+L14+D3B+D3L|Tk20|none
fourood,inat_seed123,B14+L14+D3B+D3L,Tk20,TINS,99.96107299999998,0.0699999999999999,inat,123,B14+L14+D3B+D3L|Tk20|TINS
fourood,inat_seed123,B14+L14+D3B+D3L,Tk20,TANL,99.9521118,0.08,inat,123,B14+L14+D3B+D3L|Tk20|TANL
fourood,inat_seed123,B14+L14+D3B+D3L,Tlp20,none,99.8967453,0.11,inat,123,B14+L14+D3B+D3L|Tlp20|none
fourood,inat_seed123,B14+L14+D3B+D3L,Tlp20,TINS,99.9461894,0.08,inat,123,B14+L14+D3B+D3L|Tlp20|TINS
fourood,inat_seed123,B14+L14+D3B+D3L,Tlp20,TANL,99.9201235,0.1,inat,123,B14+L14+D3B+D3L|Tlp20|TANL
fourood,inat_seed123,B14+L14+D3B+D3L,SL,none,99.9091958,0.29,inat,123,B14+L14+D3B+D3L|SL|none
fourood,inat_seed123,B14+L14+D3B+D3L,SL,TINS,99.9379124,0.18,inat,123,B14+L14+D3B+D3L|SL|TINS
fourood,inat_seed123,B14+L14+D3B+D3L,SL,TANL,99.9227402,0.25,inat,123,B14+L14+D3B+D3L|SL|TANL
fourood,inat_seed123,B14+L14+D3B+D3L,static,none,99.34851249999998,2.46,inat,123,B14+L14+D3B+D3L|static|none
fourood,inat_seed123,B14+L14+D3B+D3L,static,TINS,99.8928852,0.43,inat,123,B14+L14+D3B+D3L|static|TINS
fourood,inat_seed123,B14+L14+D3B+D3L,static,TANL,99.7276482,0.96,inat,123,B14+L14+D3B+D3L|static|TANL
fourood,inat_seed123,B14+L14,T,none,99.9126858,0.24,inat,123,B14+L14|T|none
fourood,inat_seed123,B14+L14,T,TINS,99.948943,0.16,inat,123,B14+L14|T|TINS
fourood,inat_seed123,B14+L14,T,TANL,99.9305533,0.21,inat,123,B14+L14|T|TANL
fourood,inat_seed123,B14+L14,Tlp,none,99.8327242,0.38,inat,123,B14+L14|Tlp|none
fourood,inat_seed123,B14+L14,Tlp,TINS,99.9438982,0.12,inat,123,B14+L14|Tlp|TINS
fourood,inat_seed123,B14+L14,Tlp,TANL,99.8977499,0.26,inat,123,B14+L14|Tlp|TANL
fourood,inat_seed123,B14+L14,Tq0.05,none,99.9223592,0.21,inat,123,B14+L14|Tq0.05|none
fourood,inat_seed123,B14+L14,Tq0.05,TINS,99.9550722,0.12,inat,123,B14+L14|Tq0.05|TINS
fourood,inat_seed123,B14+L14,Tq0.05,TANL,99.93921670000002,0.1699999999999999,inat,123,B14+L14|Tq0.05|TANL
fourood,inat_seed123,B14+L14,Tq0.2,none,99.8990701,0.31,inat,123,B14+L14|Tq0.2|none
fourood,inat_seed123,B14+L14,Tq0.2,TINS,99.9429414,0.19,inat,123,B14+L14|Tq0.2|TINS
fourood,inat_seed123,B14+L14,Tq0.2,TANL,99.9202339,0.26,inat,123,B14+L14|Tq0.2|TANL
fourood,inat_seed123,B14+L14,Tnn,none,99.9160941,0.26,inat,123,B14+L14|Tnn|none
fourood,inat_seed123,B14+L14,Tnn,TINS,99.947033,0.18,inat,123,B14+L14|Tnn|TINS
fourood,inat_seed123,B14+L14,Tnn,TANL,99.9298813,0.2299999999999999,inat,123,B14+L14|Tnn|TANL
fourood,inat_seed123,B14+L14,Tk20,none,99.92635559999998,0.12,inat,123,B14+L14|Tk20|none
fourood,inat_seed123,B14+L14,Tk20,TINS,99.9578478,0.08,inat,123,B14+L14|Tk20|TINS
fourood,inat_seed123,B14+L14,Tk20,TANL,99.9418876,0.12,inat,123,B14+L14|Tk20|TANL
fourood,inat_seed123,B14+L14,Tlp20,none,99.861493,0.22,inat,123,B14+L14|Tlp20|none
fourood,inat_seed123,B14+L14,Tlp20,TINS,99.948627,0.1,inat,123,B14+L14|Tlp20|TINS
fourood,inat_seed123,B14+L14,Tlp20,TANL,99.9104285,0.1699999999999999,inat,123,B14+L14|Tlp20|TANL
fourood,inat_seed123,B14+L14,SL,none,99.8700326,0.41,inat,123,B14+L14|SL|none
fourood,inat_seed123,B14+L14,SL,TINS,99.9410424,0.18,inat,123,B14+L14|SL|TINS
fourood,inat_seed123,B14+L14,SL,TANL,99.9081079,0.33,inat,123,B14+L14|SL|TANL
fourood,inat_seed123,B14+L14,static,none,99.273847,2.5700000000000003,inat,123,B14+L14|static|none
fourood,inat_seed123,B14+L14,static,TINS,99.9396926,0.19,inat,123,B14+L14|static|TINS
fourood,inat_seed123,B14+L14,static,TANL,99.8183685,0.52,inat,123,B14+L14|static|TANL
fourood,inat_seed124,L14xD3L+D3L,T,none,99.9182037,0.15,inat,124,L14xD3L+D3L|T|none
fourood,inat_seed124,L14xD3L+D3L,T,TINS,99.959885,0.09,inat,124,L14xD3L+D3L|T|TINS
fourood,inat_seed124,L14xD3L+D3L,T,TANL,99.9433818,0.12,inat,124,L14xD3L+D3L|T|TANL
fourood,inat_seed124,L14xD3L+D3L,Tlp,none,99.8472506,0.32,inat,124,L14xD3L+D3L|Tlp|none
fourood,inat_seed124,L14xD3L+D3L,Tlp,TINS,99.9525644,0.0699999999999999,inat,124,L14xD3L+D3L|Tlp|TINS
fourood,inat_seed124,L14xD3L+D3L,Tlp,TANL,99.9155132,0.12,inat,124,L14xD3L+D3L|Tlp|TANL
fourood,inat_seed124,L14xD3L+D3L,Tq0.05,none,99.9250211,0.11,inat,124,L14xD3L+D3L|Tq0.05|none
fourood,inat_seed124,L14xD3L+D3L,Tq0.05,TINS,99.96361960000002,0.05,inat,124,L14xD3L+D3L|Tq0.05|TINS
fourood,inat_seed124,L14xD3L+D3L,Tq0.05,TANL,99.9487928,0.09,inat,124,L14xD3L+D3L|Tq0.05|TANL
fourood,inat_seed124,L14xD3L+D3L,Tq0.2,none,99.9090416,0.18,inat,124,L14xD3L+D3L|Tq0.2|none
fourood,inat_seed124,L14xD3L+D3L,Tq0.2,TINS,99.954742,0.1,inat,124,L14xD3L+D3L|Tq0.2|TINS
fourood,inat_seed124,L14xD3L+D3L,Tq0.2,TANL,99.9366186,0.13,inat,124,L14xD3L+D3L|Tq0.2|TANL
fourood,inat_seed124,L14xD3L+D3L,Tnn,none,99.9307888,0.1399999999999999,inat,124,L14xD3L+D3L|Tnn|none
fourood,inat_seed124,L14xD3L+D3L,Tnn,TINS,99.9609676,0.11,inat,124,L14xD3L+D3L|Tnn|TINS
fourood,inat_seed124,L14xD3L+D3L,Tnn,TANL,99.948163,0.11,inat,124,L14xD3L+D3L|Tnn|TANL
fourood,inat_seed124,L14xD3L+D3L,Tk20,none,99.9391132,0.1,inat,124,L14xD3L+D3L|Tk20|none
fourood,inat_seed124,L14xD3L+D3L,Tk20,TINS,99.9665486,0.0699999999999999,inat,124,L14xD3L+D3L|Tk20|TINS
fourood,inat_seed124,L14xD3L+D3L,Tk20,TANL,99.9520615,0.1,inat,124,L14xD3L+D3L|Tk20|TANL
fourood,inat_seed124,L14xD3L+D3L,Tlp20,none,99.88671800000002,0.15,inat,124,L14xD3L+D3L|Tlp20|none
fourood,inat_seed124,L14xD3L+D3L,Tlp20,TINS,99.9562048,0.0699999999999999,inat,124,L14xD3L+D3L|Tlp20|TINS
fourood,inat_seed124,L14xD3L+D3L,Tlp20,TANL,99.9236043,0.08,inat,124,L14xD3L+D3L|Tlp20|TANL
fourood,inat_seed124,L14+D3L,T,none,99.9332711,0.1399999999999999,inat,124,L14+D3L|T|none
fourood,inat_seed124,L14+D3L,T,TINS,99.9603864,0.09,inat,124,L14+D3L|T|TINS
fourood,inat_seed124,L14+D3L,T,TANL,99.9464115,0.11,inat,124,L14+D3L|T|TANL
fourood,inat_seed124,L14+D3L,Tlp,none,99.8677025,0.2799999999999999,inat,124,L14+D3L|Tlp|none
fourood,inat_seed124,L14+D3L,Tlp,TINS,99.954458,0.0699999999999999,inat,124,L14+D3L|Tlp|TINS
fourood,inat_seed124,L14+D3L,Tlp,TANL,99.921475,0.11,inat,124,L14+D3L|Tlp|TANL
fourood,inat_seed124,L14+D3L,Tq0.05,none,99.9395246,0.12,inat,124,L14+D3L|Tq0.05|none
fourood,inat_seed124,L14+D3L,Tq0.05,TINS,99.9646054,0.05,inat,124,L14+D3L|Tq0.05|TINS
fourood,inat_seed124,L14+D3L,Tq0.05,TANL,99.9521349,0.08,inat,124,L14+D3L|Tq0.05|TANL
fourood,inat_seed124,L14+D3L,Tq0.2,none,99.9230215,0.1699999999999999,inat,124,L14+D3L|Tq0.2|none
fourood,inat_seed124,L14+D3L,Tq0.2,TINS,99.9549314,0.12,inat,124,L14+D3L|Tq0.2|TINS
fourood,inat_seed124,L14+D3L,Tq0.2,TANL,99.9388267,0.15,inat,124,L14+D3L|Tq0.2|TANL
fourood,inat_seed124,L14+D3L,Tnn,none,99.9404367,0.1399999999999999,inat,124,L14+D3L|Tnn|none
fourood,inat_seed124,L14+D3L,Tnn,TINS,99.9611224,0.09,inat,124,L14+D3L|Tnn|TINS
fourood,inat_seed124,L14+D3L,Tnn,TANL,99.9496284,0.1,inat,124,L14+D3L|Tnn|TANL
fourood,inat_seed124,L14+D3L,Tk20,none,99.9426524,0.09,inat,124,L14+D3L|Tk20|none
fourood,inat_seed124,L14+D3L,Tk20,TINS,99.96639220000002,0.06,inat,124,L14+D3L|Tk20|TINS
fourood,inat_seed124,L14+D3L,Tk20,TANL,99.95349819999998,0.09,inat,124,L14+D3L|Tk20|TANL
fourood,inat_seed124,L14+D3L,Tlp20,none,99.8946462,0.12,inat,124,L14+D3L|Tlp20|none
fourood,inat_seed124,L14+D3L,Tlp20,TINS,99.95751359999998,0.06,inat,124,L14+D3L|Tlp20|TINS
fourood,inat_seed124,L14+D3L,Tlp20,TANL,99.9279716,0.09,inat,124,L14+D3L|Tlp20|TANL
fourood,inat_seed124,L14+D3L,SL,none,99.9092712,0.27,inat,124,L14+D3L|SL|none
fourood,inat_seed124,L14+D3L,SL,TINS,99.956393,0.12,inat,124,L14+D3L|SL|TINS
fourood,inat_seed124,L14+D3L,SL,TANL,99.9339668,0.19,inat,124,L14+D3L|SL|TANL
fourood,inat_seed124,L14+D3L,static,none,99.20854349999998,3.0,inat,124,L14+D3L|static|none
fourood,inat_seed124,L14+D3L,static,TINS,99.9435254,0.22,inat,124,L14+D3L|static|TINS
fourood,inat_seed124,L14+D3L,static,TANL,99.8308446,0.52,inat,124,L14+D3L|static|TANL
fourood,inat_seed124,D3L,T,none,99.913036,0.2,inat,124,D3L|T|none
fourood,inat_seed124,D3L,T,TINS,99.9626564,0.0699999999999999,inat,124,D3L|T|TINS
fourood,inat_seed124,D3L,T,TANL,99.9418623,0.15,inat,124,D3L|T|TANL
fourood,inat_seed124,D3L,Tlp,none,99.838163,0.38,inat,124,D3L|Tlp|none
fourood,inat_seed124,D3L,Tlp,TINS,99.95732979999998,0.0699999999999999,inat,124,D3L|Tlp|TINS
fourood,inat_seed124,D3L,Tlp,TANL,99.9216281,0.12,inat,124,D3L|Tlp|TANL
fourood,inat_seed124,D3L,Tq0.05,none,99.918185,0.16,inat,124,D3L|Tq0.05|none
fourood,inat_seed124,D3L,Tq0.05,TINS,99.9650728,0.06,inat,124,D3L|Tq0.05|TINS
fourood,inat_seed124,D3L,Tq0.05,TANL,99.9458958,0.1,inat,124,D3L|Tq0.05|TANL
fourood,inat_seed124,D3L,Tq0.2,none,99.90379729999998,0.26,inat,124,D3L|Tq0.2|none
fourood,inat_seed124,D3L,Tq0.2,TINS,99.959043,0.09,inat,124,D3L|Tq0.2|TINS
fourood,inat_seed124,D3L,Tq0.2,TANL,99.9357643,0.15,inat,124,D3L|Tq0.2|TANL
fourood,inat_seed124,D3L,Tnn,none,99.9351246,0.19,inat,124,D3L|Tnn|none
fourood,inat_seed124,D3L,Tnn,TINS,99.9667632,0.08,inat,124,D3L|Tnn|TINS
fourood,inat_seed124,D3L,Tnn,TANL,99.9536375,0.13,inat,124,D3L|Tnn|TANL
fourood,inat_seed124,D3L,Tk20,none,99.93066609999998,0.12,inat,124,D3L|Tk20|none
fourood,inat_seed124,D3L,Tk20,TINS,99.968973,0.06,inat,124,D3L|Tk20|TINS
fourood,inat_seed124,D3L,Tk20,TANL,99.9498198,0.08,inat,124,D3L|Tk20|TANL
fourood,inat_seed124,D3L,Tlp20,none,99.8790514,0.15,inat,124,D3L|Tlp20|none
fourood,inat_seed124,D3L,Tlp20,TINS,99.95892179999998,0.05,inat,124,D3L|Tlp20|TINS
fourood,inat_seed124,D3L,Tlp20,TANL,99.9255367,0.08,inat,124,D3L|Tlp20|TANL
fourood,inat_seed124,D3L,SL,none,99.8972068,0.29,inat,124,D3L|SL|none
fourood,inat_seed124,D3L,SL,TINS,99.96077660000002,0.1,inat,124,D3L|SL|TINS
fourood,inat_seed124,D3L,SL,TANL,99.9383092,0.16,inat,124,D3L|SL|TANL
fourood,inat_seed124,D3L,static,none,98.95483729999998,3.97,inat,124,D3L|static|none
fourood,inat_seed124,D3L,static,TINS,99.9491578,0.19,inat,124,D3L|static|TINS
fourood,inat_seed124,D3L,static,TANL,99.8736904,0.5,inat,124,D3L|static|TANL
fourood,inat_seed124,L14,T,none,99.8802488,0.3899999999999999,inat,124,L14|T|none
fourood,inat_seed124,L14,T,TINS,99.9559198,0.1399999999999999,inat,124,L14|T|TINS
fourood,inat_seed124,L14,T,TANL,99.9259004,0.22,inat,124,L14|T|TANL
fourood,inat_seed124,L14,Tlp,none,99.78226100000002,0.62,inat,124,L14|Tlp|none
fourood,inat_seed124,L14,Tlp,TINS,99.951861,0.1,inat,124,L14|Tlp|TINS
fourood,inat_seed124,L14,Tlp,TANL,99.9009742,0.2299999999999999,inat,124,L14|Tlp|TANL
fourood,inat_seed124,L14,Tq0.05,none,99.8980051,0.24,inat,124,L14|Tq0.05|none
fourood,inat_seed124,L14,Tq0.05,TINS,99.9612168,0.09,inat,124,L14|Tq0.05|TINS
fourood,inat_seed124,L14,Tq0.05,TANL,99.9363743,0.15,inat,124,L14|Tq0.05|TANL
fourood,inat_seed124,L14,Tq0.2,none,99.8574172,0.51,inat,124,L14|Tq0.2|none
fourood,inat_seed124,L14,Tq0.2,TINS,99.9505418,0.15,inat,124,L14|Tq0.2|TINS
fourood,inat_seed124,L14,Tq0.2,TANL,99.913464,0.31,inat,124,L14|Tq0.2|TANL
fourood,inat_seed124,L14,Tnn,none,99.8565341,0.33,inat,124,L14|Tnn|none
fourood,inat_seed124,L14,Tnn,TINS,99.9524706,0.15,inat,124,L14|Tnn|TINS
fourood,inat_seed124,L14,Tnn,TANL,99.91952179999998,0.2,inat,124,L14|Tnn|TANL
fourood,inat_seed124,L14,Tk20,none,99.9044684,0.16,inat,124,L14|Tk20|none
fourood,inat_seed124,L14,Tk20,TINS,99.9616088,0.08,inat,124,L14|Tk20|TINS
fourood,inat_seed124,L14,Tk20,TANL,99.9367853,0.11,inat,124,L14|Tk20|TANL
fourood,inat_seed124,L14,Tlp20,none,99.84253180000002,0.31,inat,124,L14|Tlp20|none
fourood,inat_seed124,L14,Tlp20,TINS,99.9571686,0.0699999999999999,inat,124,L14|Tlp20|TINS
fourood,inat_seed124,L14,Tlp20,TANL,99.9134751,0.1699999999999999,inat,124,L14|Tlp20|TANL
fourood,inat_seed124,L14,SL,none,99.7986065,0.47,inat,124,L14|SL|none
fourood,inat_seed124,L14,SL,TINS,99.9571736,0.15,inat,124,L14|SL|TINS
fourood,inat_seed124,L14,SL,TANL,99.90574719999998,0.29,inat,124,L14|SL|TANL
fourood,inat_seed124,L14,static,none,98.8135767,4.01,inat,124,L14|static|none
fourood,inat_seed124,L14,static,TINS,99.9549986,0.1399999999999999,inat,124,L14|static|TINS
fourood,inat_seed124,L14,static,TANL,99.8640112,0.37,inat,124,L14|static|TANL
fourood,inat_seed124,L14xD3L,T,none,99.8833201,0.16,inat,124,L14xD3L|T|none
fourood,inat_seed124,L14xD3L,T,TINS,99.9627492,0.05,inat,124,L14xD3L|T|TINS
fourood,inat_seed124,L14xD3L,T,TANL,99.9392225,0.11,inat,124,L14xD3L|T|TANL
fourood,inat_seed124,L14xD3L,Tlp,none,99.8026912,0.43,inat,124,L14xD3L|Tlp|none
fourood,inat_seed124,L14xD3L,Tlp,TINS,99.9575864,0.06,inat,124,L14xD3L|Tlp|TINS
fourood,inat_seed124,L14xD3L,Tlp,TANL,99.9173,0.1,inat,124,L14xD3L|Tlp|TANL
fourood,inat_seed124,L14xD3L,Tq0.05,none,99.8945074,0.11,inat,124,L14xD3L|Tq0.05|none
fourood,inat_seed124,L14xD3L,Tq0.05,TINS,99.9660768,0.05,inat,124,L14xD3L|Tq0.05|TINS
fourood,inat_seed124,L14xD3L,Tq0.05,TANL,99.9456778,0.0699999999999999,inat,124,L14xD3L|Tq0.05|TANL
fourood,inat_seed124,L14xD3L,Tq0.2,none,99.8731061,0.2299999999999999,inat,124,L14xD3L|Tq0.2|none
fourood,inat_seed124,L14xD3L,Tq0.2,TINS,99.9590228,0.08,inat,124,L14xD3L|Tq0.2|TINS
fourood,inat_seed124,L14xD3L,Tq0.2,TANL,99.9322164,0.11,inat,124,L14xD3L|Tq0.2|TANL
fourood,inat_seed124,L14xD3L,Tnn,none,99.9024608,0.15,inat,124,L14xD3L|Tnn|none
fourood,inat_seed124,L14xD3L,Tnn,TINS,99.962566,0.08,inat,124,L14xD3L|Tnn|TINS
fourood,inat_seed124,L14xD3L,Tnn,TANL,99.9443163,0.1,inat,124,L14xD3L|Tnn|TANL
fourood,inat_seed124,L14xD3L,Tk20,none,99.928372,0.1,inat,124,L14xD3L|Tk20|none
fourood,inat_seed124,L14xD3L,Tk20,TINS,99.9664394,0.05,inat,124,L14xD3L|Tk20|TINS
fourood,inat_seed124,L14xD3L,Tk20,TANL,99.9456158,0.08,inat,124,L14xD3L|Tk20|TANL
fourood,inat_seed124,L14xD3L,Tlp20,none,99.8696558,0.19,inat,124,L14xD3L|Tlp20|none
fourood,inat_seed124,L14xD3L,Tlp20,TINS,99.9582812,0.06,inat,124,L14xD3L|Tlp20|TINS
fourood,inat_seed124,L14xD3L,Tlp20,TANL,99.9188238,0.1,inat,124,L14xD3L|Tlp20|TANL
fourood,inat_seed124,D3B+D3L,T,none,99.9296382,0.18,inat,124,D3B+D3L|T|none
fourood,inat_seed124,D3B+D3L,T,TINS,99.958344,0.12,inat,124,D3B+D3L|T|TINS
fourood,inat_seed124,D3B+D3L,T,TANL,99.9435394,0.16,inat,124,D3B+D3L|T|TANL
fourood,inat_seed124,D3B+D3L,Tlp,none,99.8647888,0.27,inat,124,D3B+D3L|Tlp|none
fourood,inat_seed124,D3B+D3L,Tlp,TINS,99.9500676,0.11,inat,124,D3B+D3L|Tlp|TINS
fourood,inat_seed124,D3B+D3L,Tlp,TANL,99.9163308,0.16,inat,124,D3B+D3L|Tlp|TANL
fourood,inat_seed124,D3B+D3L,Tq0.05,none,99.9311892,0.15,inat,124,D3B+D3L|Tq0.05|none
fourood,inat_seed124,D3B+D3L,Tq0.05,TINS,99.9609692,0.09,inat,124,D3B+D3L|Tq0.05|TINS
fourood,inat_seed124,D3B+D3L,Tq0.05,TANL,99.9460757,0.12,inat,124,D3B+D3L|Tq0.05|TANL
fourood,inat_seed124,D3B+D3L,Tq0.2,none,99.9188605,0.21,inat,124,D3B+D3L|Tq0.2|none
fourood,inat_seed124,D3B+D3L,Tq0.2,TINS,99.9514692,0.15,inat,124,D3B+D3L|Tq0.2|TINS
fourood,inat_seed124,D3B+D3L,Tq0.2,TANL,99.9348491,0.1699999999999999,inat,124,D3B+D3L|Tq0.2|TANL
fourood,inat_seed124,D3B+D3L,Tnn,none,99.9470826,0.1699999999999999,inat,124,D3B+D3L|Tnn|none
fourood,inat_seed124,D3B+D3L,Tnn,TINS,99.9616548,0.13,inat,124,D3B+D3L|Tnn|TINS
fourood,inat_seed124,D3B+D3L,Tnn,TANL,99.954091,0.15,inat,124,D3B+D3L|Tnn|TANL
fourood,inat_seed124,D3B+D3L,Tk20,none,99.9373333,0.12,inat,124,D3B+D3L|Tk20|none
fourood,inat_seed124,D3B+D3L,Tk20,TINS,99.9639328,0.09,inat,124,D3B+D3L|Tk20|TINS
fourood,inat_seed124,D3B+D3L,Tk20,TANL,99.9498393,0.11,inat,124,D3B+D3L|Tk20|TANL
fourood,inat_seed124,D3B+D3L,Tlp20,none,99.8893962,0.1399999999999999,inat,124,D3B+D3L|Tlp20|none
fourood,inat_seed124,D3B+D3L,Tlp20,TINS,99.952757,0.0699999999999999,inat,124,D3B+D3L|Tlp20|TINS
fourood,inat_seed124,D3B+D3L,Tlp20,TANL,99.9237692,0.1,inat,124,D3B+D3L|Tlp20|TANL
fourood,inat_seed124,D3B+D3L,SL,none,99.90202329999998,0.31,inat,124,D3B+D3L|SL|none
fourood,inat_seed124,D3B+D3L,SL,TINS,99.9486492,0.18,inat,124,D3B+D3L|SL|TINS
fourood,inat_seed124,D3B+D3L,SL,TANL,99.9294622,0.2299999999999999,inat,124,D3B+D3L|SL|TANL
fourood,inat_seed124,D3B+D3L,static,none,98.9942328,3.77,inat,124,D3B+D3L|static|none
fourood,inat_seed124,D3B+D3L,static,TINS,99.917847,0.29,inat,124,D3B+D3L|static|TINS
fourood,inat_seed124,D3B+D3L,static,TANL,99.77112730000002,0.8699999999999999,inat,124,D3B+D3L|static|TANL
fourood,inat_seed124,L14+D3B+D3L,T,none,99.940338,0.13,inat,124,L14+D3B+D3L|T|none
fourood,inat_seed124,L14+D3B+D3L,T,TINS,99.9586168,0.09,inat,124,L14+D3B+D3L|T|TINS
fourood,inat_seed124,L14+D3B+D3L,T,TANL,99.9489268,0.1,inat,124,L14+D3B+D3L|T|TANL
fourood,inat_seed124,L14+D3B+D3L,Tlp,none,99.88310830000002,0.25,inat,124,L14+D3B+D3L|Tlp|none
fourood,inat_seed124,L14+D3B+D3L,Tlp,TINS,99.9484618,0.09,inat,124,L14+D3B+D3L|Tlp|TINS
fourood,inat_seed124,L14+D3B+D3L,Tlp,TANL,99.9196787,0.13,inat,124,L14+D3B+D3L|Tlp|TANL
fourood,inat_seed124,L14+D3B+D3L,Tq0.05,none,99.9445393,0.11,inat,124,L14+D3B+D3L|Tq0.05|none
fourood,inat_seed124,L14+D3B+D3L,Tq0.05,TINS,99.962268,0.09,inat,124,L14+D3B+D3L|Tq0.05|TINS
fourood,inat_seed124,L14+D3B+D3L,Tq0.05,TANL,99.9528535,0.1,inat,124,L14+D3B+D3L|Tq0.05|TANL
fourood,inat_seed124,L14+D3B+D3L,Tq0.2,none,99.9309635,0.1699999999999999,inat,124,L14+D3B+D3L|Tq0.2|none
fourood,inat_seed124,L14+D3B+D3L,Tq0.2,TINS,99.9520304,0.12,inat,124,L14+D3B+D3L|Tq0.2|TINS
fourood,inat_seed124,L14+D3B+D3L,Tq0.2,TANL,99.940807,0.1399999999999999,inat,124,L14+D3B+D3L|Tq0.2|TANL
fourood,inat_seed124,L14+D3B+D3L,Tnn,none,99.9492406,0.11,inat,124,L14+D3B+D3L|Tnn|none
fourood,inat_seed124,L14+D3B+D3L,Tnn,TINS,99.9604648,0.09,inat,124,L14+D3B+D3L|Tnn|TINS
fourood,inat_seed124,L14+D3B+D3L,Tnn,TANL,99.9538244,0.11,inat,124,L14+D3B+D3L|Tnn|TANL
fourood,inat_seed124,L14+D3B+D3L,Tk20,none,99.9462886,0.08,inat,124,L14+D3B+D3L|Tk20|none
fourood,inat_seed124,L14+D3B+D3L,Tk20,TINS,99.9639172,0.06,inat,124,L14+D3B+D3L|Tk20|TINS
fourood,inat_seed124,L14+D3B+D3L,Tk20,TANL,99.9541441,0.08,inat,124,L14+D3B+D3L|Tk20|TANL
fourood,inat_seed124,L14+D3B+D3L,Tlp20,none,99.9014474,0.1,inat,124,L14+D3B+D3L|Tlp20|none
fourood,inat_seed124,L14+D3B+D3L,Tlp20,TINS,99.9523274,0.0699999999999999,inat,124,L14+D3B+D3L|Tlp20|TINS
fourood,inat_seed124,L14+D3B+D3L,Tlp20,TANL,99.92683,0.08,inat,124,L14+D3B+D3L|Tlp20|TANL
fourood,inat_seed124,L14+D3B+D3L,SL,none,99.9181699,0.27,inat,124,L14+D3B+D3L|SL|none
fourood,inat_seed124,L14+D3B+D3L,SL,TINS,99.9500036,0.15,inat,124,L14+D3B+D3L|SL|TINS
fourood,inat_seed124,L14+D3B+D3L,SL,TANL,99.9341452,0.22,inat,124,L14+D3B+D3L|SL|TANL
fourood,inat_seed124,L14+D3B+D3L,static,none,99.2508867,2.83,inat,124,L14+D3B+D3L|static|none
fourood,inat_seed124,L14+D3B+D3L,static,TINS,99.91342500000002,0.3399999999999999,inat,124,L14+D3B+D3L|static|TINS
fourood,inat_seed124,L14+D3B+D3L,static,TANL,99.7621856,0.94,inat,124,L14+D3B+D3L|static|TANL
fourood,inat_seed124,B14+L14+D3L,T,none,99.9339082,0.16,inat,124,B14+L14+D3L|T|none
fourood,inat_seed124,B14+L14+D3L,T,TINS,99.955384,0.11,inat,124,B14+L14+D3L|T|TINS
fourood,inat_seed124,B14+L14+D3L,T,TANL,99.9437734,0.1399999999999999,inat,124,B14+L14+D3L|T|TANL
fourood,inat_seed124,B14+L14+D3L,Tlp,none,99.8740476,0.3,inat,124,B14+L14+D3L|Tlp|none
fourood,inat_seed124,B14+L14+D3L,Tlp,TINS,99.9476624,0.09,inat,124,B14+L14+D3L|Tlp|TINS
fourood,inat_seed124,B14+L14+D3L,Tlp,TANL,99.9146282,0.19,inat,124,B14+L14+D3L|Tlp|TANL
fourood,inat_seed124,B14+L14+D3L,Tq0.05,none,99.9406753,0.13,inat,124,B14+L14+D3L|Tq0.05|none
fourood,inat_seed124,B14+L14+D3L,Tq0.05,TINS,99.96068019999998,0.1,inat,124,B14+L14+D3L|Tq0.05|TINS
fourood,inat_seed124,B14+L14+D3L,Tq0.05,TANL,99.9500701,0.11,inat,124,B14+L14+D3L|Tq0.05|TANL
fourood,inat_seed124,B14+L14+D3L,Tq0.2,none,99.9245455,0.18,inat,124,B14+L14+D3L|Tq0.2|none
fourood,inat_seed124,B14+L14+D3L,Tq0.2,TINS,99.9492204,0.15,inat,124,B14+L14+D3L|Tq0.2|TINS
fourood,inat_seed124,B14+L14+D3L,Tq0.2,TANL,99.93575,0.1699999999999999,inat,124,B14+L14+D3L|Tq0.2|TANL
fourood,inat_seed124,B14+L14+D3L,Tnn,none,99.9403698,0.13,inat,124,B14+L14+D3L|Tnn|none
fourood,inat_seed124,B14+L14+D3L,Tnn,TINS,99.9554946,0.1,inat,124,B14+L14+D3L|Tnn|TINS
fourood,inat_seed124,B14+L14+D3L,Tnn,TANL,99.9463504,0.11,inat,124,B14+L14+D3L|Tnn|TANL
fourood,inat_seed124,B14+L14+D3L,Tk20,none,99.9428787,0.09,inat,124,B14+L14+D3L|Tk20|none
fourood,inat_seed124,B14+L14+D3L,Tk20,TINS,99.9624572,0.0699999999999999,inat,124,B14+L14+D3L|Tk20|TINS
fourood,inat_seed124,B14+L14+D3L,Tk20,TANL,99.9514035,0.09,inat,124,B14+L14+D3L|Tk20|TANL
fourood,inat_seed124,B14+L14+D3L,Tlp20,none,99.89146420000002,0.13,inat,124,B14+L14+D3L|Tlp20|none
fourood,inat_seed124,B14+L14+D3L,Tlp20,TINS,99.9514292,0.08,inat,124,B14+L14+D3L|Tlp20|TINS
fourood,inat_seed124,B14+L14+D3L,Tlp20,TANL,99.921702,0.1,inat,124,B14+L14+D3L|Tlp20|TANL
fourood,inat_seed124,B14+L14+D3L,SL,none,99.9106846,0.26,inat,124,B14+L14+D3L|SL|none
fourood,inat_seed124,B14+L14+D3L,SL,TINS,99.9471036,0.16,inat,124,B14+L14+D3L|SL|TINS
fourood,inat_seed124,B14+L14+D3L,SL,TANL,99.927374,0.2299999999999999,inat,124,B14+L14+D3L|SL|TANL
fourood,inat_seed124,B14+L14+D3L,static,none,99.3624654,2.48,inat,124,B14+L14+D3L|static|none
fourood,inat_seed124,B14+L14+D3L,static,TINS,99.9223266,0.25,inat,124,B14+L14+D3L|static|TINS
fourood,inat_seed124,B14+L14+D3L,static,TANL,99.7884096,0.69,inat,124,B14+L14+D3L|static|TANL
fourood,inat_seed124,B14+L14+D3B+D3L,T,none,99.9390228,0.1399999999999999,inat,124,B14+L14+D3B+D3L|T|none
fourood,inat_seed124,B14+L14+D3B+D3L,T,TINS,99.9549734,0.11,inat,124,B14+L14+D3B+D3L|T|TINS
fourood,inat_seed124,B14+L14+D3B+D3L,T,TANL,99.9462085,0.12,inat,124,B14+L14+D3B+D3L|T|TANL
fourood,inat_seed124,B14+L14+D3B+D3L,Tlp,none,99.8826535,0.26,inat,124,B14+L14+D3B+D3L|Tlp|none
fourood,inat_seed124,B14+L14+D3B+D3L,Tlp,TINS,99.9428502,0.09,inat,124,B14+L14+D3B+D3L|Tlp|TINS
fourood,inat_seed124,B14+L14+D3B+D3L,Tlp,TANL,99.9137893,0.16,inat,124,B14+L14+D3B+D3L|Tlp|TANL
fourood,inat_seed124,B14+L14+D3B+D3L,Tq0.05,none,99.94405770000002,0.11,inat,124,B14+L14+D3B+D3L|Tq0.05|none
fourood,inat_seed124,B14+L14+D3B+D3L,Tq0.05,TINS,99.959495,0.1,inat,124,B14+L14+D3B+D3L|Tq0.05|TINS
fourood,inat_seed124,B14+L14+D3B+D3L,Tq0.05,TANL,99.9510652,0.1,inat,124,B14+L14+D3B+D3L|Tq0.05|TANL
fourood,inat_seed124,B14+L14+D3B+D3L,Tq0.2,none,99.9301934,0.1699999999999999,inat,124,B14+L14+D3B+D3L|Tq0.2|none
fourood,inat_seed124,B14+L14+D3B+D3L,Tq0.2,TINS,99.9482588,0.12,inat,124,B14+L14+D3B+D3L|Tq0.2|TINS
fourood,inat_seed124,B14+L14+D3B+D3L,Tq0.2,TANL,99.9381347,0.1399999999999999,inat,124,B14+L14+D3B+D3L|Tq0.2|TANL
fourood,inat_seed124,B14+L14+D3B+D3L,Tnn,none,99.9468637,0.12,inat,124,B14+L14+D3B+D3L|Tnn|none
fourood,inat_seed124,B14+L14+D3B+D3L,Tnn,TINS,99.9565,0.12,inat,124,B14+L14+D3B+D3L|Tnn|TINS
fourood,inat_seed124,B14+L14+D3B+D3L,Tnn,TANL,99.950538,0.12,inat,124,B14+L14+D3B+D3L|Tnn|TANL
fourood,inat_seed124,B14+L14+D3B+D3L,Tk20,none,99.9456685,0.09,inat,124,B14+L14+D3B+D3L|Tk20|none
fourood,inat_seed124,B14+L14+D3B+D3L,Tk20,TINS,99.9611482,0.0699999999999999,inat,124,B14+L14+D3B+D3L|Tk20|TINS
fourood,inat_seed124,B14+L14+D3B+D3L,Tk20,TANL,99.9521914,0.08,inat,124,B14+L14+D3B+D3L|Tk20|TANL
fourood,inat_seed124,B14+L14+D3B+D3L,Tlp20,none,99.8967477,0.11,inat,124,B14+L14+D3B+D3L|Tlp20|none
fourood,inat_seed124,B14+L14+D3B+D3L,Tlp20,TINS,99.947108,0.08,inat,124,B14+L14+D3B+D3L|Tlp20|TINS
fourood,inat_seed124,B14+L14+D3B+D3L,Tlp20,TANL,99.9209293,0.09,inat,124,B14+L14+D3B+D3L|Tlp20|TANL
fourood,inat_seed124,B14+L14+D3B+D3L,SL,none,99.9166032,0.25,inat,124,B14+L14+D3B+D3L|SL|none
fourood,inat_seed124,B14+L14+D3B+D3L,SL,TINS,99.94340339999998,0.18,inat,124,B14+L14+D3B+D3L|SL|TINS
fourood,inat_seed124,B14+L14+D3B+D3L,SL,TANL,99.92875399999998,0.21,inat,124,B14+L14+D3B+D3L|SL|TANL
fourood,inat_seed124,B14+L14+D3B+D3L,static,none,99.34851249999998,2.46,inat,124,B14+L14+D3B+D3L|static|none
fourood,inat_seed124,B14+L14+D3B+D3L,static,TINS,99.8908346,0.4599999999999999,inat,124,B14+L14+D3B+D3L|static|TINS
fourood,inat_seed124,B14+L14+D3B+D3L,static,TANL,99.7307528,1.04,inat,124,B14+L14+D3B+D3L|static|TANL
fourood,inat_seed124,B14+L14,T,none,99.9126869,0.24,inat,124,B14+L14|T|none
fourood,inat_seed124,B14+L14,T,TINS,99.949662,0.15,inat,124,B14+L14|T|TINS
fourood,inat_seed124,B14+L14,T,TANL,99.9306683,0.21,inat,124,B14+L14|T|TANL
fourood,inat_seed124,B14+L14,Tlp,none,99.8327196,0.38,inat,124,B14+L14|Tlp|none
fourood,inat_seed124,B14+L14,Tlp,TINS,99.9462372,0.13,inat,124,B14+L14|Tlp|TINS
fourood,inat_seed124,B14+L14,Tlp,TANL,99.8998663,0.25,inat,124,B14+L14|Tlp|TANL
fourood,inat_seed124,B14+L14,Tq0.05,none,99.92235999999998,0.21,inat,124,B14+L14|Tq0.05|none
fourood,inat_seed124,B14+L14,Tq0.05,TINS,99.9558708,0.12,inat,124,B14+L14|Tq0.05|TINS
fourood,inat_seed124,B14+L14,Tq0.05,TANL,99.9392569,0.16,inat,124,B14+L14|Tq0.05|TANL
fourood,inat_seed124,B14+L14,Tq0.2,none,99.8990717,0.31,inat,124,B14+L14|Tq0.2|none
fourood,inat_seed124,B14+L14,Tq0.2,TINS,99.9433654,0.2,inat,124,B14+L14|Tq0.2|TINS
fourood,inat_seed124,B14+L14,Tq0.2,TANL,99.9202798,0.2799999999999999,inat,124,B14+L14|Tq0.2|TANL
fourood,inat_seed124,B14+L14,Tnn,none,99.9160939,0.26,inat,124,B14+L14|Tnn|none
fourood,inat_seed124,B14+L14,Tnn,TINS,99.9470704,0.1699999999999999,inat,124,B14+L14|Tnn|TINS
fourood,inat_seed124,B14+L14,Tnn,TANL,99.9299534,0.19,inat,124,B14+L14|Tnn|TANL
fourood,inat_seed124,B14+L14,Tk20,none,99.9263566,0.12,inat,124,B14+L14|Tk20|none
fourood,inat_seed124,B14+L14,Tk20,TINS,99.9581548,0.08,inat,124,B14+L14|Tk20|TINS
fourood,inat_seed124,B14+L14,Tk20,TANL,99.9416337,0.11,inat,124,B14+L14|Tk20|TANL
fourood,inat_seed124,B14+L14,Tlp20,none,99.8614948,0.22,inat,124,B14+L14|Tlp20|none
fourood,inat_seed124,B14+L14,Tlp20,TINS,99.95068120000002,0.1,inat,124,B14+L14|Tlp20|TINS
fourood,inat_seed124,B14+L14,Tlp20,TANL,99.9126009,0.1699999999999999,inat,124,B14+L14|Tlp20|TANL
fourood,inat_seed124,B14+L14,SL,none,99.8753917,0.37,inat,124,B14+L14|SL|none
fourood,inat_seed124,B14+L14,SL,TINS,99.944573,0.19,inat,124,B14+L14|SL|TINS
fourood,inat_seed124,B14+L14,SL,TANL,99.9102168,0.3,inat,124,B14+L14|SL|TANL
fourood,inat_seed124,B14+L14,static,none,99.273847,2.5700000000000003,inat,124,B14+L14|static|none
fourood,inat_seed124,B14+L14,static,TINS,99.9386392,0.19,inat,124,B14+L14|static|TINS
fourood,inat_seed124,B14+L14,static,TANL,99.8222412,0.47,inat,124,B14+L14|static|TANL
fourood,inat_seed125,L14xD3L+D3L,T,none,99.9182068,0.15,inat,125,L14xD3L+D3L|T|none
fourood,inat_seed125,L14xD3L+D3L,T,TINS,99.9589298,0.09,inat,125,L14xD3L+D3L|T|TINS
fourood,inat_seed125,L14xD3L+D3L,T,TANL,99.943946,0.12,inat,125,L14xD3L+D3L|T|TANL
fourood,inat_seed125,L14xD3L+D3L,Tlp,none,99.84725360000002,0.32,inat,125,L14xD3L+D3L|Tlp|none
fourood,inat_seed125,L14xD3L+D3L,Tlp,TINS,99.94939759999998,0.08,inat,125,L14xD3L+D3L|Tlp|TINS
fourood,inat_seed125,L14xD3L+D3L,Tlp,TANL,99.9164507,0.1399999999999999,inat,125,L14xD3L+D3L|Tlp|TANL
fourood,inat_seed125,L14xD3L+D3L,Tq0.05,none,99.9250214,0.11,inat,125,L14xD3L+D3L|Tq0.05|none
fourood,inat_seed125,L14xD3L+D3L,Tq0.05,TINS,99.96275479999998,0.05,inat,125,L14xD3L+D3L|Tq0.05|TINS
fourood,inat_seed125,L14xD3L+D3L,Tq0.05,TANL,99.9493971,0.08,inat,125,L14xD3L+D3L|Tq0.05|TANL
fourood,inat_seed125,L14xD3L+D3L,Tq0.2,none,99.9090421,0.18,inat,125,L14xD3L+D3L|Tq0.2|none
fourood,inat_seed125,L14xD3L+D3L,Tq0.2,TINS,99.9538402,0.09,inat,125,L14xD3L+D3L|Tq0.2|TINS
fourood,inat_seed125,L14xD3L+D3L,Tq0.2,TANL,99.937324,0.1399999999999999,inat,125,L14xD3L+D3L|Tq0.2|TANL
fourood,inat_seed125,L14xD3L+D3L,Tnn,none,99.930789,0.1399999999999999,inat,125,L14xD3L+D3L|Tnn|none
fourood,inat_seed125,L14xD3L+D3L,Tnn,TINS,99.9605842,0.09,inat,125,L14xD3L+D3L|Tnn|TINS
fourood,inat_seed125,L14xD3L+D3L,Tnn,TANL,99.9485774,0.11,inat,125,L14xD3L+D3L|Tnn|TANL
fourood,inat_seed125,L14xD3L+D3L,Tk20,none,99.9391132,0.1,inat,125,L14xD3L+D3L|Tk20|none
fourood,inat_seed125,L14xD3L+D3L,Tk20,TINS,99.9656586,0.08,inat,125,L14xD3L+D3L|Tk20|TINS
fourood,inat_seed125,L14xD3L+D3L,Tk20,TANL,99.9527889,0.09,inat,125,L14xD3L+D3L|Tk20|TANL
fourood,inat_seed125,L14xD3L+D3L,Tlp20,none,99.886718,0.15,inat,125,L14xD3L+D3L|Tlp20|none
fourood,inat_seed125,L14xD3L+D3L,Tlp20,TINS,99.9530682,0.0699999999999999,inat,125,L14xD3L+D3L|Tlp20|TINS
fourood,inat_seed125,L14xD3L+D3L,Tlp20,TANL,99.9244776,0.0699999999999999,inat,125,L14xD3L+D3L|Tlp20|TANL
fourood,inat_seed125,L14+D3L,T,none,99.9332714,0.1399999999999999,inat,125,L14+D3L|T|none
fourood,inat_seed125,L14+D3L,T,TINS,99.9595026,0.09,inat,125,L14+D3L|T|TINS
fourood,inat_seed125,L14+D3L,T,TANL,99.9473732,0.11,inat,125,L14+D3L|T|TANL
fourood,inat_seed125,L14+D3L,Tlp,none,99.86770570000002,0.2799999999999999,inat,125,L14+D3L|Tlp|none
fourood,inat_seed125,L14+D3L,Tlp,TINS,99.9515426,0.08,inat,125,L14+D3L|Tlp|TINS
fourood,inat_seed125,L14+D3L,Tlp,TANL,99.9224972,0.12,inat,125,L14+D3L|Tlp|TANL
fourood,inat_seed125,L14+D3L,Tq0.05,none,99.9395246,0.12,inat,125,L14+D3L|Tq0.05|none
fourood,inat_seed125,L14+D3L,Tq0.05,TINS,99.96384720000002,0.06,inat,125,L14+D3L|Tq0.05|TINS
fourood,inat_seed125,L14+D3L,Tq0.05,TANL,99.9531816,0.08,inat,125,L14+D3L|Tq0.05|TANL
fourood,inat_seed125,L14+D3L,Tq0.2,none,99.9230219,0.1699999999999999,inat,125,L14+D3L|Tq0.2|none
fourood,inat_seed125,L14+D3L,Tq0.2,TINS,99.953837,0.11,inat,125,L14+D3L|Tq0.2|TINS
fourood,inat_seed125,L14+D3L,Tq0.2,TANL,99.93984530000002,0.15,inat,125,L14+D3L|Tq0.2|TANL
fourood,inat_seed125,L14+D3L,Tnn,none,99.9404371,0.1399999999999999,inat,125,L14+D3L|Tnn|none
fourood,inat_seed125,L14+D3L,Tnn,TINS,99.9606234,0.09,inat,125,L14+D3L|Tnn|TINS
fourood,inat_seed125,L14+D3L,Tnn,TANL,99.9501734,0.1,inat,125,L14+D3L|Tnn|TANL
fourood,inat_seed125,L14+D3L,Tk20,none,99.9426524,0.09,inat,125,L14+D3L|Tk20|none
fourood,inat_seed125,L14+D3L,Tk20,TINS,99.9656598,0.06,inat,125,L14+D3L|Tk20|TINS
fourood,inat_seed125,L14+D3L,Tk20,TANL,99.9545527,0.08,inat,125,L14+D3L|Tk20|TANL
fourood,inat_seed125,L14+D3L,Tlp20,none,99.8946462,0.12,inat,125,L14+D3L|Tlp20|none
fourood,inat_seed125,L14+D3L,Tlp20,TINS,99.9547146,0.0699999999999999,inat,125,L14+D3L|Tlp20|TINS
fourood,inat_seed125,L14+D3L,Tlp20,TANL,99.929384,0.09,inat,125,L14+D3L|Tlp20|TANL
fourood,inat_seed125,L14+D3L,SL,none,99.9023503,0.24,inat,125,L14+D3L|SL|none
fourood,inat_seed125,L14+D3L,SL,TINS,99.9503168,0.12,inat,125,L14+D3L|SL|TINS
fourood,inat_seed125,L14+D3L,SL,TANL,99.9292768,0.1399999999999999,inat,125,L14+D3L|SL|TANL
fourood,inat_seed125,L14+D3L,static,none,99.20854349999998,3.0,inat,125,L14+D3L|static|none
fourood,inat_seed125,L14+D3L,static,TINS,99.9416608,0.22,inat,125,L14+D3L|static|TINS
fourood,inat_seed125,L14+D3L,static,TANL,99.831041,0.51,inat,125,L14+D3L|static|TANL
fourood,inat_seed125,D3L,T,none,99.9130367,0.2,inat,125,D3L|T|none
fourood,inat_seed125,D3L,T,TINS,99.96133859999998,0.08,inat,125,D3L|T|TINS
fourood,inat_seed125,D3L,T,TANL,99.9429755,0.15,inat,125,D3L|T|TANL
fourood,inat_seed125,D3L,Tlp,none,99.8381647,0.38,inat,125,D3L|Tlp|none
fourood,inat_seed125,D3L,Tlp,TINS,99.95347979999998,0.08,inat,125,D3L|Tlp|TINS
fourood,inat_seed125,D3L,Tlp,TANL,99.9221607,0.13,inat,125,D3L|Tlp|TANL
fourood,inat_seed125,D3L,Tq0.05,none,99.9181861,0.16,inat,125,D3L|Tq0.05|none
fourood,inat_seed125,D3L,Tq0.05,TINS,99.9638688,0.0699999999999999,inat,125,D3L|Tq0.05|TINS
fourood,inat_seed125,D3L,Tq0.05,TANL,99.9472212,0.1,inat,125,D3L|Tq0.05|TANL
fourood,inat_seed125,D3L,Tq0.2,none,99.9037972,0.26,inat,125,D3L|Tq0.2|none
fourood,inat_seed125,D3L,Tq0.2,TINS,99.9571924,0.08,inat,125,D3L|Tq0.2|TINS
fourood,inat_seed125,D3L,Tq0.2,TANL,99.9371926,0.15,inat,125,D3L|Tq0.2|TANL
fourood,inat_seed125,D3L,Tnn,none,99.9351246,0.19,inat,125,D3L|Tnn|none
fourood,inat_seed125,D3L,Tnn,TINS,99.9660702,0.08,inat,125,D3L|Tnn|TINS
fourood,inat_seed125,D3L,Tnn,TANL,99.9545002,0.1399999999999999,inat,125,D3L|Tnn|TANL
fourood,inat_seed125,D3L,Tk20,none,99.93066609999998,0.12,inat,125,D3L|Tk20|none
fourood,inat_seed125,D3L,Tk20,TINS,99.9678704,0.06,inat,125,D3L|Tk20|TINS
fourood,inat_seed125,D3L,Tk20,TANL,99.9507229,0.08,inat,125,D3L|Tk20|TANL
fourood,inat_seed125,D3L,Tlp20,none,99.87905139999998,0.15,inat,125,D3L|Tlp20|none
fourood,inat_seed125,D3L,Tlp20,TINS,99.9552632,0.06,inat,125,D3L|Tlp20|TINS
fourood,inat_seed125,D3L,Tlp20,TANL,99.92642559999996,0.06,inat,125,D3L|Tlp20|TANL
fourood,inat_seed125,D3L,SL,none,99.8896421,0.3,inat,125,D3L|SL|none
fourood,inat_seed125,D3L,SL,TINS,99.9542088,0.11,inat,125,D3L|SL|TINS
fourood,inat_seed125,D3L,SL,TANL,99.9332864,0.15,inat,125,D3L|SL|TANL
fourood,inat_seed125,D3L,static,none,98.95483729999998,3.97,inat,125,D3L|static|none
fourood,inat_seed125,D3L,static,TINS,99.94692300000004,0.18,inat,125,D3L|static|TINS
fourood,inat_seed125,D3L,static,TANL,99.8740731,0.51,inat,125,D3L|static|TANL
fourood,inat_seed125,L14,T,none,99.8802489,0.3899999999999999,inat,125,L14|T|none
fourood,inat_seed125,L14,T,TINS,99.9547894,0.1399999999999999,inat,125,L14|T|TINS
fourood,inat_seed125,L14,T,TANL,99.9274854,0.2299999999999999,inat,125,L14|T|TANL
fourood,inat_seed125,L14,Tlp,none,99.7822623,0.62,inat,125,L14|Tlp|none
fourood,inat_seed125,L14,Tlp,TINS,99.9486008,0.1,inat,125,L14|Tlp|TINS
fourood,inat_seed125,L14,Tlp,TANL,99.9021261,0.26,inat,125,L14|Tlp|TANL
fourood,inat_seed125,L14,Tq0.05,none,99.8980055,0.24,inat,125,L14|Tq0.05|none
fourood,inat_seed125,L14,Tq0.05,TINS,99.9601888,0.08,inat,125,L14|Tq0.05|TINS
fourood,inat_seed125,L14,Tq0.05,TANL,99.9380872,0.15,inat,125,L14|Tq0.05|TANL
fourood,inat_seed125,L14,Tq0.2,none,99.8574204,0.51,inat,125,L14|Tq0.2|none
fourood,inat_seed125,L14,Tq0.2,TINS,99.9491784,0.16,inat,125,L14|Tq0.2|TINS
fourood,inat_seed125,L14,Tq0.2,TANL,99.9152372,0.31,inat,125,L14|Tq0.2|TANL
fourood,inat_seed125,L14,Tnn,none,99.8565345,0.33,inat,125,L14|Tnn|none
fourood,inat_seed125,L14,Tnn,TINS,99.9516984,0.16,inat,125,L14|Tnn|TINS
fourood,inat_seed125,L14,Tnn,TANL,99.920875,0.21,inat,125,L14|Tnn|TANL
fourood,inat_seed125,L14,Tk20,none,99.90446839999998,0.16,inat,125,L14|Tk20|none
fourood,inat_seed125,L14,Tk20,TINS,99.9607926,0.0699999999999999,inat,125,L14|Tk20|TINS
fourood,inat_seed125,L14,Tk20,TANL,99.9382918,0.11,inat,125,L14|Tk20|TANL
fourood,inat_seed125,L14,Tlp20,none,99.8425318,0.31,inat,125,L14|Tlp20|none
fourood,inat_seed125,L14,Tlp20,TINS,99.953718,0.0699999999999999,inat,125,L14|Tlp20|TINS
fourood,inat_seed125,L14,Tlp20,TANL,99.9146059,0.1699999999999999,inat,125,L14|Tlp20|TANL
fourood,inat_seed125,L14,SL,none,99.7860708,0.51,inat,125,L14|SL|none
fourood,inat_seed125,L14,SL,TINS,99.9516476,0.13,inat,125,L14|SL|TINS
fourood,inat_seed125,L14,SL,TANL,99.9030318,0.2799999999999999,inat,125,L14|SL|TANL
fourood,inat_seed125,L14,static,none,98.8135767,4.01,inat,125,L14|static|none
fourood,inat_seed125,L14,static,TINS,99.9529204,0.13,inat,125,L14|static|TINS
fourood,inat_seed125,L14,static,TANL,99.8644951,0.36,inat,125,L14|static|TANL
fourood,inat_seed125,L14xD3L,T,none,99.8833201,0.16,inat,125,L14xD3L|T|none
fourood,inat_seed125,L14xD3L,T,TINS,99.96137520000002,0.06,inat,125,L14xD3L|T|TINS
fourood,inat_seed125,L14xD3L,T,TANL,99.9401902,0.11,inat,125,L14xD3L|T|TANL
fourood,inat_seed125,L14xD3L,Tlp,none,99.8026967,0.43,inat,125,L14xD3L|Tlp|none
fourood,inat_seed125,L14xD3L,Tlp,TINS,99.9530856,0.0699999999999999,inat,125,L14xD3L|Tlp|TINS
fourood,inat_seed125,L14xD3L,Tlp,TANL,99.9180863,0.12,inat,125,L14xD3L|Tlp|TANL
fourood,inat_seed125,L14xD3L,Tq0.05,none,99.89450739999998,0.11,inat,125,L14xD3L|Tq0.05|none
fourood,inat_seed125,L14xD3L,Tq0.05,TINS,99.9649132,0.06,inat,125,L14xD3L|Tq0.05|TINS
fourood,inat_seed125,L14xD3L,Tq0.05,TANL,99.94659919999998,0.0699999999999999,inat,125,L14xD3L|Tq0.05|TANL
fourood,inat_seed125,L14xD3L,Tq0.2,none,99.87310720000002,0.2299999999999999,inat,125,L14xD3L|Tq0.2|none
fourood,inat_seed125,L14xD3L,Tq0.2,TINS,99.9574812,0.0699999999999999,inat,125,L14xD3L|Tq0.2|TINS
fourood,inat_seed125,L14xD3L,Tq0.2,TANL,99.9334809,0.12,inat,125,L14xD3L|Tq0.2|TANL
fourood,inat_seed125,L14xD3L,Tnn,none,99.9024608,0.15,inat,125,L14xD3L|Tnn|none
fourood,inat_seed125,L14xD3L,Tnn,TINS,99.9617486,0.08,inat,125,L14xD3L|Tnn|TINS
fourood,inat_seed125,L14xD3L,Tnn,TANL,99.9450739,0.1,inat,125,L14xD3L|Tnn|TANL
fourood,inat_seed125,L14xD3L,Tk20,none,99.92837199999998,0.1,inat,125,L14xD3L|Tk20|none
fourood,inat_seed125,L14xD3L,Tk20,TINS,99.9649628,0.0699999999999999,inat,125,L14xD3L|Tk20|TINS
fourood,inat_seed125,L14xD3L,Tk20,TANL,99.9465656,0.08,inat,125,L14xD3L|Tk20|TANL
fourood,inat_seed125,L14xD3L,Tlp20,none,99.8696558,0.19,inat,125,L14xD3L|Tlp20|none
fourood,inat_seed125,L14xD3L,Tlp20,TINS,99.9541684,0.0699999999999999,inat,125,L14xD3L|Tlp20|TINS
fourood,inat_seed125,L14xD3L,Tlp20,TANL,99.9200751,0.1,inat,125,L14xD3L|Tlp20|TANL
fourood,inat_seed125,D3B+D3L,T,none,99.9296366,0.18,inat,125,D3B+D3L|T|none
fourood,inat_seed125,D3B+D3L,T,TINS,99.9572678,0.12,inat,125,D3B+D3L|T|TINS
fourood,inat_seed125,D3B+D3L,T,TANL,99.9445846,0.1399999999999999,inat,125,D3B+D3L|T|TANL
fourood,inat_seed125,D3B+D3L,Tlp,none,99.8647857,0.27,inat,125,D3B+D3L|Tlp|none
fourood,inat_seed125,D3B+D3L,Tlp,TINS,99.94744,0.1,inat,125,D3B+D3L|Tlp|TINS
fourood,inat_seed125,D3B+D3L,Tlp,TANL,99.91628049999998,0.1699999999999999,inat,125,D3B+D3L|Tlp|TANL
fourood,inat_seed125,D3B+D3L,Tq0.05,none,99.9311868,0.15,inat,125,D3B+D3L|Tq0.05|none
fourood,inat_seed125,D3B+D3L,Tq0.05,TINS,99.9598116,0.1,inat,125,D3B+D3L|Tq0.05|TINS
fourood,inat_seed125,D3B+D3L,Tq0.05,TANL,99.9473834,0.12,inat,125,D3B+D3L|Tq0.05|TANL
fourood,inat_seed125,D3B+D3L,Tq0.2,none,99.9188597,0.21,inat,125,D3B+D3L|Tq0.2|none
fourood,inat_seed125,D3B+D3L,Tq0.2,TINS,99.9503462,0.1399999999999999,inat,125,D3B+D3L|Tq0.2|TINS
fourood,inat_seed125,D3B+D3L,Tq0.2,TANL,99.9359455,0.1699999999999999,inat,125,D3B+D3L|Tq0.2|TANL
fourood,inat_seed125,D3B+D3L,Tnn,none,99.947082,0.1699999999999999,inat,125,D3B+D3L|Tnn|none
fourood,inat_seed125,D3B+D3L,Tnn,TINS,99.9611708,0.11,inat,125,D3B+D3L|Tnn|TINS
fourood,inat_seed125,D3B+D3L,Tnn,TANL,99.9545804,0.1399999999999999,inat,125,D3B+D3L|Tnn|TANL
fourood,inat_seed125,D3B+D3L,Tk20,none,99.9373333,0.12,inat,125,D3B+D3L|Tk20|none
fourood,inat_seed125,D3B+D3L,Tk20,TINS,99.963076,0.09,inat,125,D3B+D3L|Tk20|TINS
fourood,inat_seed125,D3B+D3L,Tk20,TANL,99.9507863,0.1,inat,125,D3B+D3L|Tk20|TANL
fourood,inat_seed125,D3B+D3L,Tlp20,none,99.8893962,0.1399999999999999,inat,125,D3B+D3L|Tlp20|none
fourood,inat_seed125,D3B+D3L,Tlp20,TINS,99.950361,0.0699999999999999,inat,125,D3B+D3L|Tlp20|TINS
fourood,inat_seed125,D3B+D3L,Tlp20,TANL,99.9245997,0.1,inat,125,D3B+D3L|Tlp20|TANL
fourood,inat_seed125,D3B+D3L,SL,none,99.9000944,0.33,inat,125,D3B+D3L|SL|none
fourood,inat_seed125,D3B+D3L,SL,TINS,99.9441554,0.15,inat,125,D3B+D3L|SL|TINS
fourood,inat_seed125,D3B+D3L,SL,TANL,99.925883,0.22,inat,125,D3B+D3L|SL|TANL
fourood,inat_seed125,D3B+D3L,static,none,98.9942328,3.77,inat,125,D3B+D3L|static|none
fourood,inat_seed125,D3B+D3L,static,TINS,99.9158986,0.3399999999999999,inat,125,D3B+D3L|static|TINS
fourood,inat_seed125,D3B+D3L,static,TANL,99.7719362,0.86,inat,125,D3B+D3L|static|TANL
fourood,inat_seed125,L14+D3B+D3L,T,none,99.9403382,0.13,inat,125,L14+D3B+D3L|T|none
fourood,inat_seed125,L14+D3B+D3L,T,TINS,99.9578606,0.09,inat,125,L14+D3B+D3L|T|TINS
fourood,inat_seed125,L14+D3B+D3L,T,TANL,99.9496046,0.1,inat,125,L14+D3B+D3L|T|TANL
fourood,inat_seed125,L14+D3B+D3L,Tlp,none,99.88310780000002,0.25,inat,125,L14+D3B+D3L|Tlp|none
fourood,inat_seed125,L14+D3B+D3L,Tlp,TINS,99.9461978,0.09,inat,125,L14+D3B+D3L|Tlp|TINS
fourood,inat_seed125,L14+D3B+D3L,Tlp,TANL,99.9205896,0.15,inat,125,L14+D3B+D3L|Tlp|TANL
fourood,inat_seed125,L14+D3B+D3L,Tq0.05,none,99.9445386,0.11,inat,125,L14+D3B+D3L|Tq0.05|none
fourood,inat_seed125,L14+D3B+D3L,Tq0.05,TINS,99.9616008,0.09,inat,125,L14+D3B+D3L|Tq0.05|TINS
fourood,inat_seed125,L14+D3B+D3L,Tq0.05,TANL,99.9536339,0.09,inat,125,L14+D3B+D3L|Tq0.05|TANL
fourood,inat_seed125,L14+D3B+D3L,Tq0.2,none,99.930963,0.1699999999999999,inat,125,L14+D3B+D3L|Tq0.2|none
fourood,inat_seed125,L14+D3B+D3L,Tq0.2,TINS,99.951197,0.11,inat,125,L14+D3B+D3L|Tq0.2|TINS
fourood,inat_seed125,L14+D3B+D3L,Tq0.2,TANL,99.9415521,0.1399999999999999,inat,125,L14+D3B+D3L|Tq0.2|TANL
fourood,inat_seed125,L14+D3B+D3L,Tnn,none,99.949241,0.11,inat,125,L14+D3B+D3L|Tnn|none
fourood,inat_seed125,L14+D3B+D3L,Tnn,TINS,99.9600864,0.09,inat,125,L14+D3B+D3L|Tnn|TINS
fourood,inat_seed125,L14+D3B+D3L,Tnn,TANL,99.9541174,0.11,inat,125,L14+D3B+D3L|Tnn|TANL
fourood,inat_seed125,L14+D3B+D3L,Tk20,none,99.9462886,0.08,inat,125,L14+D3B+D3L|Tk20|none
fourood,inat_seed125,L14+D3B+D3L,Tk20,TINS,99.9633328,0.0699999999999999,inat,125,L14+D3B+D3L|Tk20|TINS
fourood,inat_seed125,L14+D3B+D3L,Tk20,TANL,99.9549164,0.0699999999999999,inat,125,L14+D3B+D3L|Tk20|TANL
fourood,inat_seed125,L14+D3B+D3L,Tlp20,none,99.9014474,0.1,inat,125,L14+D3B+D3L|Tlp20|none
fourood,inat_seed125,L14+D3B+D3L,Tlp20,TINS,99.949979,0.0699999999999999,inat,125,L14+D3B+D3L|Tlp20|TINS
fourood,inat_seed125,L14+D3B+D3L,Tlp20,TANL,99.9283611,0.08,inat,125,L14+D3B+D3L|Tlp20|TANL
fourood,inat_seed125,L14+D3B+D3L,SL,none,99.9135174,0.26,inat,125,L14+D3B+D3L|SL|none
fourood,inat_seed125,L14+D3B+D3L,SL,TINS,99.9447102,0.13,inat,125,L14+D3B+D3L|SL|TINS
fourood,inat_seed125,L14+D3B+D3L,SL,TANL,99.9297462,0.18,inat,125,L14+D3B+D3L|SL|TANL
fourood,inat_seed125,L14+D3B+D3L,static,none,99.2508867,2.83,inat,125,L14+D3B+D3L|static|none
fourood,inat_seed125,L14+D3B+D3L,static,TINS,99.9117008,0.37,inat,125,L14+D3B+D3L|static|TINS
fourood,inat_seed125,L14+D3B+D3L,static,TANL,99.762476,0.92,inat,125,L14+D3B+D3L|static|TANL
fourood,inat_seed125,B14+L14+D3L,T,none,99.9339082,0.16,inat,125,B14+L14+D3L|T|none
fourood,inat_seed125,B14+L14+D3L,T,TINS,99.9546304,0.1,inat,125,B14+L14+D3L|T|TINS
fourood,inat_seed125,B14+L14+D3L,T,TANL,99.9442904,0.13,inat,125,B14+L14+D3L|T|TANL
fourood,inat_seed125,B14+L14+D3L,Tlp,none,99.8740492,0.3,inat,125,B14+L14+D3L|Tlp|none
fourood,inat_seed125,B14+L14+D3L,Tlp,TINS,99.9449076,0.09,inat,125,B14+L14+D3L|Tlp|TINS
fourood,inat_seed125,B14+L14+D3L,Tlp,TANL,99.9155709,0.2,inat,125,B14+L14+D3L|Tlp|TANL
fourood,inat_seed125,B14+L14+D3L,Tq0.05,none,99.9406757,0.13,inat,125,B14+L14+D3L|Tq0.05|none
fourood,inat_seed125,B14+L14+D3L,Tq0.05,TINS,99.9600116,0.11,inat,125,B14+L14+D3L|Tq0.05|TINS
fourood,inat_seed125,B14+L14+D3L,Tq0.05,TANL,99.9506598,0.1,inat,125,B14+L14+D3L|Tq0.05|TANL
fourood,inat_seed125,B14+L14+D3L,Tq0.2,none,99.9245462,0.18,inat,125,B14+L14+D3L|Tq0.2|none
fourood,inat_seed125,B14+L14+D3L,Tq0.2,TINS,99.9483364,0.15,inat,125,B14+L14+D3L|Tq0.2|TINS
fourood,inat_seed125,B14+L14+D3L,Tq0.2,TANL,99.9363279,0.1699999999999999,inat,125,B14+L14+D3L|Tq0.2|TANL
fourood,inat_seed125,B14+L14+D3L,Tnn,none,99.94037059999998,0.13,inat,125,B14+L14+D3L|Tnn|none
fourood,inat_seed125,B14+L14+D3L,Tnn,TINS,99.9550844,0.1,inat,125,B14+L14+D3L|Tnn|TINS
fourood,inat_seed125,B14+L14+D3L,Tnn,TANL,99.9466502,0.11,inat,125,B14+L14+D3L|Tnn|TANL
fourood,inat_seed125,B14+L14+D3L,Tk20,none,99.9428787,0.09,inat,125,B14+L14+D3L|Tk20|none
fourood,inat_seed125,B14+L14+D3L,Tk20,TINS,99.9618542,0.09,inat,125,B14+L14+D3L|Tk20|TINS
fourood,inat_seed125,B14+L14+D3L,Tk20,TANL,99.9519843,0.08,inat,125,B14+L14+D3L|Tk20|TANL
fourood,inat_seed125,B14+L14+D3L,Tlp20,none,99.89146420000002,0.13,inat,125,B14+L14+D3L|Tlp20|none
fourood,inat_seed125,B14+L14+D3L,Tlp20,TINS,99.948713,0.08,inat,125,B14+L14+D3L|Tlp20|TINS
fourood,inat_seed125,B14+L14+D3L,Tlp20,TANL,99.9230302,0.1,inat,125,B14+L14+D3L|Tlp20|TANL
fourood,inat_seed125,B14+L14+D3L,SL,none,99.9055145,0.29,inat,125,B14+L14+D3L|SL|none
fourood,inat_seed125,B14+L14+D3L,SL,TINS,99.9426338,0.16,inat,125,B14+L14+D3L|SL|TINS
fourood,inat_seed125,B14+L14+D3L,SL,TANL,99.9241647,0.19,inat,125,B14+L14+D3L|SL|TANL
fourood,inat_seed125,B14+L14+D3L,static,none,99.3624654,2.48,inat,125,B14+L14+D3L|static|none
fourood,inat_seed125,B14+L14+D3L,static,TINS,99.9205602,0.31,inat,125,B14+L14+D3L|static|TINS
fourood,inat_seed125,B14+L14+D3L,static,TANL,99.7884792,0.69,inat,125,B14+L14+D3L|static|TANL
fourood,inat_seed125,B14+L14+D3B+D3L,T,none,99.93902339999998,0.1399999999999999,inat,125,B14+L14+D3B+D3L|T|none
fourood,inat_seed125,B14+L14+D3B+D3L,T,TINS,99.954358,0.1,inat,125,B14+L14+D3B+D3L|T|TINS
fourood,inat_seed125,B14+L14+D3B+D3L,T,TANL,99.9466266,0.13,inat,125,B14+L14+D3B+D3L|T|TANL
fourood,inat_seed125,B14+L14+D3B+D3L,Tlp,none,99.8826526,0.26,inat,125,B14+L14+D3B+D3L|Tlp|none
fourood,inat_seed125,B14+L14+D3B+D3L,Tlp,TINS,99.940785,0.09,inat,125,B14+L14+D3B+D3L|Tlp|TINS
fourood,inat_seed125,B14+L14+D3B+D3L,Tlp,TANL,99.9146368,0.1699999999999999,inat,125,B14+L14+D3B+D3L|Tlp|TANL
fourood,inat_seed125,B14+L14+D3B+D3L,Tq0.05,none,99.9440569,0.11,inat,125,B14+L14+D3B+D3L|Tq0.05|none
fourood,inat_seed125,B14+L14+D3B+D3L,Tq0.05,TINS,99.9589564,0.1,inat,125,B14+L14+D3B+D3L|Tq0.05|TINS
fourood,inat_seed125,B14+L14+D3B+D3L,Tq0.05,TANL,99.9515051,0.09,inat,125,B14+L14+D3B+D3L|Tq0.05|TANL
fourood,inat_seed125,B14+L14+D3B+D3L,Tq0.2,none,99.9301934,0.1699999999999999,inat,125,B14+L14+D3B+D3L|Tq0.2|none
fourood,inat_seed125,B14+L14+D3B+D3L,Tq0.2,TINS,99.9475716,0.12,inat,125,B14+L14+D3B+D3L|Tq0.2|TINS
fourood,inat_seed125,B14+L14+D3B+D3L,Tq0.2,TANL,99.9386322,0.1399999999999999,inat,125,B14+L14+D3B+D3L|Tq0.2|TANL
fourood,inat_seed125,B14+L14+D3B+D3L,Tnn,none,99.9468643,0.12,inat,125,B14+L14+D3B+D3L|Tnn|none
fourood,inat_seed125,B14+L14+D3B+D3L,Tnn,TINS,99.9561754,0.11,inat,125,B14+L14+D3B+D3L|Tnn|TINS
fourood,inat_seed125,B14+L14+D3B+D3L,Tnn,TANL,99.9507586,0.12,inat,125,B14+L14+D3B+D3L|Tnn|TANL
fourood,inat_seed125,B14+L14+D3B+D3L,Tk20,none,99.9456685,0.09,inat,125,B14+L14+D3B+D3L|Tk20|none
fourood,inat_seed125,B14+L14+D3B+D3L,Tk20,TINS,99.96061,0.0699999999999999,inat,125,B14+L14+D3B+D3L|Tk20|TINS
fourood,inat_seed125,B14+L14+D3B+D3L,Tk20,TANL,99.9526717,0.0699999999999999,inat,125,B14+L14+D3B+D3L|Tk20|TANL
fourood,inat_seed125,B14+L14+D3B+D3L,Tlp20,none,99.8967475,0.11,inat,125,B14+L14+D3B+D3L|Tlp20|none
fourood,inat_seed125,B14+L14+D3B+D3L,Tlp20,TINS,99.9448034,0.08,inat,125,B14+L14+D3B+D3L|Tlp20|TINS
fourood,inat_seed125,B14+L14+D3B+D3L,Tlp20,TANL,99.9221529,0.1,inat,125,B14+L14+D3B+D3L|Tlp20|TANL
fourood,inat_seed125,B14+L14+D3B+D3L,SL,none,99.9125965,0.25,inat,125,B14+L14+D3B+D3L|SL|none
fourood,inat_seed125,B14+L14+D3B+D3L,SL,TINS,99.93949,0.1399999999999999,inat,125,B14+L14+D3B+D3L|SL|TINS
fourood,inat_seed125,B14+L14+D3B+D3L,SL,TANL,99.9255862,0.2,inat,125,B14+L14+D3B+D3L|SL|TANL
fourood,inat_seed125,B14+L14+D3B+D3L,static,none,99.34851249999998,2.46,inat,125,B14+L14+D3B+D3L|static|none
fourood,inat_seed125,B14+L14+D3B+D3L,static,TINS,99.8894376,0.44,inat,125,B14+L14+D3B+D3L|static|TINS
fourood,inat_seed125,B14+L14+D3B+D3L,static,TANL,99.7305674,1.0699999999999998,inat,125,B14+L14+D3B+D3L|static|TANL
fourood,inat_seed125,B14+L14,T,none,99.91268650000002,0.24,inat,125,B14+L14|T|none
fourood,inat_seed125,B14+L14,T,TINS,99.9489896,0.1699999999999999,inat,125,B14+L14|T|TINS
fourood,inat_seed125,B14+L14,T,TANL,99.9313456,0.2,inat,125,B14+L14|T|TANL
fourood,inat_seed125,B14+L14,Tlp,none,99.8327214,0.38,inat,125,B14+L14|Tlp|none
fourood,inat_seed125,B14+L14,Tlp,TINS,99.9425438,0.12,inat,125,B14+L14|Tlp|TINS
fourood,inat_seed125,B14+L14,Tlp,TANL,99.9014142,0.27,inat,125,B14+L14|Tlp|TANL
fourood,inat_seed125,B14+L14,Tq0.05,none,99.9223602,0.21,inat,125,B14+L14|Tq0.05|none
fourood,inat_seed125,B14+L14,Tq0.05,TINS,99.9552934,0.1399999999999999,inat,125,B14+L14|Tq0.05|TINS
fourood,inat_seed125,B14+L14,Tq0.05,TANL,99.9398172,0.15,inat,125,B14+L14|Tq0.05|TANL
fourood,inat_seed125,B14+L14,Tq0.2,none,99.8990717,0.31,inat,125,B14+L14|Tq0.2|none
fourood,inat_seed125,B14+L14,Tq0.2,TINS,99.9423412,0.18,inat,125,B14+L14|Tq0.2|TINS
fourood,inat_seed125,B14+L14,Tq0.2,TANL,99.9210758,0.2799999999999999,inat,125,B14+L14|Tq0.2|TANL
fourood,inat_seed125,B14+L14,Tnn,none,99.9160947,0.26,inat,125,B14+L14|Tnn|none
fourood,inat_seed125,B14+L14,Tnn,TINS,99.9465604,0.16,inat,125,B14+L14|Tnn|TINS
fourood,inat_seed125,B14+L14,Tnn,TANL,99.9304532,0.2,inat,125,B14+L14|Tnn|TANL
fourood,inat_seed125,B14+L14,Tk20,none,99.9263566,0.12,inat,125,B14+L14|Tk20|none
fourood,inat_seed125,B14+L14,Tk20,TINS,99.9576202,0.09,inat,125,B14+L14|Tk20|TINS
fourood,inat_seed125,B14+L14,Tk20,TANL,99.9426564,0.1,inat,125,B14+L14|Tk20|TANL
fourood,inat_seed125,B14+L14,Tlp20,none,99.8614948,0.22,inat,125,B14+L14|Tlp20|none
fourood,inat_seed125,B14+L14,Tlp20,TINS,99.947305,0.08,inat,125,B14+L14|Tlp20|TINS
fourood,inat_seed125,B14+L14,Tlp20,TANL,99.914335,0.1699999999999999,inat,125,B14+L14|Tlp20|TANL
fourood,inat_seed125,B14+L14,SL,none,99.8703422,0.37,inat,125,B14+L14|SL|none
fourood,inat_seed125,B14+L14,SL,TINS,99.9409656,0.18,inat,125,B14+L14|SL|TINS
fourood,inat_seed125,B14+L14,SL,TANL,99.9094758,0.2799999999999999,inat,125,B14+L14|SL|TANL
fourood,inat_seed125,B14+L14,static,none,99.273847,2.5700000000000003,inat,125,B14+L14|static|none
fourood,inat_seed125,B14+L14,static,TINS,99.9360316,0.29,inat,125,B14+L14|static|TINS
fourood,inat_seed125,B14+L14,static,TANL,99.8224648,0.51,inat,125,B14+L14|static|TANL
fourood,places_seed123,L14xD3L+D3L,T,none,97.0074601,11.24,places,123,L14xD3L+D3L|T|none
fourood,places_seed123,L14xD3L+D3L,T,TINS,97.48065060000002,9.6,places,123,L14xD3L+D3L|T|TINS
fourood,places_seed123,L14xD3L+D3L,T,TANL,97.1905355,10.33,places,123,L14xD3L+D3L|T|TANL
fourood,places_seed123,L14xD3L+D3L,Tlp,none,95.8515156,13.61,places,123,L14xD3L+D3L|Tlp|none
fourood,places_seed123,L14xD3L+D3L,Tlp,TINS,97.1843954,9.68,places,123,L14xD3L+D3L|Tlp|TINS
fourood,places_seed123,L14xD3L+D3L,Tlp,TANL,96.5569371,11.33,places,123,L14xD3L+D3L|Tlp|TANL
fourood,places_seed123,L14xD3L+D3L,Tq0.05,none,96.9982087,10.52,places,123,L14xD3L+D3L|Tq0.05|none
fourood,places_seed123,L14xD3L+D3L,Tq0.05,TINS,97.4312202,9.22,places,123,L14xD3L+D3L|Tq0.05|TINS
fourood,places_seed123,L14xD3L+D3L,Tq0.05,TANL,97.1543147,9.81,places,123,L14xD3L+D3L|Tq0.05|TANL
fourood,places_seed123,L14xD3L+D3L,Tq0.2,none,96.8054494,12.09,places,123,L14xD3L+D3L|Tq0.2|none
fourood,places_seed123,L14xD3L+D3L,Tq0.2,TINS,97.3807188,10.07,places,123,L14xD3L+D3L|Tq0.2|TINS
fourood,places_seed123,L14xD3L+D3L,Tq0.2,TANL,97.0502967,11.02,places,123,L14xD3L+D3L|Tq0.2|TANL
fourood,places_seed123,L14xD3L+D3L,Tnn,none,97.1124243,10.96,places,123,L14xD3L+D3L|Tnn|none
fourood,places_seed123,L14xD3L+D3L,Tnn,TINS,97.4713576,9.84,places,123,L14xD3L+D3L|Tnn|TINS
fourood,places_seed123,L14xD3L+D3L,Tnn,TANL,97.2446121,10.35,places,123,L14xD3L+D3L|Tnn|TANL
fourood,places_seed123,L14xD3L+D3L,Tk20,none,97.3622656,9.63,places,123,L14xD3L+D3L|Tk20|none
fourood,places_seed123,L14xD3L+D3L,Tk20,TINS,97.7006626,8.459999999999999,places,123,L14xD3L+D3L|Tk20|TINS
fourood,places_seed123,L14xD3L+D3L,Tk20,TANL,97.4669478,9.07,places,123,L14xD3L+D3L|Tk20|TANL
fourood,places_seed123,L14xD3L+D3L,Tlp20,none,96.62165120000004,11.12,places,123,L14xD3L+D3L|Tlp20|none
fourood,places_seed123,L14xD3L+D3L,Tlp20,TINS,97.5227478,8.5,places,123,L14xD3L+D3L|Tlp20|TINS
fourood,places_seed123,L14xD3L+D3L,Tlp20,TANL,97.0354767,9.43,places,123,L14xD3L+D3L|Tlp20|TANL
fourood,places_seed123,L14+D3L,T,none,97.01176329999998,11.52,places,123,L14+D3L|T|none
fourood,places_seed123,L14+D3L,T,TINS,97.487766,9.74,places,123,L14+D3L|T|TINS
fourood,places_seed123,L14+D3L,T,TANL,97.1974251,10.46,places,123,L14+D3L|T|TANL
fourood,places_seed123,L14+D3L,Tlp,none,96.0292607,13.46,places,123,L14+D3L|Tlp|none
fourood,places_seed123,L14+D3L,Tlp,TINS,97.2908464,9.54,places,123,L14+D3L|Tlp|TINS
fourood,places_seed123,L14+D3L,Tlp,TANL,96.695654,11.05,places,123,L14+D3L|Tlp|TANL
fourood,places_seed123,L14+D3L,Tq0.05,none,97.02871419999998,10.66,places,123,L14+D3L|Tq0.05|none
fourood,places_seed123,L14+D3L,Tq0.05,TINS,97.4488418,9.25,places,123,L14+D3L|Tq0.05|TINS
fourood,places_seed123,L14+D3L,Tq0.05,TANL,97.17903499999998,9.86,places,123,L14+D3L|Tq0.05|TANL
fourood,places_seed123,L14+D3L,Tq0.2,none,96.800951,12.14,places,123,L14+D3L|Tq0.2|none
fourood,places_seed123,L14+D3L,Tq0.2,TINS,97.3797544,9.98,places,123,L14+D3L|Tq0.2|TINS
fourood,places_seed123,L14+D3L,Tq0.2,TANL,97.0463626,10.84,places,123,L14+D3L|Tq0.2|TANL
fourood,places_seed123,L14+D3L,Tnn,none,97.1155657,11.32,places,123,L14+D3L|Tnn|none
fourood,places_seed123,L14+D3L,Tnn,TINS,97.48494420000002,9.92,places,123,L14+D3L|Tnn|TINS
fourood,places_seed123,L14+D3L,Tnn,TANL,97.2522232,10.55,places,123,L14+D3L|Tnn|TANL
fourood,places_seed123,L14+D3L,Tk20,none,97.3005725,10.05,places,123,L14+D3L|Tk20|none
fourood,places_seed123,L14+D3L,Tk20,TINS,97.660624,8.63,places,123,L14+D3L|Tk20|TINS
fourood,places_seed123,L14+D3L,Tk20,TANL,97.4165769,9.23,places,123,L14+D3L|Tk20|TANL
fourood,places_seed123,L14+D3L,Tlp20,none,96.7040655,11.09,places,123,L14+D3L|Tlp20|none
fourood,places_seed123,L14+D3L,Tlp20,TINS,97.5889794,8.450000000000001,places,123,L14+D3L|Tlp20|TINS
fourood,places_seed123,L14+D3L,Tlp20,TANL,97.1141105,9.4,places,123,L14+D3L|Tlp20|TANL
fourood,places_seed123,L14+D3L,SL,none,95.6894401,15.939999999999998,places,123,L14+D3L|SL|none
fourood,places_seed123,L14+D3L,SL,TINS,96.8158758,11.53,places,123,L14+D3L|SL|TINS
fourood,places_seed123,L14+D3L,SL,TANL,96.2597896,13.54,places,123,L14+D3L|SL|TANL
fourood,places_seed123,L14+D3L,static,none,90.6683954,39.290000000000006,places,123,L14+D3L|static|none
fourood,places_seed123,L14+D3L,static,TINS,96.1752936,14.02,places,123,L14+D3L|static|TINS
fourood,places_seed123,L14+D3L,static,TANL,94.3650923,21.58,places,123,L14+D3L|static|TANL
fourood,places_seed123,D3L,T,none,97.0060254,11.58,places,123,D3L|T|none
fourood,places_seed123,D3L,T,TINS,97.6519432,8.870000000000001,places,123,D3L|T|TINS
fourood,places_seed123,D3L,T,TANL,97.2699671,10.07,places,123,D3L|T|TANL
fourood,places_seed123,D3L,Tlp,none,95.7091598,13.78,places,123,D3L|Tlp|none
fourood,places_seed123,D3L,Tlp,TINS,97.4009474,8.86,places,123,D3L|Tlp|TINS
fourood,places_seed123,D3L,Tlp,TANL,96.6439723,10.65,places,123,D3L|Tlp|TANL
fourood,places_seed123,D3L,Tq0.05,none,96.9856138,10.41,places,123,D3L|Tq0.05|none
fourood,places_seed123,D3L,Tq0.05,TINS,97.5803638,8.61,places,123,D3L|Tq0.05|TINS
fourood,places_seed123,D3L,Tq0.05,TANL,97.2103319,9.43,places,123,D3L|Tq0.05|TANL
fourood,places_seed123,D3L,Tq0.2,none,96.7930087,11.96,places,123,D3L|Tq0.2|none
fourood,places_seed123,D3L,Tq0.2,TINS,97.5842004,9.18,places,123,D3L|Tq0.2|TINS
fourood,places_seed123,D3L,Tq0.2,TANL,97.1535287,10.44,places,123,D3L|Tq0.2|TANL
fourood,places_seed123,D3L,Tnn,none,97.1431368,11.25,places,123,D3L|Tnn|none
fourood,places_seed123,D3L,Tnn,TINS,97.6614512,9.15,places,123,D3L|Tnn|TINS
fourood,places_seed123,D3L,Tnn,TANL,97.3445149,10.04,places,123,D3L|Tnn|TANL
fourood,places_seed123,D3L,Tk20,none,97.33229890000004,9.75,places,123,D3L|Tk20|none
fourood,places_seed123,D3L,Tk20,TINS,97.79387959999998,8.14,places,123,D3L|Tk20|TINS
fourood,places_seed123,D3L,Tk20,TANL,97.4674357,8.870000000000001,places,123,D3L|Tk20|TANL
fourood,places_seed123,D3L,Tlp20,none,96.48982490000002,11.38,places,123,D3L|Tlp20|none
fourood,places_seed123,D3L,Tlp20,TINS,97.6355798,8.1,places,123,D3L|Tlp20|TINS
fourood,places_seed123,D3L,Tlp20,TANL,97.0054331,9.41,places,123,D3L|Tlp20|TANL
fourood,places_seed123,D3L,SL,none,95.5454976,15.5,places,123,D3L|SL|none
fourood,places_seed123,D3L,SL,TINS,97.0775476,10.12,places,123,D3L|SL|TINS
fourood,places_seed123,D3L,SL,TANL,96.3930778,12.16,places,123,D3L|SL|TANL
fourood,places_seed123,D3L,static,none,90.04561479999998,40.23,places,123,D3L|static|none
fourood,places_seed123,D3L,static,TINS,96.72192959999998,11.71,places,123,D3L|static|TINS
fourood,places_seed123,D3L,static,TANL,95.0498672,17.22,places,123,D3L|static|TANL
fourood,places_seed123,L14,T,none,96.2029563,14.85,places,123,L14|T|none
fourood,places_seed123,L14,T,TINS,97.2923936,10.61,places,123,L14|T|TINS
fourood,places_seed123,L14,T,TANL,96.7391833,12.38,places,123,L14|T|TANL
fourood,places_seed123,L14,Tlp,none,94.95449379999998,17.34,places,123,L14|Tlp|none
fourood,places_seed123,L14,Tlp,TINS,97.2829542,9.83,places,123,L14|Tlp|TINS
fourood,places_seed123,L14,Tlp,TANL,96.4307883,12.57,places,123,L14|Tlp|TANL
fourood,places_seed123,L14,Tq0.05,none,96.27947250000004,13.35,places,123,L14|Tq0.05|none
fourood,places_seed123,L14,Tq0.05,TINS,97.2656072,9.98,places,123,L14|Tq0.05|TINS
fourood,places_seed123,L14,Tq0.05,TANL,96.7428206,11.32,places,123,L14|Tq0.05|TANL
fourood,places_seed123,L14,Tq0.2,none,95.9463534,15.77,places,123,L14|Tq0.2|none
fourood,places_seed123,L14,Tq0.2,TINS,97.21051839999998,11.01,places,123,L14|Tq0.2|TINS
fourood,places_seed123,L14,Tq0.2,TANL,96.5971987,12.989999999999998,places,123,L14|Tq0.2|TANL
fourood,places_seed123,L14,Tnn,none,96.3276065,14.73,places,123,L14|Tnn|none
fourood,places_seed123,L14,Tnn,TINS,97.241275,11.32,places,123,L14|Tnn|TINS
fourood,places_seed123,L14,Tnn,TANL,96.7439157,12.659999999999998,places,123,L14|Tnn|TANL
fourood,places_seed123,L14,Tk20,none,96.68410499999996,12.590000000000002,places,123,L14|Tk20|none
fourood,places_seed123,L14,Tk20,TINS,97.4930804,9.58,places,123,L14|Tk20|TINS
fourood,places_seed123,L14,Tk20,TANL,97.0306929,10.88,places,123,L14|Tk20|TANL
fourood,places_seed123,L14,Tlp20,none,95.9148281,14.39,places,123,L14|Tlp20|none
fourood,places_seed123,L14,Tlp20,TINS,97.54814919999998,9.1,places,123,L14|Tlp20|TINS
fourood,places_seed123,L14,Tlp20,TANL,96.8524048,11.05,places,123,L14|Tlp20|TANL
fourood,places_seed123,L14,SL,none,94.53323310000002,20.380000000000003,places,123,L14|SL|none
fourood,places_seed123,L14,SL,TINS,96.7906158,11.88,places,123,L14|SL|TINS
fourood,places_seed123,L14,SL,TANL,95.8653671,15.17,places,123,L14|SL|TANL
fourood,places_seed123,L14,static,none,89.73123539999999,44.07,places,123,L14|static|none
fourood,places_seed123,L14,static,TINS,96.743425,11.96,places,123,L14|static|TINS
fourood,places_seed123,L14,static,TANL,95.0565109,17.83,places,123,L14|static|TANL
fourood,places_seed123,L14xD3L,T,none,96.695946,12.24,places,123,L14xD3L|T|none
fourood,places_seed123,L14xD3L,T,TINS,97.4894478,9.59,places,123,L14xD3L|T|TINS
fourood,places_seed123,L14xD3L,T,TANL,97.0342885,10.74,places,123,L14xD3L|T|TANL
fourood,places_seed123,L14xD3L,Tlp,none,95.4697288,15.11,places,123,L14xD3L|Tlp|none
fourood,places_seed123,L14xD3L,Tlp,TINS,97.3592714,9.19,places,123,L14xD3L|Tlp|TINS
fourood,places_seed123,L14xD3L,Tlp,TANL,96.5687582,11.44,places,123,L14xD3L|Tlp|TANL
fourood,places_seed123,L14xD3L,Tq0.05,none,96.70540439999998,11.53,places,123,L14xD3L|Tq0.05|none
fourood,places_seed123,L14xD3L,Tq0.05,TINS,97.4368676,9.32,places,123,L14xD3L|Tq0.05|TINS
fourood,places_seed123,L14xD3L,Tq0.05,TANL,96.9959023,10.31,places,123,L14xD3L|Tq0.05|TANL
fourood,places_seed123,L14xD3L,Tq0.2,none,96.4733319,13.38,places,123,L14xD3L|Tq0.2|none
fourood,places_seed123,L14xD3L,Tq0.2,TINS,97.4305892,10.06,places,123,L14xD3L|Tq0.2|TINS
fourood,places_seed123,L14xD3L,Tq0.2,TANL,96.9238129,11.49,places,123,L14xD3L|Tq0.2|TANL
fourood,places_seed123,L14xD3L,Tnn,none,96.8624474,11.88,places,123,L14xD3L|Tnn|none
fourood,places_seed123,L14xD3L,Tnn,TINS,97.4925108,9.83,places,123,L14xD3L|Tnn|TINS
fourood,places_seed123,L14xD3L,Tnn,TANL,97.1154247,10.62,places,123,L14xD3L|Tnn|TANL
fourood,places_seed123,L14xD3L,Tk20,none,97.1779622,10.89,places,123,L14xD3L|Tk20|none
fourood,places_seed123,L14xD3L,Tk20,TINS,97.71158400000002,8.49,places,123,L14xD3L|Tk20|TINS
fourood,places_seed123,L14xD3L,Tk20,TANL,97.3520596,9.45,places,123,L14xD3L|Tk20|TANL
fourood,places_seed123,L14xD3L,Tlp20,none,96.40227360000002,12.4,places,123,L14xD3L|Tlp20|none
fourood,places_seed123,L14xD3L,Tlp20,TINS,97.61862220000002,8.3,places,123,L14xD3L|Tlp20|TINS
fourood,places_seed123,L14xD3L,Tlp20,TANL,96.9941255,9.81,places,123,L14xD3L|Tlp20|TANL
fourood,places_seed123,D3B+D3L,T,none,97.23822819999998,10.34,places,123,D3B+D3L|T|none
fourood,places_seed123,D3B+D3L,T,TINS,97.61055079999998,8.870000000000001,places,123,D3B+D3L|T|TINS
fourood,places_seed123,D3B+D3L,T,TANL,97.3729494,9.47,places,123,D3B+D3L|T|TANL
fourood,places_seed123,D3B+D3L,Tlp,none,96.1963028,12.15,places,123,D3B+D3L|Tlp|none
fourood,places_seed123,D3B+D3L,Tlp,TINS,97.306156,9.03,places,123,D3B+D3L|Tlp|TINS
fourood,places_seed123,D3B+D3L,Tlp,TANL,96.7559097,10.17,places,123,D3B+D3L|Tlp|TANL
fourood,places_seed123,D3B+D3L,Tq0.05,none,97.1731548,9.86,places,123,D3B+D3L|Tq0.05|none
fourood,places_seed123,D3B+D3L,Tq0.05,TINS,97.5265716,8.72,places,123,D3B+D3L|Tq0.05|TINS
fourood,places_seed123,D3B+D3L,Tq0.05,TANL,97.2945031,8.94,places,123,D3B+D3L|Tq0.05|TANL
fourood,places_seed123,D3B+D3L,Tq0.2,none,97.1161777,11.03,places,123,D3B+D3L|Tq0.2|none
fourood,places_seed123,D3B+D3L,Tq0.2,TINS,97.5538954,9.28,places,123,D3B+D3L|Tq0.2|TINS
fourood,places_seed123,D3B+D3L,Tq0.2,TANL,97.2900459,9.95,places,123,D3B+D3L|Tq0.2|TANL
fourood,places_seed123,D3B+D3L,Tnn,none,97.3642112,10.17,places,123,D3B+D3L|Tnn|none
fourood,places_seed123,D3B+D3L,Tnn,TINS,97.6360064,9.14,places,123,D3B+D3L|Tnn|TINS
fourood,places_seed123,D3B+D3L,Tnn,TANL,97.4556558,9.47,places,123,D3B+D3L|Tnn|TANL
fourood,places_seed123,D3B+D3L,Tk20,none,97.3980695,9.48,places,123,D3B+D3L|Tk20|none
fourood,places_seed123,D3B+D3L,Tk20,TINS,97.6943682,8.28,places,123,D3B+D3L|Tk20|TINS
fourood,places_seed123,D3B+D3L,Tk20,TANL,97.4867275,8.88,places,123,D3B+D3L|Tk20|TANL
fourood,places_seed123,D3B+D3L,Tlp20,none,96.7374661,10.79,places,123,D3B+D3L|Tlp20|none
fourood,places_seed123,D3B+D3L,Tlp20,TINS,97.5401588,8.44,places,123,D3B+D3L|Tlp20|TINS
fourood,places_seed123,D3B+D3L,Tlp20,TANL,97.0874996,9.37,places,123,D3B+D3L|Tlp20|TANL
fourood,places_seed123,D3B+D3L,SL,none,95.8249355,14.46,places,123,D3B+D3L|SL|none
fourood,places_seed123,D3B+D3L,SL,TINS,96.7853728,11.04,places,123,D3B+D3L|SL|TINS
fourood,places_seed123,D3B+D3L,SL,TANL,96.30801340000002,12.75,places,123,D3B+D3L|SL|TANL
fourood,places_seed123,D3B+D3L,static,none,89.902761,40.24,places,123,D3B+D3L|static|none
fourood,places_seed123,D3B+D3L,static,TINS,95.9008532,14.71,places,123,D3B+D3L|static|TINS
fourood,places_seed123,D3B+D3L,static,TANL,93.9488324,23.15,places,123,D3B+D3L|static|TANL
fourood,places_seed123,L14+D3B+D3L,T,none,97.2181348,10.45,places,123,L14+D3B+D3L|T|none
fourood,places_seed123,L14+D3B+D3L,T,TINS,97.5215444,9.4,places,123,L14+D3B+D3L|T|TINS
fourood,places_seed123,L14+D3B+D3L,T,TANL,97.3249391,9.88,places,123,L14+D3B+D3L|T|TANL
fourood,places_seed123,L14+D3B+D3L,Tlp,none,96.3286933,12.04,places,123,L14+D3B+D3L|Tlp|none
fourood,places_seed123,L14+D3B+D3L,Tlp,TINS,97.2369662,9.53,places,123,L14+D3B+D3L|Tlp|TINS
fourood,places_seed123,L14+D3B+D3L,Tlp,TANL,96.7733507,10.4,places,123,L14+D3B+D3L|Tlp|TANL
fourood,places_seed123,L14+D3B+D3L,Tq0.05,none,97.1801309,10.01,places,123,L14+D3B+D3L|Tq0.05|none
fourood,places_seed123,L14+D3B+D3L,Tq0.05,TINS,97.459671,9.08,places,123,L14+D3B+D3L|Tq0.05|TINS
fourood,places_seed123,L14+D3B+D3L,Tq0.05,TANL,97.2715972,9.42,places,123,L14+D3B+D3L|Tq0.05|TANL
fourood,places_seed123,L14+D3B+D3L,Tq0.2,none,97.0786507,10.94,places,123,L14+D3B+D3L|Tq0.2|none
fourood,places_seed123,L14+D3B+D3L,Tq0.2,TINS,97.4377496,9.58,places,123,L14+D3B+D3L|Tq0.2|TINS
fourood,places_seed123,L14+D3B+D3L,Tq0.2,TANL,97.2166221,10.14,places,123,L14+D3B+D3L|Tq0.2|TANL
fourood,places_seed123,L14+D3B+D3L,Tnn,none,97.3284531,10.27,places,123,L14+D3B+D3L|Tnn|none
fourood,places_seed123,L14+D3B+D3L,Tnn,TINS,97.548014,9.49,places,123,L14+D3B+D3L|Tnn|TINS
fourood,places_seed123,L14+D3B+D3L,Tnn,TANL,97.4008846,9.93,places,123,L14+D3B+D3L|Tnn|TANL
fourood,places_seed123,L14+D3B+D3L,Tk20,none,97.39715609999998,9.49,places,123,L14+D3B+D3L|Tk20|none
fourood,places_seed123,L14+D3B+D3L,Tk20,TINS,97.638777,8.690000000000001,places,123,L14+D3B+D3L|Tk20|TINS
fourood,places_seed123,L14+D3B+D3L,Tk20,TANL,97.4694216,9.04,places,123,L14+D3B+D3L|Tk20|TANL
fourood,places_seed123,L14+D3B+D3L,Tlp20,none,96.8635583,10.43,places,123,L14+D3B+D3L|Tlp20|none
fourood,places_seed123,L14+D3B+D3L,Tlp20,TINS,97.5190368,8.5,places,123,L14+D3B+D3L|Tlp20|TINS
fourood,places_seed123,L14+D3B+D3L,Tlp20,TANL,97.1465503,9.33,places,123,L14+D3B+D3L|Tlp20|TANL
fourood,places_seed123,L14+D3B+D3L,SL,none,95.9324261,14.73,places,123,L14+D3B+D3L|SL|none
fourood,places_seed123,L14+D3B+D3L,SL,TINS,96.6984164,11.7,places,123,L14+D3B+D3L|SL|TINS
fourood,places_seed123,L14+D3B+D3L,SL,TANL,96.2960906,13.08,places,123,L14+D3B+D3L|SL|TANL
fourood,places_seed123,L14+D3B+D3L,static,none,90.5307071,38.75,places,123,L14+D3B+D3L|static|none
fourood,places_seed123,L14+D3B+D3L,static,TINS,95.4979028,16.7,places,123,L14+D3B+D3L|static|TINS
fourood,places_seed123,L14+D3B+D3L,static,TANL,93.6060372,25.62,places,123,L14+D3B+D3L|static|TANL
fourood,places_seed123,B14+L14+D3L,T,none,97.1099475,10.97,places,123,B14+L14+D3L|T|none
fourood,places_seed123,B14+L14+D3L,T,TINS,97.4463616,9.77,places,123,B14+L14+D3L|T|TINS
fourood,places_seed123,B14+L14+D3L,T,TANL,97.2353406,10.31,places,123,B14+L14+D3L|T|TANL
fourood,places_seed123,B14+L14+D3L,Tlp,none,96.1695265,13.22,places,123,B14+L14+D3L|Tlp|none
fourood,places_seed123,B14+L14+D3L,Tlp,TINS,97.17806799999998,9.99,places,123,B14+L14+D3L|Tlp|TINS
fourood,places_seed123,B14+L14+D3L,Tlp,TANL,96.6879921,11.31,places,123,B14+L14+D3L|Tlp|TANL
fourood,places_seed123,B14+L14+D3L,Tq0.05,none,97.0824155,10.44,places,123,B14+L14+D3L|Tq0.05|none
fourood,places_seed123,B14+L14+D3L,Tq0.05,TINS,97.3879246,9.43,places,123,B14+L14+D3L|Tq0.05|TINS
fourood,places_seed123,B14+L14+D3L,Tq0.05,TANL,97.1880116,9.89,places,123,B14+L14+D3L|Tq0.05|TANL
fourood,places_seed123,B14+L14+D3L,Tq0.2,none,96.9378997,11.76,places,123,B14+L14+D3L|Tq0.2|none
fourood,places_seed123,B14+L14+D3L,Tq0.2,TINS,97.3440492,10.2,places,123,B14+L14+D3L|Tq0.2|TINS
fourood,places_seed123,B14+L14+D3L,Tq0.2,TANL,97.1031776,11.01,places,123,B14+L14+D3L|Tq0.2|TANL
fourood,places_seed123,B14+L14+D3L,Tnn,none,97.2104106,10.94,places,123,B14+L14+D3L|Tnn|none
fourood,places_seed123,B14+L14+D3L,Tnn,TINS,97.4604034,9.96,places,123,B14+L14+D3L|Tnn|TINS
fourood,places_seed123,B14+L14+D3L,Tnn,TANL,97.2984158,10.36,places,123,B14+L14+D3L|Tnn|TANL
fourood,places_seed123,B14+L14+D3L,Tk20,none,97.331403,9.98,places,123,B14+L14+D3L|Tk20|none
fourood,places_seed123,B14+L14+D3L,Tk20,TINS,97.60045639999998,8.92,places,123,B14+L14+D3L|Tk20|TINS
fourood,places_seed123,B14+L14+D3L,Tk20,TANL,97.41935810000004,9.44,places,123,B14+L14+D3L|Tk20|TANL
fourood,places_seed123,B14+L14+D3L,Tlp20,none,96.75764660000002,11.07,places,123,B14+L14+D3L|Tlp20|none
fourood,places_seed123,B14+L14+D3L,Tlp20,TINS,97.4882134,8.82,places,123,B14+L14+D3L|Tlp20|TINS
fourood,places_seed123,B14+L14+D3L,Tlp20,TANL,97.0962852,9.77,places,123,B14+L14+D3L|Tlp20|TANL
fourood,places_seed123,B14+L14+D3L,SL,none,95.7478239,16.259999999999998,places,123,B14+L14+D3L|SL|none
fourood,places_seed123,B14+L14+D3L,SL,TINS,96.609964,12.37,places,123,B14+L14+D3L|SL|TINS
fourood,places_seed123,B14+L14+D3L,SL,TANL,96.1642564,14.099999999999998,places,123,B14+L14+D3L|SL|TANL
fourood,places_seed123,B14+L14+D3L,static,none,90.5013075,39.83,places,123,B14+L14+D3L|static|none
fourood,places_seed123,B14+L14+D3L,static,TINS,95.510057,17.01,places,123,B14+L14+D3L|static|TINS
fourood,places_seed123,B14+L14+D3L,static,TANL,93.6144458,25.67,places,123,B14+L14+D3L|static|TANL
fourood,places_seed123,B14+L14+D3B+D3L,T,none,97.2347455,10.56,places,123,B14+L14+D3B+D3L|T|none
fourood,places_seed123,B14+L14+D3B+D3L,T,TINS,97.47828260000004,9.55,places,123,B14+L14+D3B+D3L|T|TINS
fourood,places_seed123,B14+L14+D3B+D3L,T,TANL,97.3199514,10.1,places,123,B14+L14+D3B+D3L|T|TANL
fourood,places_seed123,B14+L14+D3B+D3L,Tlp,none,96.3528683,12.21,places,123,B14+L14+D3B+D3L|Tlp|none
fourood,places_seed123,B14+L14+D3B+D3L,Tlp,TINS,97.13482299999998,9.85,places,123,B14+L14+D3B+D3L|Tlp|TINS
fourood,places_seed123,B14+L14+D3B+D3L,Tlp,TANL,96.7330804,10.89,places,123,B14+L14+D3B+D3L|Tlp|TANL
fourood,places_seed123,B14+L14+D3B+D3L,Tq0.05,none,97.1799073,10.26,places,123,B14+L14+D3B+D3L|Tq0.05|none
fourood,places_seed123,B14+L14+D3B+D3L,Tq0.05,TINS,97.4056092,9.34,places,123,B14+L14+D3B+D3L|Tq0.05|TINS
fourood,places_seed123,B14+L14+D3B+D3L,Tq0.05,TANL,97.2534201,9.73,places,123,B14+L14+D3B+D3L|Tq0.05|TANL
fourood,places_seed123,B14+L14+D3B+D3L,Tq0.2,none,97.1045731,10.88,places,123,B14+L14+D3B+D3L|Tq0.2|none
fourood,places_seed123,B14+L14+D3B+D3L,Tq0.2,TINS,97.3929486,9.82,places,123,B14+L14+D3B+D3L|Tq0.2|TINS
fourood,places_seed123,B14+L14+D3B+D3L,Tq0.2,TANL,97.21487859999998,10.4,places,123,B14+L14+D3B+D3L|Tq0.2|TANL
fourood,places_seed123,B14+L14+D3B+D3L,Tnn,none,97.3370136,10.33,places,123,B14+L14+D3B+D3L|Tnn|none
fourood,places_seed123,B14+L14+D3B+D3L,Tnn,TINS,97.5099182,9.66,places,123,B14+L14+D3B+D3L|Tnn|TINS
fourood,places_seed123,B14+L14+D3B+D3L,Tnn,TANL,97.39376959999998,9.93,places,123,B14+L14+D3B+D3L|Tnn|TANL
fourood,places_seed123,B14+L14+D3B+D3L,Tk20,none,97.394888,9.58,places,123,B14+L14+D3B+D3L|Tk20|none
fourood,places_seed123,B14+L14+D3B+D3L,Tk20,TINS,97.5942552,8.89,places,123,B14+L14+D3B+D3L|Tk20|TINS
fourood,places_seed123,B14+L14+D3B+D3L,Tk20,TANL,97.4562396,9.23,places,123,B14+L14+D3B+D3L|Tk20|TANL
fourood,places_seed123,B14+L14+D3B+D3L,Tlp20,none,96.86082,10.38,places,123,B14+L14+D3B+D3L|Tlp20|none
fourood,places_seed123,B14+L14+D3B+D3L,Tlp20,TINS,97.43708,8.83,places,123,B14+L14+D3B+D3L|Tlp20|TINS
fourood,places_seed123,B14+L14+D3B+D3L,Tlp20,TANL,97.1129011,9.53,places,123,B14+L14+D3B+D3L|Tlp20|TANL
fourood,places_seed123,B14+L14+D3B+D3L,SL,none,95.9000965,14.97,places,123,B14+L14+D3B+D3L|SL|none
fourood,places_seed123,B14+L14+D3B+D3L,SL,TINS,96.5431834,12.41,places,123,B14+L14+D3B+D3L|SL|TINS
fourood,places_seed123,B14+L14+D3B+D3L,SL,TANL,96.1985278,13.56,places,123,B14+L14+D3B+D3L|SL|TANL
fourood,places_seed123,B14+L14+D3B+D3L,static,none,90.4216762,39.57,places,123,B14+L14+D3B+D3L|static|none
fourood,places_seed123,B14+L14+D3B+D3L,static,TINS,94.9281196,19.11,places,123,B14+L14+D3B+D3L|static|TINS
fourood,places_seed123,B14+L14+D3B+D3L,static,TANL,93.0591452,28.48,places,123,B14+L14+D3B+D3L|static|TANL
fourood,places_seed123,B14+L14,T,none,96.7447007,12.79,places,123,B14+L14|T|none
fourood,places_seed123,B14+L14,T,TINS,97.3139826,10.37,places,123,B14+L14|T|TINS
fourood,places_seed123,B14+L14,T,TANL,96.9905586,11.45,places,123,B14+L14|T|TANL
fourood,places_seed123,B14+L14,Tlp,none,95.60955409999998,15.03,places,123,B14+L14|Tlp|none
fourood,places_seed123,B14+L14,Tlp,TINS,97.159529,10.4,places,123,B14+L14|Tlp|TINS
fourood,places_seed123,B14+L14,Tlp,TANL,96.508566,12.61,places,123,B14+L14|Tlp|TANL
fourood,places_seed123,B14+L14,Tq0.05,none,96.7274922,12.18,places,123,B14+L14|Tq0.05|none
fourood,places_seed123,B14+L14,Tq0.05,TINS,97.2542398,10.31,places,123,B14+L14|Tq0.05|TINS
fourood,places_seed123,B14+L14,Tq0.05,TANL,96.9432508,11.12,places,123,B14+L14|Tq0.05|TANL
fourood,places_seed123,B14+L14,Tq0.2,none,96.56210269999998,13.62,places,123,B14+L14|Tq0.2|none
fourood,places_seed123,B14+L14,Tq0.2,TINS,97.227846,10.94,places,123,B14+L14|Tq0.2|TINS
fourood,places_seed123,B14+L14,Tq0.2,TANL,96.8677149,11.99,places,123,B14+L14|Tq0.2|TANL
fourood,places_seed123,B14+L14,Tnn,none,96.867923,12.47,places,123,B14+L14|Tnn|none
fourood,places_seed123,B14+L14,Tnn,TINS,97.301647,10.7,places,123,B14+L14|Tnn|TINS
fourood,places_seed123,B14+L14,Tnn,TANL,97.040266,11.55,places,123,B14+L14|Tnn|TANL
fourood,places_seed123,B14+L14,Tk20,none,97.0243026,11.57,places,123,B14+L14|Tk20|none
fourood,places_seed123,B14+L14,Tk20,TINS,97.478383,9.8,places,123,B14+L14|Tk20|TINS
fourood,places_seed123,B14+L14,Tk20,TANL,97.2015369,10.64,places,123,B14+L14|Tk20|TANL
fourood,places_seed123,B14+L14,Tlp20,none,96.3273825,12.659999999999998,places,123,B14+L14|Tlp20|none
fourood,places_seed123,B14+L14,Tlp20,TINS,97.4512622,9.27,places,123,B14+L14|Tlp20|TINS
fourood,places_seed123,B14+L14,Tlp20,TANL,96.9272772,10.76,places,123,B14+L14|Tlp20|TANL
fourood,places_seed123,B14+L14,SL,none,95.1525435,18.22,places,123,B14+L14|SL|none
fourood,places_seed123,B14+L14,SL,TINS,96.5267268,13.07,places,123,B14+L14|SL|TINS
fourood,places_seed123,B14+L14,SL,TANL,95.8734114,15.37,places,123,B14+L14|SL|TANL
fourood,places_seed123,B14+L14,static,none,89.7363903,43.34,places,123,B14+L14|static|none
fourood,places_seed123,B14+L14,static,TINS,95.9940216,15.04,places,123,B14+L14|static|TINS
fourood,places_seed123,B14+L14,static,TANL,94.0145753,23.71,places,123,B14+L14|static|TANL
fourood,places_seed124,L14xD3L+D3L,T,none,97.0074633,11.24,places,124,L14xD3L+D3L|T|none
fourood,places_seed124,L14xD3L+D3L,T,TINS,97.4721638,9.54,places,124,L14xD3L+D3L|T|TINS
fourood,places_seed124,L14xD3L+D3L,T,TANL,97.1731573,10.37,places,124,L14xD3L+D3L|T|TANL
fourood,places_seed124,L14xD3L+D3L,Tlp,none,95.8515143,13.61,places,124,L14xD3L+D3L|Tlp|none
fourood,places_seed124,L14xD3L+D3L,Tlp,TINS,97.1730838,9.6,places,124,L14xD3L+D3L|Tlp|TINS
fourood,places_seed124,L14xD3L+D3L,Tlp,TANL,96.5108816,11.32,places,124,L14xD3L+D3L|Tlp|TANL
fourood,places_seed124,L14xD3L+D3L,Tq0.05,none,96.9982137,10.52,places,124,L14xD3L+D3L|Tq0.05|none
fourood,places_seed124,L14xD3L+D3L,Tq0.05,TINS,97.42804020000004,9.27,places,124,L14xD3L+D3L|Tq0.05|TINS
fourood,places_seed124,L14xD3L+D3L,Tq0.05,TANL,97.1381572,9.88,places,124,L14xD3L+D3L|Tq0.05|TANL
fourood,places_seed124,L14xD3L+D3L,Tq0.2,none,96.8054512,12.09,places,124,L14xD3L+D3L|Tq0.2|none
fourood,places_seed124,L14xD3L+D3L,Tq0.2,TINS,97.3706404,10.1,places,124,L14xD3L+D3L|Tq0.2|TINS
fourood,places_seed124,L14xD3L+D3L,Tq0.2,TANL,97.0321703,11.01,places,124,L14xD3L+D3L|Tq0.2|TANL
fourood,places_seed124,L14xD3L+D3L,Tnn,none,97.1124265,10.96,places,124,L14xD3L+D3L|Tnn|none
fourood,places_seed124,L14xD3L+D3L,Tnn,TINS,97.4642432,9.67,places,124,L14xD3L+D3L|Tnn|TINS
fourood,places_seed124,L14xD3L+D3L,Tnn,TANL,97.2315293,10.44,places,124,L14xD3L+D3L|Tnn|TANL
fourood,places_seed124,L14xD3L+D3L,Tk20,none,97.3622658,9.63,places,124,L14xD3L+D3L|Tk20|none
fourood,places_seed124,L14xD3L+D3L,Tk20,TINS,97.6943156,8.450000000000001,places,124,L14xD3L+D3L|Tk20|TINS
fourood,places_seed124,L14xD3L+D3L,Tk20,TANL,97.454988,9.21,places,124,L14xD3L+D3L|Tk20|TANL
fourood,places_seed124,L14xD3L+D3L,Tlp20,none,96.6216527,11.12,places,124,L14xD3L+D3L|Tlp20|none
fourood,places_seed124,L14xD3L+D3L,Tlp20,TINS,97.5081056,8.44,places,124,L14xD3L+D3L|Tlp20|TINS
fourood,places_seed124,L14xD3L+D3L,Tlp20,TANL,97.00230220000002,9.66,places,124,L14xD3L+D3L|Tlp20|TANL
fourood,places_seed124,L14+D3L,T,none,97.0117489,11.52,places,124,L14+D3L|T|none
fourood,places_seed124,L14+D3L,T,TINS,97.4785148,9.47,places,124,L14+D3L|T|TINS
fourood,places_seed124,L14+D3L,T,TANL,97.1810616,10.55,places,124,L14+D3L|T|TANL
fourood,places_seed124,L14+D3L,Tlp,none,96.0292519,13.46,places,124,L14+D3L|Tlp|none
fourood,places_seed124,L14+D3L,Tlp,TINS,97.2786782,9.63,places,124,L14+D3L|Tlp|TINS
fourood,places_seed124,L14+D3L,Tlp,TANL,96.6520823,11.15,places,124,L14+D3L|Tlp|TANL
fourood,places_seed124,L14+D3L,Tq0.05,none,97.0288627,10.67,places,124,L14+D3L|Tq0.05|none
fourood,places_seed124,L14+D3L,Tq0.05,TINS,97.444016,9.15,places,124,L14+D3L|Tq0.05|TINS
fourood,places_seed124,L14+D3L,Tq0.05,TANL,97.1631659,9.92,places,124,L14+D3L|Tq0.05|TANL
fourood,places_seed124,L14+D3L,Tq0.2,none,96.8009426,12.14,places,124,L14+D3L|Tq0.2|none
fourood,places_seed124,L14+D3L,Tq0.2,TINS,97.3687762,9.99,places,124,L14+D3L|Tq0.2|TINS
fourood,places_seed124,L14+D3L,Tq0.2,TANL,97.0297537,11.0,places,124,L14+D3L|Tq0.2|TANL
fourood,places_seed124,L14+D3L,Tnn,none,97.1155529,11.32,places,124,L14+D3L|Tnn|none
fourood,places_seed124,L14+D3L,Tnn,TINS,97.47598720000002,9.9,places,124,L14+D3L|Tnn|TINS
fourood,places_seed124,L14+D3L,Tnn,TANL,97.2399916,10.68,places,124,L14+D3L|Tnn|TANL
fourood,places_seed124,L14+D3L,Tk20,none,97.3005783,10.05,places,124,L14+D3L|Tk20|none
fourood,places_seed124,L14+D3L,Tk20,TINS,97.6521894,8.55,places,124,L14+D3L|Tk20|TINS
fourood,places_seed124,L14+D3L,Tk20,TANL,97.4043406,9.32,places,124,L14+D3L|Tk20|TANL
fourood,places_seed124,L14+D3L,Tlp20,none,96.7040686,11.09,places,124,L14+D3L|Tlp20|none
fourood,places_seed124,L14+D3L,Tlp20,TINS,97.575471,8.3,places,124,L14+D3L|Tlp20|TINS
fourood,places_seed124,L14+D3L,Tlp20,TANL,97.0819107,9.58,places,124,L14+D3L|Tlp20|TANL
fourood,places_seed124,L14+D3L,SL,none,95.8488831,15.52,places,124,L14+D3L|SL|none
fourood,places_seed124,L14+D3L,SL,TINS,96.9337494,11.42,places,124,L14+D3L|SL|TINS
fourood,places_seed124,L14+D3L,SL,TANL,96.374359,13.39,places,124,L14+D3L|SL|TANL
fourood,places_seed124,L14+D3L,static,none,90.6683954,39.290000000000006,places,124,L14+D3L|static|none
fourood,places_seed124,L14+D3L,static,TINS,96.1481818,13.98,places,124,L14+D3L|static|TINS
fourood,places_seed124,L14+D3L,static,TANL,94.31091989999996,21.37,places,124,L14+D3L|static|TANL
fourood,places_seed124,D3L,T,none,97.0060252,11.58,places,124,D3L|T|none
fourood,places_seed124,D3L,T,TINS,97.6380352,8.83,places,124,D3L|T|TINS
fourood,places_seed124,D3L,T,TANL,97.2407555,10.28,places,124,D3L|T|TANL
fourood,places_seed124,D3L,Tlp,none,95.7091354,13.78,places,124,D3L|Tlp|none
fourood,places_seed124,D3L,Tlp,TINS,97.38326739999998,8.9,places,124,D3L|Tlp|TINS
fourood,places_seed124,D3L,Tlp,TANL,96.5850965,10.8,places,124,D3L|Tlp|TANL
fourood,places_seed124,D3L,Tq0.05,none,96.9856054,10.41,places,124,D3L|Tq0.05|none
fourood,places_seed124,D3L,Tq0.05,TINS,97.5745548,8.51,places,124,D3L|Tq0.05|TINS
fourood,places_seed124,D3L,Tq0.05,TANL,97.18494250000002,9.6,places,124,D3L|Tq0.05|TANL
fourood,places_seed124,D3L,Tq0.2,none,96.7930036,11.96,places,124,D3L|Tq0.2|none
fourood,places_seed124,D3L,Tq0.2,TINS,97.5680226,9.18,places,124,D3L|Tq0.2|TINS
fourood,places_seed124,D3L,Tq0.2,TANL,97.123513,10.57,places,124,D3L|Tq0.2|TANL
fourood,places_seed124,D3L,Tnn,none,97.1431362,11.25,places,124,D3L|Tnn|none
fourood,places_seed124,D3L,Tnn,TINS,97.6517988,9.04,places,124,D3L|Tnn|TINS
fourood,places_seed124,D3L,Tnn,TANL,97.3212482,10.09,places,124,D3L|Tnn|TANL
fourood,places_seed124,D3L,Tk20,none,97.3322979,9.75,places,124,D3L|Tk20|none
fourood,places_seed124,D3L,Tk20,TINS,97.7822408,8.129999999999999,places,124,D3L|Tk20|TINS
fourood,places_seed124,D3L,Tk20,TANL,97.4474258,9.03,places,124,D3L|Tk20|TANL
fourood,places_seed124,D3L,Tlp20,none,96.48982390000002,11.38,places,124,D3L|Tlp20|none
fourood,places_seed124,D3L,Tlp20,TINS,97.6116696,8.14,places,124,D3L|Tlp20|TINS
fourood,places_seed124,D3L,Tlp20,TANL,96.9601472,9.55,places,124,D3L|Tlp20|TANL
fourood,places_seed124,D3L,SL,none,95.6954254,15.83,places,124,D3L|SL|none
fourood,places_seed124,D3L,SL,TINS,97.1762226,10.38,places,124,D3L|SL|TINS
fourood,places_seed124,D3L,SL,TANL,96.4775124,12.55,places,124,D3L|SL|TANL
fourood,places_seed124,D3L,static,none,90.04561479999998,40.23,places,124,D3L|static|none
fourood,places_seed124,D3L,static,TINS,96.700443,11.45,places,124,D3L|static|TINS
fourood,places_seed124,D3L,static,TANL,94.9915361,17.560000000000002,places,124,D3L|static|TANL
fourood,places_seed124,L14,T,none,96.2029117,14.85,places,124,L14|T|none
fourood,places_seed124,L14,T,TINS,97.2816428,10.93,places,124,L14|T|TINS
fourood,places_seed124,L14,T,TANL,96.7138975,12.55,places,124,L14|T|TANL
fourood,places_seed124,L14,Tlp,none,94.9544289,17.34,places,124,L14|Tlp|none
fourood,places_seed124,L14,Tlp,TINS,97.278144,10.03,places,124,L14|Tlp|TINS
fourood,places_seed124,L14,Tlp,TANL,96.3760422,12.77,places,124,L14|Tlp|TANL
fourood,places_seed124,L14,Tq0.05,none,96.2795114,13.35,places,124,L14|Tq0.05|none
fourood,places_seed124,L14,Tq0.05,TINS,97.2612842,10.15,places,124,L14|Tq0.05|TINS
fourood,places_seed124,L14,Tq0.05,TANL,96.7171582,11.55,places,124,L14|Tq0.05|TANL
fourood,places_seed124,L14,Tq0.2,none,95.9463198,15.77,places,124,L14|Tq0.2|none
fourood,places_seed124,L14,Tq0.2,TINS,97.1970658,11.18,places,124,L14|Tq0.2|TINS
fourood,places_seed124,L14,Tq0.2,TANL,96.5751998,13.19,places,124,L14|Tq0.2|TANL
fourood,places_seed124,L14,Tnn,none,96.3275845,14.73,places,124,L14|Tnn|none
fourood,places_seed124,L14,Tnn,TINS,97.2260664,11.43,places,124,L14|Tnn|TINS
fourood,places_seed124,L14,Tnn,TANL,96.7266422,12.76,places,124,L14|Tnn|TANL
fourood,places_seed124,L14,Tk20,none,96.68410769999996,12.590000000000002,places,124,L14|Tk20|none
fourood,places_seed124,L14,Tk20,TINS,97.4839572,9.73,places,124,L14|Tk20|TINS
fourood,places_seed124,L14,Tk20,TANL,97.0082232,11.11,places,124,L14|Tk20|TANL
fourood,places_seed124,L14,Tlp20,none,95.9148365,14.39,places,124,L14|Tlp20|none
fourood,places_seed124,L14,Tlp20,TINS,97.5483906,9.33,places,124,L14|Tlp20|TINS
fourood,places_seed124,L14,Tlp20,TANL,96.8034194,11.21,places,124,L14|Tlp20|TANL
fourood,places_seed124,L14,SL,none,94.6909135,20.28,places,124,L14|SL|none
fourood,places_seed124,L14,SL,TINS,96.8865946,11.74,places,124,L14|SL|TINS
fourood,places_seed124,L14,SL,TANL,95.95319659999998,15.0,places,124,L14|SL|TANL
fourood,places_seed124,L14,static,none,89.73123539999999,44.07,places,124,L14|static|none
fourood,places_seed124,L14,static,TINS,96.7054174,12.15,places,124,L14|static|TINS
fourood,places_seed124,L14,static,TANL,94.9832396,18.03,places,124,L14|static|TANL
fourood,places_seed124,L14xD3L,T,none,96.6959487,12.24,places,124,L14xD3L|T|none
fourood,places_seed124,L14xD3L,T,TINS,97.4795522,9.75,places,124,L14xD3L|T|TINS
fourood,places_seed124,L14xD3L,T,TANL,97.0063083,10.94,places,124,L14xD3L|T|TANL
fourood,places_seed124,L14xD3L,Tlp,none,95.46973289999998,15.11,places,124,L14xD3L|Tlp|none
fourood,places_seed124,L14xD3L,Tlp,TINS,97.35211,9.45,places,124,L14xD3L|Tlp|TINS
fourood,places_seed124,L14xD3L,Tlp,TANL,96.5073383,11.51,places,124,L14xD3L|Tlp|TANL
fourood,places_seed124,L14xD3L,Tq0.05,none,96.7054113,11.53,places,124,L14xD3L|Tq0.05|none
fourood,places_seed124,L14xD3L,Tq0.05,TINS,97.4326058,9.44,places,124,L14xD3L|Tq0.05|TINS
fourood,places_seed124,L14xD3L,Tq0.05,TANL,96.9690076,10.489999999999998,places,124,L14xD3L|Tq0.05|TANL
fourood,places_seed124,L14xD3L,Tq0.2,none,96.4733457,13.38,places,124,L14xD3L|Tq0.2|none
fourood,places_seed124,L14xD3L,Tq0.2,TINS,97.419106,10.16,places,124,L14xD3L|Tq0.2|TINS
fourood,places_seed124,L14xD3L,Tq0.2,TANL,96.8963461,11.57,places,124,L14xD3L|Tq0.2|TANL
fourood,places_seed124,L14xD3L,Tnn,none,96.8624492,11.88,places,124,L14xD3L|Tnn|none
fourood,places_seed124,L14xD3L,Tnn,TINS,97.4826052,9.73,places,124,L14xD3L|Tnn|TINS
fourood,places_seed124,L14xD3L,Tnn,TANL,97.0963964,10.78,places,124,L14xD3L|Tnn|TANL
fourood,places_seed124,L14xD3L,Tk20,none,97.1779646,10.89,places,124,L14xD3L|Tk20|none
fourood,places_seed124,L14xD3L,Tk20,TINS,97.7071336,8.61,places,124,L14xD3L|Tk20|TINS
fourood,places_seed124,L14xD3L,Tk20,TANL,97.3314066,9.74,places,124,L14xD3L|Tk20|TANL
fourood,places_seed124,L14xD3L,Tlp20,none,96.4022796,12.4,places,124,L14xD3L|Tlp20|none
fourood,places_seed124,L14xD3L,Tlp20,TINS,97.6132354,8.41,places,124,L14xD3L|Tlp20|TINS
fourood,places_seed124,L14xD3L,Tlp20,TANL,96.9453478,10.04,places,124,L14xD3L|Tlp20|TANL
fourood,places_seed124,D3B+D3L,T,none,97.2382259,10.34,places,124,D3B+D3L|T|none
fourood,places_seed124,D3B+D3L,T,TINS,97.6033138,8.88,places,124,D3B+D3L|T|TINS
fourood,places_seed124,D3B+D3L,T,TANL,97.35720650000002,9.55,places,124,D3B+D3L|T|TANL
fourood,places_seed124,D3B+D3L,Tlp,none,96.1963002,12.15,places,124,D3B+D3L|Tlp|none
fourood,places_seed124,D3B+D3L,Tlp,TINS,97.29556519999998,9.17,places,124,D3B+D3L|Tlp|TINS
fourood,places_seed124,D3B+D3L,Tlp,TANL,96.7202403,10.25,places,124,D3B+D3L|Tlp|TANL
fourood,places_seed124,D3B+D3L,Tq0.05,none,97.1731518,9.85,places,124,D3B+D3L|Tq0.05|none
fourood,places_seed124,D3B+D3L,Tq0.05,TINS,97.5241868,8.66,places,124,D3B+D3L|Tq0.05|TINS
fourood,places_seed124,D3B+D3L,Tq0.05,TANL,97.2795625,9.09,places,124,D3B+D3L|Tq0.05|TANL
fourood,places_seed124,D3B+D3L,Tq0.2,none,97.1161735,11.03,places,124,D3B+D3L|Tq0.2|none
fourood,places_seed124,D3B+D3L,Tq0.2,TINS,97.54601139999998,9.28,places,124,D3B+D3L|Tq0.2|TINS
fourood,places_seed124,D3B+D3L,Tq0.2,TANL,97.2742264,10.13,places,124,D3B+D3L|Tq0.2|TANL
fourood,places_seed124,D3B+D3L,Tnn,none,97.36421,10.17,places,124,D3B+D3L|Tnn|none
fourood,places_seed124,D3B+D3L,Tnn,TINS,97.6296482,8.99,places,124,D3B+D3L|Tnn|TINS
fourood,places_seed124,D3B+D3L,Tnn,TANL,97.44388499999998,9.56,places,124,D3B+D3L|Tnn|TANL
fourood,places_seed124,D3B+D3L,Tk20,none,97.3980685,9.48,places,124,D3B+D3L|Tk20|none
fourood,places_seed124,D3B+D3L,Tk20,TINS,97.68667279999998,8.42,places,124,D3B+D3L|Tk20|TINS
fourood,places_seed124,D3B+D3L,Tk20,TANL,97.474215,8.95,places,124,D3B+D3L|Tk20|TANL
fourood,places_seed124,D3B+D3L,Tlp20,none,96.7374639,10.79,places,124,D3B+D3L|Tlp20|none
fourood,places_seed124,D3B+D3L,Tlp20,TINS,97.5193968,8.33,places,124,D3B+D3L|Tlp20|TINS
fourood,places_seed124,D3B+D3L,Tlp20,TANL,97.0621692,9.52,places,124,D3B+D3L|Tlp20|TANL
fourood,places_seed124,D3B+D3L,SL,none,96.0382427,14.39,places,124,D3B+D3L|SL|none
fourood,places_seed124,D3B+D3L,SL,TINS,96.95182560000002,11.08,places,124,D3B+D3L|SL|TINS
fourood,places_seed124,D3B+D3L,SL,TANL,96.47838339999998,12.659999999999998,places,124,D3B+D3L|SL|TANL
fourood,places_seed124,D3B+D3L,static,none,89.902761,40.24,places,124,D3B+D3L|static|none
fourood,places_seed124,D3B+D3L,static,TINS,95.87527679999998,14.8,places,124,D3B+D3L|static|TINS
fourood,places_seed124,D3B+D3L,static,TANL,93.8857148,22.99,places,124,D3B+D3L|static|TANL
fourood,places_seed124,L14+D3B+D3L,T,none,97.218139,10.45,places,124,L14+D3B+D3L|T|none
fourood,places_seed124,L14+D3B+D3L,T,TINS,97.515262,9.29,places,124,L14+D3B+D3L|T|TINS
fourood,places_seed124,L14+D3B+D3L,T,TANL,97.3140256,9.91,places,124,L14+D3B+D3L|T|TANL
fourood,places_seed124,L14+D3B+D3L,Tlp,none,96.328694,12.04,places,124,L14+D3B+D3L|Tlp|none
fourood,places_seed124,L14+D3B+D3L,Tlp,TINS,97.224609,9.34,places,124,L14+D3B+D3L|Tlp|TINS
fourood,places_seed124,L14+D3B+D3L,Tlp,TANL,96.7421044,10.57,places,124,L14+D3B+D3L|Tlp|TANL
fourood,places_seed124,L14+D3B+D3L,Tq0.05,none,97.1802652,10.02,places,124,L14+D3B+D3L|Tq0.05|none
fourood,places_seed124,L14+D3B+D3L,Tq0.05,TINS,97.456589,9.01,places,124,L14+D3B+D3L|Tq0.05|TINS
fourood,places_seed124,L14+D3B+D3L,Tq0.05,TANL,97.2608716,9.47,places,124,L14+D3B+D3L|Tq0.05|TANL
fourood,places_seed124,L14+D3B+D3L,Tq0.2,none,97.0786499,10.94,places,124,L14+D3B+D3L|Tq0.2|none
fourood,places_seed124,L14+D3B+D3L,Tq0.2,TINS,97.4305376,9.63,places,124,L14+D3B+D3L|Tq0.2|TINS
fourood,places_seed124,L14+D3B+D3L,Tq0.2,TANL,97.2055202,10.17,places,124,L14+D3B+D3L|Tq0.2|TANL
fourood,places_seed124,L14+D3B+D3L,Tnn,none,97.3284543,10.27,places,124,L14+D3B+D3L|Tnn|none
fourood,places_seed124,L14+D3B+D3L,Tnn,TINS,97.541715,9.42,places,124,L14+D3B+D3L|Tnn|TINS
fourood,places_seed124,L14+D3B+D3L,Tnn,TANL,97.3927978,9.95,places,124,L14+D3B+D3L|Tnn|TANL
fourood,places_seed124,L14+D3B+D3L,Tk20,none,97.39715769999998,9.49,places,124,L14+D3B+D3L|Tk20|none
fourood,places_seed124,L14+D3B+D3L,Tk20,TINS,97.6327746,8.63,places,124,L14+D3B+D3L|Tk20|TINS
fourood,places_seed124,L14+D3B+D3L,Tk20,TANL,97.4604118,9.06,places,124,L14+D3B+D3L|Tk20|TANL
fourood,places_seed124,L14+D3B+D3L,Tlp20,none,96.8635611,10.43,places,124,L14+D3B+D3L|Tlp20|none
fourood,places_seed124,L14+D3B+D3L,Tlp20,TINS,97.5030074,8.53,places,124,L14+D3B+D3L|Tlp20|TINS
fourood,places_seed124,L14+D3B+D3L,Tlp20,TANL,97.1252573,9.35,places,124,L14+D3B+D3L|Tlp20|TANL
fourood,places_seed124,L14+D3B+D3L,SL,none,96.1298262,14.2,places,124,L14+D3B+D3L|SL|none
fourood,places_seed124,L14+D3B+D3L,SL,TINS,96.85824780000002,11.73,places,124,L14+D3B+D3L|SL|TINS
fourood,places_seed124,L14+D3B+D3L,SL,TANL,96.4619994,12.839999999999998,places,124,L14+D3B+D3L|SL|TANL
fourood,places_seed124,L14+D3B+D3L,static,none,90.5307071,38.75,places,124,L14+D3B+D3L|static|none
fourood,places_seed124,L14+D3B+D3L,static,TINS,95.4665476,16.82,places,124,L14+D3B+D3L|static|TINS
fourood,places_seed124,L14+D3B+D3L,static,TANL,93.5549945,25.5,places,124,L14+D3B+D3L|static|TANL
fourood,places_seed124,B14+L14+D3L,T,none,97.1099491,10.97,places,124,B14+L14+D3L|T|none
fourood,places_seed124,B14+L14+D3L,T,TINS,97.438269,9.89,places,124,B14+L14+D3L|T|TINS
fourood,places_seed124,B14+L14+D3L,T,TANL,97.2228665,10.37,places,124,B14+L14+D3L|T|TANL
fourood,places_seed124,B14+L14+D3L,Tlp,none,96.1695208,13.22,places,124,B14+L14+D3L|Tlp|none
fourood,places_seed124,B14+L14+D3L,Tlp,TINS,97.1607706,9.85,places,124,B14+L14+D3L|Tlp|TINS
fourood,places_seed124,B14+L14+D3L,Tlp,TANL,96.6544471,11.48,places,124,B14+L14+D3L|Tlp|TANL
fourood,places_seed124,B14+L14+D3L,Tq0.05,none,97.0824988,10.44,places,124,B14+L14+D3L|Tq0.05|none
fourood,places_seed124,B14+L14+D3L,Tq0.05,TINS,97.3836304,9.35,places,124,B14+L14+D3L|Tq0.05|TINS
fourood,places_seed124,B14+L14+D3L,Tq0.05,TANL,97.17644199999998,10.06,places,124,B14+L14+D3L|Tq0.05|TANL
fourood,places_seed124,B14+L14+D3L,Tq0.2,none,96.9378901,11.76,places,124,B14+L14+D3L|Tq0.2|none
fourood,places_seed124,B14+L14+D3L,Tq0.2,TINS,97.3350088,10.1,places,124,B14+L14+D3L|Tq0.2|TINS
fourood,places_seed124,B14+L14+D3L,Tq0.2,TANL,97.0902071,11.01,places,124,B14+L14+D3L|Tq0.2|TANL
fourood,places_seed124,B14+L14+D3L,Tnn,none,97.2104048,10.94,places,124,B14+L14+D3L|Tnn|none
fourood,places_seed124,B14+L14+D3L,Tnn,TINS,97.4526166,9.95,places,124,B14+L14+D3L|Tnn|TINS
fourood,places_seed124,B14+L14+D3L,Tnn,TANL,97.2897738,10.43,places,124,B14+L14+D3L|Tnn|TANL
fourood,places_seed124,B14+L14+D3L,Tk20,none,97.33140459999998,9.98,places,124,B14+L14+D3L|Tk20|none
fourood,places_seed124,B14+L14+D3L,Tk20,TINS,97.593351,8.870000000000001,places,124,B14+L14+D3L|Tk20|TINS
fourood,places_seed124,B14+L14+D3L,Tk20,TANL,97.4098641,9.49,places,124,B14+L14+D3L|Tk20|TANL
fourood,places_seed124,B14+L14+D3L,Tlp20,none,96.7576835,11.07,places,124,B14+L14+D3L|Tlp20|none
fourood,places_seed124,B14+L14+D3L,Tlp20,TINS,97.4725084,8.74,places,124,B14+L14+D3L|Tlp20|TINS
fourood,places_seed124,B14+L14+D3L,Tlp20,TANL,97.0715745,9.78,places,124,B14+L14+D3L|Tlp20|TANL
fourood,places_seed124,B14+L14+D3L,SL,none,95.9322758,15.36,places,124,B14+L14+D3L|SL|none
fourood,places_seed124,B14+L14+D3L,SL,TINS,96.7534488,12.26,places,124,B14+L14+D3L|SL|TINS
fourood,places_seed124,B14+L14+D3L,SL,TANL,96.3167878,13.85,places,124,B14+L14+D3L|SL|TANL
fourood,places_seed124,B14+L14+D3L,static,none,90.5013075,39.83,places,124,B14+L14+D3L|static|none
fourood,places_seed124,B14+L14+D3L,static,TINS,95.472939,17.080000000000002,places,124,B14+L14+D3L|static|TINS
fourood,places_seed124,B14+L14+D3L,static,TANL,93.5638184,25.93,places,124,B14+L14+D3L|static|TANL
fourood,places_seed124,B14+L14+D3B+D3L,T,none,97.23474810000002,10.56,places,124,B14+L14+D3B+D3L|T|none
fourood,places_seed124,B14+L14+D3B+D3L,T,TINS,97.4719706,9.56,places,124,B14+L14+D3B+D3L|T|TINS
fourood,places_seed124,B14+L14+D3B+D3L,T,TANL,97.3107728,10.16,places,124,B14+L14+D3B+D3L|T|TANL
fourood,places_seed124,B14+L14+D3B+D3L,Tlp,none,96.3528675,12.21,places,124,B14+L14+D3B+D3L|Tlp|none
fourood,places_seed124,B14+L14+D3B+D3L,Tlp,TINS,97.11971160000002,9.76,places,124,B14+L14+D3B+D3L|Tlp|TINS
fourood,places_seed124,B14+L14+D3B+D3L,Tlp,TANL,96.707058,11.07,places,124,B14+L14+D3B+D3L|Tlp|TANL
fourood,places_seed124,B14+L14+D3B+D3L,Tq0.05,none,97.1799919,10.26,places,124,B14+L14+D3B+D3L|Tq0.05|none
fourood,places_seed124,B14+L14+D3B+D3L,Tq0.05,TINS,97.4024514,9.28,places,124,B14+L14+D3B+D3L|Tq0.05|TINS
fourood,places_seed124,B14+L14+D3B+D3L,Tq0.05,TANL,97.2448198,9.76,places,124,B14+L14+D3B+D3L|Tq0.05|TANL
fourood,places_seed124,B14+L14+D3B+D3L,Tq0.2,none,97.1045701,10.88,places,124,B14+L14+D3B+D3L|Tq0.2|none
fourood,places_seed124,B14+L14+D3B+D3L,Tq0.2,TINS,97.3856684,9.81,places,124,B14+L14+D3B+D3L|Tq0.2|TINS
fourood,places_seed124,B14+L14+D3B+D3L,Tq0.2,TANL,97.2053066,10.41,places,124,B14+L14+D3B+D3L|Tq0.2|TANL
fourood,places_seed124,B14+L14+D3B+D3L,Tnn,none,97.33701619999998,10.33,places,124,B14+L14+D3B+D3L|Tnn|none
fourood,places_seed124,B14+L14+D3B+D3L,Tnn,TINS,97.50412059999998,9.67,places,124,B14+L14+D3B+D3L|Tnn|TINS
fourood,places_seed124,B14+L14+D3B+D3L,Tnn,TANL,97.3877744,10.04,places,124,B14+L14+D3B+D3L|Tnn|TANL
fourood,places_seed124,B14+L14+D3B+D3L,Tk20,none,97.3948878,9.58,places,124,B14+L14+D3B+D3L|Tk20|none
fourood,places_seed124,B14+L14+D3B+D3L,Tk20,TINS,97.5884924,8.93,places,124,B14+L14+D3B+D3L|Tk20|TINS
fourood,places_seed124,B14+L14+D3B+D3L,Tk20,TANL,97.4490666,9.22,places,124,B14+L14+D3B+D3L|Tk20|TANL
fourood,places_seed124,B14+L14+D3B+D3L,Tlp20,none,96.8608343,10.38,places,124,B14+L14+D3B+D3L|Tlp20|none
fourood,places_seed124,B14+L14+D3B+D3L,Tlp20,TINS,97.4211288,8.84,places,124,B14+L14+D3B+D3L|Tlp20|TINS
fourood,places_seed124,B14+L14+D3B+D3L,Tlp20,TANL,97.0947735,9.53,places,124,B14+L14+D3B+D3L|Tlp20|TANL
fourood,places_seed124,B14+L14+D3B+D3L,SL,none,96.111523,14.31,places,124,B14+L14+D3B+D3L|SL|none
fourood,places_seed124,B14+L14+D3B+D3L,SL,TINS,96.71908100000002,12.16,places,124,B14+L14+D3B+D3L|SL|TINS
fourood,places_seed124,B14+L14+D3B+D3L,SL,TANL,96.385376,13.23,places,124,B14+L14+D3B+D3L|SL|TANL
fourood,places_seed124,B14+L14+D3B+D3L,static,none,90.4216762,39.57,places,124,B14+L14+D3B+D3L|static|none
fourood,places_seed124,B14+L14+D3B+D3L,static,TINS,94.8901318,19.37,places,124,B14+L14+D3B+D3L|static|TINS
fourood,places_seed124,B14+L14+D3B+D3L,static,TANL,93.0136861,28.74,places,124,B14+L14+D3B+D3L|static|TANL
fourood,places_seed124,B14+L14,T,none,96.7446868,12.78,places,124,B14+L14|T|none
fourood,places_seed124,B14+L14,T,TINS,97.3041668,10.52,places,124,B14+L14|T|TINS
fourood,places_seed124,B14+L14,T,TANL,96.9729662,11.55,places,124,B14+L14|T|TANL
fourood,places_seed124,B14+L14,Tlp,none,95.6095493,15.03,places,124,B14+L14|Tlp|none
fourood,places_seed124,B14+L14,Tlp,TINS,97.1454966,10.4,places,124,B14+L14|Tlp|TINS
fourood,places_seed124,B14+L14,Tlp,TANL,96.4715857,12.63,places,124,B14+L14|Tlp|TANL
fourood,places_seed124,B14+L14,Tq0.05,none,96.7275507,12.17,places,124,B14+L14|Tq0.05|none
fourood,places_seed124,B14+L14,Tq0.05,TINS,97.24868999999998,10.23,places,124,B14+L14|Tq0.05|TINS
fourood,places_seed124,B14+L14,Tq0.05,TANL,96.926166,11.29,places,124,B14+L14|Tq0.05|TANL
fourood,places_seed124,B14+L14,Tq0.2,none,96.5620929,13.62,places,124,B14+L14|Tq0.2|none
fourood,places_seed124,B14+L14,Tq0.2,TINS,97.2172438,11.0,places,124,B14+L14|Tq0.2|TINS
fourood,places_seed124,B14+L14,Tq0.2,TANL,96.8500856,12.16,places,124,B14+L14|Tq0.2|TANL
fourood,places_seed124,B14+L14,Tnn,none,96.8679166,12.47,places,124,B14+L14|Tnn|none
fourood,places_seed124,B14+L14,Tnn,TINS,97.2904034,10.7,places,124,B14+L14|Tnn|TINS
fourood,places_seed124,B14+L14,Tnn,TANL,97.0287614,11.67,places,124,B14+L14|Tnn|TANL
fourood,places_seed124,B14+L14,Tk20,none,97.02431,11.57,places,124,B14+L14|Tk20|none
fourood,places_seed124,B14+L14,Tk20,TINS,97.4704122,9.88,places,124,B14+L14|Tk20|TINS
fourood,places_seed124,B14+L14,Tk20,TANL,97.1862733,10.53,places,124,B14+L14|Tk20|TANL
fourood,places_seed124,B14+L14,Tlp20,none,96.3274377,12.659999999999998,places,124,B14+L14|Tlp20|none
fourood,places_seed124,B14+L14,Tlp20,TINS,97.4422492,9.25,places,124,B14+L14|Tlp20|TINS
fourood,places_seed124,B14+L14,Tlp20,TANL,96.895788,10.88,places,124,B14+L14|Tlp20|TANL
fourood,places_seed124,B14+L14,SL,none,95.3571904,17.48,places,124,B14+L14|SL|none
fourood,places_seed124,B14+L14,SL,TINS,96.6714722,12.65,places,124,B14+L14|SL|TINS
fourood,places_seed124,B14+L14,SL,TANL,96.035811,14.97,places,124,B14+L14|SL|TANL
fourood,places_seed124,B14+L14,static,none,89.7363903,43.34,places,124,B14+L14|static|none
fourood,places_seed124,B14+L14,static,TINS,95.9493204,15.18,places,124,B14+L14|static|TINS
fourood,places_seed124,B14+L14,static,TANL,93.9484341,23.83,places,124,B14+L14|static|TANL
fourood,places_seed125,L14xD3L+D3L,T,none,97.0074637,11.24,places,125,L14xD3L+D3L|T|none
fourood,places_seed125,L14xD3L+D3L,T,TINS,97.4762138,9.57,places,125,L14xD3L+D3L|T|TINS
fourood,places_seed125,L14xD3L+D3L,T,TANL,97.1802524,10.19,places,125,L14xD3L+D3L|T|TANL
fourood,places_seed125,L14xD3L+D3L,Tlp,none,95.8515192,13.61,places,125,L14xD3L+D3L|Tlp|none
fourood,places_seed125,L14xD3L+D3L,Tlp,TINS,97.176687,9.64,places,125,L14xD3L+D3L|Tlp|TINS
fourood,places_seed125,L14xD3L+D3L,Tlp,TANL,96.5340743,11.17,places,125,L14xD3L+D3L|Tlp|TANL
fourood,places_seed125,L14xD3L+D3L,Tq0.05,none,96.9982139,10.52,places,125,L14xD3L+D3L|Tq0.05|none
fourood,places_seed125,L14xD3L+D3L,Tq0.05,TINS,97.4309816,9.15,places,125,L14xD3L+D3L|Tq0.05|TINS
fourood,places_seed125,L14xD3L+D3L,Tq0.05,TANL,97.1454454,9.85,places,125,L14xD3L+D3L|Tq0.05|TANL
fourood,places_seed125,L14xD3L+D3L,Tq0.2,none,96.8054516,12.09,places,125,L14xD3L+D3L|Tq0.2|none
fourood,places_seed125,L14xD3L+D3L,Tq0.2,TINS,97.3756814,9.95,places,125,L14xD3L+D3L|Tq0.2|TINS
fourood,places_seed125,L14xD3L+D3L,Tq0.2,TANL,97.0393547,11.0,places,125,L14xD3L+D3L|Tq0.2|TANL
fourood,places_seed125,L14xD3L+D3L,Tnn,none,97.1124287,10.96,places,125,L14xD3L+D3L|Tnn|none
fourood,places_seed125,L14xD3L+D3L,Tnn,TINS,97.4662214,9.67,places,125,L14xD3L+D3L|Tnn|TINS
fourood,places_seed125,L14xD3L+D3L,Tnn,TANL,97.2379477,10.33,places,125,L14xD3L+D3L|Tnn|TANL
fourood,places_seed125,L14xD3L+D3L,Tk20,none,97.3622654,9.63,places,125,L14xD3L+D3L|Tk20|none
fourood,places_seed125,L14xD3L+D3L,Tk20,TINS,97.697694,8.309999999999999,places,125,L14xD3L+D3L|Tk20|TINS
fourood,places_seed125,L14xD3L+D3L,Tk20,TANL,97.45853739999998,9.09,places,125,L14xD3L+D3L|Tk20|TANL
fourood,places_seed125,L14xD3L+D3L,Tlp20,none,96.6216543,11.12,places,125,L14xD3L+D3L|Tlp20|none
fourood,places_seed125,L14xD3L+D3L,Tlp20,TINS,97.51142659999998,8.37,places,125,L14xD3L+D3L|Tlp20|TINS
fourood,places_seed125,L14xD3L+D3L,Tlp20,TANL,97.013069,9.5,places,125,L14xD3L+D3L|Tlp20|TANL
fourood,places_seed125,L14+D3L,T,none,97.0117507,11.52,places,125,L14+D3L|T|none
fourood,places_seed125,L14+D3L,T,TINS,97.4839524,9.49,places,125,L14+D3L|T|TINS
fourood,places_seed125,L14+D3L,T,TANL,97.1892328,10.57,places,125,L14+D3L|T|TANL
fourood,places_seed125,L14+D3L,Tlp,none,96.029246,13.46,places,125,L14+D3L|Tlp|none
fourood,places_seed125,L14+D3L,Tlp,TINS,97.281113,9.49,places,125,L14+D3L|Tlp|TINS
fourood,places_seed125,L14+D3L,Tlp,TANL,96.672373,10.97,places,125,L14+D3L|Tlp|TANL
fourood,places_seed125,L14+D3L,Tq0.05,none,97.0288621,10.67,places,125,L14+D3L|Tq0.05|none
fourood,places_seed125,L14+D3L,Tq0.05,TINS,97.4479406,9.13,places,125,L14+D3L|Tq0.05|TINS
fourood,places_seed125,L14+D3L,Tq0.05,TANL,97.1729622,9.89,places,125,L14+D3L|Tq0.05|TANL
fourood,places_seed125,L14+D3L,Tq0.2,none,96.8009456,12.14,places,125,L14+D3L|Tq0.2|none
fourood,places_seed125,L14+D3L,Tq0.2,TINS,97.3743242,9.94,places,125,L14+D3L|Tq0.2|TINS
fourood,places_seed125,L14+D3L,Tq0.2,TANL,97.0368437,10.89,places,125,L14+D3L|Tq0.2|TANL
fourood,places_seed125,L14+D3L,Tnn,none,97.1155529,11.32,places,125,L14+D3L|Tnn|none
fourood,places_seed125,L14+D3L,Tnn,TINS,97.4798354,9.9,places,125,L14+D3L|Tnn|TINS
fourood,places_seed125,L14+D3L,Tnn,TANL,97.24679179999998,10.61,places,125,L14+D3L|Tnn|TANL
fourood,places_seed125,L14+D3L,Tk20,none,97.3005781,10.05,places,125,L14+D3L|Tk20|none
fourood,places_seed125,L14+D3L,Tk20,TINS,97.6571836,8.5,places,125,L14+D3L|Tk20|TINS
fourood,places_seed125,L14+D3L,Tk20,TANL,97.4095927,9.23,places,125,L14+D3L|Tk20|TANL
fourood,places_seed125,L14+D3L,Tlp20,none,96.70406719999998,11.09,places,125,L14+D3L|Tlp20|none
fourood,places_seed125,L14+D3L,Tlp20,TINS,97.5781796,8.27,places,125,L14+D3L|Tlp20|TINS
fourood,places_seed125,L14+D3L,Tlp20,TANL,97.0925359,9.41,places,125,L14+D3L|Tlp20|TANL
fourood,places_seed125,L14+D3L,SL,none,95.8063501,15.47,places,125,L14+D3L|SL|none
fourood,places_seed125,L14+D3L,SL,TINS,96.870535,11.51,places,125,L14+D3L|SL|TINS
fourood,places_seed125,L14+D3L,SL,TANL,96.3491464,13.22,places,125,L14+D3L|SL|TANL
fourood,places_seed125,L14+D3L,static,none,90.6683954,39.290000000000006,places,125,L14+D3L|static|none
fourood,places_seed125,L14+D3L,static,TINS,96.1174788,14.3,places,125,L14+D3L|static|TINS
fourood,places_seed125,L14+D3L,static,TANL,94.3928026,21.33,places,125,L14+D3L|static|TANL
fourood,places_seed125,D3L,T,none,97.00602320000004,11.58,places,125,D3L|T|none
fourood,places_seed125,D3L,T,TINS,97.6475668,8.85,places,125,D3L|T|TINS
fourood,places_seed125,D3L,T,TANL,97.2563536,10.18,places,125,D3L|T|TANL
fourood,places_seed125,D3L,Tlp,none,95.709143,13.78,places,125,D3L|Tlp|none
fourood,places_seed125,D3L,Tlp,TINS,97.3914838,8.72,places,125,D3L|Tlp|TINS
fourood,places_seed125,D3L,Tlp,TANL,96.619116,10.59,places,125,D3L|Tlp|TANL
fourood,places_seed125,D3L,Tq0.05,none,96.9856076,10.41,places,125,D3L|Tq0.05|none
fourood,places_seed125,D3L,Tq0.05,TINS,97.5836284,8.48,places,125,D3L|Tq0.05|TINS
fourood,places_seed125,D3L,Tq0.05,TANL,97.1985964,9.44,places,125,D3L|Tq0.05|TANL
fourood,places_seed125,D3L,Tq0.2,none,96.7930019,11.96,places,125,D3L|Tq0.2|none
fourood,places_seed125,D3L,Tq0.2,TINS,97.5773368,9.17,places,125,D3L|Tq0.2|TINS
fourood,places_seed125,D3L,Tq0.2,TANL,97.1387356,10.4,places,125,D3L|Tq0.2|TANL
fourood,places_seed125,D3L,Tnn,none,97.1431362,11.25,places,125,D3L|Tnn|none
fourood,places_seed125,D3L,Tnn,TINS,97.6552168,9.19,places,125,D3L|Tnn|TINS
fourood,places_seed125,D3L,Tnn,TANL,97.3328917,10.04,places,125,D3L|Tnn|TANL
fourood,places_seed125,D3L,Tk20,none,97.3322985,9.75,places,125,D3L|Tk20|none
fourood,places_seed125,D3L,Tk20,TINS,97.7894384,8.06,places,125,D3L|Tk20|TINS
fourood,places_seed125,D3L,Tk20,TANL,97.45618179999998,8.97,places,125,D3L|Tk20|TANL
fourood,places_seed125,D3L,Tlp20,none,96.48982380000002,11.38,places,125,D3L|Tlp20|none
fourood,places_seed125,D3L,Tlp20,TINS,97.6188526,8.17,places,125,D3L|Tlp20|TINS
fourood,places_seed125,D3L,Tlp20,TANL,96.982485,9.37,places,125,D3L|Tlp20|TANL
fourood,places_seed125,D3L,SL,none,95.6662806,15.32,places,125,D3L|SL|none
fourood,places_seed125,D3L,SL,TINS,97.1093996,10.21,places,125,D3L|SL|TINS
fourood,places_seed125,D3L,SL,TANL,96.469022,12.19,places,125,D3L|SL|TANL
fourood,places_seed125,D3L,static,none,90.04561479999998,40.23,places,125,D3L|static|none
fourood,places_seed125,D3L,static,TINS,96.6746092,12.12,places,125,D3L|static|TINS
fourood,places_seed125,D3L,static,TANL,95.08603730000002,17.27,places,125,D3L|static|TANL
fourood,places_seed125,L14,T,none,96.2029102,14.85,places,125,L14|T|none
fourood,places_seed125,L14,T,TINS,97.2926528,10.69,places,125,L14|T|TINS
fourood,places_seed125,L14,T,TANL,96.73874440000002,12.6,places,125,L14|T|TANL
fourood,places_seed125,L14,Tlp,none,94.95442619999996,17.34,places,125,L14|Tlp|none
fourood,places_seed125,L14,Tlp,TINS,97.2762384,10.0,places,125,L14|Tlp|TINS
fourood,places_seed125,L14,Tlp,TANL,96.4132922,12.47,places,125,L14|Tlp|TANL
fourood,places_seed125,L14,Tq0.05,none,96.2795088,13.35,places,125,L14|Tq0.05|none
fourood,places_seed125,L14,Tq0.05,TINS,97.2706666,9.94,places,125,L14|Tq0.05|TINS
fourood,places_seed125,L14,Tq0.05,TANL,96.7470892,11.52,places,125,L14|Tq0.05|TANL
fourood,places_seed125,L14,Tq0.2,none,95.9463209,15.77,places,125,L14|Tq0.2|none
fourood,places_seed125,L14,Tq0.2,TINS,97.2072596,10.93,places,125,L14|Tq0.2|TINS
fourood,places_seed125,L14,Tq0.2,TANL,96.5957063,13.02,places,125,L14|Tq0.2|TANL
fourood,places_seed125,L14,Tnn,none,96.3275843,14.73,places,125,L14|Tnn|none
fourood,places_seed125,L14,Tnn,TINS,97.2387834,11.3,places,125,L14|Tnn|TINS
fourood,places_seed125,L14,Tnn,TANL,96.7448737,12.71,places,125,L14|Tnn|TANL
fourood,places_seed125,L14,Tk20,none,96.68410709999998,12.590000000000002,places,125,L14|Tk20|none
fourood,places_seed125,L14,Tk20,TINS,97.4960894,9.59,places,125,L14|Tk20|TINS
fourood,places_seed125,L14,Tk20,TANL,97.02968630000002,10.98,places,125,L14|Tk20|TANL
fourood,places_seed125,L14,Tlp20,none,95.9148343,14.39,places,125,L14|Tlp20|none
fourood,places_seed125,L14,Tlp20,TINS,97.5442126,9.13,places,125,L14|Tlp20|TINS
fourood,places_seed125,L14,Tlp20,TANL,96.83145420000002,11.02,places,125,L14|Tlp20|TANL
fourood,places_seed125,L14,SL,none,94.6465305,20.47,places,125,L14|SL|none
fourood,places_seed125,L14,SL,TINS,96.839933,11.88,places,125,L14|SL|TINS
fourood,places_seed125,L14,SL,TANL,95.952832,15.14,places,125,L14|SL|TANL
fourood,places_seed125,L14,static,none,89.73123539999999,44.07,places,125,L14|static|none
fourood,places_seed125,L14,static,TINS,96.6983044,12.27,places,125,L14|static|TINS
fourood,places_seed125,L14,static,TANL,95.0840728,17.88,places,125,L14|static|TANL
fourood,places_seed125,L14xD3L,T,none,96.6959489,12.24,places,125,L14xD3L|T|none
fourood,places_seed125,L14xD3L,T,TINS,97.488624,9.49,places,125,L14xD3L|T|TINS
fourood,places_seed125,L14xD3L,T,TANL,97.0254227,10.76,places,125,L14xD3L|T|TANL
fourood,places_seed125,L14xD3L,Tlp,none,95.4697329,15.11,places,125,L14xD3L|Tlp|none
fourood,places_seed125,L14xD3L,Tlp,TINS,97.3556556,9.39,places,125,L14xD3L|Tlp|TINS
fourood,places_seed125,L14xD3L,Tlp,TANL,96.5509609,11.4,places,125,L14xD3L|Tlp|TANL
fourood,places_seed125,L14xD3L,Tq0.05,none,96.70541230000002,11.53,places,125,L14xD3L|Tq0.05|none
fourood,places_seed125,L14xD3L,Tq0.05,TINS,97.4417834,9.25,places,125,L14xD3L|Tq0.05|TINS
fourood,places_seed125,L14xD3L,Tq0.05,TANL,96.9880067,10.29,places,125,L14xD3L|Tq0.05|TANL
fourood,places_seed125,L14xD3L,Tq0.2,none,96.4733451,13.38,places,125,L14xD3L|Tq0.2|none
fourood,places_seed125,L14xD3L,Tq0.2,TINS,97.4278644,9.97,places,125,L14xD3L|Tq0.2|TINS
fourood,places_seed125,L14xD3L,Tq0.2,TANL,96.9150893,11.56,places,125,L14xD3L|Tq0.2|TANL
fourood,places_seed125,L14xD3L,Tnn,none,96.862449,11.88,places,125,L14xD3L|Tnn|none
fourood,places_seed125,L14xD3L,Tnn,TINS,97.4880458,9.68,places,125,L14xD3L|Tnn|TINS
fourood,places_seed125,L14xD3L,Tnn,TANL,97.11013760000002,10.68,places,125,L14xD3L|Tnn|TANL
fourood,places_seed125,L14xD3L,Tk20,none,97.177965,10.89,places,125,L14xD3L|Tk20|none
fourood,places_seed125,L14xD3L,Tk20,TINS,97.7165716,8.44,places,125,L14xD3L|Tk20|TINS
fourood,places_seed125,L14xD3L,Tk20,TANL,97.3441136,9.58,places,125,L14xD3L|Tk20|TANL
fourood,places_seed125,L14xD3L,Tlp20,none,96.4022791,12.4,places,125,L14xD3L|Tlp20|none
fourood,places_seed125,L14xD3L,Tlp20,TINS,97.6156148,8.34,places,125,L14xD3L|Tlp20|TINS
fourood,places_seed125,L14xD3L,Tlp20,TANL,96.9689088,10.1,places,125,L14xD3L|Tlp20|TANL
fourood,places_seed125,D3B+D3L,T,none,97.2382337,10.34,places,125,D3B+D3L|T|none
fourood,places_seed125,D3B+D3L,T,TINS,97.6052654,8.66,places,125,D3B+D3L|T|TINS
fourood,places_seed125,D3B+D3L,T,TANL,97.36316200000002,9.45,places,125,D3B+D3L|T|TANL
fourood,places_seed125,D3B+D3L,Tlp,none,96.19630449999998,12.15,places,125,D3B+D3L|Tlp|none
fourood,places_seed125,D3B+D3L,Tlp,TINS,97.2929778,9.01,places,125,D3B+D3L|Tlp|TINS
fourood,places_seed125,D3B+D3L,Tlp,TANL,96.7350561,10.12,places,125,D3B+D3L|Tlp|TANL
fourood,places_seed125,D3B+D3L,Tq0.05,none,97.173153,9.86,places,125,D3B+D3L|Tq0.05|none
fourood,places_seed125,D3B+D3L,Tq0.05,TINS,97.526075,8.5,places,125,D3B+D3L|Tq0.05|TINS
fourood,places_seed125,D3B+D3L,Tq0.05,TANL,97.2860023,9.11,places,125,D3B+D3L|Tq0.05|TANL
fourood,places_seed125,D3B+D3L,Tq0.2,none,97.1161781,11.03,places,125,D3B+D3L|Tq0.2|none
fourood,places_seed125,D3B+D3L,Tq0.2,TINS,97.5473214,9.05,places,125,D3B+D3L|Tq0.2|TINS
fourood,places_seed125,D3B+D3L,Tq0.2,TANL,97.2796447,10.01,places,125,D3B+D3L|Tq0.2|TANL
fourood,places_seed125,D3B+D3L,Tnn,none,97.3642128,10.17,places,125,D3B+D3L|Tnn|none
fourood,places_seed125,D3B+D3L,Tnn,TINS,97.628909,8.95,places,125,D3B+D3L|Tnn|TINS
fourood,places_seed125,D3B+D3L,Tnn,TANL,97.447921,9.51,places,125,D3B+D3L|Tnn|TANL
fourood,places_seed125,D3B+D3L,Tk20,none,97.3980679,9.48,places,125,D3B+D3L|Tk20|none
fourood,places_seed125,D3B+D3L,Tk20,TINS,97.68950579999998,8.290000000000001,places,125,D3B+D3L|Tk20|TINS
fourood,places_seed125,D3B+D3L,Tk20,TANL,97.4781579,8.91,places,125,D3B+D3L|Tk20|TANL
fourood,places_seed125,D3B+D3L,Tlp20,none,96.7374616,10.79,places,125,D3B+D3L|Tlp20|none
fourood,places_seed125,D3B+D3L,Tlp20,TINS,97.5205752,8.17,places,125,D3B+D3L|Tlp20|TINS
fourood,places_seed125,D3B+D3L,Tlp20,TANL,97.0695515,9.39,places,125,D3B+D3L|Tlp20|TANL
fourood,places_seed125,D3B+D3L,SL,none,95.9515882,14.52,places,125,D3B+D3L|SL|none
fourood,places_seed125,D3B+D3L,SL,TINS,96.8525038,11.26,places,125,D3B+D3L|SL|TINS
fourood,places_seed125,D3B+D3L,SL,TANL,96.4095734,12.64,places,125,D3B+D3L|SL|TANL
fourood,places_seed125,D3B+D3L,static,none,89.902761,40.24,places,125,D3B+D3L|static|none
fourood,places_seed125,D3B+D3L,static,TINS,95.8350276,15.04,places,125,D3B+D3L|static|TINS
fourood,places_seed125,D3B+D3L,static,TANL,93.9680105,22.91,places,125,D3B+D3L|static|TANL
fourood,places_seed125,L14+D3B+D3L,T,none,97.2181412,10.45,places,125,L14+D3B+D3L|T|none
fourood,places_seed125,L14+D3B+D3L,T,TINS,97.5162562,9.22,places,125,L14+D3B+D3L|T|TINS
fourood,places_seed125,L14+D3B+D3L,T,TANL,97.3184375,9.84,places,125,L14+D3B+D3L|T|TANL
fourood,places_seed125,L14+D3B+D3L,Tlp,none,96.328696,12.04,places,125,L14+D3B+D3L|Tlp|none
fourood,places_seed125,L14+D3B+D3L,Tlp,TINS,97.2222958,9.37,places,125,L14+D3B+D3L|Tlp|TINS
fourood,places_seed125,L14+D3B+D3L,Tlp,TANL,96.7531878,10.4,places,125,L14+D3B+D3L|Tlp|TANL
fourood,places_seed125,L14+D3B+D3L,Tq0.05,none,97.180267,10.02,places,125,L14+D3B+D3L|Tq0.05|none
fourood,places_seed125,L14+D3B+D3L,Tq0.05,TINS,97.4563754,9.0,places,125,L14+D3B+D3L|Tq0.05|TINS
fourood,places_seed125,L14+D3B+D3L,Tq0.05,TANL,97.2661314,9.39,places,125,L14+D3B+D3L|Tq0.05|TANL
fourood,places_seed125,L14+D3B+D3L,Tq0.2,none,97.0786545,10.94,places,125,L14+D3B+D3L|Tq0.2|none
fourood,places_seed125,L14+D3B+D3L,Tq0.2,TINS,97.4312498,9.62,places,125,L14+D3B+D3L|Tq0.2|TINS
fourood,places_seed125,L14+D3B+D3L,Tq0.2,TANL,97.2093418,10.07,places,125,L14+D3B+D3L|Tq0.2|TANL
fourood,places_seed125,L14+D3B+D3L,Tnn,none,97.3284533,10.27,places,125,L14+D3B+D3L|Tnn|none
fourood,places_seed125,L14+D3B+D3L,Tnn,TINS,97.5422654,9.49,places,125,L14+D3B+D3L|Tnn|TINS
fourood,places_seed125,L14+D3B+D3L,Tnn,TANL,97.3963258,9.84,places,125,L14+D3B+D3L|Tnn|TANL
fourood,places_seed125,L14+D3B+D3L,Tk20,none,97.3971569,9.49,places,125,L14+D3B+D3L|Tk20|none
fourood,places_seed125,L14+D3B+D3L,Tk20,TINS,97.634805,8.540000000000001,places,125,L14+D3B+D3L|Tk20|TINS
fourood,places_seed125,L14+D3B+D3L,Tk20,TANL,97.4633747,9.0,places,125,L14+D3B+D3L|Tk20|TANL
fourood,places_seed125,L14+D3B+D3L,Tlp20,none,96.8635591,10.43,places,125,L14+D3B+D3L|Tlp20|none
fourood,places_seed125,L14+D3B+D3L,Tlp20,TINS,97.503806,8.38,places,125,L14+D3B+D3L|Tlp20|TINS
fourood,places_seed125,L14+D3B+D3L,Tlp20,TANL,97.1291874,9.31,places,125,L14+D3B+D3L|Tlp20|TANL
fourood,places_seed125,L14+D3B+D3L,SL,none,96.0510793,14.510000000000002,places,125,L14+D3B+D3L|SL|none
fourood,places_seed125,L14+D3B+D3L,SL,TINS,96.7708318,11.86,places,125,L14+D3B+D3L|SL|TINS
fourood,places_seed125,L14+D3B+D3L,SL,TANL,96.39669979999998,12.920000000000002,places,125,L14+D3B+D3L|SL|TANL
fourood,places_seed125,L14+D3B+D3L,static,none,90.5307071,38.75,places,125,L14+D3B+D3L|static|none
fourood,places_seed125,L14+D3B+D3L,static,TINS,95.4329946,17.11,places,125,L14+D3B+D3L|static|TINS
fourood,places_seed125,L14+D3B+D3L,static,TANL,93.62299,25.31,places,125,L14+D3B+D3L|static|TANL
fourood,places_seed125,B14+L14+D3L,T,none,97.10995069999998,10.97,places,125,B14+L14+D3L|T|none
fourood,places_seed125,B14+L14+D3L,T,TINS,97.4411678,9.63,places,125,B14+L14+D3L|T|TINS
fourood,places_seed125,B14+L14+D3L,T,TANL,97.2290568,10.32,places,125,B14+L14+D3L|T|TANL
fourood,places_seed125,B14+L14+D3L,Tlp,none,96.169522,13.22,places,125,B14+L14+D3L|Tlp|none
fourood,places_seed125,B14+L14+D3L,Tlp,TINS,97.158988,10.11,places,125,B14+L14+D3L|Tlp|TINS
fourood,places_seed125,B14+L14+D3L,Tlp,TANL,96.6645429,11.21,places,125,B14+L14+D3L|Tlp|TANL
fourood,places_seed125,B14+L14+D3L,Tq0.05,none,97.0824994,10.44,places,125,B14+L14+D3L|Tq0.05|none
fourood,places_seed125,B14+L14+D3L,Tq0.05,TINS,97.3852438,9.33,places,125,B14+L14+D3L|Tq0.05|TINS
fourood,places_seed125,B14+L14+D3L,Tq0.05,TANL,97.1831648,9.92,places,125,B14+L14+D3L|Tq0.05|TANL
fourood,places_seed125,B14+L14+D3L,Tq0.2,none,96.9378929,11.76,places,125,B14+L14+D3L|Tq0.2|none
fourood,places_seed125,B14+L14+D3L,Tq0.2,TINS,97.3366686,10.25,places,125,B14+L14+D3L|Tq0.2|TINS
fourood,places_seed125,B14+L14+D3L,Tq0.2,TANL,97.0958728,10.91,places,125,B14+L14+D3L|Tq0.2|TANL
fourood,places_seed125,B14+L14+D3L,Tnn,none,97.2104044,10.94,places,125,B14+L14+D3L|Tnn|none
fourood,places_seed125,B14+L14+D3L,Tnn,TINS,97.4547622,9.96,places,125,B14+L14+D3L|Tnn|TINS
fourood,places_seed125,B14+L14+D3L,Tnn,TANL,97.294214,10.45,places,125,B14+L14+D3L|Tnn|TANL
fourood,places_seed125,B14+L14+D3L,Tk20,none,97.331404,9.98,places,125,B14+L14+D3L|Tk20|none
fourood,places_seed125,B14+L14+D3L,Tk20,TINS,97.5971242,8.76,places,125,B14+L14+D3L|Tk20|TINS
fourood,places_seed125,B14+L14+D3L,Tk20,TANL,97.413228,9.34,places,125,B14+L14+D3L|Tk20|TANL
fourood,places_seed125,B14+L14+D3L,Tlp20,none,96.7576843,11.07,places,125,B14+L14+D3L|Tlp20|none
fourood,places_seed125,B14+L14+D3L,Tlp20,TINS,97.4738556,8.7,places,125,B14+L14+D3L|Tlp20|TINS
fourood,places_seed125,B14+L14+D3L,Tlp20,TANL,97.0763923,9.77,places,125,B14+L14+D3L|Tlp20|TANL
fourood,places_seed125,B14+L14+D3L,SL,none,95.8963245,15.37,places,125,B14+L14+D3L|SL|none
fourood,places_seed125,B14+L14+D3L,SL,TINS,96.7076502,12.33,places,125,B14+L14+D3L|SL|TINS
fourood,places_seed125,B14+L14+D3L,SL,TANL,96.289884,13.86,places,125,B14+L14+D3L|SL|TANL
fourood,places_seed125,B14+L14+D3L,static,none,90.5013075,39.83,places,125,B14+L14+D3L|static|none
fourood,places_seed125,B14+L14+D3L,static,TINS,95.4469082,17.32,places,125,B14+L14+D3L|static|TINS
fourood,places_seed125,B14+L14+D3L,static,TANL,93.6284145,26.11,places,125,B14+L14+D3L|static|TANL
fourood,places_seed125,B14+L14+D3B+D3L,T,none,97.2347513,10.56,places,125,B14+L14+D3B+D3L|T|none
fourood,places_seed125,B14+L14+D3B+D3L,T,TINS,97.472636,9.53,places,125,B14+L14+D3B+D3L|T|TINS
fourood,places_seed125,B14+L14+D3B+D3L,T,TANL,97.3145286,9.99,places,125,B14+L14+D3B+D3L|T|TANL
fourood,places_seed125,B14+L14+D3B+D3L,Tlp,none,96.3528735,12.21,places,125,B14+L14+D3B+D3L|Tlp|none
fourood,places_seed125,B14+L14+D3B+D3L,Tlp,TINS,97.11723539999998,9.76,places,125,B14+L14+D3B+D3L|Tlp|TINS
fourood,places_seed125,B14+L14+D3B+D3L,Tlp,TANL,96.7142713,10.91,places,125,B14+L14+D3B+D3L|Tlp|TANL
fourood,places_seed125,B14+L14+D3B+D3L,Tq0.05,none,97.1799943,10.26,places,125,B14+L14+D3B+D3L|Tq0.05|none
fourood,places_seed125,B14+L14+D3B+D3L,Tq0.05,TINS,97.4022422,9.28,places,125,B14+L14+D3B+D3L|Tq0.05|TINS
fourood,places_seed125,B14+L14+D3B+D3L,Tq0.05,TANL,97.2491534,9.74,places,125,B14+L14+D3B+D3L|Tq0.05|TANL
fourood,places_seed125,B14+L14+D3B+D3L,Tq0.2,none,97.1045703,10.88,places,125,B14+L14+D3B+D3L|Tq0.2|none
fourood,places_seed125,B14+L14+D3B+D3L,Tq0.2,TINS,97.3857838,9.76,places,125,B14+L14+D3B+D3L|Tq0.2|TINS
fourood,places_seed125,B14+L14+D3B+D3L,Tq0.2,TANL,97.2087286,10.34,places,125,B14+L14+D3B+D3L|Tq0.2|TANL
fourood,places_seed125,B14+L14+D3B+D3L,Tnn,none,97.33701580000002,10.33,places,125,B14+L14+D3B+D3L|Tnn|none
fourood,places_seed125,B14+L14+D3B+D3L,Tnn,TINS,97.5045894,9.66,places,125,B14+L14+D3B+D3L|Tnn|TINS
fourood,places_seed125,B14+L14+D3B+D3L,Tnn,TANL,97.3901614,9.96,places,125,B14+L14+D3B+D3L|Tnn|TANL
fourood,places_seed125,B14+L14+D3B+D3L,Tk20,none,97.394887,9.58,places,125,B14+L14+D3B+D3L|Tk20|none
fourood,places_seed125,B14+L14+D3B+D3L,Tk20,TINS,97.59027759999998,8.84,places,125,B14+L14+D3B+D3L|Tk20|TINS
fourood,places_seed125,B14+L14+D3B+D3L,Tk20,TANL,97.4514324,9.22,places,125,B14+L14+D3B+D3L|Tk20|TANL
fourood,places_seed125,B14+L14+D3B+D3L,Tlp20,none,96.8608327,10.38,places,125,B14+L14+D3B+D3L|Tlp20|none
fourood,places_seed125,B14+L14+D3B+D3L,Tlp20,TINS,97.4214324,8.74,places,125,B14+L14+D3B+D3L|Tlp20|TINS
fourood,places_seed125,B14+L14+D3B+D3L,Tlp20,TANL,97.0971456,9.53,places,125,B14+L14+D3B+D3L|Tlp20|TANL
fourood,places_seed125,B14+L14+D3B+D3L,SL,none,96.0482412,14.66,places,125,B14+L14+D3B+D3L|SL|none
fourood,places_seed125,B14+L14+D3B+D3L,SL,TINS,96.6504396,12.46,places,125,B14+L14+D3B+D3L|SL|TINS
fourood,places_seed125,B14+L14+D3B+D3L,SL,TANL,96.3301144,13.44,places,125,B14+L14+D3B+D3L|SL|TANL
fourood,places_seed125,B14+L14+D3B+D3L,static,none,90.4216762,39.57,places,125,B14+L14+D3B+D3L|static|none
fourood,places_seed125,B14+L14+D3B+D3L,static,TINS,94.8643702,19.55,places,125,B14+L14+D3B+D3L|static|TINS
fourood,places_seed125,B14+L14+D3B+D3L,static,TANL,93.0688826,28.45,places,125,B14+L14+D3B+D3L|static|TANL
fourood,places_seed125,B14+L14,T,none,96.7446844,12.78,places,125,B14+L14|T|none
fourood,places_seed125,B14+L14,T,TINS,97.308247,10.45,places,125,B14+L14|T|TINS
fourood,places_seed125,B14+L14,T,TANL,96.984974,11.61,places,125,B14+L14|T|TANL
fourood,places_seed125,B14+L14,Tlp,none,95.60954370000002,15.03,places,125,B14+L14|Tlp|none
fourood,places_seed125,B14+L14,Tlp,TINS,97.1382078,10.23,places,125,B14+L14|Tlp|TINS
fourood,places_seed125,B14+L14,Tlp,TANL,96.481421,12.39,places,125,B14+L14|Tlp|TANL
fourood,places_seed125,B14+L14,Tq0.05,none,96.7275477,12.17,places,125,B14+L14|Tq0.05|none
fourood,places_seed125,B14+L14,Tq0.05,TINS,97.2519784,10.2,places,125,B14+L14|Tq0.05|TINS
fourood,places_seed125,B14+L14,Tq0.05,TANL,96.9400879,11.2,places,125,B14+L14|Tq0.05|TANL
fourood,places_seed125,B14+L14,Tq0.2,none,96.5620941,13.62,places,125,B14+L14|Tq0.2|none
fourood,places_seed125,B14+L14,Tq0.2,TINS,97.2197112,10.95,places,125,B14+L14|Tq0.2|TINS
fourood,places_seed125,B14+L14,Tq0.2,TANL,96.8602787,12.2,places,125,B14+L14|Tq0.2|TANL
fourood,places_seed125,B14+L14,Tnn,none,96.867915,12.47,places,125,B14+L14|Tnn|none
fourood,places_seed125,B14+L14,Tnn,TINS,97.2960998,10.63,places,125,B14+L14|Tnn|TINS
fourood,places_seed125,B14+L14,Tnn,TANL,97.0362954,11.64,places,125,B14+L14|Tnn|TANL
fourood,places_seed125,B14+L14,Tk20,none,97.02431040000002,11.57,places,125,B14+L14|Tk20|none
fourood,places_seed125,B14+L14,Tk20,TINS,97.47733540000002,9.66,places,125,B14+L14|Tk20|TINS
fourood,places_seed125,B14+L14,Tk20,TANL,97.1952235,10.58,places,125,B14+L14|Tk20|TANL
fourood,places_seed125,B14+L14,Tlp20,none,96.32743750000002,12.659999999999998,places,125,B14+L14|Tlp20|none
fourood,places_seed125,B14+L14,Tlp20,TINS,97.4379284,9.16,places,125,B14+L14|Tlp20|TINS
fourood,places_seed125,B14+L14,Tlp20,TANL,96.9025886,10.76,places,125,B14+L14|Tlp20|TANL
fourood,places_seed125,B14+L14,SL,none,95.3098776,17.84,places,125,B14+L14|SL|none
fourood,places_seed125,B14+L14,SL,TINS,96.6240744,12.8,places,125,B14+L14|SL|TINS
fourood,places_seed125,B14+L14,SL,TANL,96.0004287,15.160000000000002,places,125,B14+L14|SL|TANL
fourood,places_seed125,B14+L14,static,none,89.7363903,43.34,places,125,B14+L14|static|none
fourood,places_seed125,B14+L14,static,TINS,95.9329962,15.19,places,125,B14+L14|static|TINS
fourood,places_seed125,B14+L14,static,TANL,94.0247165,23.59,places,125,B14+L14|static|TANL
fourood,sun_seed123,L14xD3L+D3L,T,none,99.478947,1.5699999999999998,sun,123,L14xD3L+D3L|T|none
fourood,sun_seed123,L14xD3L+D3L,T,TINS,99.6477164,0.95,sun,123,L14xD3L+D3L|T|TINS
fourood,sun_seed123,L14xD3L+D3L,T,TANL,99.5792776,1.17,sun,123,L14xD3L+D3L|T|TANL
fourood,sun_seed123,L14xD3L+D3L,Tlp,none,98.99749299999998,3.02,sun,123,L14xD3L+D3L|Tlp|none
fourood,sun_seed123,L14xD3L+D3L,Tlp,TINS,99.5345902,1.31,sun,123,L14xD3L+D3L|Tlp|TINS
fourood,sun_seed123,L14xD3L+D3L,Tlp,TANL,99.3747065,1.84,sun,123,L14xD3L+D3L|Tlp|TANL
fourood,sun_seed123,L14xD3L+D3L,Tq0.05,none,99.5161712,1.23,sun,123,L14xD3L+D3L|Tq0.05|none
fourood,sun_seed123,L14xD3L+D3L,Tq0.05,TINS,99.6614992,0.73,sun,123,L14xD3L+D3L|Tq0.05|TINS
fourood,sun_seed123,L14xD3L+D3L,Tq0.05,TANL,99.6016529,0.8999999999999999,sun,123,L14xD3L+D3L|Tq0.05|TANL
fourood,sun_seed123,L14xD3L+D3L,Tq0.2,none,99.4131469,1.89,sun,123,L14xD3L+D3L|Tq0.2|none
fourood,sun_seed123,L14xD3L+D3L,Tq0.2,TINS,99.6192228,1.11,sun,123,L14xD3L+D3L|Tq0.2|TINS
fourood,sun_seed123,L14xD3L+D3L,Tq0.2,TANL,99.5355249,1.4,sun,123,L14xD3L+D3L|Tq0.2|TANL
fourood,sun_seed123,L14xD3L+D3L,Tnn,none,99.48080439999998,1.59,sun,123,L14xD3L+D3L|Tnn|none
fourood,sun_seed123,L14xD3L+D3L,Tnn,TINS,99.6319916,1.08,sun,123,L14xD3L+D3L|Tnn|TINS
fourood,sun_seed123,L14xD3L+D3L,Tnn,TANL,99.56065610000002,1.37,sun,123,L14xD3L+D3L|Tnn|TANL
fourood,sun_seed123,L14xD3L+D3L,Tk20,none,99.5932934,1.0699999999999998,sun,123,L14xD3L+D3L|Tk20|none
fourood,sun_seed123,L14xD3L+D3L,Tk20,TINS,99.6887906,0.7000000000000001,sun,123,L14xD3L+D3L|Tk20|TINS
fourood,sun_seed123,L14xD3L+D3L,Tk20,TANL,99.6465717,0.8699999999999999,sun,123,L14xD3L+D3L|Tk20|TANL
fourood,sun_seed123,L14xD3L+D3L,Tlp20,none,99.2626664,1.97,sun,123,L14xD3L+D3L|Tlp20|none
fourood,sun_seed123,L14xD3L+D3L,Tlp20,TINS,99.5922382,0.98,sun,123,L14xD3L+D3L|Tlp20|TINS
fourood,sun_seed123,L14xD3L+D3L,Tlp20,TANL,99.4862701,1.23,sun,123,L14xD3L+D3L|Tlp20|TANL
fourood,sun_seed123,L14+D3L,T,none,99.5134739,1.5599999999999998,sun,123,L14+D3L|T|none
fourood,sun_seed123,L14+D3L,T,TINS,99.6576156,0.97,sun,123,L14+D3L|T|TINS
fourood,sun_seed123,L14+D3L,T,TANL,99.5987956,1.16,sun,123,L14+D3L|T|TANL
fourood,sun_seed123,L14+D3L,Tlp,none,99.0785898,2.88,sun,123,L14+D3L|Tlp|none
fourood,sun_seed123,L14+D3L,Tlp,TINS,99.5536276,1.26,sun,123,L14+D3L|Tlp|TINS
fourood,sun_seed123,L14+D3L,Tlp,TANL,99.4118005,1.68,sun,123,L14+D3L|Tlp|TANL
fourood,sun_seed123,L14+D3L,Tq0.05,none,99.55273100000002,1.22,sun,123,L14+D3L|Tq0.05|none
fourood,sun_seed123,L14+D3L,Tq0.05,TINS,99.6723958,0.75,sun,123,L14+D3L|Tq0.05|TINS
fourood,sun_seed123,L14+D3L,Tq0.05,TANL,99.6231745,0.95,sun,123,L14+D3L|Tq0.05|TANL
fourood,sun_seed123,L14+D3L,Tq0.2,none,99.4509566,1.88,sun,123,L14+D3L|Tq0.2|none
fourood,sun_seed123,L14+D3L,Tq0.2,TINS,99.6311022,1.0699999999999998,sun,123,L14+D3L|Tq0.2|TINS
fourood,sun_seed123,L14+D3L,Tq0.2,TANL,99.5578808,1.37,sun,123,L14+D3L|Tq0.2|TANL
fourood,sun_seed123,L14+D3L,Tnn,none,99.5087761,1.6,sun,123,L14+D3L|Tnn|none
fourood,sun_seed123,L14+D3L,Tnn,TINS,99.6441506,1.1,sun,123,L14+D3L|Tnn|TINS
fourood,sun_seed123,L14+D3L,Tnn,TANL,99.58231000000002,1.4,sun,123,L14+D3L|Tnn|TANL
fourood,sun_seed123,L14+D3L,Tk20,none,99.5771789,1.13,sun,123,L14+D3L|Tk20|none
fourood,sun_seed123,L14+D3L,Tk20,TINS,99.6810156,0.77,sun,123,L14+D3L|Tk20|TINS
fourood,sun_seed123,L14+D3L,Tk20,TANL,99.636388,0.8699999999999999,sun,123,L14+D3L|Tk20|TANL
fourood,sun_seed123,L14+D3L,Tlp20,none,99.2763193,2.07,sun,123,L14+D3L|Tlp20|none
fourood,sun_seed123,L14+D3L,Tlp20,TINS,99.5967358,1.01,sun,123,L14+D3L|Tlp20|TINS
fourood,sun_seed123,L14+D3L,Tlp20,TANL,99.4941751,1.27,sun,123,L14+D3L|Tlp20|TANL
fourood,sun_seed123,L14+D3L,SL,none,98.8293519,4.66,sun,123,L14+D3L|SL|none
fourood,sun_seed123,L14+D3L,SL,TINS,99.30946659999998,2.65,sun,123,L14+D3L|SL|TINS
fourood,sun_seed123,L14+D3L,SL,TANL,99.1614218,3.28,sun,123,L14+D3L|SL|TANL
fourood,sun_seed123,L14+D3L,static,none,92.1847601,36.33,sun,123,L14+D3L|static|none
fourood,sun_seed123,L14+D3L,static,TINS,98.3070774,6.800000000000001,sun,123,L14+D3L|static|TINS
fourood,sun_seed123,L14+D3L,static,TANL,96.8723944,12.29,sun,123,L14+D3L|static|TANL
fourood,sun_seed123,D3L,T,none,99.4849528,1.58,sun,123,D3L|T|none
fourood,sun_seed123,D3L,T,TINS,99.6769586,0.76,sun,123,D3L|T|TINS
fourood,sun_seed123,D3L,T,TANL,99.6192204,0.99,sun,123,D3L|T|TANL
fourood,sun_seed123,D3L,Tlp,none,98.98707430000002,2.72,sun,123,D3L|Tlp|none
fourood,sun_seed123,D3L,Tlp,TINS,99.570237,0.96,sun,123,D3L|Tlp|TINS
fourood,sun_seed123,D3L,Tlp,TANL,99.448876,1.47,sun,123,D3L|Tlp|TANL
fourood,sun_seed123,D3L,Tq0.05,none,99.5205242,1.21,sun,123,D3L|Tq0.05|none
fourood,sun_seed123,D3L,Tq0.05,TINS,99.6861096,0.63,sun,123,D3L|Tq0.05|TINS
fourood,sun_seed123,D3L,Tq0.05,TANL,99.6369619,0.77,sun,123,D3L|Tq0.05|TANL
fourood,sun_seed123,D3L,Tq0.2,none,99.4229701,1.72,sun,123,D3L|Tq0.2|none
fourood,sun_seed123,D3L,Tq0.2,TINS,99.6588976,0.8,sun,123,D3L|Tq0.2|TINS
fourood,sun_seed123,D3L,Tq0.2,TANL,99.5859139,1.05,sun,123,D3L|Tq0.2|TANL
fourood,sun_seed123,D3L,Tnn,none,99.49055690000002,1.64,sun,123,D3L|Tnn|none
fourood,sun_seed123,D3L,Tnn,TINS,99.678943,0.8699999999999999,sun,123,D3L|Tnn|TINS
fourood,sun_seed123,D3L,Tnn,TANL,99.608896,1.15,sun,123,D3L|Tnn|TANL
fourood,sun_seed123,D3L,Tk20,none,99.572218,1.1,sun,123,D3L|Tk20|none
fourood,sun_seed123,D3L,Tk20,TINS,99.691228,0.59,sun,123,D3L|Tk20|TINS
fourood,sun_seed123,D3L,Tk20,TANL,99.6528858,0.7799999999999999,sun,123,D3L|Tk20|TANL
fourood,sun_seed123,D3L,Tlp20,none,99.225539,1.95,sun,123,D3L|Tlp20|none
fourood,sun_seed123,D3L,Tlp20,TINS,99.5912938,0.8099999999999999,sun,123,D3L|Tlp20|TINS
fourood,sun_seed123,D3L,Tlp20,TANL,99.50828529999998,0.99,sun,123,D3L|Tlp20|TANL
fourood,sun_seed123,D3L,SL,none,98.8116773,4.58,sun,123,D3L|SL|none
fourood,sun_seed123,D3L,SL,TINS,99.4071808,2.07,sun,123,D3L|SL|TINS
fourood,sun_seed123,D3L,SL,TANL,99.2940538,2.71,sun,123,D3L|SL|TANL
fourood,sun_seed123,D3L,static,none,91.4173417,38.940000000000005,sun,123,D3L|static|none
fourood,sun_seed123,D3L,static,TINS,98.831816,4.89,sun,123,D3L|static|TINS
fourood,sun_seed123,D3L,static,TANL,97.7808055,7.26,sun,123,D3L|static|TANL
fourood,sun_seed123,L14,T,none,99.1575737,3.2,sun,123,L14|T|none
fourood,sun_seed123,L14,T,TINS,99.5905862,1.47,sun,123,L14|T|TINS
fourood,sun_seed123,L14,T,TANL,99.4587135,2.0,sun,123,L14|T|TANL
fourood,sun_seed123,L14,Tlp,none,98.4875461,4.4,sun,123,L14|Tlp|none
fourood,sun_seed123,L14,Tlp,TINS,99.5056476,1.36,sun,123,L14|Tlp|TINS
fourood,sun_seed123,L14,Tlp,TANL,99.2974195,2.27,sun,123,L14|Tlp|TANL
fourood,sun_seed123,L14,Tq0.05,none,99.23354399999997,2.46,sun,123,L14|Tq0.05|none
fourood,sun_seed123,L14,Tq0.05,TINS,99.6090152,1.1,sun,123,L14|Tq0.05|TINS
fourood,sun_seed123,L14,Tq0.05,TANL,99.4937727,1.47,sun,123,L14|Tq0.05|TANL
fourood,sun_seed123,L14,Tq0.2,none,99.0607551,3.5700000000000003,sun,123,L14|Tq0.2|none
fourood,sun_seed123,L14,Tq0.2,TINS,99.5668322,1.53,sun,123,L14|Tq0.2|TINS
fourood,sun_seed123,L14,Tq0.2,TANL,99.4153234,2.23,sun,123,L14|Tq0.2|TANL
fourood,sun_seed123,L14,Tnn,none,99.1424359,3.31,sun,123,L14|Tnn|none
fourood,sun_seed123,L14,Tnn,TINS,99.5628016,1.78,sun,123,L14|Tnn|TINS
fourood,sun_seed123,L14,Tnn,TANL,99.4155163,2.25,sun,123,L14|Tnn|TANL
fourood,sun_seed123,L14,Tk20,none,99.317761,2.18,sun,123,L14|Tk20|none
fourood,sun_seed123,L14,Tk20,TINS,99.6219006,0.98,sun,123,L14|Tk20|TINS
fourood,sun_seed123,L14,Tk20,TANL,99.5229582,1.44,sun,123,L14|Tk20|TANL
fourood,sun_seed123,L14,Tlp20,none,98.8607259,3.58,sun,123,L14|Tlp20|none
fourood,sun_seed123,L14,Tlp20,TINS,99.5440612,1.2,sun,123,L14|Tlp20|TINS
fourood,sun_seed123,L14,Tlp20,TANL,99.3914222,1.71,sun,123,L14|Tlp20|TANL
fourood,sun_seed123,L14,SL,none,98.1800695,7.03,sun,123,L14|SL|none
fourood,sun_seed123,L14,SL,TINS,99.2760068,2.79,sun,123,L14|SL|TINS
fourood,sun_seed123,L14,SL,TANL,99.0069986,4.09,sun,123,L14|SL|TANL
fourood,sun_seed123,L14,static,none,91.5806075,38.66,sun,123,L14|static|none
fourood,sun_seed123,L14,static,TINS,98.80197699999998,4.83,sun,123,L14|static|TINS
fourood,sun_seed123,L14,static,TANL,97.8583824,7.27,sun,123,L14|static|TANL
fourood,sun_seed123,L14xD3L,T,none,99.3211283,2.17,sun,123,L14xD3L|T|none
fourood,sun_seed123,L14xD3L,T,TINS,99.629988,0.94,sun,123,L14xD3L|T|TINS
fourood,sun_seed123,L14xD3L,T,TANL,99.5276524,1.38,sun,123,L14xD3L|T|TANL
fourood,sun_seed123,L14xD3L,Tlp,none,98.7503434,3.69,sun,123,L14xD3L|Tlp|none
fourood,sun_seed123,L14xD3L,Tlp,TINS,99.5489926,1.11,sun,123,L14xD3L|Tlp|TINS
fourood,sun_seed123,L14xD3L,Tlp,TANL,99.3717395,1.73,sun,123,L14xD3L|Tlp|TANL
fourood,sun_seed123,L14xD3L,Tq0.05,none,99.3679465,1.81,sun,123,L14xD3L|Tq0.05|none
fourood,sun_seed123,L14xD3L,Tq0.05,TINS,99.639807,0.8099999999999999,sun,123,L14xD3L|Tq0.05|TINS
fourood,sun_seed123,L14xD3L,Tq0.05,TANL,99.5471746,1.03,sun,123,L14xD3L|Tq0.05|TANL
fourood,sun_seed123,L14xD3L,Tq0.2,none,99.2348858,2.58,sun,123,L14xD3L|Tq0.2|none
fourood,sun_seed123,L14xD3L,Tq0.2,TINS,99.6098484,1.08,sun,123,L14xD3L|Tq0.2|TINS
fourood,sun_seed123,L14xD3L,Tq0.2,TANL,99.4885448,1.6,sun,123,L14xD3L|Tq0.2|TANL
fourood,sun_seed123,L14xD3L,Tnn,none,99.3640664,2.27,sun,123,L14xD3L|Tnn|none
fourood,sun_seed123,L14xD3L,Tnn,TINS,99.6327622,1.08,sun,123,L14xD3L|Tnn|TINS
fourood,sun_seed123,L14xD3L,Tnn,TANL,99.5305188,1.51,sun,123,L14xD3L|Tnn|TANL
fourood,sun_seed123,L14xD3L,Tk20,none,99.5084211,1.37,sun,123,L14xD3L|Tk20|none
fourood,sun_seed123,L14xD3L,Tk20,TINS,99.669608,0.76,sun,123,L14xD3L|Tk20|TINS
fourood,sun_seed123,L14xD3L,Tk20,TANL,99.6078903,1.0,sun,123,L14xD3L|Tk20|TANL
fourood,sun_seed123,L14xD3L,Tlp20,none,99.1435308,2.51,sun,123,L14xD3L|Tlp20|none
fourood,sun_seed123,L14xD3L,Tlp20,TINS,99.5834582,0.93,sun,123,L14xD3L|Tlp20|TINS
fourood,sun_seed123,L14xD3L,Tlp20,TANL,99.470567,1.41,sun,123,L14xD3L|Tlp20|TANL
fourood,sun_seed123,D3B+D3L,T,none,99.6027197,1.0,sun,123,D3B+D3L|T|none
fourood,sun_seed123,D3B+D3L,T,TINS,99.6957016,0.6799999999999999,sun,123,D3B+D3L|T|TINS
fourood,sun_seed123,D3B+D3L,T,TANL,99.6629959,0.84,sun,123,D3B+D3L|T|TANL
fourood,sun_seed123,D3B+D3L,Tlp,none,99.2073086,2.21,sun,123,D3B+D3L|Tlp|none
fourood,sun_seed123,D3B+D3L,Tlp,TINS,99.584277,0.99,sun,123,D3B+D3L|Tlp|TINS
fourood,sun_seed123,D3B+D3L,Tlp,TANL,99.4790315,1.37,sun,123,D3B+D3L|Tlp|TANL
fourood,sun_seed123,D3B+D3L,Tq0.05,none,99.6197207,0.92,sun,123,D3B+D3L|Tq0.05|none
fourood,sun_seed123,D3B+D3L,Tq0.05,TINS,99.7020388,0.5700000000000001,sun,123,D3B+D3L|Tq0.05|TINS
fourood,sun_seed123,D3B+D3L,Tq0.05,TANL,99.6729091,0.72,sun,123,D3B+D3L|Tq0.05|TANL
fourood,sun_seed123,D3B+D3L,Tq0.2,none,99.5647537,1.26,sun,123,D3B+D3L|Tq0.2|none
fourood,sun_seed123,D3B+D3L,Tq0.2,TINS,99.67722940000002,0.8099999999999999,sun,123,D3B+D3L|Tq0.2|TINS
fourood,sun_seed123,D3B+D3L,Tq0.2,TANL,99.6364083,0.93,sun,123,D3B+D3L|Tq0.2|TANL
fourood,sun_seed123,D3B+D3L,Tnn,none,99.6199853,1.09,sun,123,D3B+D3L|Tnn|none
fourood,sun_seed123,D3B+D3L,Tnn,TINS,99.700748,0.79,sun,123,D3B+D3L|Tnn|TINS
fourood,sun_seed123,D3B+D3L,Tnn,TANL,99.6666898,0.92,sun,123,D3B+D3L|Tnn|TANL
fourood,sun_seed123,D3B+D3L,Tk20,none,99.62922170000002,0.96,sun,123,D3B+D3L|Tk20|none
fourood,sun_seed123,D3B+D3L,Tk20,TINS,99.7008602,0.63,sun,123,D3B+D3L|Tk20|TINS
fourood,sun_seed123,D3B+D3L,Tk20,TANL,99.6744109,0.75,sun,123,D3B+D3L|Tk20|TANL
fourood,sun_seed123,D3B+D3L,Tlp20,none,99.3349831,1.53,sun,123,D3B+D3L|Tlp20|none
fourood,sun_seed123,D3B+D3L,Tlp20,TINS,99.6059164,0.83,sun,123,D3B+D3L|Tlp20|TINS
fourood,sun_seed123,D3B+D3L,Tlp20,TANL,99.5256798,1.06,sun,123,D3B+D3L|Tlp20|TANL
fourood,sun_seed123,D3B+D3L,SL,none,99.007001,3.85,sun,123,D3B+D3L|SL|none
fourood,sun_seed123,D3B+D3L,SL,TINS,99.3842608,2.42,sun,123,D3B+D3L|SL|TINS
fourood,sun_seed123,D3B+D3L,SL,TANL,99.2775349,2.7,sun,123,D3B+D3L|SL|TANL
fourood,sun_seed123,D3B+D3L,static,none,91.21065520000002,38.33,sun,123,D3B+D3L|static|none
fourood,sun_seed123,D3B+D3L,static,TINS,98.21242340000002,7.37,sun,123,D3B+D3L|static|TINS
fourood,sun_seed123,D3B+D3L,static,TANL,96.5593902,14.22,sun,123,D3B+D3L|static|TANL
fourood,sun_seed123,L14+D3B+D3L,T,none,99.59521530000002,1.16,sun,123,L14+D3B+D3L|T|none
fourood,sun_seed123,L14+D3B+D3L,T,TINS,99.6788536,0.86,sun,123,L14+D3B+D3L|T|TINS
fourood,sun_seed123,L14+D3B+D3L,T,TANL,99.6425235,0.8999999999999999,sun,123,L14+D3B+D3L|T|TANL
fourood,sun_seed123,L14+D3B+D3L,Tlp,none,99.2210806,2.3,sun,123,L14+D3B+D3L|Tlp|none
fourood,sun_seed123,L14+D3B+D3L,Tlp,TINS,99.55338319999998,1.29,sun,123,L14+D3B+D3L|Tlp|TINS
fourood,sun_seed123,L14+D3B+D3L,Tlp,TANL,99.43748410000002,1.5699999999999998,sun,123,L14+D3B+D3L|Tlp|TANL
fourood,sun_seed123,L14+D3B+D3L,Tq0.05,none,99.6143593,1.01,sun,123,L14+D3B+D3L|Tq0.05|none
fourood,sun_seed123,L14+D3B+D3L,Tq0.05,TINS,99.6870678,0.7000000000000001,sun,123,L14+D3B+D3L|Tq0.05|TINS
fourood,sun_seed123,L14+D3B+D3L,Tq0.05,TANL,99.6555285,0.86,sun,123,L14+D3B+D3L|Tq0.05|TANL
fourood,sun_seed123,L14+D3B+D3L,Tq0.2,none,99.5526062,1.37,sun,123,L14+D3B+D3L|Tq0.2|none
fourood,sun_seed123,L14+D3B+D3L,Tq0.2,TINS,99.6550812,0.96,sun,123,L14+D3B+D3L|Tq0.2|TINS
fourood,sun_seed123,L14+D3B+D3L,Tq0.2,TANL,99.6101029,1.12,sun,123,L14+D3B+D3L|Tq0.2|TANL
fourood,sun_seed123,L14+D3B+D3L,Tnn,none,99.6085636,1.23,sun,123,L14+D3B+D3L|Tnn|none
fourood,sun_seed123,L14+D3B+D3L,Tnn,TINS,99.6783506,0.91,sun,123,L14+D3B+D3L|Tnn|TINS
fourood,sun_seed123,L14+D3B+D3L,Tnn,TANL,99.644511,1.04,sun,123,L14+D3B+D3L|Tnn|TANL
fourood,sun_seed123,L14+D3B+D3L,Tk20,none,99.622394,1.01,sun,123,L14+D3B+D3L|Tk20|none
fourood,sun_seed123,L14+D3B+D3L,Tk20,TINS,99.6890388,0.75,sun,123,L14+D3B+D3L|Tk20|TINS
fourood,sun_seed123,L14+D3B+D3L,Tk20,TANL,99.6591163,0.8500000000000001,sun,123,L14+D3B+D3L|Tk20|TANL
fourood,sun_seed123,L14+D3B+D3L,Tlp20,none,99.3518798,1.68,sun,123,L14+D3B+D3L|Tlp20|none
fourood,sun_seed123,L14+D3B+D3L,Tlp20,TINS,99.5918738,0.98,sun,123,L14+D3B+D3L|Tlp20|TINS
fourood,sun_seed123,L14+D3B+D3L,Tlp20,TANL,99.5043034,1.17,sun,123,L14+D3B+D3L|Tlp20|TANL
fourood,sun_seed123,L14+D3B+D3L,SL,none,98.9945708,3.96,sun,123,L14+D3B+D3L|SL|none
fourood,sun_seed123,L14+D3B+D3L,SL,TINS,99.3149404,2.71,sun,123,L14+D3B+D3L|SL|TINS
fourood,sun_seed123,L14+D3B+D3L,SL,TANL,99.202835,3.1,sun,123,L14+D3B+D3L|SL|TANL
fourood,sun_seed123,L14+D3B+D3L,static,none,91.9377099,36.54,sun,123,L14+D3B+D3L|static|none
fourood,sun_seed123,L14+D3B+D3L,static,TINS,97.73699,8.790000000000001,sun,123,L14+D3B+D3L|static|TINS
fourood,sun_seed123,L14+D3B+D3L,static,TANL,95.9702724,18.05,sun,123,L14+D3B+D3L|static|TANL
fourood,sun_seed123,B14+L14+D3L,T,none,99.5495011,1.43,sun,123,B14+L14+D3L|T|none
fourood,sun_seed123,B14+L14+D3L,T,TINS,99.6521672,1.03,sun,123,B14+L14+D3L|T|TINS
fourood,sun_seed123,B14+L14+D3L,T,TANL,99.6056459,1.17,sun,123,B14+L14+D3L|T|TANL
fourood,sun_seed123,B14+L14+D3L,Tlp,none,99.1406314,2.53,sun,123,B14+L14+D3L|Tlp|none
fourood,sun_seed123,B14+L14+D3L,Tlp,TINS,99.526158,1.46,sun,123,B14+L14+D3L|Tlp|TINS
fourood,sun_seed123,B14+L14+D3L,Tlp,TANL,99.3886338,1.88,sun,123,B14+L14+D3L|Tlp|TANL
fourood,sun_seed123,B14+L14+D3L,Tq0.05,none,99.5800845,1.2,sun,123,B14+L14+D3L|Tq0.05|none
fourood,sun_seed123,B14+L14+D3L,Tq0.05,TINS,99.6665444,0.8200000000000001,sun,123,B14+L14+D3L|Tq0.05|TINS
fourood,sun_seed123,B14+L14+D3L,Tq0.05,TANL,99.6271794,0.94,sun,123,B14+L14+D3L|Tq0.05|TANL
fourood,sun_seed123,B14+L14+D3L,Tq0.2,none,99.4929574,1.68,sun,123,B14+L14+D3L|Tq0.2|none
fourood,sun_seed123,B14+L14+D3L,Tq0.2,TINS,99.6221336,1.25,sun,123,B14+L14+D3L|Tq0.2|TINS
fourood,sun_seed123,B14+L14+D3L,Tq0.2,TANL,99.5636618,1.38,sun,123,B14+L14+D3L|Tq0.2|TANL
fourood,sun_seed123,B14+L14+D3L,Tnn,none,99.5523484,1.48,sun,123,B14+L14+D3L|Tnn|none
fourood,sun_seed123,B14+L14+D3L,Tnn,TINS,99.6400466,1.2,sun,123,B14+L14+D3L|Tnn|TINS
fourood,sun_seed123,B14+L14+D3L,Tnn,TANL,99.5964448,1.26,sun,123,B14+L14+D3L|Tnn|TANL
fourood,sun_seed123,B14+L14+D3L,Tk20,none,99.59033399999998,1.11,sun,123,B14+L14+D3L|Tk20|none
fourood,sun_seed123,B14+L14+D3L,Tk20,TINS,99.669613,0.83,sun,123,B14+L14+D3L|Tk20|TINS
fourood,sun_seed123,B14+L14+D3L,Tk20,TANL,99.6324982,0.94,sun,123,B14+L14+D3L|Tk20|TANL
fourood,sun_seed123,B14+L14+D3L,Tlp20,none,99.3082329,1.98,sun,123,B14+L14+D3L|Tlp20|none
fourood,sun_seed123,B14+L14+D3L,Tlp20,TINS,99.5775978,1.11,sun,123,B14+L14+D3L|Tlp20|TINS
fourood,sun_seed123,B14+L14+D3L,Tlp20,TANL,99.4786393,1.39,sun,123,B14+L14+D3L|Tlp20|TANL
fourood,sun_seed123,B14+L14+D3L,SL,none,98.8727179,4.51,sun,123,B14+L14+D3L|SL|none
fourood,sun_seed123,B14+L14+D3L,SL,TINS,99.248892,3.03,sun,123,B14+L14+D3L|SL|TINS
fourood,sun_seed123,B14+L14+D3L,SL,TANL,99.1078892,3.58,sun,123,B14+L14+D3L|SL|TANL
fourood,sun_seed123,B14+L14+D3L,static,none,92.1208206,35.870000000000005,sun,123,B14+L14+D3L|static|none
fourood,sun_seed123,B14+L14+D3L,static,TINS,97.73533940000002,8.82,sun,123,B14+L14+D3L|static|TINS
fourood,sun_seed123,B14+L14+D3L,static,TANL,96.0197719,17.62,sun,123,B14+L14+D3L|static|TANL
fourood,sun_seed123,B14+L14+D3B+D3L,T,none,99.5946991,1.23,sun,123,B14+L14+D3B+D3L|T|none
fourood,sun_seed123,B14+L14+D3B+D3L,T,TINS,99.666251,0.92,sun,123,B14+L14+D3B+D3L|T|TINS
fourood,sun_seed123,B14+L14+D3B+D3L,T,TANL,99.63263200000002,1.04,sun,123,B14+L14+D3B+D3L|T|TANL
fourood,sun_seed123,B14+L14+D3B+D3L,Tlp,none,99.2251579,2.31,sun,123,B14+L14+D3B+D3L|Tlp|none
fourood,sun_seed123,B14+L14+D3B+D3L,Tlp,TINS,99.5207508,1.4200000000000002,sun,123,B14+L14+D3B+D3L|Tlp|TINS
fourood,sun_seed123,B14+L14+D3B+D3L,Tlp,TANL,99.4057304,1.76,sun,123,B14+L14+D3B+D3L|Tlp|TANL
fourood,sun_seed123,B14+L14+D3B+D3L,Tq0.05,none,99.6146124,1.06,sun,123,B14+L14+D3B+D3L|Tq0.05|none
fourood,sun_seed123,B14+L14+D3B+D3L,Tq0.05,TINS,99.6764366,0.79,sun,123,B14+L14+D3B+D3L|Tq0.05|TINS
fourood,sun_seed123,B14+L14+D3B+D3L,Tq0.05,TANL,99.6474451,0.8699999999999999,sun,123,B14+L14+D3B+D3L|Tq0.05|TANL
fourood,sun_seed123,B14+L14+D3B+D3L,Tq0.2,none,99.5514823,1.39,sun,123,B14+L14+D3B+D3L|Tq0.2|none
fourood,sun_seed123,B14+L14+D3B+D3L,Tq0.2,TINS,99.6393336,1.1,sun,123,B14+L14+D3B+D3L|Tq0.2|TINS
fourood,sun_seed123,B14+L14+D3B+D3L,Tq0.2,TANL,99.59792480000002,1.21,sun,123,B14+L14+D3B+D3L|Tq0.2|TANL
fourood,sun_seed123,B14+L14+D3B+D3L,Tnn,none,99.6073346,1.25,sun,123,B14+L14+D3B+D3L|Tnn|none
fourood,sun_seed123,B14+L14+D3B+D3L,Tnn,TINS,99.6640978,1.05,sun,123,B14+L14+D3B+D3L|Tnn|TINS
fourood,sun_seed123,B14+L14+D3B+D3L,Tnn,TANL,99.6350174,1.12,sun,123,B14+L14+D3B+D3L|Tnn|TANL
fourood,sun_seed123,B14+L14+D3B+D3L,Tk20,none,99.6175905,1.01,sun,123,B14+L14+D3B+D3L|Tk20|none
fourood,sun_seed123,B14+L14+D3B+D3L,Tk20,TINS,99.6754742,0.79,sun,123,B14+L14+D3B+D3L|Tk20|TINS
fourood,sun_seed123,B14+L14+D3B+D3L,Tk20,TANL,99.6478057,0.8699999999999999,sun,123,B14+L14+D3B+D3L|Tk20|TANL
fourood,sun_seed123,B14+L14+D3B+D3L,Tlp20,none,99.3530137,1.73,sun,123,B14+L14+D3B+D3L|Tlp20|none
fourood,sun_seed123,B14+L14+D3B+D3L,Tlp20,TINS,99.5685764,1.08,sun,123,B14+L14+D3B+D3L|Tlp20|TINS
fourood,sun_seed123,B14+L14+D3B+D3L,Tlp20,TANL,99.4827255,1.3299999999999998,sun,123,B14+L14+D3B+D3L|Tlp20|TANL
fourood,sun_seed123,B14+L14+D3B+D3L,SL,none,98.979142,3.99,sun,123,B14+L14+D3B+D3L|SL|none
fourood,sun_seed123,B14+L14+D3B+D3L,SL,TINS,99.2553862,2.95,sun,123,B14+L14+D3B+D3L|SL|TINS
fourood,sun_seed123,B14+L14+D3B+D3L,SL,TANL,99.1476586,3.36,sun,123,B14+L14+D3B+D3L|SL|TANL
fourood,sun_seed123,B14+L14+D3B+D3L,static,none,91.9418045,36.01,sun,123,B14+L14+D3B+D3L|static|none
fourood,sun_seed123,B14+L14+D3B+D3L,static,TINS,97.2090486,10.97,sun,123,B14+L14+D3B+D3L|static|TINS
fourood,sun_seed123,B14+L14+D3B+D3L,static,TANL,95.34163219999998,21.89,sun,123,B14+L14+D3B+D3L|static|TANL
fourood,sun_seed123,B14+L14,T,none,99.4218478,2.0500000000000003,sun,123,B14+L14|T|none
fourood,sun_seed123,B14+L14,T,TINS,99.61243659999998,1.29,sun,123,B14+L14|T|TINS
fourood,sun_seed123,B14+L14,T,TANL,99.5337366,1.54,sun,123,B14+L14|T|TANL
fourood,sun_seed123,B14+L14,Tlp,none,98.8893429,3.37,sun,123,B14+L14|Tlp|none
fourood,sun_seed123,B14+L14,Tlp,TINS,99.5047308,1.52,sun,123,B14+L14|Tlp|TINS
fourood,sun_seed123,B14+L14,Tlp,TANL,99.3220623,2.1,sun,123,B14+L14|Tlp|TANL
fourood,sun_seed123,B14+L14,Tq0.05,none,99.4624311,1.64,sun,123,B14+L14|Tq0.05|none
fourood,sun_seed123,B14+L14,Tq0.05,TINS,99.6272852,1.0,sun,123,B14+L14|Tq0.05|TINS
fourood,sun_seed123,B14+L14,Tq0.05,TANL,99.55844,1.25,sun,123,B14+L14|Tq0.05|TANL
fourood,sun_seed123,B14+L14,Tq0.2,none,99.3477762,2.43,sun,123,B14+L14|Tq0.2|none
fourood,sun_seed123,B14+L14,Tq0.2,TINS,99.5822452,1.46,sun,123,B14+L14|Tq0.2|TINS
fourood,sun_seed123,B14+L14,Tq0.2,TANL,99.4872692,1.78,sun,123,B14+L14|Tq0.2|TANL
fourood,sun_seed123,B14+L14,Tnn,none,99.4271332,2.06,sun,123,B14+L14|Tnn|none
fourood,sun_seed123,B14+L14,Tnn,TINS,99.591401,1.46,sun,123,B14+L14|Tnn|TINS
fourood,sun_seed123,B14+L14,Tnn,TANL,99.5167849,1.76,sun,123,B14+L14|Tnn|TANL
fourood,sun_seed123,B14+L14,Tk20,none,99.48196219999998,1.63,sun,123,B14+L14|Tk20|none
fourood,sun_seed123,B14+L14,Tk20,TINS,99.6306694,1.04,sun,123,B14+L14|Tk20|TINS
fourood,sun_seed123,B14+L14,Tk20,TANL,99.5672424,1.24,sun,123,B14+L14|Tk20|TANL
fourood,sun_seed123,B14+L14,Tlp20,none,99.1236898,2.75,sun,123,B14+L14|Tlp20|none
fourood,sun_seed123,B14+L14,Tlp20,TINS,99.551571,1.25,sun,123,B14+L14|Tlp20|TINS
fourood,sun_seed123,B14+L14,Tlp20,TANL,99.4210826,1.69,sun,123,B14+L14|Tlp20|TANL
fourood,sun_seed123,B14+L14,SL,none,98.568045,5.67,sun,123,B14+L14|SL|none
fourood,sun_seed123,B14+L14,SL,TINS,99.2060066,3.34,sun,123,B14+L14|SL|TINS
fourood,sun_seed123,B14+L14,SL,TANL,98.984377,4.130000000000001,sun,123,B14+L14|SL|TANL
fourood,sun_seed123,B14+L14,static,none,91.6070747,37.7,sun,123,B14+L14|static|none
fourood,sun_seed123,B14+L14,static,TINS,98.2100114,7.21,sun,123,B14+L14|static|TINS
fourood,sun_seed123,B14+L14,static,TANL,96.6855622,13.82,sun,123,B14+L14|static|TANL
fourood,sun_seed124,L14xD3L+D3L,T,none,99.4789468,1.5699999999999998,sun,124,L14xD3L+D3L|T|none
fourood,sun_seed124,L14xD3L+D3L,T,TINS,99.64767899999998,0.96,sun,124,L14xD3L+D3L|T|TINS
fourood,sun_seed124,L14xD3L+D3L,T,TANL,99.5770814,1.21,sun,124,L14xD3L+D3L|T|TANL
fourood,sun_seed124,L14xD3L+D3L,Tlp,none,98.9974932,3.02,sun,124,L14xD3L+D3L|Tlp|none
fourood,sun_seed124,L14xD3L+D3L,Tlp,TINS,99.5458606,1.3299999999999998,sun,124,L14xD3L+D3L|Tlp|TINS
fourood,sun_seed124,L14xD3L+D3L,Tlp,TANL,99.3692838,1.83,sun,124,L14xD3L+D3L|Tlp|TANL
fourood,sun_seed124,L14xD3L+D3L,Tq0.05,none,99.5161716,1.23,sun,124,L14xD3L+D3L|Tq0.05|none
fourood,sun_seed124,L14xD3L+D3L,Tq0.05,TINS,99.6628046,0.7100000000000001,sun,124,L14xD3L+D3L|Tq0.05|TINS
fourood,sun_seed124,L14xD3L+D3L,Tq0.05,TANL,99.5990508,0.94,sun,124,L14xD3L+D3L|Tq0.05|TANL
fourood,sun_seed124,L14xD3L+D3L,Tq0.2,none,99.4131406,1.89,sun,124,L14xD3L+D3L|Tq0.2|none
fourood,sun_seed124,L14xD3L+D3L,Tq0.2,TINS,99.6194056,1.14,sun,124,L14xD3L+D3L|Tq0.2|TINS
fourood,sun_seed124,L14xD3L+D3L,Tq0.2,TANL,99.5332809,1.43,sun,124,L14xD3L+D3L|Tq0.2|TANL
fourood,sun_seed124,L14xD3L+D3L,Tnn,none,99.48080439999998,1.59,sun,124,L14xD3L+D3L|Tnn|none
fourood,sun_seed124,L14xD3L+D3L,Tnn,TINS,99.6309986,1.04,sun,124,L14xD3L+D3L|Tnn|TINS
fourood,sun_seed124,L14xD3L+D3L,Tnn,TANL,99.5603213,1.36,sun,124,L14xD3L+D3L|Tnn|TANL
fourood,sun_seed124,L14xD3L+D3L,Tk20,none,99.5932934,1.0699999999999998,sun,124,L14xD3L+D3L|Tk20|none
fourood,sun_seed124,L14xD3L+D3L,Tk20,TINS,99.693067,0.69,sun,124,L14xD3L+D3L|Tk20|TINS
fourood,sun_seed124,L14xD3L+D3L,Tk20,TANL,99.6461879,0.86,sun,124,L14xD3L+D3L|Tk20|TANL
fourood,sun_seed124,L14xD3L+D3L,Tlp20,none,99.2626666,1.97,sun,124,L14xD3L+D3L|Tlp20|none
fourood,sun_seed124,L14xD3L+D3L,Tlp20,TINS,99.6074944,0.93,sun,124,L14xD3L+D3L|Tlp20|TINS
fourood,sun_seed124,L14xD3L+D3L,Tlp20,TANL,99.4845051,1.24,sun,124,L14xD3L+D3L|Tlp20|TANL
fourood,sun_seed124,L14+D3L,T,none,99.51347210000002,1.5599999999999998,sun,124,L14+D3L|T|none
fourood,sun_seed124,L14+D3L,T,TINS,99.658071,0.98,sun,124,L14+D3L|T|TINS
fourood,sun_seed124,L14+D3L,T,TANL,99.5965733,1.18,sun,124,L14+D3L|T|TANL
fourood,sun_seed124,L14+D3L,Tlp,none,99.0785898,2.88,sun,124,L14+D3L|Tlp|none
fourood,sun_seed124,L14+D3L,Tlp,TINS,99.5615628,1.29,sun,124,L14+D3L|Tlp|TINS
fourood,sun_seed124,L14+D3L,Tlp,TANL,99.4041934,1.72,sun,124,L14+D3L|Tlp|TANL
fourood,sun_seed124,L14+D3L,Tq0.05,none,99.5527297,1.22,sun,124,L14+D3L|Tq0.05|none
fourood,sun_seed124,L14+D3L,Tq0.05,TINS,99.6738744,0.74,sun,124,L14+D3L|Tq0.05|TINS
fourood,sun_seed124,L14+D3L,Tq0.05,TANL,99.6202957,0.94,sun,124,L14+D3L|Tq0.05|TANL
fourood,sun_seed124,L14+D3L,Tq0.2,none,99.4509495,1.88,sun,124,L14+D3L|Tq0.2|none
fourood,sun_seed124,L14+D3L,Tq0.2,TINS,99.6312936,1.13,sun,124,L14+D3L|Tq0.2|TINS
fourood,sun_seed124,L14+D3L,Tq0.2,TANL,99.5551931,1.38,sun,124,L14+D3L|Tq0.2|TANL
fourood,sun_seed124,L14+D3L,Tnn,none,99.5087767,1.6,sun,124,L14+D3L|Tnn|none
fourood,sun_seed124,L14+D3L,Tnn,TINS,99.6432558,1.16,sun,124,L14+D3L|Tnn|TINS
fourood,sun_seed124,L14+D3L,Tnn,TANL,99.5818754,1.37,sun,124,L14+D3L|Tnn|TANL
fourood,sun_seed124,L14+D3L,Tk20,none,99.5771805,1.13,sun,124,L14+D3L|Tk20|none
fourood,sun_seed124,L14+D3L,Tk20,TINS,99.68519399999998,0.74,sun,124,L14+D3L|Tk20|TINS
fourood,sun_seed124,L14+D3L,Tk20,TANL,99.6360503,0.8500000000000001,sun,124,L14+D3L|Tk20|TANL
fourood,sun_seed124,L14+D3L,Tlp20,none,99.2763231,2.07,sun,124,L14+D3L|Tlp20|none
fourood,sun_seed124,L14+D3L,Tlp20,TINS,99.6092824,1.05,sun,124,L14+D3L|Tlp20|TINS
fourood,sun_seed124,L14+D3L,Tlp20,TANL,99.491608,1.22,sun,124,L14+D3L|Tlp20|TANL
fourood,sun_seed124,L14+D3L,SL,none,98.9180503,4.2,sun,124,L14+D3L|SL|none
fourood,sun_seed124,L14+D3L,SL,TINS,99.376201,2.41,sun,124,L14+D3L|SL|TINS
fourood,sun_seed124,L14+D3L,SL,TANL,99.2206768,3.1300000000000003,sun,124,L14+D3L|SL|TANL
fourood,sun_seed124,L14+D3L,static,none,92.1847601,36.33,sun,124,L14+D3L|static|none
fourood,sun_seed124,L14+D3L,static,TINS,98.3665404,6.8500000000000005,sun,124,L14+D3L|static|TINS
fourood,sun_seed124,L14+D3L,static,TANL,96.870779,12.42,sun,124,L14+D3L|static|TANL
fourood,sun_seed124,D3L,T,none,99.48495239999998,1.58,sun,124,D3L|T|none
fourood,sun_seed124,D3L,T,TINS,99.6807308,0.74,sun,124,D3L|T|TINS
fourood,sun_seed124,D3L,T,TANL,99.6154731,1.04,sun,124,D3L|T|TANL
fourood,sun_seed124,D3L,Tlp,none,98.987073,2.72,sun,124,D3L|Tlp|none
fourood,sun_seed124,D3L,Tlp,TINS,99.5873642,1.05,sun,124,D3L|Tlp|TINS
fourood,sun_seed124,D3L,Tlp,TANL,99.4422463,1.49,sun,124,D3L|Tlp|TANL
fourood,sun_seed124,D3L,Tq0.05,none,99.5205248,1.21,sun,124,D3L|Tq0.05|none
fourood,sun_seed124,D3L,Tq0.05,TINS,99.6909856,0.64,sun,124,D3L|Tq0.05|TINS
fourood,sun_seed124,D3L,Tq0.05,TANL,99.6328536,0.7799999999999999,sun,124,D3L|Tq0.05|TANL
fourood,sun_seed124,D3L,Tq0.2,none,99.42296070000002,1.72,sun,124,D3L|Tq0.2|none
fourood,sun_seed124,D3L,Tq0.2,TINS,99.6622338,0.8,sun,124,D3L|Tq0.2|TINS
fourood,sun_seed124,D3L,Tq0.2,TANL,99.5821465,1.1,sun,124,D3L|Tq0.2|TANL
fourood,sun_seed124,D3L,Tnn,none,99.4905565,1.64,sun,124,D3L|Tnn|none
fourood,sun_seed124,D3L,Tnn,TINS,99.6808312,0.8699999999999999,sun,124,D3L|Tnn|TINS
fourood,sun_seed124,D3L,Tnn,TANL,99.6074957,1.16,sun,124,D3L|Tnn|TANL
fourood,sun_seed124,D3L,Tk20,none,99.57221780000002,1.1,sun,124,D3L|Tk20|none
fourood,sun_seed124,D3L,Tk20,TINS,99.700429,0.6,sun,124,D3L|Tk20|TINS
fourood,sun_seed124,D3L,Tk20,TANL,99.6528033,0.8,sun,124,D3L|Tk20|TANL
fourood,sun_seed124,D3L,Tlp20,none,99.225539,1.95,sun,124,D3L|Tlp20|none
fourood,sun_seed124,D3L,Tlp20,TINS,99.61098879999996,0.8200000000000001,sun,124,D3L|Tlp20|TINS
fourood,sun_seed124,D3L,Tlp20,TANL,99.5074762,1.05,sun,124,D3L|Tlp20|TANL
fourood,sun_seed124,D3L,SL,none,98.844966,4.69,sun,124,D3L|SL|none
fourood,sun_seed124,D3L,SL,TINS,99.4572362,2.04,sun,124,D3L|SL|TINS
fourood,sun_seed124,D3L,SL,TANL,99.3016197,2.78,sun,124,D3L|SL|TANL
fourood,sun_seed124,D3L,static,none,91.4173417,38.940000000000005,sun,124,D3L|static|none
fourood,sun_seed124,D3L,static,TINS,98.9026768,4.92,sun,124,D3L|static|TINS
fourood,sun_seed124,D3L,static,TANL,97.7743411,7.090000000000001,sun,124,D3L|static|TANL
fourood,sun_seed124,L14,T,none,99.1575534,3.2,sun,124,L14|T|none
fourood,sun_seed124,L14,T,TINS,99.5887022,1.36,sun,124,L14|T|TINS
fourood,sun_seed124,L14,T,TANL,99.4572231,2.01,sun,124,L14|T|TANL
fourood,sun_seed124,L14,Tlp,none,98.48750149999998,4.4,sun,124,L14|Tlp|none
fourood,sun_seed124,L14,Tlp,TINS,99.5077574,1.34,sun,124,L14|Tlp|TINS
fourood,sun_seed124,L14,Tlp,TANL,99.2930553,2.27,sun,124,L14|Tlp|TANL
fourood,sun_seed124,L14,Tq0.05,none,99.2335296,2.46,sun,124,L14|Tq0.05|none
fourood,sun_seed124,L14,Tq0.05,TINS,99.6069224,1.09,sun,124,L14|Tq0.05|TINS
fourood,sun_seed124,L14,Tq0.05,TANL,99.4909135,1.5,sun,124,L14|Tq0.05|TANL
fourood,sun_seed124,L14,Tq0.2,none,99.0607324,3.5700000000000003,sun,124,L14|Tq0.2|none
fourood,sun_seed124,L14,Tq0.2,TINS,99.565495,1.47,sun,124,L14|Tq0.2|TINS
fourood,sun_seed124,L14,Tq0.2,TANL,99.4133292,2.24,sun,124,L14|Tq0.2|TANL
fourood,sun_seed124,L14,Tnn,none,99.1424125,3.31,sun,124,L14|Tnn|none
fourood,sun_seed124,L14,Tnn,TINS,99.5597032,1.73,sun,124,L14|Tnn|TINS
fourood,sun_seed124,L14,Tnn,TANL,99.4166048,2.23,sun,124,L14|Tnn|TANL
fourood,sun_seed124,L14,Tk20,none,99.31776539999998,2.18,sun,124,L14|Tk20|none
fourood,sun_seed124,L14,Tk20,TINS,99.6236214,1.02,sun,124,L14|Tk20|TINS
fourood,sun_seed124,L14,Tk20,TANL,99.5227292,1.4200000000000002,sun,124,L14|Tk20|TANL
fourood,sun_seed124,L14,Tlp20,none,98.8607329,3.58,sun,124,L14|Tlp20|none
fourood,sun_seed124,L14,Tlp20,TINS,99.553364,1.21,sun,124,L14|Tlp20|TINS
fourood,sun_seed124,L14,Tlp20,TANL,99.3907557,1.71,sun,124,L14|Tlp20|TANL
fourood,sun_seed124,L14,SL,none,98.3748581,6.35,sun,124,L14|SL|none
fourood,sun_seed124,L14,SL,TINS,99.3534956,2.59,sun,124,L14|SL|TINS
fourood,sun_seed124,L14,SL,TANL,99.11127599999998,3.61,sun,124,L14|SL|TANL
fourood,sun_seed124,L14,static,none,91.5806075,38.66,sun,124,L14|static|none
fourood,sun_seed124,L14,static,TINS,98.8381986,4.99,sun,124,L14|static|TINS
fourood,sun_seed124,L14,static,TANL,97.8583576,7.090000000000001,sun,124,L14|static|TANL
fourood,sun_seed124,L14xD3L,T,none,99.3211287,2.17,sun,124,L14xD3L|T|none
fourood,sun_seed124,L14xD3L,T,TINS,99.627416,0.98,sun,124,L14xD3L|T|TINS
fourood,sun_seed124,L14xD3L,T,TANL,99.52472079999998,1.4,sun,124,L14xD3L|T|TANL
fourood,sun_seed124,L14xD3L,Tlp,none,98.7503398,3.69,sun,124,L14xD3L|Tlp|none
fourood,sun_seed124,L14xD3L,Tlp,TINS,99.5574194,1.1900000000000002,sun,124,L14xD3L|Tlp|TINS
fourood,sun_seed124,L14xD3L,Tlp,TANL,99.3644566,1.7000000000000002,sun,124,L14xD3L|Tlp|TANL
fourood,sun_seed124,L14xD3L,Tq0.05,none,99.3679463,1.81,sun,124,L14xD3L|Tq0.05|none
fourood,sun_seed124,L14xD3L,Tq0.05,TINS,99.638309,0.8200000000000001,sun,124,L14xD3L|Tq0.05|TINS
fourood,sun_seed124,L14xD3L,Tq0.05,TANL,99.5436621,1.1,sun,124,L14xD3L|Tq0.05|TANL
fourood,sun_seed124,L14xD3L,Tq0.2,none,99.23488460000002,2.58,sun,124,L14xD3L|Tq0.2|none
fourood,sun_seed124,L14xD3L,Tq0.2,TINS,99.6081258,1.12,sun,124,L14xD3L|Tq0.2|TINS
fourood,sun_seed124,L14xD3L,Tq0.2,TANL,99.4854527,1.67,sun,124,L14xD3L|Tq0.2|TANL
fourood,sun_seed124,L14xD3L,Tnn,none,99.3640668,2.27,sun,124,L14xD3L|Tnn|none
fourood,sun_seed124,L14xD3L,Tnn,TINS,99.6305048,1.1,sun,124,L14xD3L|Tnn|TINS
fourood,sun_seed124,L14xD3L,Tnn,TANL,99.5305518,1.59,sun,124,L14xD3L|Tnn|TANL
fourood,sun_seed124,L14xD3L,Tk20,none,99.5084211,1.37,sun,124,L14xD3L|Tk20|none
fourood,sun_seed124,L14xD3L,Tk20,TINS,99.6731614,0.75,sun,124,L14xD3L|Tk20|TINS
fourood,sun_seed124,L14xD3L,Tk20,TANL,99.6067475,0.99,sun,124,L14xD3L|Tk20|TANL
fourood,sun_seed124,L14xD3L,Tlp20,none,99.14353119999998,2.51,sun,124,L14xD3L|Tlp20|none
fourood,sun_seed124,L14xD3L,Tlp20,TINS,99.598645,0.91,sun,124,L14xD3L|Tlp20|TINS
fourood,sun_seed124,L14xD3L,Tlp20,TANL,99.4671985,1.36,sun,124,L14xD3L|Tlp20|TANL
fourood,sun_seed124,D3B+D3L,T,none,99.6027189,1.0,sun,124,D3B+D3L|T|none
fourood,sun_seed124,D3B+D3L,T,TINS,99.6963726,0.6799999999999999,sun,124,D3B+D3L|T|TINS
fourood,sun_seed124,D3B+D3L,T,TANL,99.65933,0.84,sun,124,D3B+D3L|T|TANL
fourood,sun_seed124,D3B+D3L,Tlp,none,99.2073074,2.21,sun,124,D3B+D3L|Tlp|none
fourood,sun_seed124,D3B+D3L,Tlp,TINS,99.594747,1.02,sun,124,D3B+D3L|Tlp|TINS
fourood,sun_seed124,D3B+D3L,Tlp,TANL,99.4694242,1.47,sun,124,D3B+D3L|Tlp|TANL
fourood,sun_seed124,D3B+D3L,Tq0.05,none,99.6197211,0.92,sun,124,D3B+D3L|Tq0.05|none
fourood,sun_seed124,D3B+D3L,Tq0.05,TINS,99.70317040000002,0.58,sun,124,D3B+D3L|Tq0.05|TINS
fourood,sun_seed124,D3B+D3L,Tq0.05,TANL,99.6690892,0.74,sun,124,D3B+D3L|Tq0.05|TANL
fourood,sun_seed124,D3B+D3L,Tq0.2,none,99.5647499,1.26,sun,124,D3B+D3L|Tq0.2|none
fourood,sun_seed124,D3B+D3L,Tq0.2,TINS,99.6776536,0.75,sun,124,D3B+D3L|Tq0.2|TINS
fourood,sun_seed124,D3B+D3L,Tq0.2,TANL,99.6323597,0.94,sun,124,D3B+D3L|Tq0.2|TANL
fourood,sun_seed124,D3B+D3L,Tnn,none,99.6199847,1.09,sun,124,D3B+D3L|Tnn|none
fourood,sun_seed124,D3B+D3L,Tnn,TINS,99.7006474,0.79,sun,124,D3B+D3L|Tnn|TINS
fourood,sun_seed124,D3B+D3L,Tnn,TANL,99.6649122,0.96,sun,124,D3B+D3L|Tnn|TANL
fourood,sun_seed124,D3B+D3L,Tk20,none,99.6292213,0.96,sun,124,D3B+D3L|Tk20|none
fourood,sun_seed124,D3B+D3L,Tk20,TINS,99.70507099999998,0.64,sun,124,D3B+D3L|Tk20|TINS
fourood,sun_seed124,D3B+D3L,Tk20,TANL,99.6736643,0.75,sun,124,D3B+D3L|Tk20|TANL
fourood,sun_seed124,D3B+D3L,Tlp20,none,99.3349831,1.53,sun,124,D3B+D3L|Tlp20|none
fourood,sun_seed124,D3B+D3L,Tlp20,TINS,99.6198392,0.8099999999999999,sun,124,D3B+D3L|Tlp20|TINS
fourood,sun_seed124,D3B+D3L,Tlp20,TANL,99.52272030000002,1.0699999999999998,sun,124,D3B+D3L|Tlp20|TANL
fourood,sun_seed124,D3B+D3L,SL,none,99.0330644,3.71,sun,124,D3B+D3L|SL|none
fourood,sun_seed124,D3B+D3L,SL,TINS,99.4100648,2.22,sun,124,D3B+D3L|SL|TINS
fourood,sun_seed124,D3B+D3L,SL,TANL,99.2874869,2.71,sun,124,D3B+D3L|SL|TANL
fourood,sun_seed124,D3B+D3L,static,none,91.21065520000002,38.33,sun,124,D3B+D3L|static|none
fourood,sun_seed124,D3B+D3L,static,TINS,98.2849696,7.19,sun,124,D3B+D3L|static|TINS
fourood,sun_seed124,D3B+D3L,static,TANL,96.5487885,14.38,sun,124,D3B+D3L|static|TANL
fourood,sun_seed124,L14+D3B+D3L,T,none,99.5952138,1.16,sun,124,L14+D3B+D3L|T|none
fourood,sun_seed124,L14+D3B+D3L,T,TINS,99.6786068,0.83,sun,124,L14+D3B+D3L|T|TINS
fourood,sun_seed124,L14+D3B+D3L,T,TANL,99.6402011,0.91,sun,124,L14+D3B+D3L|T|TANL
fourood,sun_seed124,L14+D3B+D3L,Tlp,none,99.2210812,2.31,sun,124,L14+D3B+D3L|Tlp|none
fourood,sun_seed124,L14+D3B+D3L,Tlp,TINS,99.5592756,1.22,sun,124,L14+D3B+D3L|Tlp|TINS
fourood,sun_seed124,L14+D3B+D3L,Tlp,TANL,99.4298251,1.55,sun,124,L14+D3B+D3L|Tlp|TANL
fourood,sun_seed124,L14+D3B+D3L,Tq0.05,none,99.6143585,1.01,sun,124,L14+D3B+D3L|Tq0.05|none
fourood,sun_seed124,L14+D3B+D3L,Tq0.05,TINS,99.687306,0.7100000000000001,sun,124,L14+D3B+D3L|Tq0.05|TINS
fourood,sun_seed124,L14+D3B+D3L,Tq0.05,TANL,99.653075,0.8500000000000001,sun,124,L14+D3B+D3L|Tq0.05|TANL
fourood,sun_seed124,L14+D3B+D3L,Tq0.2,none,99.5525988,1.37,sun,124,L14+D3B+D3L|Tq0.2|none
fourood,sun_seed124,L14+D3B+D3L,Tq0.2,TINS,99.6545054,0.8999999999999999,sun,124,L14+D3B+D3L|Tq0.2|TINS
fourood,sun_seed124,L14+D3B+D3L,Tq0.2,TANL,99.6072846,1.16,sun,124,L14+D3B+D3L|Tq0.2|TANL
fourood,sun_seed124,L14+D3B+D3L,Tnn,none,99.60856,1.23,sun,124,L14+D3B+D3L|Tnn|none
fourood,sun_seed124,L14+D3B+D3L,Tnn,TINS,99.67743420000002,0.95,sun,124,L14+D3B+D3L|Tnn|TINS
fourood,sun_seed124,L14+D3B+D3L,Tnn,TANL,99.6436282,1.05,sun,124,L14+D3B+D3L|Tnn|TANL
fourood,sun_seed124,L14+D3B+D3L,Tk20,none,99.6223952,1.01,sun,124,L14+D3B+D3L|Tk20|none
fourood,sun_seed124,L14+D3B+D3L,Tk20,TINS,99.6917278,0.72,sun,124,L14+D3B+D3L|Tk20|TINS
fourood,sun_seed124,L14+D3B+D3L,Tk20,TANL,99.6586062,0.83,sun,124,L14+D3B+D3L|Tk20|TANL
fourood,sun_seed124,L14+D3B+D3L,Tlp20,none,99.35188159999998,1.68,sun,124,L14+D3B+D3L|Tlp20|none
fourood,sun_seed124,L14+D3B+D3L,Tlp20,TINS,99.6019256,0.92,sun,124,L14+D3B+D3L|Tlp20|TINS
fourood,sun_seed124,L14+D3B+D3L,Tlp20,TANL,99.5016305,1.16,sun,124,L14+D3B+D3L|Tlp20|TANL
fourood,sun_seed124,L14+D3B+D3L,SL,none,99.05130160000002,3.72,sun,124,L14+D3B+D3L|SL|none
fourood,sun_seed124,L14+D3B+D3L,SL,TINS,99.358797,2.42,sun,124,L14+D3B+D3L|SL|TINS
fourood,sun_seed124,L14+D3B+D3L,SL,TANL,99.2433292,2.96,sun,124,L14+D3B+D3L|SL|TANL
fourood,sun_seed124,L14+D3B+D3L,static,none,91.9377099,36.54,sun,124,L14+D3B+D3L|static|none
fourood,sun_seed124,L14+D3B+D3L,static,TINS,97.79862339999998,9.01,sun,124,L14+D3B+D3L|static|TINS
fourood,sun_seed124,L14+D3B+D3L,static,TANL,95.9636826,18.28,sun,124,L14+D3B+D3L|static|TANL
fourood,sun_seed124,B14+L14+D3L,T,none,99.5495018,1.43,sun,124,B14+L14+D3L|T|none
fourood,sun_seed124,B14+L14+D3L,T,TINS,99.6516842,1.02,sun,124,B14+L14+D3L|T|TINS
fourood,sun_seed124,B14+L14+D3L,T,TANL,99.6041463,1.17,sun,124,B14+L14+D3L|T|TANL
fourood,sun_seed124,B14+L14+D3L,Tlp,none,99.1406279,2.53,sun,124,B14+L14+D3L|Tlp|none
fourood,sun_seed124,B14+L14+D3L,Tlp,TINS,99.5285946,1.4500000000000002,sun,124,B14+L14+D3L|Tlp|TINS
fourood,sun_seed124,B14+L14+D3L,Tlp,TANL,99.3840974,1.84,sun,124,B14+L14+D3L|Tlp|TANL
fourood,sun_seed124,B14+L14+D3L,Tq0.05,none,99.5800851,1.2,sun,124,B14+L14+D3L|Tq0.05|none
fourood,sun_seed124,B14+L14+D3L,Tq0.05,TINS,99.6669022,0.7799999999999999,sun,124,B14+L14+D3L|Tq0.05|TINS
fourood,sun_seed124,B14+L14+D3L,Tq0.05,TANL,99.6253412,0.97,sun,124,B14+L14+D3L|Tq0.05|TANL
fourood,sun_seed124,B14+L14+D3L,Tq0.2,none,99.492952,1.68,sun,124,B14+L14+D3L|Tq0.2|none
fourood,sun_seed124,B14+L14+D3L,Tq0.2,TINS,99.6212424,1.23,sun,124,B14+L14+D3L|Tq0.2|TINS
fourood,sun_seed124,B14+L14+D3L,Tq0.2,TANL,99.5618279,1.37,sun,124,B14+L14+D3L|Tq0.2|TANL
fourood,sun_seed124,B14+L14+D3L,Tnn,none,99.5523469,1.48,sun,124,B14+L14+D3L|Tnn|none
fourood,sun_seed124,B14+L14+D3L,Tnn,TINS,99.639032,1.1900000000000002,sun,124,B14+L14+D3L|Tnn|TINS
fourood,sun_seed124,B14+L14+D3L,Tnn,TANL,99.5960458,1.25,sun,124,B14+L14+D3L|Tnn|TANL
fourood,sun_seed124,B14+L14+D3L,Tk20,none,99.5903336,1.11,sun,124,B14+L14+D3L|Tk20|none
fourood,sun_seed124,B14+L14+D3L,Tk20,TINS,99.67168999999998,0.8200000000000001,sun,124,B14+L14+D3L|Tk20|TINS
fourood,sun_seed124,B14+L14+D3L,Tk20,TANL,99.6322356,0.93,sun,124,B14+L14+D3L|Tk20|TANL
fourood,sun_seed124,B14+L14+D3L,Tlp20,none,99.3082347,1.98,sun,124,B14+L14+D3L|Tlp20|none
fourood,sun_seed124,B14+L14+D3L,Tlp20,TINS,99.58651399999998,1.0699999999999998,sun,124,B14+L14+D3L|Tlp20|TINS
fourood,sun_seed124,B14+L14+D3L,Tlp20,TANL,99.4772421,1.35,sun,124,B14+L14+D3L|Tlp20|TANL
fourood,sun_seed124,B14+L14+D3L,SL,none,98.963802,4.1000000000000005,sun,124,B14+L14+D3L|SL|none
fourood,sun_seed124,B14+L14+D3L,SL,TINS,99.3134538,2.69,sun,124,B14+L14+D3L|SL|TINS
fourood,sun_seed124,B14+L14+D3L,SL,TANL,99.1793368,3.35,sun,124,B14+L14+D3L|SL|TANL
fourood,sun_seed124,B14+L14+D3L,static,none,92.1208206,35.870000000000005,sun,124,B14+L14+D3L|static|none
fourood,sun_seed124,B14+L14+D3L,static,TINS,97.78925700000002,9.0,sun,124,B14+L14+D3L|static|TINS
fourood,sun_seed124,B14+L14+D3L,static,TANL,96.0150814,17.77,sun,124,B14+L14+D3L|static|TANL
fourood,sun_seed124,B14+L14+D3B+D3L,T,none,99.5946965,1.23,sun,124,B14+L14+D3B+D3L|T|none
fourood,sun_seed124,B14+L14+D3B+D3L,T,TINS,99.665817,0.94,sun,124,B14+L14+D3B+D3L|T|TINS
fourood,sun_seed124,B14+L14+D3B+D3L,T,TANL,99.6310591,1.04,sun,124,B14+L14+D3B+D3L|T|TANL
fourood,sun_seed124,B14+L14+D3B+D3L,Tlp,none,99.2251525,2.31,sun,124,B14+L14+D3B+D3L|Tlp|none
fourood,sun_seed124,B14+L14+D3B+D3L,Tlp,TINS,99.5239294,1.39,sun,124,B14+L14+D3B+D3L|Tlp|TINS
fourood,sun_seed124,B14+L14+D3B+D3L,Tlp,TANL,99.4006924,1.73,sun,124,B14+L14+D3B+D3L|Tlp|TANL
fourood,sun_seed124,B14+L14+D3B+D3L,Tq0.05,none,99.6146098,1.06,sun,124,B14+L14+D3B+D3L|Tq0.05|none
fourood,sun_seed124,B14+L14+D3B+D3L,Tq0.05,TINS,99.6765328,0.8,sun,124,B14+L14+D3B+D3L|Tq0.05|TINS
fourood,sun_seed124,B14+L14+D3B+D3L,Tq0.05,TANL,99.64581289999998,0.8999999999999999,sun,124,B14+L14+D3B+D3L|Tq0.05|TANL
fourood,sun_seed124,B14+L14+D3B+D3L,Tq0.2,none,99.5514745,1.39,sun,124,B14+L14+D3B+D3L|Tq0.2|none
fourood,sun_seed124,B14+L14+D3B+D3L,Tq0.2,TINS,99.6384732,1.09,sun,124,B14+L14+D3B+D3L|Tq0.2|TINS
fourood,sun_seed124,B14+L14+D3B+D3L,Tq0.2,TANL,99.5959969,1.23,sun,124,B14+L14+D3B+D3L|Tq0.2|TANL
fourood,sun_seed124,B14+L14+D3B+D3L,Tnn,none,99.6073334,1.25,sun,124,B14+L14+D3B+D3L|Tnn|none
fourood,sun_seed124,B14+L14+D3B+D3L,Tnn,TINS,99.6632568,1.03,sun,124,B14+L14+D3B+D3L|Tnn|TINS
fourood,sun_seed124,B14+L14+D3B+D3L,Tnn,TANL,99.6344798,1.1,sun,124,B14+L14+D3B+D3L|Tnn|TANL
fourood,sun_seed124,B14+L14+D3B+D3L,Tk20,none,99.6175899,1.01,sun,124,B14+L14+D3B+D3L|Tk20|none
fourood,sun_seed124,B14+L14+D3B+D3L,Tk20,TINS,99.677236,0.74,sun,124,B14+L14+D3B+D3L|Tk20|TINS
fourood,sun_seed124,B14+L14+D3B+D3L,Tk20,TANL,99.6472928,0.86,sun,124,B14+L14+D3B+D3L|Tk20|TANL
fourood,sun_seed124,B14+L14+D3B+D3L,Tlp20,none,99.3530147,1.73,sun,124,B14+L14+D3B+D3L|Tlp20|none
fourood,sun_seed124,B14+L14+D3B+D3L,Tlp20,TINS,99.5765238,1.05,sun,124,B14+L14+D3B+D3L|Tlp20|TINS
fourood,sun_seed124,B14+L14+D3B+D3L,Tlp20,TANL,99.481005,1.32,sun,124,B14+L14+D3B+D3L|Tlp20|TANL
fourood,sun_seed124,B14+L14+D3B+D3L,SL,none,99.0473735,3.75,sun,124,B14+L14+D3B+D3L|SL|none
fourood,sun_seed124,B14+L14+D3B+D3L,SL,TINS,99.3065066,2.73,sun,124,B14+L14+D3B+D3L|SL|TINS
fourood,sun_seed124,B14+L14+D3B+D3L,SL,TANL,99.2022962,3.1,sun,124,B14+L14+D3B+D3L|SL|TANL
fourood,sun_seed124,B14+L14+D3B+D3L,static,none,91.9418045,36.01,sun,124,B14+L14+D3B+D3L|static|none
fourood,sun_seed124,B14+L14+D3B+D3L,static,TINS,97.26379980000002,10.95,sun,124,B14+L14+D3B+D3L|static|TINS
fourood,sun_seed124,B14+L14+D3B+D3L,static,TANL,95.33457440000002,21.75,sun,124,B14+L14+D3B+D3L|static|TANL
fourood,sun_seed124,B14+L14,T,none,99.4218464,2.0500000000000003,sun,124,B14+L14|T|none
fourood,sun_seed124,B14+L14,T,TINS,99.6102438,1.25,sun,124,B14+L14|T|TINS
fourood,sun_seed124,B14+L14,T,TANL,99.532626,1.53,sun,124,B14+L14|T|TANL
fourood,sun_seed124,B14+L14,Tlp,none,98.8893355,3.37,sun,124,B14+L14|Tlp|none
fourood,sun_seed124,B14+L14,Tlp,TINS,99.5055398,1.54,sun,124,B14+L14|Tlp|TINS
fourood,sun_seed124,B14+L14,Tlp,TANL,99.3192138,2.12,sun,124,B14+L14|Tlp|TANL
fourood,sun_seed124,B14+L14,Tq0.05,none,99.4624288,1.64,sun,124,B14+L14|Tq0.05|none
fourood,sun_seed124,B14+L14,Tq0.05,TINS,99.6252702,0.98,sun,124,B14+L14|Tq0.05|TINS
fourood,sun_seed124,B14+L14,Tq0.05,TANL,99.5567913,1.29,sun,124,B14+L14|Tq0.05|TANL
fourood,sun_seed124,B14+L14,Tq0.2,none,99.3477688,2.43,sun,124,B14+L14|Tq0.2|none
fourood,sun_seed124,B14+L14,Tq0.2,TINS,99.5800366,1.49,sun,124,B14+L14|Tq0.2|TINS
fourood,sun_seed124,B14+L14,Tq0.2,TANL,99.4857872,1.7999999999999998,sun,124,B14+L14|Tq0.2|TANL
fourood,sun_seed124,B14+L14,Tnn,none,99.427135,2.06,sun,124,B14+L14|Tnn|none
fourood,sun_seed124,B14+L14,Tnn,TINS,99.5891082,1.46,sun,124,B14+L14|Tnn|TINS
fourood,sun_seed124,B14+L14,Tnn,TANL,99.5167516,1.73,sun,124,B14+L14|Tnn|TANL
fourood,sun_seed124,B14+L14,Tk20,none,99.4819646,1.63,sun,124,B14+L14|Tk20|none
fourood,sun_seed124,B14+L14,Tk20,TINS,99.6306958,0.97,sun,124,B14+L14|Tk20|TINS
fourood,sun_seed124,B14+L14,Tk20,TANL,99.5667005,1.27,sun,124,B14+L14|Tk20|TANL
fourood,sun_seed124,B14+L14,Tlp20,none,99.1236938,2.75,sun,124,B14+L14|Tlp20|none
fourood,sun_seed124,B14+L14,Tlp20,TINS,99.5595428,1.28,sun,124,B14+L14|Tlp20|TINS
fourood,sun_seed124,B14+L14,Tlp20,TANL,99.42004199999998,1.7000000000000002,sun,124,B14+L14|Tlp20|TANL
fourood,sun_seed124,B14+L14,SL,none,98.7195428,5.13,sun,124,B14+L14|SL|none
fourood,sun_seed124,B14+L14,SL,TINS,99.2875962,2.91,sun,124,B14+L14|SL|TINS
fourood,sun_seed124,B14+L14,SL,TANL,99.0932134,3.7,sun,124,B14+L14|SL|TANL
fourood,sun_seed124,B14+L14,static,none,91.6070747,37.7,sun,124,B14+L14|static|none
fourood,sun_seed124,B14+L14,static,TINS,98.2518616,7.24,sun,124,B14+L14|static|TINS
fourood,sun_seed124,B14+L14,static,TANL,96.6798038,13.83,sun,124,B14+L14|static|TANL
fourood,sun_seed125,L14xD3L+D3L,T,none,99.4789472,1.5699999999999998,sun,125,L14xD3L+D3L|T|none
fourood,sun_seed125,L14xD3L+D3L,T,TINS,99.643213,0.99,sun,125,L14xD3L+D3L|T|TINS
fourood,sun_seed125,L14xD3L+D3L,T,TANL,99.580391,1.2,sun,125,L14xD3L+D3L|T|TANL
fourood,sun_seed125,L14xD3L+D3L,Tlp,none,98.9974936,3.02,sun,125,L14xD3L+D3L|Tlp|none
fourood,sun_seed125,L14xD3L+D3L,Tlp,TINS,99.5249062,1.39,sun,125,L14xD3L+D3L|Tlp|TINS
fourood,sun_seed125,L14xD3L+D3L,Tlp,TANL,99.3745122,1.7999999999999998,sun,125,L14xD3L+D3L|Tlp|TANL
fourood,sun_seed125,L14xD3L+D3L,Tq0.05,none,99.5161716,1.23,sun,125,L14xD3L+D3L|Tq0.05|none
fourood,sun_seed125,L14xD3L+D3L,Tq0.05,TINS,99.6580602,0.8099999999999999,sun,125,L14xD3L+D3L|Tq0.05|TINS
fourood,sun_seed125,L14xD3L+D3L,Tq0.05,TANL,99.6027112,0.97,sun,125,L14xD3L+D3L|Tq0.05|TANL
fourood,sun_seed125,L14xD3L+D3L,Tq0.2,none,99.4131402,1.89,sun,125,L14xD3L+D3L|Tq0.2|none
fourood,sun_seed125,L14xD3L+D3L,Tq0.2,TINS,99.61292819999998,1.18,sun,125,L14xD3L+D3L|Tq0.2|TINS
fourood,sun_seed125,L14xD3L+D3L,Tq0.2,TANL,99.5362505,1.4500000000000002,sun,125,L14xD3L+D3L|Tq0.2|TANL
fourood,sun_seed125,L14xD3L+D3L,Tnn,none,99.4808048,1.59,sun,125,L14xD3L+D3L|Tnn|none
fourood,sun_seed125,L14xD3L+D3L,Tnn,TINS,99.6265084,1.13,sun,125,L14xD3L+D3L|Tnn|TINS
fourood,sun_seed125,L14xD3L+D3L,Tnn,TANL,99.5618682,1.32,sun,125,L14xD3L+D3L|Tnn|TANL
fourood,sun_seed125,L14xD3L+D3L,Tk20,none,99.5932934,1.0699999999999998,sun,125,L14xD3L+D3L|Tk20|none
fourood,sun_seed125,L14xD3L+D3L,Tk20,TINS,99.6866618,0.75,sun,125,L14xD3L+D3L|Tk20|TINS
fourood,sun_seed125,L14xD3L+D3L,Tk20,TANL,99.6472171,0.8999999999999999,sun,125,L14xD3L+D3L|Tk20|TANL
fourood,sun_seed125,L14xD3L+D3L,Tlp20,none,99.26266660000002,1.97,sun,125,L14xD3L+D3L|Tlp20|none
fourood,sun_seed125,L14xD3L+D3L,Tlp20,TINS,99.5866208,0.97,sun,125,L14xD3L+D3L|Tlp20|TINS
fourood,sun_seed125,L14xD3L+D3L,Tlp20,TANL,99.4883263,1.25,sun,125,L14xD3L+D3L|Tlp20|TANL
fourood,sun_seed125,L14+D3L,T,none,99.51347150000002,1.5599999999999998,sun,125,L14+D3L|T|none
fourood,sun_seed125,L14+D3L,T,TINS,99.6534022,1.03,sun,125,L14+D3L|T|TINS
fourood,sun_seed125,L14+D3L,T,TANL,99.5987465,1.14,sun,125,L14+D3L|T|TANL
fourood,sun_seed125,L14+D3L,Tlp,none,99.0785908,2.88,sun,125,L14+D3L|Tlp|none
fourood,sun_seed125,L14+D3L,Tlp,TINS,99.5456818,1.34,sun,125,L14+D3L|Tlp|TINS
fourood,sun_seed125,L14+D3L,Tlp,TANL,99.4117288,1.71,sun,125,L14+D3L|Tlp|TANL
fourood,sun_seed125,L14+D3L,Tq0.05,none,99.5527299,1.22,sun,125,L14+D3L|Tq0.05|none
fourood,sun_seed125,L14+D3L,Tq0.05,TINS,99.6690772,0.8,sun,125,L14+D3L|Tq0.05|TINS
fourood,sun_seed125,L14+D3L,Tq0.05,TANL,99.6231304,0.99,sun,125,L14+D3L|Tq0.05|TANL
fourood,sun_seed125,L14+D3L,Tq0.2,none,99.45095050000002,1.88,sun,125,L14+D3L|Tq0.2|none
fourood,sun_seed125,L14+D3L,Tq0.2,TINS,99.6260318,1.13,sun,125,L14+D3L|Tq0.2|TINS
fourood,sun_seed125,L14+D3L,Tq0.2,TANL,99.5579878,1.4200000000000002,sun,125,L14+D3L|Tq0.2|TANL
fourood,sun_seed125,L14+D3L,Tnn,none,99.5087779,1.6,sun,125,L14+D3L|Tnn|none
fourood,sun_seed125,L14+D3L,Tnn,TINS,99.6386364,1.1900000000000002,sun,125,L14+D3L|Tnn|TINS
fourood,sun_seed125,L14+D3L,Tnn,TANL,99.5828626,1.39,sun,125,L14+D3L|Tnn|TANL
fourood,sun_seed125,L14+D3L,Tk20,none,99.5771797,1.13,sun,125,L14+D3L|Tk20|none
fourood,sun_seed125,L14+D3L,Tk20,TINS,99.6786854,0.75,sun,125,L14+D3L|Tk20|TINS
fourood,sun_seed125,L14+D3L,Tk20,TANL,99.6366453,0.89,sun,125,L14+D3L|Tk20|TANL
fourood,sun_seed125,L14+D3L,Tlp20,none,99.2763205,2.07,sun,125,L14+D3L|Tlp20|none
fourood,sun_seed125,L14+D3L,Tlp20,TINS,99.592544,1.03,sun,125,L14+D3L|Tlp20|TINS
fourood,sun_seed125,L14+D3L,Tlp20,TANL,99.4954881,1.29,sun,125,L14+D3L|Tlp20|TANL
fourood,sun_seed125,L14+D3L,SL,none,98.8976228,4.36,sun,125,L14+D3L|SL|none
fourood,sun_seed125,L14+D3L,SL,TINS,99.3382598,2.65,sun,125,L14+D3L|SL|TINS
fourood,sun_seed125,L14+D3L,SL,TANL,99.21698019999998,3.16,sun,125,L14+D3L|SL|TANL
fourood,sun_seed125,L14+D3L,static,none,92.1847601,36.33,sun,125,L14+D3L|static|none
fourood,sun_seed125,L14+D3L,static,TINS,98.29117499999998,6.98,sun,125,L14+D3L|static|TINS
fourood,sun_seed125,L14+D3L,static,TANL,96.8606008,12.36,sun,125,L14+D3L|static|TANL
fourood,sun_seed125,D3L,T,none,99.4849524,1.58,sun,125,D3L|T|none
fourood,sun_seed125,D3L,T,TINS,99.673596,0.88,sun,125,D3L|T|TINS
fourood,sun_seed125,D3L,T,TANL,99.6208588,1.09,sun,125,D3L|T|TANL
fourood,sun_seed125,D3L,Tlp,none,98.9870744,2.72,sun,125,D3L|Tlp|none
fourood,sun_seed125,D3L,Tlp,TINS,99.5665018,1.12,sun,125,D3L|Tlp|TINS
fourood,sun_seed125,D3L,Tlp,TANL,99.44792,1.46,sun,125,D3L|Tlp|TANL
fourood,sun_seed125,D3L,Tq0.05,none,99.5205252,1.21,sun,125,D3L|Tq0.05|none
fourood,sun_seed125,D3L,Tq0.05,TINS,99.6842898,0.75,sun,125,D3L|Tq0.05|TINS
fourood,sun_seed125,D3L,Tq0.05,TANL,99.63854639999998,0.83,sun,125,D3L|Tq0.05|TANL
fourood,sun_seed125,D3L,Tq0.2,none,99.4229601,1.72,sun,125,D3L|Tq0.2|none
fourood,sun_seed125,D3L,Tq0.2,TINS,99.65383839999998,0.88,sun,125,D3L|Tq0.2|TINS
fourood,sun_seed125,D3L,Tq0.2,TANL,99.5868526,1.14,sun,125,D3L|Tq0.2|TANL
fourood,sun_seed125,D3L,Tnn,none,99.4905567,1.64,sun,125,D3L|Tnn|none
fourood,sun_seed125,D3L,Tnn,TINS,99.6737166,0.93,sun,125,D3L|Tnn|TINS
fourood,sun_seed125,D3L,Tnn,TANL,99.61071030000002,1.2,sun,125,D3L|Tnn|TANL
fourood,sun_seed125,D3L,Tk20,none,99.57221780000002,1.1,sun,125,D3L|Tk20|none
fourood,sun_seed125,D3L,Tk20,TINS,99.6911742,0.63,sun,125,D3L|Tk20|TINS
fourood,sun_seed125,D3L,Tk20,TANL,99.6549399,0.8099999999999999,sun,125,D3L|Tk20|TANL
fourood,sun_seed125,D3L,Tlp20,none,99.225539,1.95,sun,125,D3L|Tlp20|none
fourood,sun_seed125,D3L,Tlp20,TINS,99.590215,0.86,sun,125,D3L|Tlp20|TINS
fourood,sun_seed125,D3L,Tlp20,TANL,99.5113353,1.0,sun,125,D3L|Tlp20|TANL
fourood,sun_seed125,D3L,SL,none,98.87762100000002,4.2700000000000005,sun,125,D3L|SL|none
fourood,sun_seed125,D3L,SL,TINS,99.4372802,1.97,sun,125,D3L|SL|TINS
fourood,sun_seed125,D3L,SL,TANL,99.3368698,2.59,sun,125,D3L|SL|TANL
fourood,sun_seed125,D3L,static,none,91.4173417,38.940000000000005,sun,125,D3L|static|none
fourood,sun_seed125,D3L,static,TINS,98.83617219999998,4.87,sun,125,D3L|static|TINS
fourood,sun_seed125,D3L,static,TANL,97.7606162,7.249999999999999,sun,125,D3L|static|TANL
fourood,sun_seed125,L14,T,none,99.1575519,3.2,sun,125,L14|T|none
fourood,sun_seed125,L14,T,TINS,99.583683,1.43,sun,125,L14|T|TINS
fourood,sun_seed125,L14,T,TANL,99.4605909,1.98,sun,125,L14|T|TANL
fourood,sun_seed125,L14,Tlp,none,98.4875,4.4,sun,125,L14|Tlp|none
fourood,sun_seed125,L14,Tlp,TINS,99.5023296,1.49,sun,125,L14|Tlp|TINS
fourood,sun_seed125,L14,Tlp,TANL,99.2996149,2.31,sun,125,L14|Tlp|TANL
fourood,sun_seed125,L14,Tq0.05,none,99.2335286,2.46,sun,125,L14|Tq0.05|none
fourood,sun_seed125,L14,Tq0.05,TINS,99.601709,1.17,sun,125,L14|Tq0.05|TINS
fourood,sun_seed125,L14,Tq0.05,TANL,99.4945652,1.53,sun,125,L14|Tq0.05|TANL
fourood,sun_seed125,L14,Tq0.2,none,99.060733,3.5700000000000003,sun,125,L14|Tq0.2|none
fourood,sun_seed125,L14,Tq0.2,TINS,99.559731,1.55,sun,125,L14|Tq0.2|TINS
fourood,sun_seed125,L14,Tq0.2,TANL,99.4180504,2.23,sun,125,L14|Tq0.2|TANL
fourood,sun_seed125,L14,Tnn,none,99.1424123,3.32,sun,125,L14|Tnn|none
fourood,sun_seed125,L14,Tnn,TINS,99.5533564,1.67,sun,125,L14|Tnn|TINS
fourood,sun_seed125,L14,Tnn,TANL,99.4171893,2.19,sun,125,L14|Tnn|TANL
fourood,sun_seed125,L14,Tk20,none,99.3177641,2.18,sun,125,L14|Tk20|none
fourood,sun_seed125,L14,Tk20,TINS,99.6170724,1.05,sun,125,L14|Tk20|TINS
fourood,sun_seed125,L14,Tk20,TANL,99.5262211,1.4200000000000002,sun,125,L14|Tk20|TANL
fourood,sun_seed125,L14,Tlp20,none,98.8607322,3.58,sun,125,L14|Tlp20|none
fourood,sun_seed125,L14,Tlp20,TINS,99.5461166,1.35,sun,125,L14|Tlp20|TINS
fourood,sun_seed125,L14,Tlp20,TANL,99.3958992,1.79,sun,125,L14|Tlp20|TANL
fourood,sun_seed125,L14,SL,none,98.2555268,6.619999999999999,sun,125,L14|SL|none
fourood,sun_seed125,L14,SL,TINS,99.289037,2.98,sun,125,L14|SL|TINS
fourood,sun_seed125,L14,SL,TANL,99.0628416,3.94,sun,125,L14|SL|TANL
fourood,sun_seed125,L14,static,none,91.5806075,38.66,sun,125,L14|static|none
fourood,sun_seed125,L14,static,TINS,98.8055384,4.97,sun,125,L14|static|TINS
fourood,sun_seed125,L14,static,TANL,97.8497896,7.6,sun,125,L14|static|TANL
fourood,sun_seed125,L14xD3L,T,none,99.3211275,2.17,sun,125,L14xD3L|T|none
fourood,sun_seed125,L14xD3L,T,TINS,99.6226892,1.03,sun,125,L14xD3L|T|TINS
fourood,sun_seed125,L14xD3L,T,TANL,99.5301254,1.4500000000000002,sun,125,L14xD3L|T|TANL
fourood,sun_seed125,L14xD3L,Tlp,none,98.7503381,3.69,sun,125,L14xD3L|Tlp|none
fourood,sun_seed125,L14xD3L,Tlp,TINS,99.5400822,1.37,sun,125,L14xD3L|Tlp|TINS
fourood,sun_seed125,L14xD3L,Tlp,TANL,99.3720798,1.73,sun,125,L14xD3L|Tlp|TANL
fourood,sun_seed125,L14xD3L,Tq0.05,none,99.3679459,1.81,sun,125,L14xD3L|Tq0.05|none
fourood,sun_seed125,L14xD3L,Tq0.05,TINS,99.63296029999998,0.95,sun,125,L14xD3L|Tq0.05|TINS
fourood,sun_seed125,L14xD3L,Tq0.05,TANL,99.5493772,1.16,sun,125,L14xD3L|Tq0.05|TANL
fourood,sun_seed125,L14xD3L,Tq0.2,none,99.2348836,2.58,sun,125,L14xD3L|Tq0.2|none
fourood,sun_seed125,L14xD3L,Tq0.2,TINS,99.6003024,1.17,sun,125,L14xD3L|Tq0.2|TINS
fourood,sun_seed125,L14xD3L,Tq0.2,TANL,99.4901045,1.67,sun,125,L14xD3L|Tq0.2|TANL
fourood,sun_seed125,L14xD3L,Tnn,none,99.3640658,2.27,sun,125,L14xD3L|Tnn|none
fourood,sun_seed125,L14xD3L,Tnn,TINS,99.6251294,1.08,sun,125,L14xD3L|Tnn|TINS
fourood,sun_seed125,L14xD3L,Tnn,TANL,99.5326384,1.5,sun,125,L14xD3L|Tnn|TANL
fourood,sun_seed125,L14xD3L,Tk20,none,99.5084211,1.37,sun,125,L14xD3L|Tk20|none
fourood,sun_seed125,L14xD3L,Tk20,TINS,99.6661538,0.8,sun,125,L14xD3L|Tk20|TINS
fourood,sun_seed125,L14xD3L,Tk20,TANL,99.6091226,1.04,sun,125,L14xD3L|Tk20|TANL
fourood,sun_seed125,L14xD3L,Tlp20,none,99.1435311,2.51,sun,125,L14xD3L|Tlp20|none
fourood,sun_seed125,L14xD3L,Tlp20,TINS,99.5816572,1.02,sun,125,L14xD3L|Tlp20|TINS
fourood,sun_seed125,L14xD3L,Tlp20,TANL,99.4738803,1.35,sun,125,L14xD3L|Tlp20|TANL
fourood,sun_seed125,D3B+D3L,T,none,99.6027193,1.0,sun,125,D3B+D3L|T|none
fourood,sun_seed125,D3B+D3L,T,TINS,99.6920658,0.74,sun,125,D3B+D3L|T|TINS
fourood,sun_seed125,D3B+D3L,T,TANL,99.6636538,0.89,sun,125,D3B+D3L|T|TANL
fourood,sun_seed125,D3B+D3L,Tlp,none,99.207309,2.21,sun,125,D3B+D3L|Tlp|none
fourood,sun_seed125,D3B+D3L,Tlp,TINS,99.5762432,1.06,sun,125,D3B+D3L|Tlp|TINS
fourood,sun_seed125,D3B+D3L,Tlp,TANL,99.4794762,1.41,sun,125,D3B+D3L|Tlp|TANL
fourood,sun_seed125,D3B+D3L,Tq0.05,none,99.6197207,0.92,sun,125,D3B+D3L|Tq0.05|none
fourood,sun_seed125,D3B+D3L,Tq0.05,TINS,99.6987334,0.64,sun,125,D3B+D3L|Tq0.05|TINS
fourood,sun_seed125,D3B+D3L,Tq0.05,TANL,99.6735833,0.7100000000000001,sun,125,D3B+D3L|Tq0.05|TANL
fourood,sun_seed125,D3B+D3L,Tq0.2,none,99.5647499,1.26,sun,125,D3B+D3L|Tq0.2|none
fourood,sun_seed125,D3B+D3L,Tq0.2,TINS,99.6732142,0.86,sun,125,D3B+D3L|Tq0.2|TINS
fourood,sun_seed125,D3B+D3L,Tq0.2,TANL,99.636934,0.94,sun,125,D3B+D3L|Tq0.2|TANL
fourood,sun_seed125,D3B+D3L,Tnn,none,99.6199843,1.09,sun,125,D3B+D3L|Tnn|none
fourood,sun_seed125,D3B+D3L,Tnn,TINS,99.6962204,0.8200000000000001,sun,125,D3B+D3L|Tnn|TINS
fourood,sun_seed125,D3B+D3L,Tnn,TANL,99.6667267,0.97,sun,125,D3B+D3L|Tnn|TANL
fourood,sun_seed125,D3B+D3L,Tk20,none,99.62922170000002,0.96,sun,125,D3B+D3L|Tk20|none
fourood,sun_seed125,D3B+D3L,Tk20,TINS,99.699301,0.65,sun,125,D3B+D3L|Tk20|TINS
fourood,sun_seed125,D3B+D3L,Tk20,TANL,99.67497989999998,0.77,sun,125,D3B+D3L|Tk20|TANL
fourood,sun_seed125,D3B+D3L,Tlp20,none,99.3349831,1.53,sun,125,D3B+D3L|Tlp20|none
fourood,sun_seed125,D3B+D3L,Tlp20,TINS,99.6035124,0.86,sun,125,D3B+D3L|Tlp20|TINS
fourood,sun_seed125,D3B+D3L,Tlp20,TANL,99.527806,1.03,sun,125,D3B+D3L|Tlp20|TANL
fourood,sun_seed125,D3B+D3L,SL,none,99.030793,3.77,sun,125,D3B+D3L|SL|none
fourood,sun_seed125,D3B+D3L,SL,TINS,99.3870104,2.3,sun,125,D3B+D3L|SL|TINS
fourood,sun_seed125,D3B+D3L,SL,TANL,99.294515,2.79,sun,125,D3B+D3L|SL|TANL
fourood,sun_seed125,D3B+D3L,static,none,91.21065520000002,38.33,sun,125,D3B+D3L|static|none
fourood,sun_seed125,D3B+D3L,static,TINS,98.19188880000002,7.33,sun,125,D3B+D3L|static|TINS
fourood,sun_seed125,D3B+D3L,static,TANL,96.5444537,14.17,sun,125,D3B+D3L|static|TANL
fourood,sun_seed125,L14+D3B+D3L,T,none,99.5952138,1.16,sun,125,L14+D3B+D3L|T|none
fourood,sun_seed125,L14+D3B+D3L,T,TINS,99.6752742,0.89,sun,125,L14+D3B+D3L|T|TINS
fourood,sun_seed125,L14+D3B+D3L,T,TANL,99.6428524,0.93,sun,125,L14+D3B+D3L|T|TANL
fourood,sun_seed125,L14+D3B+D3L,Tlp,none,99.22107940000002,2.31,sun,125,L14+D3B+D3L|Tlp|none
fourood,sun_seed125,L14+D3B+D3L,Tlp,TINS,99.543258,1.29,sun,125,L14+D3B+D3L|Tlp|TINS
fourood,sun_seed125,L14+D3B+D3L,Tlp,TANL,99.4382067,1.5699999999999998,sun,125,L14+D3B+D3L|Tlp|TANL
fourood,sun_seed125,L14+D3B+D3L,Tq0.05,none,99.6143587,1.01,sun,125,L14+D3B+D3L|Tq0.05|none
fourood,sun_seed125,L14+D3B+D3L,Tq0.05,TINS,99.6838478,0.73,sun,125,L14+D3B+D3L|Tq0.05|TINS
fourood,sun_seed125,L14+D3B+D3L,Tq0.05,TANL,99.6559156,0.8500000000000001,sun,125,L14+D3B+D3L|Tq0.05|TANL
fourood,sun_seed125,L14+D3B+D3L,Tq0.2,none,99.5525982,1.37,sun,125,L14+D3B+D3L|Tq0.2|none
fourood,sun_seed125,L14+D3B+D3L,Tq0.2,TINS,99.6511982,0.99,sun,125,L14+D3B+D3L|Tq0.2|TINS
fourood,sun_seed125,L14+D3B+D3L,Tq0.2,TANL,99.6104476,1.15,sun,125,L14+D3B+D3L|Tq0.2|TANL
fourood,sun_seed125,L14+D3B+D3L,Tnn,none,99.6085596,1.23,sun,125,L14+D3B+D3L|Tnn|none
fourood,sun_seed125,L14+D3B+D3L,Tnn,TINS,99.6739252,0.94,sun,125,L14+D3B+D3L|Tnn|TINS
fourood,sun_seed125,L14+D3B+D3L,Tnn,TANL,99.6445845,1.05,sun,125,L14+D3B+D3L|Tnn|TANL
fourood,sun_seed125,L14+D3B+D3L,Tk20,none,99.6223946,1.01,sun,125,L14+D3B+D3L|Tk20|none
fourood,sun_seed125,L14+D3B+D3L,Tk20,TINS,99.6870282,0.73,sun,125,L14+D3B+D3L|Tk20|TINS
fourood,sun_seed125,L14+D3B+D3L,Tk20,TANL,99.6594886,0.86,sun,125,L14+D3B+D3L|Tk20|TANL
fourood,sun_seed125,L14+D3B+D3L,Tlp20,none,99.3518796,1.68,sun,125,L14+D3B+D3L|Tlp20|none
fourood,sun_seed125,L14+D3B+D3L,Tlp20,TINS,99.5877178,0.99,sun,125,L14+D3B+D3L|Tlp20|TINS
fourood,sun_seed125,L14+D3B+D3L,Tlp20,TANL,99.5056775,1.18,sun,125,L14+D3B+D3L|Tlp20|TANL
fourood,sun_seed125,L14+D3B+D3L,SL,none,99.0271063,3.78,sun,125,L14+D3B+D3L|SL|none
fourood,sun_seed125,L14+D3B+D3L,SL,TINS,99.3236138,2.6,sun,125,L14+D3B+D3L|SL|TINS
fourood,sun_seed125,L14+D3B+D3L,SL,TANL,99.2306732,3.03,sun,125,L14+D3B+D3L|SL|TANL
fourood,sun_seed125,L14+D3B+D3L,static,none,91.9377099,36.54,sun,125,L14+D3B+D3L|static|none
fourood,sun_seed125,L14+D3B+D3L,static,TINS,97.7062578,8.83,sun,125,L14+D3B+D3L|static|TINS
fourood,sun_seed125,L14+D3B+D3L,static,TANL,95.9598906,17.97,sun,125,L14+D3B+D3L|static|TANL
fourood,sun_seed125,B14+L14+D3L,T,none,99.5495008,1.43,sun,125,B14+L14+D3L|T|none
fourood,sun_seed125,B14+L14+D3L,T,TINS,99.6482078,1.08,sun,125,B14+L14+D3L|T|TINS
fourood,sun_seed125,B14+L14+D3L,T,TANL,99.6058586,1.21,sun,125,B14+L14+D3L|T|TANL
fourood,sun_seed125,B14+L14+D3L,Tlp,none,99.1406277,2.53,sun,125,B14+L14+D3L|Tlp|none
fourood,sun_seed125,B14+L14+D3L,Tlp,TINS,99.5139144,1.48,sun,125,B14+L14+D3L|Tlp|TINS
fourood,sun_seed125,B14+L14+D3L,Tlp,TANL,99.3888581,1.84,sun,125,B14+L14+D3L|Tlp|TANL
fourood,sun_seed125,B14+L14+D3L,Tq0.05,none,99.5800843,1.2,sun,125,B14+L14+D3L|Tq0.05|none
fourood,sun_seed125,B14+L14+D3L,Tq0.05,TINS,99.6634122,0.88,sun,125,B14+L14+D3L|Tq0.05|TINS
fourood,sun_seed125,B14+L14+D3L,Tq0.05,TANL,99.6274486,0.99,sun,125,B14+L14+D3L|Tq0.05|TANL
fourood,sun_seed125,B14+L14+D3L,Tq0.2,none,99.4929512,1.68,sun,125,B14+L14+D3L|Tq0.2|none
fourood,sun_seed125,B14+L14+D3L,Tq0.2,TINS,99.6170266,1.25,sun,125,B14+L14+D3L|Tq0.2|TINS
fourood,sun_seed125,B14+L14+D3L,Tq0.2,TANL,99.5635838,1.41,sun,125,B14+L14+D3L|Tq0.2|TANL
fourood,sun_seed125,B14+L14+D3L,Tnn,none,99.5523465,1.48,sun,125,B14+L14+D3L|Tnn|none
fourood,sun_seed125,B14+L14+D3L,Tnn,TINS,99.6353644,1.22,sun,125,B14+L14+D3L|Tnn|TINS
fourood,sun_seed125,B14+L14+D3L,Tnn,TANL,99.5966967,1.29,sun,125,B14+L14+D3L|Tnn|TANL
fourood,sun_seed125,B14+L14+D3L,Tk20,none,99.5903336,1.11,sun,125,B14+L14+D3L|Tk20|none
fourood,sun_seed125,B14+L14+D3L,Tk20,TINS,99.66732799999998,0.84,sun,125,B14+L14+D3L|Tk20|TINS
fourood,sun_seed125,B14+L14+D3L,Tk20,TANL,99.632999,0.96,sun,125,B14+L14+D3L|Tk20|TANL
fourood,sun_seed125,B14+L14+D3L,Tlp20,none,99.3082331,1.98,sun,125,B14+L14+D3L|Tlp20|none
fourood,sun_seed125,B14+L14+D3L,Tlp20,TINS,99.5718256,1.16,sun,125,B14+L14+D3L|Tlp20|TINS
fourood,sun_seed125,B14+L14+D3L,Tlp20,TANL,99.4790911,1.4,sun,125,B14+L14+D3L|Tlp20|TANL
fourood,sun_seed125,B14+L14+D3L,SL,none,98.9526034,4.130000000000001,sun,125,B14+L14+D3L|SL|none
fourood,sun_seed125,B14+L14+D3L,SL,TINS,99.28736080000002,2.88,sun,125,B14+L14+D3L|SL|TINS
fourood,sun_seed125,B14+L14+D3L,SL,TANL,99.174928,3.25,sun,125,B14+L14+D3L|SL|TANL
fourood,sun_seed125,B14+L14+D3L,static,none,92.1208206,35.870000000000005,sun,125,B14+L14+D3L|static|none
fourood,sun_seed125,B14+L14+D3L,static,TINS,97.7013196,8.76,sun,125,B14+L14+D3L|static|TINS
fourood,sun_seed125,B14+L14+D3L,static,TANL,96.0113613,17.83,sun,125,B14+L14+D3L|static|TANL
fourood,sun_seed125,B14+L14+D3B+D3L,T,none,99.5946969,1.23,sun,125,B14+L14+D3B+D3L|T|none
fourood,sun_seed125,B14+L14+D3B+D3L,T,TINS,99.6632138,0.96,sun,125,B14+L14+D3B+D3L|T|TINS
fourood,sun_seed125,B14+L14+D3B+D3L,T,TANL,99.63302090000002,1.03,sun,125,B14+L14+D3B+D3L|T|TANL
fourood,sun_seed125,B14+L14+D3B+D3L,Tlp,none,99.22515090000002,2.31,sun,125,B14+L14+D3B+D3L|Tlp|none
fourood,sun_seed125,B14+L14+D3B+D3L,Tlp,TINS,99.5094538,1.47,sun,125,B14+L14+D3B+D3L|Tlp|TINS
fourood,sun_seed125,B14+L14+D3B+D3L,Tlp,TANL,99.4060573,1.7000000000000002,sun,125,B14+L14+D3B+D3L|Tlp|TANL
fourood,sun_seed125,B14+L14+D3B+D3L,Tq0.05,none,99.6146098,1.06,sun,125,B14+L14+D3B+D3L|Tq0.05|none
fourood,sun_seed125,B14+L14+D3B+D3L,Tq0.05,TINS,99.6737428,0.83,sun,125,B14+L14+D3B+D3L|Tq0.05|TINS
fourood,sun_seed125,B14+L14+D3B+D3L,Tq0.05,TANL,99.6478655,0.8999999999999999,sun,125,B14+L14+D3B+D3L|Tq0.05|TANL
fourood,sun_seed125,B14+L14+D3B+D3L,Tq0.2,none,99.5514755,1.39,sun,125,B14+L14+D3B+D3L|Tq0.2|none
fourood,sun_seed125,B14+L14+D3B+D3L,Tq0.2,TINS,99.6355998,1.11,sun,125,B14+L14+D3B+D3L|Tq0.2|TINS
fourood,sun_seed125,B14+L14+D3B+D3L,Tq0.2,TANL,99.5981106,1.24,sun,125,B14+L14+D3B+D3L|Tq0.2|TANL
fourood,sun_seed125,B14+L14+D3B+D3L,Tnn,none,99.607334,1.25,sun,125,B14+L14+D3B+D3L|Tnn|none
fourood,sun_seed125,B14+L14+D3B+D3L,Tnn,TINS,99.6604906,1.03,sun,125,B14+L14+D3B+D3L|Tnn|TINS
fourood,sun_seed125,B14+L14+D3B+D3L,Tnn,TANL,99.6351111,1.13,sun,125,B14+L14+D3B+D3L|Tnn|TANL
fourood,sun_seed125,B14+L14+D3B+D3L,Tk20,none,99.6175895,1.01,sun,125,B14+L14+D3B+D3L|Tk20|none
fourood,sun_seed125,B14+L14+D3B+D3L,Tk20,TINS,99.67379619999996,0.8099999999999999,sun,125,B14+L14+D3B+D3L|Tk20|TINS
fourood,sun_seed125,B14+L14+D3B+D3L,Tk20,TANL,99.648041,0.86,sun,125,B14+L14+D3B+D3L|Tk20|TANL
fourood,sun_seed125,B14+L14+D3B+D3L,Tlp20,none,99.3530143,1.73,sun,125,B14+L14+D3B+D3L|Tlp20|none
fourood,sun_seed125,B14+L14+D3B+D3L,Tlp20,TINS,99.5637562,1.12,sun,125,B14+L14+D3B+D3L|Tlp20|TINS
fourood,sun_seed125,B14+L14+D3B+D3L,Tlp20,TANL,99.4832997,1.3299999999999998,sun,125,B14+L14+D3B+D3L|Tlp20|TANL
fourood,sun_seed125,B14+L14+D3B+D3L,SL,none,99.0303852,3.790000000000001,sun,125,B14+L14+D3B+D3L|SL|none
fourood,sun_seed125,B14+L14+D3B+D3L,SL,TINS,99.27925459999996,2.79,sun,125,B14+L14+D3B+D3L|SL|TINS
fourood,sun_seed125,B14+L14+D3B+D3L,SL,TANL,99.1912306,3.0700000000000003,sun,125,B14+L14+D3B+D3L|SL|TANL
fourood,sun_seed125,B14+L14+D3B+D3L,static,none,91.9418045,36.01,sun,125,B14+L14+D3B+D3L|static|none
fourood,sun_seed125,B14+L14+D3B+D3L,static,TINS,97.1697158,10.95,sun,125,B14+L14+D3B+D3L|static|TINS
fourood,sun_seed125,B14+L14+D3B+D3L,static,TANL,95.334187,21.59,sun,125,B14+L14+D3B+D3L|static|TANL
fourood,sun_seed125,B14+L14,T,none,99.4218458,2.0500000000000003,sun,125,B14+L14|T|none
fourood,sun_seed125,B14+L14,T,TINS,99.6053386,1.3,sun,125,B14+L14|T|TINS
fourood,sun_seed125,B14+L14,T,TANL,99.5342696,1.59,sun,125,B14+L14|T|TANL
fourood,sun_seed125,B14+L14,Tlp,none,98.8893333,3.37,sun,125,B14+L14|Tlp|none
fourood,sun_seed125,B14+L14,Tlp,TINS,99.4931966,1.64,sun,125,B14+L14|Tlp|TINS
fourood,sun_seed125,B14+L14,Tlp,TANL,99.3201714,2.18,sun,125,B14+L14|Tlp|TANL
fourood,sun_seed125,B14+L14,Tq0.05,none,99.4624278,1.64,sun,125,B14+L14|Tq0.05|none
fourood,sun_seed125,B14+L14,Tq0.05,TINS,99.62077879999998,1.06,sun,125,B14+L14|Tq0.05|TINS
fourood,sun_seed125,B14+L14,Tq0.05,TANL,99.5585953,1.32,sun,125,B14+L14|Tq0.05|TANL
fourood,sun_seed125,B14+L14,Tq0.2,none,99.3477686,2.43,sun,125,B14+L14|Tq0.2|none
fourood,sun_seed125,B14+L14,Tq0.2,TINS,99.5742512,1.4200000000000002,sun,125,B14+L14|Tq0.2|TINS
fourood,sun_seed125,B14+L14,Tq0.2,TANL,99.4872714,1.77,sun,125,B14+L14|Tq0.2|TANL
fourood,sun_seed125,B14+L14,Tnn,none,99.4271348,2.06,sun,125,B14+L14|Tnn|none
fourood,sun_seed125,B14+L14,Tnn,TINS,99.5835516,1.41,sun,125,B14+L14|Tnn|TINS
fourood,sun_seed125,B14+L14,Tnn,TANL,99.516871,1.7399999999999998,sun,125,B14+L14|Tnn|TANL
fourood,sun_seed125,B14+L14,Tk20,none,99.4819632,1.63,sun,125,B14+L14|Tk20|none
fourood,sun_seed125,B14+L14,Tk20,TINS,99.6259472,1.02,sun,125,B14+L14|Tk20|TINS
fourood,sun_seed125,B14+L14,Tk20,TANL,99.5681702,1.28,sun,125,B14+L14|Tk20|TANL
fourood,sun_seed125,B14+L14,Tlp20,none,99.1236923,2.75,sun,125,B14+L14|Tlp20|none
fourood,sun_seed125,B14+L14,Tlp20,TINS,99.54792940000002,1.31,sun,125,B14+L14|Tlp20|TINS
fourood,sun_seed125,B14+L14,Tlp20,TANL,99.4202447,1.65,sun,125,B14+L14|Tlp20|TANL
fourood,sun_seed125,B14+L14,SL,none,98.67015890000005,5.27,sun,125,B14+L14|SL|none
fourood,sun_seed125,B14+L14,SL,TINS,99.2411018,3.18,sun,125,B14+L14|SL|TINS
fourood,sun_seed125,B14+L14,SL,TANL,99.06093729999998,3.86,sun,125,B14+L14|SL|TANL
fourood,sun_seed125,B14+L14,static,none,91.6070747,37.7,sun,125,B14+L14|static|none
fourood,sun_seed125,B14+L14,static,TINS,98.1844238,7.24,sun,125,B14+L14|static|TINS
fourood,sun_seed125,B14+L14,static,TANL,96.6761376,13.86,sun,125,B14+L14|static|TANL
